[run] M-ours-dscore: ABSENT -- no GATE-PASSING checkpoint (04_SPEC §5 gates GA-GD): no gate-passing checkpoint for D2; recorded PASS rows: none (searched conf/results/gate_D2.txt and LADDER.md)
[run] M-ours-dscore is NOT in this run.  The reason is written to every raw file as 'meta|dscore_status', so analysis.py reports its slot as BLOCKED / FAILED-VERIFICATION instead of quietly printing a table without it (01_RULES §6).
[run] Stage C arms ON (10_SPEC §3b/§3c): M-ours-dscore-C-{V0,V1,V4} + the mandatory GMM control M-ours-bstar-scalar, from /home/HTJ/t2/conf/ckpt/d2sx_N10000_a1.pt
[run] Stage C gate record: NO GATE RECORD mentions d2sx_N10000_a1.pt -- UNVERIFIED here.  (GA-GD are measurable on D1 only, 10_SPEC §5: a D2 re-train is qualified by its D1 sibling's gate row, which this string cannot prove.)
[run] D2 14 points x n=2560 -> 896 tasks on 192 workers (prior S2, cells ['C5', 'C1'], chunk 40) -> /home/HTJ/t2/conf/raw_B1e4x
1/896 done    D2_C1_S2_Nr8_T16_Tp2_dft_snr12_skip40_n40.npz  (533 s)  BLER16: R2-ours-G=0.33 R3-bigamp=0.68 R4-scvamp=0.95 M-ours-gmm32=0.42 R5-genie=0.00
2/896 done    D2_C1_S2_Nr8_T16_Tp2_dft_snr3_skip160_n40.npz  (534 s)  BLER16: R2-ours-G=0.50 R3-bigamp=0.70 R4-scvamp=0.82 M-ours-gmm32=0.53 R5-genie=0.03
3/896 done    D2_C5_S2_Nr8_T16_Tp3_dft_snr0_skip40_n40.npz  (541 s)  BLER16: R2-ours-G=0.38 R3-bigamp=0.62 R4-scvamp=0.68 M-ours-gmm32=0.35 R5-genie=0.05
4/896 done    D2_C1_S2_Nr8_T16_Tp2_dft_snr3_skip0_n40.npz  (543 s)  BLER16: R2-ours-G=0.38 R3-bigamp=0.70 R4-scvamp=0.78 M-ours-gmm32=0.30 R5-genie=0.00
5/896 done    D2_C5_S2_Nr8_T16_Tp3_dft_snr15_skip160_n40.npz  (547 s)  BLER16: R2-ours-G=0.07 R3-bigamp=0.38 R4-scvamp=0.55 M-ours-gmm32=0.10 R5-genie=0.00
6/896 done    D2_C1_S2_Nr8_T16_Tp2_dft_snr3_skip400_n40.npz  (550 s)  BLER16: R2-ours-G=0.40 R3-bigamp=0.80 R4-scvamp=0.75 M-ours-gmm32=0.60 R5-genie=0.00
7/896 done    D2_C1_S2_Nr8_T16_Tp2_dft_snr-3_skip80_n40.npz  (552 s)  BLER16: R2-ours-G=0.72 R3-bigamp=0.93 R4-scvamp=0.82 M-ours-gmm32=0.75 R5-genie=0.12  [29 arm-trial exceptions recorded]
8/896 done    D2_C1_S2_Nr8_T16_Tp2_dft_snr9_skip200_n40.npz  (555 s)  BLER16: R2-ours-G=0.42 R3-bigamp=0.65 R4-scvamp=0.80 M-ours-gmm32=0.42 R5-genie=0.00
9/896 done    D2_C1_S2_Nr8_T16_Tp2_dft_snr-3_skip120_n40.npz  (565 s)  BLER16: R2-ours-G=0.82 R3-bigamp=0.97 R4-scvamp=0.97 M-ours-gmm32=0.85 R5-genie=0.03  [29 arm-trial exceptions recorded]
10/896 done    D2_C1_S2_Nr8_T16_Tp2_dft_snr0_skip0_n40.npz  (567 s)  BLER16: R2-ours-G=0.65 R3-bigamp=0.80 R4-scvamp=0.90 M-ours-gmm32=0.70 R5-genie=0.00
11/896 done    D2_C5_S2_Nr8_T16_Tp3_dft_snr-3_skip0_n40.npz  (578 s)  BLER16: R2-ours-G=0.57 R3-bigamp=0.80 R4-scvamp=0.88 M-ours-gmm32=0.42 R5-genie=0.00
12/896 done    D2_C1_S2_Nr8_T16_Tp2_dft_snr12_skip320_n40.npz  (580 s)  BLER16: R2-ours-G=0.33 R3-bigamp=0.75 R4-scvamp=0.85 M-ours-gmm32=0.45 R5-genie=0.00
13/896 done    D2_C5_S2_Nr8_T16_Tp3_dft_snr9_skip320_n40.npz  (581 s)  BLER16: R2-ours-G=0.12 R3-bigamp=0.42 R4-scvamp=0.47 M-ours-gmm32=0.07 R5-genie=0.00
14/896 done    D2_C1_S2_Nr8_T16_Tp2_dft_snr-3_skip440_n40.npz  (584 s)  BLER16: R2-ours-G=0.82 R3-bigamp=0.93 R4-scvamp=0.97 M-ours-gmm32=0.78 R5-genie=0.03  [28 arm-trial exceptions recorded]
15/896 done    D2_C5_S2_Nr8_T16_Tp3_dft_snr-3_skip200_n40.npz  (585 s)  BLER16: R2-ours-G=0.62 R3-bigamp=0.88 R4-scvamp=0.97 M-ours-gmm32=0.72 R5-genie=0.07
16/896 done    D2_C5_S2_Nr8_T16_Tp3_dft_snr9_skip400_n40.npz  (588 s)  BLER16: R2-ours-G=0.15 R3-bigamp=0.30 R4-scvamp=0.57 M-ours-gmm32=0.12 R5-genie=0.00
17/896 done    D2_C1_S2_Nr8_T16_Tp2_dft_snr-3_skip240_n40.npz  (589 s)  BLER16: R2-ours-G=0.75 R3-bigamp=0.93 R4-scvamp=0.88 M-ours-gmm32=0.80 R5-genie=0.05  [34 arm-trial exceptions recorded]
18/896 done    D2_C5_S2_Nr8_T16_Tp3_dft_snr-3_skip120_n40.npz  (591 s)  BLER16: R2-ours-G=0.57 R3-bigamp=0.85 R4-scvamp=0.85 M-ours-gmm32=0.55 R5-genie=0.03
19/896 done    D2_C1_S2_Nr8_T16_Tp2_dft_snr12_skip480_n40.npz  (591 s)  BLER16: R2-ours-G=0.17 R3-bigamp=0.68 R4-scvamp=0.82 M-ours-gmm32=0.35 R5-genie=0.00
20/896 done    D2_C5_S2_Nr8_T16_Tp3_dft_snr6_skip200_n40.npz  (591 s)  BLER16: R2-ours-G=0.23 R3-bigamp=0.35 R4-scvamp=0.47 M-ours-gmm32=0.15 R5-genie=0.00
21/896 done    D2_C1_S2_Nr8_T16_Tp2_dft_snr6_skip160_n40.npz  (593 s)  BLER16: R2-ours-G=0.35 R3-bigamp=0.82 R4-scvamp=0.85 M-ours-gmm32=0.30 R5-genie=0.03
22/896 done    D2_C1_S2_Nr8_T16_Tp2_dft_snr0_skip400_n40.npz  (594 s)  BLER16: R2-ours-G=0.53 R3-bigamp=0.80 R4-scvamp=0.82 M-ours-gmm32=0.42 R5-genie=0.03
23/896 done    D2_C1_S2_Nr8_T16_Tp2_dft_snr-3_skip40_n40.npz  (594 s)  BLER16: R2-ours-G=0.95 R3-bigamp=0.93 R4-scvamp=0.95 M-ours-gmm32=0.93 R5-genie=0.10  [34 arm-trial exceptions recorded]
24/896 done    D2_C1_S2_Nr8_T16_Tp2_dft_snr0_skip160_n40.npz  (596 s)  BLER16: R2-ours-G=0.65 R3-bigamp=0.97 R4-scvamp=0.90 M-ours-gmm32=0.57 R5-genie=0.00
25/896 done    D2_C1_S2_Nr8_T16_Tp2_dft_snr-3_skip360_n40.npz  (597 s)  BLER16: R2-ours-G=0.88 R3-bigamp=0.93 R4-scvamp=1.00 M-ours-gmm32=0.88 R5-genie=0.03  [27 arm-trial exceptions recorded]
26/896 done    D2_C1_S2_Nr8_T16_Tp2_dft_snr12_skip0_n40.npz  (597 s)  BLER16: R2-ours-G=0.45 R3-bigamp=0.72 R4-scvamp=0.82 M-ours-gmm32=0.45 R5-genie=0.00
27/896 done    D2_C1_S2_Nr8_T16_Tp2_dft_snr15_skip160_n40.npz  (599 s)  BLER16: R2-ours-G=0.30 R3-bigamp=0.70 R4-scvamp=0.95 M-ours-gmm32=0.45 R5-genie=0.00
28/896 done    D2_C5_S2_Nr8_T16_Tp3_dft_snr3_skip200_n40.npz  (599 s)  BLER16: R2-ours-G=0.15 R3-bigamp=0.40 R4-scvamp=0.55 M-ours-gmm32=0.15 R5-genie=0.00
29/896 done    D2_C1_S2_Nr8_T16_Tp2_dft_snr3_skip120_n40.npz  (603 s)  BLER16: R2-ours-G=0.60 R3-bigamp=0.85 R4-scvamp=0.93 M-ours-gmm32=0.57 R5-genie=0.03
30/896 done    D2_C1_S2_Nr8_T16_Tp2_dft_snr-3_skip0_n40.npz  (604 s)  BLER16: R2-ours-G=0.82 R3-bigamp=0.97 R4-scvamp=0.95 M-ours-gmm32=0.80 R5-genie=0.05  [32 arm-trial exceptions recorded]
31/896 done    D2_C5_S2_Nr8_T16_Tp3_dft_snr15_skip360_n40.npz  (604 s)  BLER16: R2-ours-G=0.15 R3-bigamp=0.35 R4-scvamp=0.53 M-ours-gmm32=0.17 R5-genie=0.00
32/896 done    D2_C1_S2_Nr8_T16_Tp2_dft_snr-3_skip200_n40.npz  (604 s)  BLER16: R2-ours-G=0.78 R3-bigamp=0.97 R4-scvamp=0.95 M-ours-gmm32=0.88 R5-genie=0.03  [35 arm-trial exceptions recorded]
33/896 done    D2_C5_S2_Nr8_T16_Tp3_dft_snr12_skip160_n40.npz  (605 s)  BLER16: R2-ours-G=0.12 R3-bigamp=0.25 R4-scvamp=0.47 M-ours-gmm32=0.17 R5-genie=0.00
34/896 done    D2_C1_S2_Nr8_T16_Tp2_dft_snr6_skip120_n40.npz  (606 s)  BLER16: R2-ours-G=0.30 R3-bigamp=0.57 R4-scvamp=0.78 M-ours-gmm32=0.33 R5-genie=0.00
35/896 done    D2_C1_S2_Nr8_T16_Tp2_dft_snr0_skip120_n40.npz  (606 s)  BLER16: R2-ours-G=0.62 R3-bigamp=0.95 R4-scvamp=0.88 M-ours-gmm32=0.68 R5-genie=0.00
36/896 done    D2_C5_S2_Nr8_T16_Tp3_dft_snr15_skip240_n40.npz  (607 s)  BLER16: R2-ours-G=0.12 R3-bigamp=0.35 R4-scvamp=0.53 M-ours-gmm32=0.10 R5-genie=0.00
37/896 done    D2_C1_S2_Nr8_T16_Tp2_dft_snr-3_skip520_n40.npz  (607 s)  BLER16: R2-ours-G=0.82 R3-bigamp=0.97 R4-scvamp=0.97 M-ours-gmm32=0.75 R5-genie=0.03  [30 arm-trial exceptions recorded]
38/896 done    D2_C5_S2_Nr8_T16_Tp3_dft_snr0_skip160_n40.npz  (607 s)  BLER16: R2-ours-G=0.30 R3-bigamp=0.53 R4-scvamp=0.65 M-ours-gmm32=0.25 R5-genie=0.03
39/896 done    D2_C5_S2_Nr8_T16_Tp3_dft_snr15_skip40_n40.npz  (608 s)  BLER16: R2-ours-G=0.23 R3-bigamp=0.38 R4-scvamp=0.60 M-ours-gmm32=0.23 R5-genie=0.00
40/896 done    D2_C5_S2_Nr8_T16_Tp3_dft_snr0_skip400_n40.npz  (610 s)  BLER16: R2-ours-G=0.35 R3-bigamp=0.60 R4-scvamp=0.75 M-ours-gmm32=0.42 R5-genie=0.00
41/896 done    D2_C1_S2_Nr8_T16_Tp2_dft_snr3_skip520_n40.npz  (611 s)  BLER16: R2-ours-G=0.38 R3-bigamp=0.62 R4-scvamp=0.80 M-ours-gmm32=0.47 R5-genie=0.00
42/896 done    D2_C1_S2_Nr8_T16_Tp2_dft_snr3_skip440_n40.npz  (611 s)  BLER16: R2-ours-G=0.38 R3-bigamp=0.78 R4-scvamp=0.90 M-ours-gmm32=0.47 R5-genie=0.00
43/896 done    D2_C1_S2_Nr8_T16_Tp2_dft_snr-3_skip280_n40.npz  (611 s)  BLER16: R2-ours-G=0.70 R3-bigamp=0.95 R4-scvamp=0.95 M-ours-gmm32=0.80 R5-genie=0.03  [40 arm-trial exceptions recorded]
44/896 done    D2_C1_S2_Nr8_T16_Tp2_dft_snr3_skip80_n40.npz  (612 s)  BLER16: R2-ours-G=0.55 R3-bigamp=0.82 R4-scvamp=0.75 M-ours-gmm32=0.57 R5-genie=0.00
45/896 done    D2_C5_S2_Nr8_T16_Tp3_dft_snr9_skip240_n40.npz  (612 s)  BLER16: R2-ours-G=0.12 R3-bigamp=0.35 R4-scvamp=0.53 M-ours-gmm32=0.20 R5-genie=0.00
46/896 done    D2_C5_S2_Nr8_T16_Tp3_dft_snr0_skip320_n40.npz  (612 s)  BLER16: R2-ours-G=0.35 R3-bigamp=0.60 R4-scvamp=0.60 M-ours-gmm32=0.28 R5-genie=0.03
47/896 done    D2_C1_S2_Nr8_T16_Tp2_dft_snr3_skip320_n40.npz  (612 s)  BLER16: R2-ours-G=0.47 R3-bigamp=0.95 R4-scvamp=0.82 M-ours-gmm32=0.53 R5-genie=0.00
48/896 done    D2_C1_S2_Nr8_T16_Tp2_dft_snr6_skip80_n40.npz  (613 s)  BLER16: R2-ours-G=0.45 R3-bigamp=0.75 R4-scvamp=0.93 M-ours-gmm32=0.53 R5-genie=0.03
49/896 done    D2_C5_S2_Nr8_T16_Tp3_dft_snr3_skip160_n40.npz  (613 s)  BLER16: R2-ours-G=0.25 R3-bigamp=0.47 R4-scvamp=0.57 M-ours-gmm32=0.12 R5-genie=0.00
50/896 done    D2_C1_S2_Nr8_T16_Tp2_dft_snr9_skip40_n40.npz  (613 s)  BLER16: R2-ours-G=0.50 R3-bigamp=0.85 R4-scvamp=0.85 M-ours-gmm32=0.55 R5-genie=0.00
51/896 done    D2_C5_S2_Nr8_T16_Tp3_dft_snr3_skip240_n40.npz  (613 s)  BLER16: R2-ours-G=0.10 R3-bigamp=0.47 R4-scvamp=0.50 M-ours-gmm32=0.20 R5-genie=0.00
52/896 done    D2_C5_S2_Nr8_T16_Tp3_dft_snr-3_skip400_n40.npz  (613 s)  BLER16: R2-ours-G=0.65 R3-bigamp=0.88 R4-scvamp=0.85 M-ours-gmm32=0.57 R5-genie=0.05
53/896 done    D2_C5_S2_Nr8_T16_Tp3_dft_snr3_skip0_n40.npz  (614 s)  BLER16: R2-ours-G=0.23 R3-bigamp=0.53 R4-scvamp=0.55 M-ours-gmm32=0.33 R5-genie=0.03
54/896 done    D2_C5_S2_Nr8_T16_Tp3_dft_snr9_skip0_n40.npz  (614 s)  BLER16: R2-ours-G=0.10 R3-bigamp=0.30 R4-scvamp=0.47 M-ours-gmm32=0.10 R5-genie=0.00
55/896 done    D2_C1_S2_Nr8_T16_Tp2_dft_snr9_skip360_n40.npz  (614 s)  BLER16: R2-ours-G=0.38 R3-bigamp=0.68 R4-scvamp=0.85 M-ours-gmm32=0.50 R5-genie=0.00
56/896 done    D2_C5_S2_Nr8_T16_Tp3_dft_snr9_skip160_n40.npz  (614 s)  BLER16: R2-ours-G=0.23 R3-bigamp=0.47 R4-scvamp=0.55 M-ours-gmm32=0.20 R5-genie=0.00
57/896 done    D2_C5_S2_Nr8_T16_Tp3_dft_snr6_skip440_n40.npz  (615 s)  BLER16: R2-ours-G=0.20 R3-bigamp=0.42 R4-scvamp=0.62 M-ours-gmm32=0.28 R5-genie=0.00
58/896 done    D2_C1_S2_Nr8_T16_Tp2_dft_snr15_skip120_n40.npz  (615 s)  BLER16: R2-ours-G=0.42 R3-bigamp=0.85 R4-scvamp=0.90 M-ours-gmm32=0.62 R5-genie=0.00
59/896 done    D2_C1_S2_Nr8_T16_Tp2_dft_snr-3_skip320_n40.npz  (615 s)  BLER16: R2-ours-G=0.68 R3-bigamp=0.93 R4-scvamp=0.97 M-ours-gmm32=0.70 R5-genie=0.03  [33 arm-trial exceptions recorded]
60/896 done    D2_C1_S2_Nr8_T16_Tp2_dft_snr9_skip120_n40.npz  (616 s)  BLER16: R2-ours-G=0.30 R3-bigamp=0.80 R4-scvamp=0.80 M-ours-gmm32=0.47 R5-genie=0.00
61/896 done    D2_C5_S2_Nr8_T16_Tp3_dft_snr12_skip0_n40.npz  (616 s)  BLER16: R2-ours-G=0.07 R3-bigamp=0.50 R4-scvamp=0.50 M-ours-gmm32=0.12 R5-genie=0.00
62/896 done    D2_C5_S2_Nr8_T16_Tp3_dft_snr15_skip480_n40.npz  (616 s)  BLER16: R2-ours-G=0.15 R3-bigamp=0.30 R4-scvamp=0.60 M-ours-gmm32=0.15 R5-genie=0.00
63/896 done    D2_C5_S2_Nr8_T16_Tp3_dft_snr0_skip280_n40.npz  (616 s)  BLER16: R2-ours-G=0.33 R3-bigamp=0.62 R4-scvamp=0.70 M-ours-gmm32=0.42 R5-genie=0.03
64/896 done    D2_C5_S2_Nr8_T16_Tp3_dft_snr-3_skip160_n40.npz  (616 s)  BLER16: R2-ours-G=0.68 R3-bigamp=0.82 R4-scvamp=0.80 M-ours-gmm32=0.65 R5-genie=0.05
65/896 done    D2_C5_S2_Nr8_T16_Tp3_dft_snr6_skip160_n40.npz  (616 s)  BLER16: R2-ours-G=0.25 R3-bigamp=0.42 R4-scvamp=0.47 M-ours-gmm32=0.17 R5-genie=0.00
66/896 done    D2_C5_S2_Nr8_T16_Tp3_dft_snr12_skip240_n40.npz  (616 s)  BLER16: R2-ours-G=0.10 R3-bigamp=0.25 R4-scvamp=0.50 M-ours-gmm32=0.17 R5-genie=0.00
67/896 done    D2_C5_S2_Nr8_T16_Tp3_dft_snr3_skip520_n40.npz  (617 s)  BLER16: R2-ours-G=0.10 R3-bigamp=0.38 R4-scvamp=0.53 M-ours-gmm32=0.10 R5-genie=0.00
68/896 done    D2_C5_S2_Nr8_T16_Tp3_dft_snr3_skip400_n40.npz  (617 s)  BLER16: R2-ours-G=0.30 R3-bigamp=0.53 R4-scvamp=0.70 M-ours-gmm32=0.35 R5-genie=0.03
69/896 done    D2_C1_S2_Nr8_T16_Tp2_dft_snr12_skip240_n40.npz  (618 s)  BLER16: R2-ours-G=0.53 R3-bigamp=0.90 R4-scvamp=0.88 M-ours-gmm32=0.60 R5-genie=0.00
70/896 done    D2_C1_S2_Nr8_T16_Tp2_dft_snr0_skip360_n40.npz  (619 s)  BLER16: R2-ours-G=0.62 R3-bigamp=0.95 R4-scvamp=0.88 M-ours-gmm32=0.68 R5-genie=0.00
71/896 done    D2_C5_S2_Nr8_T16_Tp3_dft_snr15_skip120_n40.npz  (621 s)  BLER16: R2-ours-G=0.07 R3-bigamp=0.33 R4-scvamp=0.57 M-ours-gmm32=0.10 R5-genie=0.00
72/896 done    D2_C1_S2_Nr8_T16_Tp2_dft_snr15_skip440_n40.npz  (620 s)  BLER16: R2-ours-G=0.33 R3-bigamp=0.75 R4-scvamp=0.93 M-ours-gmm32=0.42 R5-genie=0.00
73/896 done    D2_C1_S2_Nr8_T16_Tp2_dft_snr12_skip160_n40.npz  (621 s)  BLER16: R2-ours-G=0.35 R3-bigamp=0.88 R4-scvamp=0.88 M-ours-gmm32=0.47 R5-genie=0.00
74/896 done    D2_C5_S2_Nr8_T16_Tp3_dft_snr-3_skip280_n40.npz  (621 s)  BLER16: R2-ours-G=0.57 R3-bigamp=0.80 R4-scvamp=0.90 M-ours-gmm32=0.55 R5-genie=0.00
75/896 done    D2_C5_S2_Nr8_T16_Tp3_dft_snr-3_skip40_n40.npz  (621 s)  BLER16: R2-ours-G=0.60 R3-bigamp=0.93 R4-scvamp=0.95 M-ours-gmm32=0.62 R5-genie=0.03
76/896 done    D2_C5_S2_Nr8_T16_Tp3_dft_snr12_skip440_n40.npz  (621 s)  BLER16: R2-ours-G=0.12 R3-bigamp=0.38 R4-scvamp=0.53 M-ours-gmm32=0.20 R5-genie=0.00
77/896 done    D2_C5_S2_Nr8_T16_Tp3_dft_snr3_skip120_n40.npz  (622 s)  BLER16: R2-ours-G=0.15 R3-bigamp=0.38 R4-scvamp=0.53 M-ours-gmm32=0.20 R5-genie=0.00
78/896 done    D2_C1_S2_Nr8_T16_Tp2_dft_snr9_skip80_n40.npz  (622 s)  BLER16: R2-ours-G=0.30 R3-bigamp=0.72 R4-scvamp=0.78 M-ours-gmm32=0.42 R5-genie=0.00
79/896 done    D2_C1_S2_Nr8_T16_Tp2_dft_snr15_skip0_n40.npz  (622 s)  BLER16: R2-ours-G=0.42 R3-bigamp=0.78 R4-scvamp=0.97 M-ours-gmm32=0.62 R5-genie=0.00
80/896 done    D2_C1_S2_Nr8_T16_Tp2_dft_snr3_skip280_n40.npz  (622 s)  BLER16: R2-ours-G=0.47 R3-bigamp=0.82 R4-scvamp=0.78 M-ours-gmm32=0.50 R5-genie=0.00
81/896 done    D2_C1_S2_Nr8_T16_Tp2_dft_snr3_skip240_n40.npz  (622 s)  BLER16: R2-ours-G=0.47 R3-bigamp=0.72 R4-scvamp=0.78 M-ours-gmm32=0.57 R5-genie=0.03
82/896 done    D2_C1_S2_Nr8_T16_Tp2_dft_snr9_skip160_n40.npz  (623 s)  BLER16: R2-ours-G=0.35 R3-bigamp=0.80 R4-scvamp=0.85 M-ours-gmm32=0.40 R5-genie=0.00
83/896 done    D2_C5_S2_Nr8_T16_Tp3_dft_snr-3_skip520_n40.npz  (623 s)  BLER16: R2-ours-G=0.62 R3-bigamp=0.70 R4-scvamp=0.80 M-ours-gmm32=0.53 R5-genie=0.07
84/896 done    D2_C1_S2_Nr8_T16_Tp2_dft_snr12_skip120_n40.npz  (623 s)  BLER16: R2-ours-G=0.45 R3-bigamp=0.88 R4-scvamp=0.80 M-ours-gmm32=0.40 R5-genie=0.00
85/896 done    D2_C5_S2_Nr8_T16_Tp3_dft_snr12_skip120_n40.npz  (624 s)  BLER16: R2-ours-G=0.20 R3-bigamp=0.42 R4-scvamp=0.45 M-ours-gmm32=0.20 R5-genie=0.00
86/896 done    D2_C5_S2_Nr8_T16_Tp3_dft_snr0_skip0_n40.npz  (624 s)  BLER16: R2-ours-G=0.50 R3-bigamp=0.70 R4-scvamp=0.80 M-ours-gmm32=0.30 R5-genie=0.00
87/896 done    D2_C1_S2_Nr8_T16_Tp2_dft_snr9_skip240_n40.npz  (625 s)  BLER16: R2-ours-G=0.28 R3-bigamp=0.68 R4-scvamp=0.75 M-ours-gmm32=0.42 R5-genie=0.00
88/896 done    D2_C5_S2_Nr8_T16_Tp3_dft_snr12_skip360_n40.npz  (626 s)  BLER16: R2-ours-G=0.25 R3-bigamp=0.42 R4-scvamp=0.60 M-ours-gmm32=0.30 R5-genie=0.00
89/896 done    D2_C5_S2_Nr8_T16_Tp3_dft_snr12_skip480_n40.npz  (626 s)  BLER16: R2-ours-G=0.12 R3-bigamp=0.40 R4-scvamp=0.50 M-ours-gmm32=0.05 R5-genie=0.00
90/896 done    D2_C5_S2_Nr8_T16_Tp3_dft_snr-3_skip440_n40.npz  (626 s)  BLER16: R2-ours-G=0.57 R3-bigamp=0.82 R4-scvamp=0.88 M-ours-gmm32=0.60 R5-genie=0.05
91/896 done    D2_C1_S2_Nr8_T16_Tp2_dft_snr15_skip360_n40.npz  (627 s)  BLER16: R2-ours-G=0.57 R3-bigamp=0.90 R4-scvamp=0.95 M-ours-gmm32=0.35 R5-genie=0.00
92/896 done    D2_C1_S2_Nr8_T16_Tp2_dft_snr15_skip480_n40.npz  (627 s)  BLER16: R2-ours-G=0.33 R3-bigamp=0.78 R4-scvamp=0.90 M-ours-gmm32=0.23 R5-genie=0.00
93/896 done    D2_C5_S2_Nr8_T16_Tp3_dft_snr0_skip200_n40.npz  (627 s)  BLER16: R2-ours-G=0.25 R3-bigamp=0.55 R4-scvamp=0.65 M-ours-gmm32=0.33 R5-genie=0.00
94/896 done    D2_C5_S2_Nr8_T16_Tp3_dft_snr3_skip440_n40.npz  (627 s)  BLER16: R2-ours-G=0.35 R3-bigamp=0.47 R4-scvamp=0.65 M-ours-gmm32=0.25 R5-genie=0.00
95/896 done    D2_C5_S2_Nr8_T16_Tp3_dft_snr0_skip440_n40.npz  (627 s)  BLER16: R2-ours-G=0.35 R3-bigamp=0.72 R4-scvamp=0.78 M-ours-gmm32=0.33 R5-genie=0.03
96/896 done    D2_C1_S2_Nr8_T16_Tp2_dft_snr6_skip200_n40.npz  (627 s)  BLER16: R2-ours-G=0.45 R3-bigamp=0.68 R4-scvamp=0.85 M-ours-gmm32=0.40 R5-genie=0.00
97/896 done    D2_C5_S2_Nr8_T16_Tp3_dft_snr0_skip480_n40.npz  (628 s)  BLER16: R2-ours-G=0.38 R3-bigamp=0.65 R4-scvamp=0.65 M-ours-gmm32=0.40 R5-genie=0.00
98/896 done    D2_C5_S2_Nr8_T16_Tp3_dft_snr-3_skip360_n40.npz  (629 s)  BLER16: R2-ours-G=0.70 R3-bigamp=0.90 R4-scvamp=0.97 M-ours-gmm32=0.62 R5-genie=0.03
99/896 done    D2_C5_S2_Nr8_T16_Tp3_dft_snr3_skip480_n40.npz  (629 s)  BLER16: R2-ours-G=0.30 R3-bigamp=0.55 R4-scvamp=0.53 M-ours-gmm32=0.23 R5-genie=0.03
100/896 done    D2_C1_S2_Nr8_T16_Tp2_dft_snr9_skip0_n40.npz  (629 s)  BLER16: R2-ours-G=0.35 R3-bigamp=0.80 R4-scvamp=0.95 M-ours-gmm32=0.53 R5-genie=0.00
101/896 done    D2_C1_S2_Nr8_T16_Tp2_dft_snr12_skip280_n40.npz  (629 s)  BLER16: R2-ours-G=0.40 R3-bigamp=0.75 R4-scvamp=0.88 M-ours-gmm32=0.30 R5-genie=0.00
102/896 done    D2_C5_S2_Nr8_T16_Tp3_dft_snr9_skip480_n40.npz  (629 s)  BLER16: R2-ours-G=0.17 R3-bigamp=0.25 R4-scvamp=0.45 M-ours-gmm32=0.12 R5-genie=0.00
103/896 done    D2_C5_S2_Nr8_T16_Tp3_dft_snr15_skip0_n40.npz  (630 s)  BLER16: R2-ours-G=0.05 R3-bigamp=0.23 R4-scvamp=0.55 M-ours-gmm32=0.07 R5-genie=0.00
104/896 done    D2_C5_S2_Nr8_T16_Tp3_dft_snr-3_skip320_n40.npz  (630 s)  BLER16: R2-ours-G=0.53 R3-bigamp=0.75 R4-scvamp=0.85 M-ours-gmm32=0.55 R5-genie=0.05
105/896 done    D2_C5_S2_Nr8_T16_Tp3_dft_snr3_skip280_n40.npz  (631 s)  BLER16: R2-ours-G=0.12 R3-bigamp=0.33 R4-scvamp=0.50 M-ours-gmm32=0.12 R5-genie=0.03
106/896 done    D2_C5_S2_Nr8_T16_Tp3_dft_snr3_skip40_n40.npz  (631 s)  BLER16: R2-ours-G=0.15 R3-bigamp=0.47 R4-scvamp=0.57 M-ours-gmm32=0.25 R5-genie=0.00
107/896 done    D2_C1_S2_Nr8_T16_Tp2_dft_snr0_skip320_n40.npz  (633 s)  BLER16: R2-ours-G=0.55 R3-bigamp=0.88 R4-scvamp=0.85 M-ours-gmm32=0.57 R5-genie=0.00
108/896 done    D2_C5_S2_Nr8_T16_Tp3_dft_snr9_skip280_n40.npz  (634 s)  BLER16: R2-ours-G=0.12 R3-bigamp=0.30 R4-scvamp=0.47 M-ours-gmm32=0.23 R5-genie=0.00
109/896 done    D2_C5_S2_Nr8_T16_Tp3_dft_snr6_skip320_n40.npz  (634 s)  BLER16: R2-ours-G=0.20 R3-bigamp=0.33 R4-scvamp=0.62 M-ours-gmm32=0.20 R5-genie=0.00
110/896 done    D2_C1_S2_Nr8_T16_Tp2_dft_snr12_skip80_n40.npz  (635 s)  BLER16: R2-ours-G=0.47 R3-bigamp=0.75 R4-scvamp=0.95 M-ours-gmm32=0.47 R5-genie=0.00
111/896 done    D2_C1_S2_Nr8_T16_Tp2_dft_snr6_skip320_n40.npz  (635 s)  BLER16: R2-ours-G=0.25 R3-bigamp=0.57 R4-scvamp=0.72 M-ours-gmm32=0.35 R5-genie=0.00
112/896 done    D2_C1_S2_Nr8_T16_Tp2_dft_snr6_skip480_n40.npz  (635 s)  BLER16: R2-ours-G=0.38 R3-bigamp=0.75 R4-scvamp=0.80 M-ours-gmm32=0.40 R5-genie=0.00
113/896 done    D2_C5_S2_Nr8_T16_Tp3_dft_snr6_skip0_n40.npz  (636 s)  BLER16: R2-ours-G=0.17 R3-bigamp=0.40 R4-scvamp=0.62 M-ours-gmm32=0.20 R5-genie=0.05
114/896 done    D2_C5_S2_Nr8_T16_Tp3_dft_snr0_skip240_n40.npz  (636 s)  BLER16: R2-ours-G=0.40 R3-bigamp=0.50 R4-scvamp=0.68 M-ours-gmm32=0.25 R5-genie=0.03
115/896 done    D2_C1_S2_Nr8_T16_Tp2_dft_snr0_skip200_n40.npz  (637 s)  BLER16: R2-ours-G=0.60 R3-bigamp=0.85 R4-scvamp=0.82 M-ours-gmm32=0.53 R5-genie=0.00
116/896 done    D2_C1_S2_Nr8_T16_Tp2_dft_snr9_skip320_n40.npz  (637 s)  BLER16: R2-ours-G=0.42 R3-bigamp=0.72 R4-scvamp=0.80 M-ours-gmm32=0.68 R5-genie=0.00
117/896 done    D2_C1_S2_Nr8_T16_Tp2_dft_snr3_skip360_n40.npz  (638 s)  BLER16: R2-ours-G=0.47 R3-bigamp=0.80 R4-scvamp=0.80 M-ours-gmm32=0.38 R5-genie=0.00
118/896 done    D2_C1_S2_Nr8_T16_Tp2_dft_snr-3_skip400_n40.npz  (639 s)  BLER16: R2-ours-G=0.75 R3-bigamp=0.90 R4-scvamp=0.95 M-ours-gmm32=0.75 R5-genie=0.05  [26 arm-trial exceptions recorded]
119/896 done    D2_C5_S2_Nr8_T16_Tp3_dft_snr12_skip320_n40.npz  (640 s)  BLER16: R2-ours-G=0.10 R3-bigamp=0.35 R4-scvamp=0.72 M-ours-gmm32=0.17 R5-genie=0.00
120/896 done    D2_C1_S2_Nr8_T16_Tp2_dft_snr6_skip0_n40.npz  (641 s)  BLER16: R2-ours-G=0.33 R3-bigamp=0.72 R4-scvamp=0.78 M-ours-gmm32=0.35 R5-genie=0.00
121/896 done    D2_C1_S2_Nr8_T16_Tp2_dft_snr15_skip200_n40.npz  (640 s)  BLER16: R2-ours-G=0.42 R3-bigamp=0.80 R4-scvamp=0.90 M-ours-gmm32=0.45 R5-genie=0.00
122/896 done    D2_C1_S2_Nr8_T16_Tp2_dft_snr-3_skip480_n40.npz  (641 s)  BLER16: R2-ours-G=0.65 R3-bigamp=0.93 R4-scvamp=0.90 M-ours-gmm32=0.75 R5-genie=0.03  [23 arm-trial exceptions recorded]
123/896 done    D2_C1_S2_Nr8_T16_Tp2_dft_snr6_skip360_n40.npz  (641 s)  BLER16: R2-ours-G=0.47 R3-bigamp=0.75 R4-scvamp=0.90 M-ours-gmm32=0.57 R5-genie=0.00
124/896 done    D2_C5_S2_Nr8_T16_Tp3_dft_snr3_skip360_n40.npz  (642 s)  BLER16: R2-ours-G=0.25 R3-bigamp=0.40 R4-scvamp=0.55 M-ours-gmm32=0.25 R5-genie=0.00
125/896 done    D2_C5_S2_Nr8_T16_Tp3_dft_snr15_skip320_n40.npz  (645 s)  BLER16: R2-ours-G=0.10 R3-bigamp=0.33 R4-scvamp=0.57 M-ours-gmm32=0.20 R5-genie=0.00
126/896 done    D2_C1_S2_Nr8_T16_Tp2_dft_snr15_skip280_n40.npz  (647 s)  BLER16: R2-ours-G=0.57 R3-bigamp=0.90 R4-scvamp=0.90 M-ours-gmm32=0.53 R5-genie=0.00
127/896 done    D2_C5_S2_Nr8_T16_Tp3_dft_snr15_skip400_n40.npz  (647 s)  BLER16: R2-ours-G=0.20 R3-bigamp=0.42 R4-scvamp=0.68 M-ours-gmm32=0.17 R5-genie=0.00
128/896 done    D2_C5_S2_Nr8_T16_Tp3_dft_snr6_skip40_n40.npz  (648 s)  BLER16: R2-ours-G=0.20 R3-bigamp=0.25 R4-scvamp=0.60 M-ours-gmm32=0.17 R5-genie=0.00
129/896 done    D2_C5_S2_Nr8_T16_Tp3_dft_snr3_skip320_n40.npz  (649 s)  BLER16: R2-ours-G=0.28 R3-bigamp=0.38 R4-scvamp=0.65 M-ours-gmm32=0.33 R5-genie=0.00
130/896 done    D2_C5_S2_Nr8_T16_Tp3_dft_snr15_skip280_n40.npz  (650 s)  BLER16: R2-ours-G=0.10 R3-bigamp=0.35 R4-scvamp=0.50 M-ours-gmm32=0.12 R5-genie=0.00
131/896 done    D2_C1_S2_Nr8_T16_Tp2_dft_snr12_skip440_n40.npz  (650 s)  BLER16: R2-ours-G=0.45 R3-bigamp=0.78 R4-scvamp=0.82 M-ours-gmm32=0.50 R5-genie=0.00
132/896 done    D2_C5_S2_Nr8_T16_Tp3_dft_snr6_skip120_n40.npz  (650 s)  BLER16: R2-ours-G=0.33 R3-bigamp=0.40 R4-scvamp=0.57 M-ours-gmm32=0.20 R5-genie=0.00
133/896 done    D2_C5_S2_Nr8_T16_Tp3_dft_snr15_skip200_n40.npz  (650 s)  BLER16: R2-ours-G=0.05 R3-bigamp=0.33 R4-scvamp=0.57 M-ours-gmm32=0.25 R5-genie=0.00
134/896 done    D2_C5_S2_Nr8_T16_Tp3_dft_snr12_skip400_n40.npz  (651 s)  BLER16: R2-ours-G=0.20 R3-bigamp=0.42 R4-scvamp=0.53 M-ours-gmm32=0.30 R5-genie=0.00
135/896 done    D2_C5_S2_Nr8_T16_Tp3_dft_snr9_skip120_n40.npz  (652 s)  BLER16: R2-ours-G=0.10 R3-bigamp=0.35 R4-scvamp=0.57 M-ours-gmm32=0.17 R5-genie=0.00
136/896 done    D2_C5_S2_Nr8_T16_Tp3_dft_snr9_skip40_n40.npz  (652 s)  BLER16: R2-ours-G=0.15 R3-bigamp=0.38 R4-scvamp=0.55 M-ours-gmm32=0.12 R5-genie=0.00
137/896 done    D2_C5_S2_Nr8_T16_Tp3_dft_snr6_skip480_n40.npz  (652 s)  BLER16: R2-ours-G=0.28 R3-bigamp=0.45 R4-scvamp=0.60 M-ours-gmm32=0.23 R5-genie=0.00
138/896 done    D2_C1_S2_Nr8_T16_Tp2_dft_snr3_skip40_n40.npz  (652 s)  BLER16: R2-ours-G=0.60 R3-bigamp=0.88 R4-scvamp=0.85 M-ours-gmm32=0.62 R5-genie=0.00
139/896 done    D2_C5_S2_Nr8_T16_Tp3_dft_snr-3_skip240_n40.npz  (652 s)  BLER16: R2-ours-G=0.53 R3-bigamp=0.95 R4-scvamp=0.90 M-ours-gmm32=0.60 R5-genie=0.00
140/896 done    D2_C1_S2_Nr8_T16_Tp2_dft_snr0_skip280_n40.npz  (653 s)  BLER16: R2-ours-G=0.45 R3-bigamp=0.78 R4-scvamp=0.82 M-ours-gmm32=0.47 R5-genie=0.05
141/896 done    D2_C5_S2_Nr8_T16_Tp3_dft_snr9_skip200_n40.npz  (654 s)  BLER16: R2-ours-G=0.12 R3-bigamp=0.33 R4-scvamp=0.55 M-ours-gmm32=0.15 R5-genie=0.00
142/896 done    D2_C1_S2_Nr8_T16_Tp2_dft_snr6_skip240_n40.npz  (655 s)  BLER16: R2-ours-G=0.38 R3-bigamp=0.72 R4-scvamp=0.72 M-ours-gmm32=0.33 R5-genie=0.00
143/896 done    D2_C5_S2_Nr8_T16_Tp3_dft_snr12_skip200_n40.npz  (656 s)  BLER16: R2-ours-G=0.15 R3-bigamp=0.42 R4-scvamp=0.47 M-ours-gmm32=0.17 R5-genie=0.00
144/896 done    D2_C1_S2_Nr8_T16_Tp2_dft_snr9_skip280_n40.npz  (656 s)  BLER16: R2-ours-G=0.45 R3-bigamp=0.75 R4-scvamp=0.93 M-ours-gmm32=0.53 R5-genie=0.00
145/896 done    D2_C1_S2_Nr8_T16_Tp2_dft_snr6_skip280_n40.npz  (660 s)  BLER16: R2-ours-G=0.55 R3-bigamp=0.80 R4-scvamp=0.90 M-ours-gmm32=0.38 R5-genie=0.00
146/896 done    D2_C1_S2_Nr8_T16_Tp2_dft_snr3_skip480_n40.npz  (660 s)  BLER16: R2-ours-G=0.53 R3-bigamp=0.82 R4-scvamp=0.90 M-ours-gmm32=0.45 R5-genie=0.00
147/896 done    D2_C5_S2_Nr8_T16_Tp3_dft_snr0_skip520_n40.npz  (660 s)  BLER16: R2-ours-G=0.30 R3-bigamp=0.53 R4-scvamp=0.70 M-ours-gmm32=0.35 R5-genie=0.03
148/896 done    D2_C1_S2_Nr8_T16_Tp2_dft_snr0_skip240_n40.npz  (661 s)  BLER16: R2-ours-G=0.57 R3-bigamp=0.85 R4-scvamp=0.85 M-ours-gmm32=0.60 R5-genie=0.00
149/896 done    D2_C1_S2_Nr8_T16_Tp2_dft_snr0_skip520_n40.npz  (663 s)  BLER16: R2-ours-G=0.60 R3-bigamp=0.82 R4-scvamp=0.80 M-ours-gmm32=0.78 R5-genie=0.03
150/896 done    D2_C1_S2_Nr8_T16_Tp2_dft_snr6_skip440_n40.npz  (665 s)  BLER16: R2-ours-G=0.40 R3-bigamp=0.62 R4-scvamp=0.65 M-ours-gmm32=0.47 R5-genie=0.00
151/896 done    D2_C5_S2_Nr8_T16_Tp3_dft_snr6_skip520_n40.npz  (667 s)  BLER16: R2-ours-G=0.10 R3-bigamp=0.35 R4-scvamp=0.45 M-ours-gmm32=0.07 R5-genie=0.03
152/896 done    D2_C5_S2_Nr8_T16_Tp3_dft_snr15_skip440_n40.npz  (667 s)  BLER16: R2-ours-G=0.12 R3-bigamp=0.38 R4-scvamp=0.70 M-ours-gmm32=0.20 R5-genie=0.00
153/896 done    D2_C1_S2_Nr8_T16_Tp2_dft_snr15_skip40_n40.npz  (669 s)  BLER16: R2-ours-G=0.33 R3-bigamp=0.80 R4-scvamp=0.95 M-ours-gmm32=0.30 R5-genie=0.00
154/896 done    D2_C1_S2_Nr8_T16_Tp2_dft_snr12_skip360_n40.npz  (672 s)  BLER16: R2-ours-G=0.47 R3-bigamp=0.85 R4-scvamp=0.90 M-ours-gmm32=0.45 R5-genie=0.00
155/896 done    D2_C1_S2_Nr8_T16_Tp2_dft_snr0_skip480_n40.npz  (673 s)  BLER16: R2-ours-G=0.57 R3-bigamp=0.78 R4-scvamp=0.88 M-ours-gmm32=0.60 R5-genie=0.00
156/896 done    D2_C5_S2_Nr8_T16_Tp3_dft_snr6_skip400_n40.npz  (675 s)  BLER16: R2-ours-G=0.25 R3-bigamp=0.42 R4-scvamp=0.65 M-ours-gmm32=0.25 R5-genie=0.00
157/896 done    D2_C5_S2_Nr8_T16_Tp3_dft_snr6_skip240_n40.npz  (675 s)  BLER16: R2-ours-G=0.23 R3-bigamp=0.45 R4-scvamp=0.62 M-ours-gmm32=0.28 R5-genie=0.00
158/896 done    D2_C1_S2_Nr8_T16_Tp2_dft_snr12_skip200_n40.npz  (675 s)  BLER16: R2-ours-G=0.38 R3-bigamp=0.78 R4-scvamp=0.85 M-ours-gmm32=0.40 R5-genie=0.00
159/896 done    D2_C1_S2_Nr8_T16_Tp2_dft_snr9_skip480_n40.npz  (677 s)  BLER16: R2-ours-G=0.60 R3-bigamp=0.80 R4-scvamp=0.88 M-ours-gmm32=0.42 R5-genie=0.00
160/896 done    D2_C1_S2_Nr8_T16_Tp2_dft_snr15_skip320_n40.npz  (683 s)  BLER16: R2-ours-G=0.53 R3-bigamp=0.85 R4-scvamp=0.88 M-ours-gmm32=0.50 R5-genie=0.00
161/896 done    D2_C1_S2_Nr8_T16_Tp2_dft_snr0_skip40_n40.npz  (684 s)  BLER16: R2-ours-G=0.55 R3-bigamp=0.72 R4-scvamp=0.72 M-ours-gmm32=0.50 R5-genie=0.00
162/896 done    D2_C1_S2_Nr8_T16_Tp2_dft_snr-3_skip160_n40.npz  (685 s)  BLER16: R2-ours-G=0.85 R3-bigamp=0.97 R4-scvamp=0.95 M-ours-gmm32=0.78 R5-genie=0.03  [33 arm-trial exceptions recorded]
163/896 done    D2_C1_S2_Nr8_T16_Tp2_dft_snr15_skip240_n40.npz  (685 s)  BLER16: R2-ours-G=0.38 R3-bigamp=0.82 R4-scvamp=0.90 M-ours-gmm32=0.50 R5-genie=0.00
164/896 done    D2_C5_S2_Nr8_T16_Tp3_dft_snr9_skip360_n40.npz  (685 s)  BLER16: R2-ours-G=0.10 R3-bigamp=0.28 R4-scvamp=0.47 M-ours-gmm32=0.23 R5-genie=0.00
165/896 done    D2_C5_S2_Nr8_T16_Tp3_dft_snr12_skip520_n40.npz  (687 s)  BLER16: R2-ours-G=0.12 R3-bigamp=0.40 R4-scvamp=0.72 M-ours-gmm32=0.17 R5-genie=0.00
166/896 done    D2_C5_S2_Nr8_T16_Tp3_dft_snr6_skip280_n40.npz  (690 s)  BLER16: R2-ours-G=0.15 R3-bigamp=0.33 R4-scvamp=0.42 M-ours-gmm32=0.20 R5-genie=0.00
167/896 done    D2_C1_S2_Nr8_T16_Tp2_dft_snr6_skip400_n40.npz  (695 s)  BLER16: R2-ours-G=0.33 R3-bigamp=0.65 R4-scvamp=0.82 M-ours-gmm32=0.47 R5-genie=0.00
168/896 done    D2_C5_S2_Nr8_T16_Tp3_dft_snr6_skip80_n40.npz  (698 s)  BLER16: R2-ours-G=0.28 R3-bigamp=0.35 R4-scvamp=0.57 M-ours-gmm32=0.20 R5-genie=0.03
169/896 done    D2_C5_S2_Nr8_T16_Tp3_dft_snr12_skip80_n40.npz  (698 s)  BLER16: R2-ours-G=0.03 R3-bigamp=0.30 R4-scvamp=0.47 M-ours-gmm32=0.10 R5-genie=0.00
170/896 done    D2_C5_S2_Nr8_T16_Tp3_dft_snr9_skip440_n40.npz  (705 s)  BLER16: R2-ours-G=0.15 R3-bigamp=0.30 R4-scvamp=0.60 M-ours-gmm32=0.20 R5-genie=0.00
171/896 done    D2_C5_S2_Nr8_T16_Tp3_dft_snr9_skip520_n40.npz  (706 s)  BLER16: R2-ours-G=0.15 R3-bigamp=0.25 R4-scvamp=0.57 M-ours-gmm32=0.12 R5-genie=0.00
172/896 done    D2_C5_S2_Nr8_T16_Tp3_dft_snr0_skip80_n40.npz  (707 s)  BLER16: R2-ours-G=0.35 R3-bigamp=0.55 R4-scvamp=0.60 M-ours-gmm32=0.30 R5-genie=0.00
173/896 done    D2_C5_S2_Nr8_T16_Tp3_dft_snr12_skip40_n40.npz  (713 s)  BLER16: R2-ours-G=0.20 R3-bigamp=0.53 R4-scvamp=0.70 M-ours-gmm32=0.35 R5-genie=0.00
174/896 done    D2_C1_S2_Nr8_T16_Tp2_dft_snr15_skip80_n40.npz  (715 s)  BLER16: R2-ours-G=0.47 R3-bigamp=0.80 R4-scvamp=0.93 M-ours-gmm32=0.42 R5-genie=0.00
175/896 done    D2_C1_S2_Nr8_T16_Tp2_dft_snr3_skip200_n40.npz  (717 s)  BLER16: R2-ours-G=0.55 R3-bigamp=0.88 R4-scvamp=0.88 M-ours-gmm32=0.53 R5-genie=0.00
176/896 done    D2_C5_S2_Nr8_T16_Tp3_dft_snr12_skip280_n40.npz  (718 s)  BLER16: R2-ours-G=0.17 R3-bigamp=0.42 R4-scvamp=0.68 M-ours-gmm32=0.15 R5-genie=0.00
177/896 done    D2_C1_S2_Nr8_T16_Tp2_dft_snr6_skip40_n40.npz  (718 s)  BLER16: R2-ours-G=0.35 R3-bigamp=0.68 R4-scvamp=0.80 M-ours-gmm32=0.40 R5-genie=0.00
178/896 done    D2_C5_S2_Nr8_T16_Tp3_dft_snr0_skip360_n40.npz  (720 s)  BLER16: R2-ours-G=0.42 R3-bigamp=0.55 R4-scvamp=0.72 M-ours-gmm32=0.25 R5-genie=0.03
179/896 done    D2_C5_S2_Nr8_T16_Tp3_dft_snr9_skip80_n40.npz  (723 s)  BLER16: R2-ours-G=0.17 R3-bigamp=0.38 R4-scvamp=0.42 M-ours-gmm32=0.10 R5-genie=0.00
180/896 done    D2_C1_S2_Nr8_T16_Tp2_dft_snr15_skip400_n40.npz  (734 s)  BLER16: R2-ours-G=0.35 R3-bigamp=0.72 R4-scvamp=0.85 M-ours-gmm32=0.42 R5-genie=0.00
181/896 done    D2_C5_S2_Nr8_T16_Tp3_dft_snr15_skip80_n40.npz  (736 s)  BLER16: R2-ours-G=0.15 R3-bigamp=0.25 R4-scvamp=0.55 M-ours-gmm32=0.07 R5-genie=0.00
182/896 done    D2_C5_S2_Nr8_T16_Tp3_dft_snr0_skip120_n40.npz  (738 s)  BLER16: R2-ours-G=0.20 R3-bigamp=0.65 R4-scvamp=0.55 M-ours-gmm32=0.12 R5-genie=0.00
183/896 done    D2_C1_S2_Nr8_T16_Tp2_dft_snr9_skip440_n40.npz  (741 s)  BLER16: R2-ours-G=0.50 R3-bigamp=0.80 R4-scvamp=0.93 M-ours-gmm32=0.45 R5-genie=0.00
184/896 done    D2_C1_S2_Nr8_T16_Tp2_dft_snr0_skip440_n40.npz  (754 s)  BLER16: R2-ours-G=0.60 R3-bigamp=0.75 R4-scvamp=0.85 M-ours-gmm32=0.68 R5-genie=0.03
185/896 done    D2_C5_S2_Nr8_T16_Tp3_dft_snr-3_skip480_n40.npz  (763 s)  BLER16: R2-ours-G=0.65 R3-bigamp=0.80 R4-scvamp=0.85 M-ours-gmm32=0.53 R5-genie=0.03
186/896 done    D2_C5_S2_Nr8_T16_Tp3_dft_snr-3_skip80_n40.npz  (763 s)  BLER16: R2-ours-G=0.72 R3-bigamp=0.82 R4-scvamp=0.88 M-ours-gmm32=0.65 R5-genie=0.03
187/896 done    D2_C1_S2_Nr8_T16_Tp2_dft_snr0_skip80_n40.npz  (768 s)  BLER16: R2-ours-G=0.53 R3-bigamp=0.90 R4-scvamp=0.88 M-ours-gmm32=0.60 R5-genie=0.03
188/896 done    D2_C1_S2_Nr8_T16_Tp2_dft_snr12_skip400_n40.npz  (777 s)  BLER16: R2-ours-G=0.42 R3-bigamp=0.75 R4-scvamp=0.82 M-ours-gmm32=0.40 R5-genie=0.00
189/896 done    D2_C5_S2_Nr8_T16_Tp3_dft_snr15_skip520_n40.npz  (783 s)  BLER16: R2-ours-G=0.10 R3-bigamp=0.47 R4-scvamp=0.70 M-ours-gmm32=0.25 R5-genie=0.00
190/896 done    D2_C1_S2_Nr8_T16_Tp2_dft_snr9_skip400_n40.npz  (789 s)  BLER16: R2-ours-G=0.45 R3-bigamp=0.65 R4-scvamp=0.80 M-ours-gmm32=0.47 R5-genie=0.00
191/896 done    D2_C5_S2_Nr8_T16_Tp3_dft_snr3_skip80_n40.npz  (793 s)  BLER16: R2-ours-G=0.20 R3-bigamp=0.33 R4-scvamp=0.40 M-ours-gmm32=0.15 R5-genie=0.00
192/896 done    D2_C5_S2_Nr8_T16_Tp3_dft_snr6_skip360_n40.npz  (804 s)  BLER16: R2-ours-G=0.17 R3-bigamp=0.53 R4-scvamp=0.47 M-ours-gmm32=0.17 R5-genie=0.00
193/896 done    D2_C1_S2_Nr8_T16_Tp2_dft_snr6_skip520_n40.npz  (525 s)  BLER16: R2-ours-G=0.42 R3-bigamp=0.82 R4-scvamp=0.80 M-ours-gmm32=0.47 R5-genie=0.00
194/896 done    D2_C1_S2_Nr8_T16_Tp2_dft_snr12_skip520_n40.npz  (566 s)  BLER16: R2-ours-G=0.45 R3-bigamp=0.78 R4-scvamp=0.85 M-ours-gmm32=0.60 R5-genie=0.00
195/896 done    D2_C1_S2_Nr8_T16_Tp2_dft_snr9_skip520_n40.npz  (586 s)  BLER16: R2-ours-G=0.45 R3-bigamp=0.70 R4-scvamp=0.90 M-ours-gmm32=0.57 R5-genie=0.00
196/896 done    D2_C5_S2_Nr8_T16_Tp3_dft_snr6_skip560_n40.npz  (567 s)  BLER16: R2-ours-G=0.17 R3-bigamp=0.25 R4-scvamp=0.45 M-ours-gmm32=0.23 R5-genie=0.00
197/896 done    D2_C1_S2_Nr8_T16_Tp2_dft_snr15_skip520_n40.npz  (590 s)  BLER16: R2-ours-G=0.35 R3-bigamp=0.70 R4-scvamp=0.82 M-ours-gmm32=0.30 R5-genie=0.00
198/896 done    D2_C1_S2_Nr8_T16_Tp2_dft_snr-3_skip600_n40.npz  (537 s)  BLER16: R2-ours-G=0.93 R3-bigamp=0.97 R4-scvamp=1.00 M-ours-gmm32=0.80 R5-genie=0.00  [38 arm-trial exceptions recorded]
199/896 done    D2_C5_S2_Nr8_T16_Tp3_dft_snr-3_skip560_n40.npz  (589 s)  BLER16: R2-ours-G=0.65 R3-bigamp=0.85 R4-scvamp=0.88 M-ours-gmm32=0.57 R5-genie=0.03
200/896 done    D2_C1_S2_Nr8_T16_Tp2_dft_snr6_skip560_n40.npz  (554 s)  BLER16: R2-ours-G=0.42 R3-bigamp=0.70 R4-scvamp=0.82 M-ours-gmm32=0.45 R5-genie=0.00
201/896 done    D2_C1_S2_Nr8_T16_Tp2_dft_snr-3_skip560_n40.npz  (561 s)  BLER16: R2-ours-G=0.70 R3-bigamp=0.95 R4-scvamp=0.93 M-ours-gmm32=0.85 R5-genie=0.03  [30 arm-trial exceptions recorded]
202/896 done    D2_C5_S2_Nr8_T16_Tp3_dft_snr3_skip560_n40.npz  (595 s)  BLER16: R2-ours-G=0.28 R3-bigamp=0.50 R4-scvamp=0.57 M-ours-gmm32=0.33 R5-genie=0.00
203/896 done    D2_C5_S2_Nr8_T16_Tp3_dft_snr3_skip600_n40.npz  (563 s)  BLER16: R2-ours-G=0.23 R3-bigamp=0.30 R4-scvamp=0.65 M-ours-gmm32=0.12 R5-genie=0.00
204/896 done    D2_C5_S2_Nr8_T16_Tp3_dft_snr6_skip600_n40.npz  (565 s)  BLER16: R2-ours-G=0.10 R3-bigamp=0.17 R4-scvamp=0.53 M-ours-gmm32=0.12 R5-genie=0.00
205/896 done    D2_C5_S2_Nr8_T16_Tp3_dft_snr-3_skip600_n40.npz  (572 s)  BLER16: R2-ours-G=0.72 R3-bigamp=0.82 R4-scvamp=0.93 M-ours-gmm32=0.68 R5-genie=0.05
206/896 done    D2_C5_S2_Nr8_T16_Tp3_dft_snr12_skip600_n40.npz  (566 s)  BLER16: R2-ours-G=0.28 R3-bigamp=0.45 R4-scvamp=0.68 M-ours-gmm32=0.30 R5-genie=0.00
207/896 done    D2_C1_S2_Nr8_T16_Tp2_dft_snr15_skip680_n40.npz  (549 s)  BLER16: R2-ours-G=0.30 R3-bigamp=0.72 R4-scvamp=0.88 M-ours-gmm32=0.33 R5-genie=0.00
208/896 done    D2_C5_S2_Nr8_T16_Tp3_dft_snr9_skip600_n40.npz  (573 s)  BLER16: R2-ours-G=0.17 R3-bigamp=0.42 R4-scvamp=0.50 M-ours-gmm32=0.20 R5-genie=0.00
209/896 done    D2_C5_S2_Nr8_T16_Tp3_dft_snr-3_skip640_n40.npz  (562 s)  BLER16: R2-ours-G=0.40 R3-bigamp=0.78 R4-scvamp=0.78 M-ours-gmm32=0.40 R5-genie=0.00
210/896 done    D2_C5_S2_Nr8_T16_Tp3_dft_snr6_skip680_n40.npz  (557 s)  BLER16: R2-ours-G=0.12 R3-bigamp=0.40 R4-scvamp=0.45 M-ours-gmm32=0.15 R5-genie=0.00
211/896 done    D2_C1_S2_Nr8_T16_Tp2_dft_snr12_skip560_n40.npz  (582 s)  BLER16: R2-ours-G=0.38 R3-bigamp=0.72 R4-scvamp=0.78 M-ours-gmm32=0.38 R5-genie=0.00
212/896 done    D2_C1_S2_Nr8_T16_Tp2_dft_snr9_skip560_n40.npz  (583 s)  BLER16: R2-ours-G=0.42 R3-bigamp=0.75 R4-scvamp=0.78 M-ours-gmm32=0.55 R5-genie=0.00
213/896 done    D2_C5_S2_Nr8_T16_Tp3_dft_snr12_skip640_n40.npz  (565 s)  BLER16: R2-ours-G=0.17 R3-bigamp=0.50 R4-scvamp=0.53 M-ours-gmm32=0.25 R5-genie=0.00
214/896 done    D2_C5_S2_Nr8_T16_Tp3_dft_snr3_skip680_n40.npz  (561 s)  BLER16: R2-ours-G=0.28 R3-bigamp=0.47 R4-scvamp=0.60 M-ours-gmm32=0.33 R5-genie=0.03
215/896 done    D2_C5_S2_Nr8_T16_Tp3_dft_snr9_skip560_n40.npz  (609 s)  BLER16: R2-ours-G=0.15 R3-bigamp=0.33 R4-scvamp=0.47 M-ours-gmm32=0.15 R5-genie=0.00
216/896 done    D2_C1_S2_Nr8_T16_Tp2_dft_snr9_skip600_n40.npz  (571 s)  BLER16: R2-ours-G=0.50 R3-bigamp=0.85 R4-scvamp=0.88 M-ours-gmm32=0.53 R5-genie=0.00
217/896 done    D2_C5_S2_Nr8_T16_Tp3_dft_snr15_skip600_n40.npz  (579 s)  BLER16: R2-ours-G=0.12 R3-bigamp=0.40 R4-scvamp=0.60 M-ours-gmm32=0.05 R5-genie=0.00
218/896 done    D2_C5_S2_Nr8_T16_Tp3_dft_snr0_skip680_n40.npz  (565 s)  BLER16: R2-ours-G=0.40 R3-bigamp=0.78 R4-scvamp=0.80 M-ours-gmm32=0.35 R5-genie=0.00
219/896 done    D2_C5_S2_Nr8_T16_Tp3_dft_snr6_skip640_n40.npz  (571 s)  BLER16: R2-ours-G=0.12 R3-bigamp=0.38 R4-scvamp=0.55 M-ours-gmm32=0.17 R5-genie=0.00
220/896 done    D2_C5_S2_Nr8_T16_Tp3_dft_snr0_skip640_n40.npz  (573 s)  BLER16: R2-ours-G=0.42 R3-bigamp=0.55 R4-scvamp=0.70 M-ours-gmm32=0.38 R5-genie=0.00
221/896 done    D2_C5_S2_Nr8_T16_Tp3_dft_snr9_skip800_n40.npz  (552 s)  BLER16: R2-ours-G=0.10 R3-bigamp=0.28 R4-scvamp=0.40 M-ours-gmm32=0.15 R5-genie=0.00
222/896 done    D2_C1_S2_Nr8_T16_Tp2_dft_snr3_skip600_n40.npz  (581 s)  BLER16: R2-ours-G=0.35 R3-bigamp=0.62 R4-scvamp=0.62 M-ours-gmm32=0.35 R5-genie=0.00
223/896 done    D2_C5_S2_Nr8_T16_Tp3_dft_snr15_skip680_n40.npz  (566 s)  BLER16: R2-ours-G=0.17 R3-bigamp=0.35 R4-scvamp=0.68 M-ours-gmm32=0.23 R5-genie=0.00
224/896 done    D2_C1_S2_Nr8_T16_Tp2_dft_snr0_skip680_n40.npz  (567 s)  BLER16: R2-ours-G=0.57 R3-bigamp=0.85 R4-scvamp=0.88 M-ours-gmm32=0.62 R5-genie=0.00
225/896 done    D2_C1_S2_Nr8_T16_Tp2_dft_snr0_skip720_n40.npz  (564 s)  BLER16: R2-ours-G=0.65 R3-bigamp=0.85 R4-scvamp=0.93 M-ours-gmm32=0.53 R5-genie=0.00
226/896 done    D2_C5_S2_Nr8_T16_Tp3_dft_snr3_skip640_n40.npz  (576 s)  BLER16: R2-ours-G=0.25 R3-bigamp=0.47 R4-scvamp=0.60 M-ours-gmm32=0.25 R5-genie=0.00
227/896 done    D2_C1_S2_Nr8_T16_Tp2_dft_snr0_skip640_n40.npz  (572 s)  BLER16: R2-ours-G=0.60 R3-bigamp=0.80 R4-scvamp=0.85 M-ours-gmm32=0.55 R5-genie=0.00
228/896 done    D2_C1_S2_Nr8_T16_Tp2_dft_snr0_skip560_n40.npz  (601 s)  BLER16: R2-ours-G=0.57 R3-bigamp=0.82 R4-scvamp=0.80 M-ours-gmm32=0.65 R5-genie=0.03
229/896 done    D2_C1_S2_Nr8_T16_Tp2_dft_snr-3_skip720_n40.npz  (565 s)  BLER16: R2-ours-G=0.90 R3-bigamp=0.97 R4-scvamp=0.95 M-ours-gmm32=0.82 R5-genie=0.05  [41 arm-trial exceptions recorded]
230/896 done    D2_C5_S2_Nr8_T16_Tp3_dft_snr9_skip680_n40.npz  (571 s)  BLER16: R2-ours-G=0.15 R3-bigamp=0.35 R4-scvamp=0.40 M-ours-gmm32=0.15 R5-genie=0.00
231/896 done    D2_C1_S2_Nr8_T16_Tp2_dft_snr3_skip560_n40.npz  (600 s)  BLER16: R2-ours-G=0.45 R3-bigamp=0.82 R4-scvamp=0.78 M-ours-gmm32=0.60 R5-genie=0.00
232/896 done    D2_C5_S2_Nr8_T16_Tp3_dft_snr12_skip720_n40.npz  (571 s)  BLER16: R2-ours-G=0.15 R3-bigamp=0.40 R4-scvamp=0.60 M-ours-gmm32=0.20 R5-genie=0.00
233/896 done    D2_C1_S2_Nr8_T16_Tp2_dft_snr-3_skip640_n40.npz  (578 s)  BLER16: R2-ours-G=0.82 R3-bigamp=0.90 R4-scvamp=0.95 M-ours-gmm32=0.78 R5-genie=0.03  [19 arm-trial exceptions recorded]
234/896 done    D2_C5_S2_Nr8_T16_Tp3_dft_snr15_skip720_n40.npz  (572 s)  BLER16: R2-ours-G=0.15 R3-bigamp=0.25 R4-scvamp=0.60 M-ours-gmm32=0.10 R5-genie=0.00
235/896 done    D2_C5_S2_Nr8_T16_Tp3_dft_snr15_skip760_n40.npz  (568 s)  BLER16: R2-ours-G=0.07 R3-bigamp=0.42 R4-scvamp=0.50 M-ours-gmm32=0.17 R5-genie=0.00
236/896 done    D2_C5_S2_Nr8_T16_Tp3_dft_snr12_skip560_n40.npz  (624 s)  BLER16: R2-ours-G=0.15 R3-bigamp=0.45 R4-scvamp=0.53 M-ours-gmm32=0.15 R5-genie=0.00
237/896 done    D2_C1_S2_Nr8_T16_Tp2_dft_snr6_skip600_n40.npz  (588 s)  BLER16: R2-ours-G=0.28 R3-bigamp=0.65 R4-scvamp=0.80 M-ours-gmm32=0.25 R5-genie=0.00
238/896 done    D2_C1_S2_Nr8_T16_Tp2_dft_snr6_skip680_n40.npz  (576 s)  BLER16: R2-ours-G=0.45 R3-bigamp=0.78 R4-scvamp=0.78 M-ours-gmm32=0.45 R5-genie=0.00
239/896 done    D2_C1_S2_Nr8_T16_Tp2_dft_snr3_skip680_n40.npz  (578 s)  BLER16: R2-ours-G=0.55 R3-bigamp=0.85 R4-scvamp=0.88 M-ours-gmm32=0.65 R5-genie=0.00
240/896 done    D2_C1_S2_Nr8_T16_Tp2_dft_snr12_skip600_n40.npz  (590 s)  BLER16: R2-ours-G=0.45 R3-bigamp=0.90 R4-scvamp=0.80 M-ours-gmm32=0.57 R5-genie=0.00
241/896 done    D2_C5_S2_Nr8_T16_Tp3_dft_snr15_skip640_n40.npz  (586 s)  BLER16: R2-ours-G=0.10 R3-bigamp=0.33 R4-scvamp=0.68 M-ours-gmm32=0.15 R5-genie=0.00
242/896 done    D2_C5_S2_Nr8_T16_Tp3_dft_snr3_skip760_n40.npz  (573 s)  BLER16: R2-ours-G=0.23 R3-bigamp=0.33 R4-scvamp=0.50 M-ours-gmm32=0.20 R5-genie=0.00
243/896 done    D2_C1_S2_Nr8_T16_Tp2_dft_snr12_skip640_n40.npz  (583 s)  BLER16: R2-ours-G=0.40 R3-bigamp=0.68 R4-scvamp=0.93 M-ours-gmm32=0.40 R5-genie=0.00
244/896 done    D2_C5_S2_Nr8_T16_Tp3_dft_snr15_skip560_n40.npz  (618 s)  BLER16: R2-ours-G=0.05 R3-bigamp=0.28 R4-scvamp=0.57 M-ours-gmm32=0.10 R5-genie=0.00
245/896 done    D2_C5_S2_Nr8_T16_Tp3_dft_snr6_skip720_n40.npz  (580 s)  BLER16: R2-ours-G=0.12 R3-bigamp=0.40 R4-scvamp=0.42 M-ours-gmm32=0.23 R5-genie=0.00
246/896 done    D2_C1_S2_Nr8_T16_Tp2_dft_snr3_skip720_n40.npz  (577 s)  BLER16: R2-ours-G=0.47 R3-bigamp=0.70 R4-scvamp=0.85 M-ours-gmm32=0.55 R5-genie=0.00
247/896 done    D2_C1_S2_Nr8_T16_Tp2_dft_snr-3_skip760_n40.npz  (573 s)  BLER16: R2-ours-G=0.80 R3-bigamp=0.97 R4-scvamp=0.97 M-ours-gmm32=0.82 R5-genie=0.03  [35 arm-trial exceptions recorded]
248/896 done    D2_C1_S2_Nr8_T16_Tp2_dft_snr-3_skip680_n40.npz  (582 s)  BLER16: R2-ours-G=0.90 R3-bigamp=0.95 R4-scvamp=1.00 M-ours-gmm32=0.82 R5-genie=0.03  [25 arm-trial exceptions recorded]
249/896 done    D2_C1_S2_Nr8_T16_Tp2_dft_snr0_skip600_n40.npz  (598 s)  BLER16: R2-ours-G=0.47 R3-bigamp=0.82 R4-scvamp=0.78 M-ours-gmm32=0.53 R5-genie=0.03
250/896 done    D2_C1_S2_Nr8_T16_Tp2_dft_snr15_skip720_n40.npz  (577 s)  BLER16: R2-ours-G=0.47 R3-bigamp=0.85 R4-scvamp=0.95 M-ours-gmm32=0.50 R5-genie=0.00
251/896 done    D2_C1_S2_Nr8_T16_Tp2_dft_snr12_skip720_n40.npz  (577 s)  BLER16: R2-ours-G=0.53 R3-bigamp=0.78 R4-scvamp=0.97 M-ours-gmm32=0.42 R5-genie=0.00
252/896 done    D2_C1_S2_Nr8_T16_Tp2_dft_snr6_skip840_n40.npz  (564 s)  BLER16: R2-ours-G=0.45 R3-bigamp=0.70 R4-scvamp=0.88 M-ours-gmm32=0.40 R5-genie=0.00
253/896 done    D2_C5_S2_Nr8_T16_Tp3_dft_snr0_skip720_n40.npz  (584 s)  BLER16: R2-ours-G=0.53 R3-bigamp=0.75 R4-scvamp=0.70 M-ours-gmm32=0.42 R5-genie=0.05
254/896 done    D2_C5_S2_Nr8_T16_Tp3_dft_snr6_skip760_n40.npz  (578 s)  BLER16: R2-ours-G=0.12 R3-bigamp=0.35 R4-scvamp=0.50 M-ours-gmm32=0.23 R5-genie=0.00
255/896 done    D2_C1_S2_Nr8_T16_Tp2_dft_snr3_skip760_n40.npz  (577 s)  BLER16: R2-ours-G=0.55 R3-bigamp=0.82 R4-scvamp=0.72 M-ours-gmm32=0.57 R5-genie=0.00
256/896 done    D2_C5_S2_Nr8_T16_Tp3_dft_snr12_skip680_n40.npz  (587 s)  BLER16: R2-ours-G=0.03 R3-bigamp=0.42 R4-scvamp=0.45 M-ours-gmm32=0.15 R5-genie=0.00
257/896 done    D2_C5_S2_Nr8_T16_Tp3_dft_snr0_skip560_n40.npz  (651 s)  BLER16: R2-ours-G=0.33 R3-bigamp=0.68 R4-scvamp=0.65 M-ours-gmm32=0.35 R5-genie=0.00
258/896 done    D2_C5_S2_Nr8_T16_Tp3_dft_snr9_skip640_n40.npz  (594 s)  BLER16: R2-ours-G=0.12 R3-bigamp=0.45 R4-scvamp=0.55 M-ours-gmm32=0.25 R5-genie=0.00
259/896 done    D2_C1_S2_Nr8_T16_Tp2_dft_snr15_skip800_n40.npz  (572 s)  BLER16: R2-ours-G=0.28 R3-bigamp=0.80 R4-scvamp=0.85 M-ours-gmm32=0.35 R5-genie=0.00
260/896 done    D2_C1_S2_Nr8_T16_Tp2_dft_snr6_skip800_n40.npz  (573 s)  BLER16: R2-ours-G=0.42 R3-bigamp=0.82 R4-scvamp=0.82 M-ours-gmm32=0.55 R5-genie=0.00
261/896 done    D2_C1_S2_Nr8_T16_Tp2_dft_snr6_skip720_n40.npz  (582 s)  BLER16: R2-ours-G=0.35 R3-bigamp=0.78 R4-scvamp=0.80 M-ours-gmm32=0.33 R5-genie=0.00
262/896 done    D2_C5_S2_Nr8_T16_Tp3_dft_snr-3_skip760_n40.npz  (582 s)  BLER16: R2-ours-G=0.50 R3-bigamp=0.80 R4-scvamp=0.80 M-ours-gmm32=0.55 R5-genie=0.03
263/896 done    D2_C1_S2_Nr8_T16_Tp2_dft_snr9_skip720_n40.npz  (585 s)  BLER16: R2-ours-G=0.45 R3-bigamp=0.75 R4-scvamp=0.90 M-ours-gmm32=0.53 R5-genie=0.03
264/896 done    D2_C5_S2_Nr8_T16_Tp3_dft_snr0_skip760_n40.npz  (585 s)  BLER16: R2-ours-G=0.35 R3-bigamp=0.47 R4-scvamp=0.57 M-ours-gmm32=0.40 R5-genie=0.00
265/896 done    D2_C5_S2_Nr8_T16_Tp3_dft_snr9_skip720_n40.npz  (590 s)  BLER16: R2-ours-G=0.10 R3-bigamp=0.33 R4-scvamp=0.33 M-ours-gmm32=0.07 R5-genie=0.00
266/896 done    D2_C1_S2_Nr8_T16_Tp2_dft_snr12_skip760_n40.npz  (581 s)  BLER16: R2-ours-G=0.40 R3-bigamp=0.85 R4-scvamp=0.80 M-ours-gmm32=0.42 R5-genie=0.00
267/896 done    D2_C5_S2_Nr8_T16_Tp3_dft_snr9_skip760_n40.npz  (585 s)  BLER16: R2-ours-G=0.23 R3-bigamp=0.42 R4-scvamp=0.53 M-ours-gmm32=0.23 R5-genie=0.00
268/896 done    D2_C5_S2_Nr8_T16_Tp3_dft_snr-3_skip720_n40.npz  (592 s)  BLER16: R2-ours-G=0.62 R3-bigamp=0.90 R4-scvamp=0.95 M-ours-gmm32=0.65 R5-genie=0.03
269/896 done    D2_C1_S2_Nr8_T16_Tp2_dft_snr9_skip680_n40.npz  (593 s)  BLER16: R2-ours-G=0.33 R3-bigamp=0.57 R4-scvamp=0.90 M-ours-gmm32=0.50 R5-genie=0.00
270/896 done    D2_C5_S2_Nr8_T16_Tp3_dft_snr3_skip800_n40.npz  (581 s)  BLER16: R2-ours-G=0.17 R3-bigamp=0.40 R4-scvamp=0.53 M-ours-gmm32=0.28 R5-genie=0.00
271/896 done    D2_C5_S2_Nr8_T16_Tp3_dft_snr9_skip840_n40.npz  (576 s)  BLER16: R2-ours-G=0.17 R3-bigamp=0.35 R4-scvamp=0.45 M-ours-gmm32=0.20 R5-genie=0.00
272/896 done    D2_C1_S2_Nr8_T16_Tp2_dft_snr3_skip800_n40.npz  (582 s)  BLER16: R2-ours-G=0.50 R3-bigamp=0.78 R4-scvamp=0.88 M-ours-gmm32=0.57 R5-genie=0.00
273/896 done    D2_C5_S2_Nr8_T16_Tp3_dft_snr-3_skip680_n40.npz  (599 s)  BLER16: R2-ours-G=0.68 R3-bigamp=0.82 R4-scvamp=0.90 M-ours-gmm32=0.68 R5-genie=0.05
274/896 done    D2_C1_S2_Nr8_T16_Tp2_dft_snr0_skip800_n40.npz  (584 s)  BLER16: R2-ours-G=0.60 R3-bigamp=0.93 R4-scvamp=0.90 M-ours-gmm32=0.62 R5-genie=0.00
275/896 done    D2_C5_S2_Nr8_T16_Tp3_dft_snr12_skip800_n40.npz  (585 s)  BLER16: R2-ours-G=0.20 R3-bigamp=0.55 R4-scvamp=0.62 M-ours-gmm32=0.07 R5-genie=0.00
276/896 done    D2_C1_S2_Nr8_T16_Tp2_dft_snr3_skip640_n40.npz  (603 s)  BLER16: R2-ours-G=0.53 R3-bigamp=0.88 R4-scvamp=0.82 M-ours-gmm32=0.45 R5-genie=0.00
277/896 done    D2_C5_S2_Nr8_T16_Tp3_dft_snr12_skip760_n40.npz  (591 s)  BLER16: R2-ours-G=0.23 R3-bigamp=0.47 R4-scvamp=0.57 M-ours-gmm32=0.28 R5-genie=0.00
278/896 done    D2_C1_S2_Nr8_T16_Tp2_dft_snr-3_skip800_n40.npz  (587 s)  BLER16: R2-ours-G=0.68 R3-bigamp=0.93 R4-scvamp=0.95 M-ours-gmm32=0.62 R5-genie=0.03  [28 arm-trial exceptions recorded]
279/896 done    D2_C5_S2_Nr8_T16_Tp3_dft_snr0_skip800_n40.npz  (590 s)  BLER16: R2-ours-G=0.38 R3-bigamp=0.57 R4-scvamp=0.68 M-ours-gmm32=0.28 R5-genie=0.00
280/896 done    D2_C5_S2_Nr8_T16_Tp3_dft_snr15_skip800_n40.npz  (589 s)  BLER16: R2-ours-G=0.07 R3-bigamp=0.30 R4-scvamp=0.55 M-ours-gmm32=0.07 R5-genie=0.00
281/896 done    D2_C5_S2_Nr8_T16_Tp3_dft_snr0_skip600_n40.npz  (626 s)  BLER16: R2-ours-G=0.28 R3-bigamp=0.57 R4-scvamp=0.68 M-ours-gmm32=0.28 R5-genie=0.00
282/896 done    D2_C1_S2_Nr8_T16_Tp2_dft_snr0_skip760_n40.npz  (596 s)  BLER16: R2-ours-G=0.55 R3-bigamp=0.93 R4-scvamp=0.85 M-ours-gmm32=0.53 R5-genie=0.03
283/896 done    D2_C1_S2_Nr8_T16_Tp2_dft_snr9_skip760_n40.npz  (595 s)  BLER16: R2-ours-G=0.33 R3-bigamp=0.68 R4-scvamp=0.82 M-ours-gmm32=0.33 R5-genie=0.00
284/896 done    D2_C5_S2_Nr8_T16_Tp3_dft_snr6_skip1040_n40.npz  (502 s)  BLER16: R2-ours-G=0.25 R3-bigamp=0.40 R4-scvamp=0.53 M-ours-gmm32=0.20 R5-genie=0.00
285/896 done    D2_C5_S2_Nr8_T16_Tp3_dft_snr-3_skip840_n40.npz  (591 s)  BLER16: R2-ours-G=0.50 R3-bigamp=0.70 R4-scvamp=0.78 M-ours-gmm32=0.55 R5-genie=0.07
286/896 done    D2_C1_S2_Nr8_T16_Tp2_dft_snr12_skip800_n40.npz  (594 s)  BLER16: R2-ours-G=0.40 R3-bigamp=0.65 R4-scvamp=0.80 M-ours-gmm32=0.38 R5-genie=0.00
287/896 done    D2_C1_S2_Nr8_T16_Tp2_dft_snr0_skip920_n40.npz  (572 s)  BLER16: R2-ours-G=0.62 R3-bigamp=0.90 R4-scvamp=0.97 M-ours-gmm32=0.55 R5-genie=0.00
288/896 done    D2_C1_S2_Nr8_T16_Tp2_dft_snr15_skip640_n40.npz  (612 s)  BLER16: R2-ours-G=0.28 R3-bigamp=0.68 R4-scvamp=0.90 M-ours-gmm32=0.28 R5-genie=0.00
289/896 done    D2_C1_S2_Nr8_T16_Tp2_dft_snr6_skip640_n40.npz  (614 s)  BLER16: R2-ours-G=0.45 R3-bigamp=0.62 R4-scvamp=0.85 M-ours-gmm32=0.42 R5-genie=0.00
290/896 done    D2_C1_S2_Nr8_T16_Tp2_dft_snr15_skip760_n40.npz  (602 s)  BLER16: R2-ours-G=0.25 R3-bigamp=0.65 R4-scvamp=0.85 M-ours-gmm32=0.47 R5-genie=0.00
291/896 done    D2_C1_S2_Nr8_T16_Tp2_dft_snr-3_skip880_n40.npz  (586 s)  BLER16: R2-ours-G=0.75 R3-bigamp=0.90 R4-scvamp=0.97 M-ours-gmm32=0.80 R5-genie=0.03  [27 arm-trial exceptions recorded]
292/896 done    D2_C1_S2_Nr8_T16_Tp2_dft_snr15_skip600_n40.npz  (626 s)  BLER16: R2-ours-G=0.42 R3-bigamp=0.80 R4-scvamp=0.93 M-ours-gmm32=0.40 R5-genie=0.00
293/896 done    D2_C5_S2_Nr8_T16_Tp3_dft_snr3_skip720_n40.npz  (619 s)  BLER16: R2-ours-G=0.17 R3-bigamp=0.38 R4-scvamp=0.53 M-ours-gmm32=0.15 R5-genie=0.00
294/896 done    D2_C1_S2_Nr8_T16_Tp2_dft_snr0_skip840_n40.npz  (603 s)  BLER16: R2-ours-G=0.72 R3-bigamp=0.85 R4-scvamp=0.88 M-ours-gmm32=0.60 R5-genie=0.00
295/896 done    D2_C5_S2_Nr8_T16_Tp3_dft_snr12_skip920_n40.npz  (588 s)  BLER16: R2-ours-G=0.17 R3-bigamp=0.35 R4-scvamp=0.60 M-ours-gmm32=0.20 R5-genie=0.00
296/896 done    D2_C1_S2_Nr8_T16_Tp2_dft_snr9_skip840_n40.npz  (605 s)  BLER16: R2-ours-G=0.38 R3-bigamp=0.65 R4-scvamp=0.80 M-ours-gmm32=0.38 R5-genie=0.00
297/896 done    D2_C1_S2_Nr8_T16_Tp2_dft_snr12_skip880_n40.npz  (593 s)  BLER16: R2-ours-G=0.35 R3-bigamp=0.72 R4-scvamp=0.80 M-ours-gmm32=0.38 R5-genie=0.00
298/896 done    D2_C5_S2_Nr8_T16_Tp3_dft_snr3_skip920_n40.npz  (592 s)  BLER16: R2-ours-G=0.17 R3-bigamp=0.45 R4-scvamp=0.60 M-ours-gmm32=0.23 R5-genie=0.03
299/896 done    D2_C1_S2_Nr8_T16_Tp2_dft_snr9_skip800_n40.npz  (615 s)  BLER16: R2-ours-G=0.50 R3-bigamp=0.72 R4-scvamp=0.85 M-ours-gmm32=0.45 R5-genie=0.00
300/896 done    D2_C1_S2_Nr8_T16_Tp2_dft_snr9_skip640_n40.npz  (632 s)  BLER16: R2-ours-G=0.55 R3-bigamp=0.78 R4-scvamp=0.88 M-ours-gmm32=0.55 R5-genie=0.00
301/896 done    D2_C5_S2_Nr8_T16_Tp3_dft_snr0_skip840_n40.npz  (615 s)  BLER16: R2-ours-G=0.25 R3-bigamp=0.57 R4-scvamp=0.60 M-ours-gmm32=0.20 R5-genie=0.00
302/896 done    D2_C1_S2_Nr8_T16_Tp2_dft_snr6_skip760_n40.npz  (623 s)  BLER16: R2-ours-G=0.40 R3-bigamp=0.65 R4-scvamp=0.75 M-ours-gmm32=0.40 R5-genie=0.00
303/896 done    D2_C5_S2_Nr8_T16_Tp3_dft_snr-3_skip800_n40.npz  (621 s)  BLER16: R2-ours-G=0.68 R3-bigamp=0.95 R4-scvamp=0.85 M-ours-gmm32=0.65 R5-genie=0.10
304/896 done    D2_C1_S2_Nr8_T16_Tp2_dft_snr12_skip680_n40.npz  (632 s)  BLER16: R2-ours-G=0.38 R3-bigamp=0.80 R4-scvamp=0.88 M-ours-gmm32=0.38 R5-genie=0.00
305/896 done    D2_C1_S2_Nr8_T16_Tp2_dft_snr3_skip840_n40.npz  (614 s)  BLER16: R2-ours-G=0.53 R3-bigamp=0.93 R4-scvamp=0.82 M-ours-gmm32=0.60 R5-genie=0.03
306/896 done    D2_C5_S2_Nr8_T16_Tp3_dft_snr0_skip960_n40.npz  (592 s)  BLER16: R2-ours-G=0.53 R3-bigamp=0.60 R4-scvamp=0.72 M-ours-gmm32=0.42 R5-genie=0.03
307/896 done    D2_C5_S2_Nr8_T16_Tp3_dft_snr6_skip880_n40.npz  (614 s)  BLER16: R2-ours-G=0.17 R3-bigamp=0.40 R4-scvamp=0.65 M-ours-gmm32=0.25 R5-genie=0.00
308/896 done    D2_C1_S2_Nr8_T16_Tp2_dft_snr-3_skip920_n40.npz  (602 s)  BLER16: R2-ours-G=0.82 R3-bigamp=0.97 R4-scvamp=0.97 M-ours-gmm32=0.80 R5-genie=0.10  [29 arm-trial exceptions recorded]
309/896 done    D2_C5_S2_Nr8_T16_Tp3_dft_snr6_skip840_n40.npz  (623 s)  BLER16: R2-ours-G=0.20 R3-bigamp=0.47 R4-scvamp=0.60 M-ours-gmm32=0.23 R5-genie=0.00
310/896 done    D2_C5_S2_Nr8_T16_Tp3_dft_snr3_skip880_n40.npz  (616 s)  BLER16: R2-ours-G=0.33 R3-bigamp=0.62 R4-scvamp=0.68 M-ours-gmm32=0.33 R5-genie=0.05
311/896 done    D2_C5_S2_Nr8_T16_Tp3_dft_snr9_skip880_n40.npz  (617 s)  BLER16: R2-ours-G=0.20 R3-bigamp=0.50 R4-scvamp=0.53 M-ours-gmm32=0.23 R5-genie=0.00
312/896 done    D2_C5_S2_Nr8_T16_Tp3_dft_snr3_skip1000_n40.npz  (574 s)  BLER16: R2-ours-G=0.17 R3-bigamp=0.47 R4-scvamp=0.60 M-ours-gmm32=0.23 R5-genie=0.00
313/896 done    D2_C1_S2_Nr8_T16_Tp2_dft_snr15_skip840_n40.npz  (622 s)  BLER16: R2-ours-G=0.38 R3-bigamp=0.75 R4-scvamp=0.90 M-ours-gmm32=0.45 R5-genie=0.00
314/896 done    D2_C5_S2_Nr8_T16_Tp3_dft_snr6_skip920_n40.npz  (609 s)  BLER16: R2-ours-G=0.10 R3-bigamp=0.30 R4-scvamp=0.55 M-ours-gmm32=0.12 R5-genie=0.03
315/896 done    D2_C5_S2_Nr8_T16_Tp3_dft_snr3_skip960_n40.npz  (600 s)  BLER16: R2-ours-G=0.28 R3-bigamp=0.57 R4-scvamp=0.70 M-ours-gmm32=0.30 R5-genie=0.00
316/896 done    D2_C1_S2_Nr8_T16_Tp2_dft_snr12_skip920_n40.npz  (606 s)  BLER16: R2-ours-G=0.40 R3-bigamp=0.75 R4-scvamp=0.90 M-ours-gmm32=0.42 R5-genie=0.00
317/896 done    D2_C5_S2_Nr8_T16_Tp3_dft_snr15_skip840_n40.npz  (629 s)  BLER16: R2-ours-G=0.12 R3-bigamp=0.35 R4-scvamp=0.50 M-ours-gmm32=0.30 R5-genie=0.00
318/896 done    D2_C1_S2_Nr8_T16_Tp2_dft_snr9_skip920_n40.npz  (608 s)  BLER16: R2-ours-G=0.38 R3-bigamp=0.70 R4-scvamp=0.82 M-ours-gmm32=0.47 R5-genie=0.00
319/896 done    D2_C1_S2_Nr8_T16_Tp2_dft_snr-3_skip1000_n40.npz  (574 s)  BLER16: R2-ours-G=0.72 R3-bigamp=0.93 R4-scvamp=0.93 M-ours-gmm32=0.72 R5-genie=0.00  [29 arm-trial exceptions recorded]
320/896 done    D2_C5_S2_Nr8_T16_Tp3_dft_snr15_skip880_n40.npz  (625 s)  BLER16: R2-ours-G=0.07 R3-bigamp=0.33 R4-scvamp=0.53 M-ours-gmm32=0.17 R5-genie=0.00
321/896 done    D2_C5_S2_Nr8_T16_Tp3_dft_snr0_skip880_n40.npz  (630 s)  BLER16: R2-ours-G=0.30 R3-bigamp=0.50 R4-scvamp=0.57 M-ours-gmm32=0.38 R5-genie=0.03
322/896 done    D2_C5_S2_Nr8_T16_Tp3_dft_snr9_skip920_n40.npz  (617 s)  BLER16: R2-ours-G=0.23 R3-bigamp=0.42 R4-scvamp=0.60 M-ours-gmm32=0.17 R5-genie=0.00
323/896 done    D2_C5_S2_Nr8_T16_Tp3_dft_snr12_skip880_n40.npz  (631 s)  BLER16: R2-ours-G=0.23 R3-bigamp=0.53 R4-scvamp=0.57 M-ours-gmm32=0.25 R5-genie=0.00
324/896 done    D2_C5_S2_Nr8_T16_Tp3_dft_snr12_skip840_n40.npz  (638 s)  BLER16: R2-ours-G=0.03 R3-bigamp=0.42 R4-scvamp=0.57 M-ours-gmm32=0.20 R5-genie=0.00
325/896 done    D2_C1_S2_Nr8_T16_Tp2_dft_snr3_skip880_n40.npz  (628 s)  BLER16: R2-ours-G=0.47 R3-bigamp=0.88 R4-scvamp=0.88 M-ours-gmm32=0.60 R5-genie=0.05
326/896 done    D2_C1_S2_Nr8_T16_Tp2_dft_snr12_skip960_n40.npz  (605 s)  BLER16: R2-ours-G=0.45 R3-bigamp=0.88 R4-scvamp=0.90 M-ours-gmm32=0.47 R5-genie=0.00
327/896 done    D2_C5_S2_Nr8_T16_Tp3_dft_snr6_skip960_n40.npz  (620 s)  BLER16: R2-ours-G=0.15 R3-bigamp=0.33 R4-scvamp=0.50 M-ours-gmm32=0.12 R5-genie=0.03
328/896 done    D2_C1_S2_Nr8_T16_Tp2_dft_snr12_skip840_n40.npz  (645 s)  BLER16: R2-ours-G=0.50 R3-bigamp=0.78 R4-scvamp=0.90 M-ours-gmm32=0.53 R5-genie=0.00
329/896 done    D2_C5_S2_Nr8_T16_Tp3_dft_snr6_skip800_n40.npz  (655 s)  BLER16: R2-ours-G=0.10 R3-bigamp=0.28 R4-scvamp=0.55 M-ours-gmm32=0.17 R5-genie=0.00
330/896 done    D2_C5_S2_Nr8_T16_Tp3_dft_snr-3_skip880_n40.npz  (646 s)  BLER16: R2-ours-G=0.50 R3-bigamp=0.95 R4-scvamp=0.88 M-ours-gmm32=0.53 R5-genie=0.05
331/896 done    D2_C1_S2_Nr8_T16_Tp2_dft_snr9_skip960_n40.npz  (610 s)  BLER16: R2-ours-G=0.45 R3-bigamp=0.80 R4-scvamp=0.85 M-ours-gmm32=0.47 R5-genie=0.00
332/896 done    D2_C5_S2_Nr8_T16_Tp3_dft_snr15_skip920_n40.npz  (633 s)  BLER16: R2-ours-G=0.15 R3-bigamp=0.38 R4-scvamp=0.62 M-ours-gmm32=0.12 R5-genie=0.00
333/896 done    D2_C5_S2_Nr8_T16_Tp3_dft_snr0_skip920_n40.npz  (639 s)  BLER16: R2-ours-G=0.30 R3-bigamp=0.60 R4-scvamp=0.68 M-ours-gmm32=0.30 R5-genie=0.00
334/896 done    D2_C5_S2_Nr8_T16_Tp3_dft_snr3_skip840_n40.npz  (659 s)  BLER16: R2-ours-G=0.20 R3-bigamp=0.57 R4-scvamp=0.68 M-ours-gmm32=0.25 R5-genie=0.00
335/896 done    D2_C1_S2_Nr8_T16_Tp2_dft_snr15_skip920_n40.npz  (635 s)  BLER16: R2-ours-G=0.25 R3-bigamp=0.72 R4-scvamp=0.82 M-ours-gmm32=0.50 R5-genie=0.00
336/896 done    D2_C1_S2_Nr8_T16_Tp2_dft_snr15_skip880_n40.npz  (643 s)  BLER16: R2-ours-G=0.28 R3-bigamp=0.78 R4-scvamp=0.88 M-ours-gmm32=0.35 R5-genie=0.00
337/896 done    D2_C1_S2_Nr8_T16_Tp2_dft_snr3_skip920_n40.npz  (645 s)  BLER16: R2-ours-G=0.38 R3-bigamp=0.70 R4-scvamp=0.85 M-ours-gmm32=0.42 R5-genie=0.00
338/896 done    D2_C1_S2_Nr8_T16_Tp2_dft_snr0_skip880_n40.npz  (654 s)  BLER16: R2-ours-G=0.57 R3-bigamp=0.93 R4-scvamp=0.85 M-ours-gmm32=0.50 R5-genie=0.00
339/896 done    D2_C1_S2_Nr8_T16_Tp2_dft_snr3_skip960_n40.npz  (631 s)  BLER16: R2-ours-G=0.57 R3-bigamp=0.90 R4-scvamp=0.90 M-ours-gmm32=0.60 R5-genie=0.00
340/896 done    D2_C1_S2_Nr8_T16_Tp2_dft_snr12_skip1000_n40.npz  (598 s)  BLER16: R2-ours-G=0.30 R3-bigamp=0.75 R4-scvamp=0.88 M-ours-gmm32=0.42 R5-genie=0.00
341/896 done    D2_C5_S2_Nr8_T16_Tp3_dft_snr0_skip1000_n40.npz  (623 s)  BLER16: R2-ours-G=0.20 R3-bigamp=0.68 R4-scvamp=0.62 M-ours-gmm32=0.25 R5-genie=0.00
342/896 done    D2_C5_S2_Nr8_T16_Tp3_dft_snr-3_skip960_n40.npz  (648 s)  BLER16: R2-ours-G=0.60 R3-bigamp=0.90 R4-scvamp=0.85 M-ours-gmm32=0.55 R5-genie=0.00
343/896 done    D2_C5_S2_Nr8_T16_Tp3_dft_snr-3_skip920_n40.npz  (658 s)  BLER16: R2-ours-G=0.72 R3-bigamp=0.93 R4-scvamp=0.93 M-ours-gmm32=0.70 R5-genie=0.07
344/896 done    D2_C5_S2_Nr8_T16_Tp3_dft_snr9_skip960_n40.npz  (651 s)  BLER16: R2-ours-G=0.20 R3-bigamp=0.40 R4-scvamp=0.62 M-ours-gmm32=0.17 R5-genie=0.00
345/896 done    D2_C5_S2_Nr8_T16_Tp3_dft_snr9_skip1000_n40.npz  (634 s)  BLER16: R2-ours-G=0.23 R3-bigamp=0.42 R4-scvamp=0.65 M-ours-gmm32=0.28 R5-genie=0.00
346/896 done    D2_C1_S2_Nr8_T16_Tp2_dft_snr0_skip1040_n40.npz  (585 s)  BLER16: R2-ours-G=0.78 R3-bigamp=0.88 R4-scvamp=0.93 M-ours-gmm32=0.70 R5-genie=0.03
347/896 done    D2_C5_S2_Nr8_T16_Tp3_dft_snr12_skip960_n40.npz  (658 s)  BLER16: R2-ours-G=0.12 R3-bigamp=0.17 R4-scvamp=0.45 M-ours-gmm32=0.12 R5-genie=0.00
348/896 done    D2_C5_S2_Nr8_T16_Tp3_dft_snr15_skip960_n40.npz  (656 s)  BLER16: R2-ours-G=0.20 R3-bigamp=0.42 R4-scvamp=0.70 M-ours-gmm32=0.23 R5-genie=0.00
349/896 done    D2_C1_S2_Nr8_T16_Tp2_dft_snr15_skip560_n40.npz  (735 s)  BLER16: R2-ours-G=0.33 R3-bigamp=0.80 R4-scvamp=0.95 M-ours-gmm32=0.50 R5-genie=0.00
350/896 done    D2_C1_S2_Nr8_T16_Tp2_dft_snr15_skip960_n40.npz  (652 s)  BLER16: R2-ours-G=0.45 R3-bigamp=0.93 R4-scvamp=0.97 M-ours-gmm32=0.42 R5-genie=0.00
351/896 done    D2_C5_S2_Nr8_T16_Tp3_dft_snr-3_skip1000_n40.npz  (653 s)  BLER16: R2-ours-G=0.80 R3-bigamp=0.90 R4-scvamp=0.97 M-ours-gmm32=0.60 R5-genie=0.05
352/896 done    D2_C1_S2_Nr8_T16_Tp2_dft_snr9_skip880_n40.npz  (684 s)  BLER16: R2-ours-G=0.38 R3-bigamp=0.70 R4-scvamp=0.88 M-ours-gmm32=0.53 R5-genie=0.00
353/896 done    D2_C5_S2_Nr8_T16_Tp3_dft_snr12_skip1000_n40.npz  (656 s)  BLER16: R2-ours-G=0.05 R3-bigamp=0.25 R4-scvamp=0.53 M-ours-gmm32=0.25 R5-genie=0.00
354/896 done    D2_C5_S2_Nr8_T16_Tp3_dft_snr12_skip1040_n40.npz  (622 s)  BLER16: R2-ours-G=0.12 R3-bigamp=0.47 R4-scvamp=0.53 M-ours-gmm32=0.23 R5-genie=0.00
355/896 done    D2_C1_S2_Nr8_T16_Tp2_dft_snr-3_skip960_n40.npz  (688 s)  BLER16: R2-ours-G=0.78 R3-bigamp=0.97 R4-scvamp=0.93 M-ours-gmm32=0.82 R5-genie=0.03  [31 arm-trial exceptions recorded]
356/896 done    D2_C1_S2_Nr8_T16_Tp2_dft_snr6_skip1040_n40.npz  (618 s)  BLER16: R2-ours-G=0.55 R3-bigamp=0.80 R4-scvamp=0.90 M-ours-gmm32=0.38 R5-genie=0.00
357/896 done    D2_C5_S2_Nr8_T16_Tp3_dft_snr0_skip1080_n40.npz  (582 s)  BLER16: R2-ours-G=0.33 R3-bigamp=0.68 R4-scvamp=0.65 M-ours-gmm32=0.33 R5-genie=0.00
358/896 done    D2_C5_S2_Nr8_T16_Tp3_dft_snr3_skip1040_n40.npz  (644 s)  BLER16: R2-ours-G=0.10 R3-bigamp=0.40 R4-scvamp=0.50 M-ours-gmm32=0.23 R5-genie=0.00
359/896 done    D2_C1_S2_Nr8_T16_Tp2_dft_snr6_skip960_n40.npz  (690 s)  BLER16: R2-ours-G=0.42 R3-bigamp=0.70 R4-scvamp=0.78 M-ours-gmm32=0.38 R5-genie=0.00
360/896 done    D2_C5_S2_Nr8_T16_Tp3_dft_snr15_skip1040_n40.npz  (642 s)  BLER16: R2-ours-G=0.12 R3-bigamp=0.30 R4-scvamp=0.60 M-ours-gmm32=0.15 R5-genie=0.00
361/896 done    D2_C1_S2_Nr8_T16_Tp2_dft_snr6_skip920_n40.npz  (717 s)  BLER16: R2-ours-G=0.23 R3-bigamp=0.78 R4-scvamp=0.82 M-ours-gmm32=0.30 R5-genie=0.00
362/896 done    D2_C1_S2_Nr8_T16_Tp2_dft_snr12_skip1040_n40.npz  (608 s)  BLER16: R2-ours-G=0.40 R3-bigamp=0.68 R4-scvamp=0.78 M-ours-gmm32=0.50 R5-genie=0.00
363/896 done    D2_C1_S2_Nr8_T16_Tp2_dft_snr15_skip1000_n40.npz  (665 s)  BLER16: R2-ours-G=0.35 R3-bigamp=0.80 R4-scvamp=0.90 M-ours-gmm32=0.40 R5-genie=0.00
364/896 done    D2_C5_S2_Nr8_T16_Tp3_dft_snr3_skip1080_n40.npz  (593 s)  BLER16: R2-ours-G=0.15 R3-bigamp=0.47 R4-scvamp=0.55 M-ours-gmm32=0.25 R5-genie=0.03
365/896 done    D2_C1_S2_Nr8_T16_Tp2_dft_snr9_skip1000_n40.npz  (677 s)  BLER16: R2-ours-G=0.45 R3-bigamp=0.78 R4-scvamp=0.85 M-ours-gmm32=0.42 R5-genie=0.00
366/896 done    D2_C1_S2_Nr8_T16_Tp2_dft_snr0_skip1000_n40.npz  (690 s)  BLER16: R2-ours-G=0.75 R3-bigamp=0.88 R4-scvamp=0.85 M-ours-gmm32=0.57 R5-genie=0.00
367/896 done    D2_C1_S2_Nr8_T16_Tp2_dft_snr9_skip1040_n40.npz  (633 s)  BLER16: R2-ours-G=0.40 R3-bigamp=0.75 R4-scvamp=0.88 M-ours-gmm32=0.55 R5-genie=0.00
368/896 done    D2_C1_S2_Nr8_T16_Tp2_dft_snr-3_skip840_n40.npz  (755 s)  BLER16: R2-ours-G=0.88 R3-bigamp=1.00 R4-scvamp=0.97 M-ours-gmm32=0.85 R5-genie=0.05  [19 arm-trial exceptions recorded]
369/896 done    D2_C1_S2_Nr8_T16_Tp2_dft_snr6_skip1000_n40.npz  (692 s)  BLER16: R2-ours-G=0.40 R3-bigamp=0.62 R4-scvamp=0.72 M-ours-gmm32=0.33 R5-genie=0.00
370/896 done    D2_C5_S2_Nr8_T16_Tp3_dft_snr9_skip1040_n40.npz  (673 s)  BLER16: R2-ours-G=0.15 R3-bigamp=0.23 R4-scvamp=0.55 M-ours-gmm32=0.15 R5-genie=0.00
371/896 done    D2_C1_S2_Nr8_T16_Tp2_dft_snr6_skip880_n40.npz  (745 s)  BLER16: R2-ours-G=0.40 R3-bigamp=0.65 R4-scvamp=0.75 M-ours-gmm32=0.42 R5-genie=0.00
372/896 done    D2_C1_S2_Nr8_T16_Tp2_dft_snr0_skip960_n40.npz  (726 s)  BLER16: R2-ours-G=0.65 R3-bigamp=0.85 R4-scvamp=0.88 M-ours-gmm32=0.57 R5-genie=0.03
373/896 done    D2_C1_S2_Nr8_T16_Tp2_dft_snr3_skip1000_n40.npz  (703 s)  BLER16: R2-ours-G=0.55 R3-bigamp=0.85 R4-scvamp=0.90 M-ours-gmm32=0.47 R5-genie=0.03
374/896 done    D2_C5_S2_Nr8_T16_Tp3_dft_snr12_skip1080_n40.npz  (604 s)  BLER16: R2-ours-G=0.17 R3-bigamp=0.42 R4-scvamp=0.47 M-ours-gmm32=0.15 R5-genie=0.03
375/896 done    D2_C5_S2_Nr8_T16_Tp3_dft_snr15_skip1000_n40.npz  (729 s)  BLER16: R2-ours-G=0.07 R3-bigamp=0.25 R4-scvamp=0.53 M-ours-gmm32=0.12 R5-genie=0.00
376/896 done    D2_C5_S2_Nr8_T16_Tp3_dft_snr6_skip1000_n40.npz  (740 s)  BLER16: R2-ours-G=0.17 R3-bigamp=0.28 R4-scvamp=0.53 M-ours-gmm32=0.12 R5-genie=0.00
377/896 done    D2_C1_S2_Nr8_T16_Tp2_dft_snr15_skip1040_n40.npz  (661 s)  BLER16: R2-ours-G=0.25 R3-bigamp=0.68 R4-scvamp=0.85 M-ours-gmm32=0.33 R5-genie=0.00
378/896 done    D2_C1_S2_Nr8_T16_Tp2_dft_snr3_skip1040_n40.npz  (689 s)  BLER16: R2-ours-G=0.45 R3-bigamp=0.75 R4-scvamp=0.78 M-ours-gmm32=0.47 R5-genie=0.00
379/896 done    D2_C5_S2_Nr8_T16_Tp3_dft_snr-3_skip1040_n40.npz  (721 s)  BLER16: R2-ours-G=0.57 R3-bigamp=0.80 R4-scvamp=0.90 M-ours-gmm32=0.62 R5-genie=0.00
380/896 done    D2_C5_S2_Nr8_T16_Tp3_dft_snr0_skip1040_n40.npz  (750 s)  BLER16: R2-ours-G=0.42 R3-bigamp=0.65 R4-scvamp=0.78 M-ours-gmm32=0.38 R5-genie=0.05
381/896 done    D2_C1_S2_Nr8_T16_Tp2_dft_snr-3_skip1040_n40.npz  (740 s)  BLER16: R2-ours-G=0.88 R3-bigamp=0.95 R4-scvamp=0.95 M-ours-gmm32=0.90 R5-genie=0.07  [26 arm-trial exceptions recorded]
382/896 done    D2_C5_S2_Nr8_T16_Tp3_dft_snr-3_skip1080_n40.npz  (713 s)  BLER16: R2-ours-G=0.57 R3-bigamp=0.72 R4-scvamp=0.82 M-ours-gmm32=0.47 R5-genie=0.00
383/896 done    D2_C5_S2_Nr8_T16_Tp3_dft_snr6_skip1080_n40.npz  (696 s)  BLER16: R2-ours-G=0.15 R3-bigamp=0.47 R4-scvamp=0.60 M-ours-gmm32=0.25 R5-genie=0.00
384/896 done    D2_C5_S2_Nr8_T16_Tp3_dft_snr9_skip1080_n40.npz  (709 s)  BLER16: R2-ours-G=0.23 R3-bigamp=0.42 R4-scvamp=0.72 M-ours-gmm32=0.20 R5-genie=0.00
385/896 done    D2_C5_S2_Nr8_T16_Tp3_dft_snr15_skip1080_n40.npz  (547 s)  BLER16: R2-ours-G=0.17 R3-bigamp=0.42 R4-scvamp=0.57 M-ours-gmm32=0.30 R5-genie=0.00
386/896 done    D2_C1_S2_Nr8_T16_Tp2_dft_snr-3_skip1080_n40.npz  (537 s)  BLER16: R2-ours-G=0.80 R3-bigamp=0.93 R4-scvamp=0.97 M-ours-gmm32=0.82 R5-genie=0.10  [26 arm-trial exceptions recorded]
387/896 done    D2_C1_S2_Nr8_T16_Tp2_dft_snr9_skip1080_n40.npz  (551 s)  BLER16: R2-ours-G=0.28 R3-bigamp=0.70 R4-scvamp=0.68 M-ours-gmm32=0.45 R5-genie=0.00
388/896 done    D2_C1_S2_Nr8_T16_Tp2_dft_snr12_skip1080_n40.npz  (550 s)  BLER16: R2-ours-G=0.35 R3-bigamp=0.75 R4-scvamp=0.93 M-ours-gmm32=0.38 R5-genie=0.00
389/896 done    D2_C1_S2_Nr8_T16_Tp2_dft_snr3_skip1080_n40.npz  (564 s)  BLER16: R2-ours-G=0.53 R3-bigamp=0.80 R4-scvamp=0.80 M-ours-gmm32=0.47 R5-genie=0.00
390/896 done    D2_C1_S2_Nr8_T16_Tp2_dft_snr12_skip1160_n40.npz  (515 s)  BLER16: R2-ours-G=0.35 R3-bigamp=0.78 R4-scvamp=0.90 M-ours-gmm32=0.38 R5-genie=0.00
391/896 done    D2_C1_S2_Nr8_T16_Tp2_dft_snr15_skip1080_n40.npz  (562 s)  BLER16: R2-ours-G=0.40 R3-bigamp=0.78 R4-scvamp=0.97 M-ours-gmm32=0.42 R5-genie=0.00
392/896 done    D2_C5_S2_Nr8_T16_Tp3_dft_snr-3_skip1120_n40.npz  (562 s)  BLER16: R2-ours-G=0.62 R3-bigamp=0.88 R4-scvamp=0.78 M-ours-gmm32=0.68 R5-genie=0.05
393/896 done    D2_C1_S2_Nr8_T16_Tp2_dft_snr0_skip1080_n40.npz  (585 s)  BLER16: R2-ours-G=0.68 R3-bigamp=0.88 R4-scvamp=0.90 M-ours-gmm32=0.70 R5-genie=0.05
394/896 done    D2_C5_S2_Nr8_T16_Tp3_dft_snr3_skip1240_n40.npz  (510 s)  BLER16: R2-ours-G=0.25 R3-bigamp=0.42 R4-scvamp=0.60 M-ours-gmm32=0.05 R5-genie=0.00
395/896 done    D2_C5_S2_Nr8_T16_Tp3_dft_snr15_skip1120_n40.npz  (545 s)  BLER16: R2-ours-G=0.10 R3-bigamp=0.50 R4-scvamp=0.55 M-ours-gmm32=0.12 R5-genie=0.00
396/896 done    D2_C5_S2_Nr8_T16_Tp3_dft_snr6_skip1120_n40.npz  (559 s)  BLER16: R2-ours-G=0.10 R3-bigamp=0.25 R4-scvamp=0.45 M-ours-gmm32=0.23 R5-genie=0.00
397/896 done    D2_C5_S2_Nr8_T16_Tp3_dft_snr12_skip1120_n40.npz  (557 s)  BLER16: R2-ours-G=0.12 R3-bigamp=0.35 R4-scvamp=0.60 M-ours-gmm32=0.20 R5-genie=0.00
398/896 done    D2_C5_S2_Nr8_T16_Tp3_dft_snr9_skip1120_n40.npz  (563 s)  BLER16: R2-ours-G=0.07 R3-bigamp=0.33 R4-scvamp=0.53 M-ours-gmm32=0.23 R5-genie=0.00
399/896 done    D2_C1_S2_Nr8_T16_Tp2_dft_snr-3_skip1120_n40.npz  (559 s)  BLER16: R2-ours-G=0.85 R3-bigamp=0.90 R4-scvamp=0.97 M-ours-gmm32=0.82 R5-genie=0.00  [29 arm-trial exceptions recorded]
400/896 done    D2_C1_S2_Nr8_T16_Tp2_dft_snr-3_skip1160_n40.npz  (546 s)  BLER16: R2-ours-G=0.78 R3-bigamp=0.88 R4-scvamp=0.93 M-ours-gmm32=0.75 R5-genie=0.05  [29 arm-trial exceptions recorded]
401/896 done    D2_C1_S2_Nr8_T16_Tp2_dft_snr15_skip1120_n40.npz  (556 s)  BLER16: R2-ours-G=0.38 R3-bigamp=0.70 R4-scvamp=0.82 M-ours-gmm32=0.40 R5-genie=0.00
402/896 done    D2_C5_S2_Nr8_T16_Tp3_dft_snr3_skip1120_n40.npz  (573 s)  BLER16: R2-ours-G=0.25 R3-bigamp=0.40 R4-scvamp=0.62 M-ours-gmm32=0.28 R5-genie=0.00
403/896 done    D2_C1_S2_Nr8_T16_Tp2_dft_snr0_skip1160_n40.npz  (550 s)  BLER16: R2-ours-G=0.72 R3-bigamp=0.97 R4-scvamp=0.93 M-ours-gmm32=0.72 R5-genie=0.03
404/896 done    D2_C5_S2_Nr8_T16_Tp3_dft_snr0_skip1160_n40.npz  (556 s)  BLER16: R2-ours-G=0.23 R3-bigamp=0.60 R4-scvamp=0.62 M-ours-gmm32=0.25 R5-genie=0.00
405/896 done    D2_C1_S2_Nr8_T16_Tp2_dft_snr3_skip1120_n40.npz  (562 s)  BLER16: R2-ours-G=0.50 R3-bigamp=0.80 R4-scvamp=0.80 M-ours-gmm32=0.42 R5-genie=0.03
406/896 done    D2_C5_S2_Nr8_T16_Tp3_dft_snr12_skip1160_n40.npz  (557 s)  BLER16: R2-ours-G=0.10 R3-bigamp=0.40 R4-scvamp=0.57 M-ours-gmm32=0.28 R5-genie=0.00
407/896 done    D2_C5_S2_Nr8_T16_Tp3_dft_snr3_skip1160_n40.npz  (561 s)  BLER16: R2-ours-G=0.30 R3-bigamp=0.45 R4-scvamp=0.57 M-ours-gmm32=0.35 R5-genie=0.03
408/896 done    D2_C1_S2_Nr8_T16_Tp2_dft_snr6_skip1080_n40.npz  (608 s)  BLER16: R2-ours-G=0.40 R3-bigamp=0.72 R4-scvamp=0.72 M-ours-gmm32=0.33 R5-genie=0.00
409/896 done    D2_C5_S2_Nr8_T16_Tp3_dft_snr0_skip1200_n40.npz  (556 s)  BLER16: R2-ours-G=0.38 R3-bigamp=0.68 R4-scvamp=0.65 M-ours-gmm32=0.45 R5-genie=0.03
410/896 done    D2_C5_S2_Nr8_T16_Tp3_dft_snr15_skip1240_n40.npz  (545 s)  BLER16: R2-ours-G=0.07 R3-bigamp=0.38 R4-scvamp=0.42 M-ours-gmm32=0.05 R5-genie=0.00
411/896 done    D2_C1_S2_Nr8_T16_Tp2_dft_snr0_skip1120_n40.npz  (576 s)  BLER16: R2-ours-G=0.50 R3-bigamp=0.80 R4-scvamp=0.80 M-ours-gmm32=0.55 R5-genie=0.03
412/896 done    D2_C5_S2_Nr8_T16_Tp3_dft_snr12_skip1240_n40.npz  (547 s)  BLER16: R2-ours-G=0.15 R3-bigamp=0.45 R4-scvamp=0.47 M-ours-gmm32=0.17 R5-genie=0.00
413/896 done    D2_C1_S2_Nr8_T16_Tp2_dft_snr-3_skip1240_n40.npz  (545 s)  BLER16: R2-ours-G=0.85 R3-bigamp=1.00 R4-scvamp=1.00 M-ours-gmm32=0.78 R5-genie=0.03  [25 arm-trial exceptions recorded]
414/896 done    D2_C1_S2_Nr8_T16_Tp2_dft_snr9_skip1120_n40.npz  (572 s)  BLER16: R2-ours-G=0.47 R3-bigamp=0.88 R4-scvamp=0.80 M-ours-gmm32=0.53 R5-genie=0.00
415/896 done    D2_C5_S2_Nr8_T16_Tp3_dft_snr15_skip1160_n40.npz  (565 s)  BLER16: R2-ours-G=0.17 R3-bigamp=0.40 R4-scvamp=0.47 M-ours-gmm32=0.10 R5-genie=0.00
416/896 done    D2_C1_S2_Nr8_T16_Tp2_dft_snr3_skip1160_n40.npz  (564 s)  BLER16: R2-ours-G=0.35 R3-bigamp=0.70 R4-scvamp=0.82 M-ours-gmm32=0.50 R5-genie=0.00
417/896 done    D2_C1_S2_Nr8_T16_Tp2_dft_snr12_skip1120_n40.npz  (574 s)  BLER16: R2-ours-G=0.25 R3-bigamp=0.70 R4-scvamp=0.88 M-ours-gmm32=0.42 R5-genie=0.00
418/896 done    D2_C5_S2_Nr8_T16_Tp3_dft_snr0_skip1120_n40.npz  (603 s)  BLER16: R2-ours-G=0.40 R3-bigamp=0.53 R4-scvamp=0.62 M-ours-gmm32=0.25 R5-genie=0.05
419/896 done    D2_C1_S2_Nr8_T16_Tp2_dft_snr12_skip1280_n40.npz  (542 s)  BLER16: R2-ours-G=0.45 R3-bigamp=0.78 R4-scvamp=0.88 M-ours-gmm32=0.60 R5-genie=0.00
420/896 done    D2_C1_S2_Nr8_T16_Tp2_dft_snr6_skip1160_n40.npz  (568 s)  BLER16: R2-ours-G=0.55 R3-bigamp=0.72 R4-scvamp=0.82 M-ours-gmm32=0.62 R5-genie=0.00
421/896 done    D2_C1_S2_Nr8_T16_Tp2_dft_snr12_skip1200_n40.npz  (558 s)  BLER16: R2-ours-G=0.30 R3-bigamp=0.75 R4-scvamp=0.90 M-ours-gmm32=0.33 R5-genie=0.03
422/896 done    D2_C1_S2_Nr8_T16_Tp2_dft_snr9_skip1240_n40.npz  (552 s)  BLER16: R2-ours-G=0.57 R3-bigamp=0.88 R4-scvamp=0.90 M-ours-gmm32=0.55 R5-genie=0.00
423/896 done    D2_C1_S2_Nr8_T16_Tp2_dft_snr15_skip1200_n40.npz  (560 s)  BLER16: R2-ours-G=0.35 R3-bigamp=0.70 R4-scvamp=0.88 M-ours-gmm32=0.45 R5-genie=0.00
424/896 done    D2_C1_S2_Nr8_T16_Tp2_dft_snr6_skip1200_n40.npz  (563 s)  BLER16: R2-ours-G=0.47 R3-bigamp=0.85 R4-scvamp=0.80 M-ours-gmm32=0.45 R5-genie=0.00
425/896 done    D2_C5_S2_Nr8_T16_Tp3_dft_snr9_skip1160_n40.npz  (579 s)  BLER16: R2-ours-G=0.20 R3-bigamp=0.47 R4-scvamp=0.75 M-ours-gmm32=0.17 R5-genie=0.00
426/896 done    D2_C1_S2_Nr8_T16_Tp2_dft_snr9_skip1200_n40.npz  (564 s)  BLER16: R2-ours-G=0.45 R3-bigamp=0.80 R4-scvamp=0.90 M-ours-gmm32=0.47 R5-genie=0.00
427/896 done    D2_C5_S2_Nr8_T16_Tp3_dft_snr3_skip1200_n40.npz  (573 s)  BLER16: R2-ours-G=0.25 R3-bigamp=0.57 R4-scvamp=0.62 M-ours-gmm32=0.30 R5-genie=0.03
428/896 done    D2_C1_S2_Nr8_T16_Tp2_dft_snr9_skip1160_n40.npz  (576 s)  BLER16: R2-ours-G=0.47 R3-bigamp=0.80 R4-scvamp=0.80 M-ours-gmm32=0.47 R5-genie=0.00
429/896 done    D2_C5_S2_Nr8_T16_Tp3_dft_snr15_skip1200_n40.npz  (568 s)  BLER16: R2-ours-G=0.20 R3-bigamp=0.47 R4-scvamp=0.47 M-ours-gmm32=0.17 R5-genie=0.00
430/896 done    D2_C1_S2_Nr8_T16_Tp2_dft_snr6_skip1120_n40.npz  (589 s)  BLER16: R2-ours-G=0.42 R3-bigamp=0.68 R4-scvamp=0.82 M-ours-gmm32=0.33 R5-genie=0.00
431/896 done    D2_C1_S2_Nr8_T16_Tp2_dft_snr-3_skip1280_n40.npz  (553 s)  BLER16: R2-ours-G=0.68 R3-bigamp=0.85 R4-scvamp=0.90 M-ours-gmm32=0.70 R5-genie=0.03  [30 arm-trial exceptions recorded]
432/896 done    D2_C1_S2_Nr8_T16_Tp2_dft_snr0_skip1240_n40.npz  (563 s)  BLER16: R2-ours-G=0.50 R3-bigamp=0.90 R4-scvamp=0.88 M-ours-gmm32=0.55 R5-genie=0.03
433/896 done    D2_C1_S2_Nr8_T16_Tp2_dft_snr0_skip1200_n40.npz  (571 s)  BLER16: R2-ours-G=0.57 R3-bigamp=0.82 R4-scvamp=0.90 M-ours-gmm32=0.60 R5-genie=0.00
434/896 done    D2_C1_S2_Nr8_T16_Tp2_dft_snr15_skip1160_n40.npz  (580 s)  BLER16: R2-ours-G=0.30 R3-bigamp=0.68 R4-scvamp=0.93 M-ours-gmm32=0.47 R5-genie=0.00
435/896 done    D2_C5_S2_Nr8_T16_Tp3_dft_snr0_skip1320_n40.npz  (553 s)  BLER16: R2-ours-G=0.40 R3-bigamp=0.65 R4-scvamp=0.68 M-ours-gmm32=0.45 R5-genie=0.03
436/896 done    D2_C1_S2_Nr8_T16_Tp2_dft_snr6_skip1280_n40.npz  (555 s)  BLER16: R2-ours-G=0.40 R3-bigamp=0.72 R4-scvamp=0.85 M-ours-gmm32=0.45 R5-genie=0.00
437/896 done    D2_C5_S2_Nr8_T16_Tp3_dft_snr9_skip1200_n40.npz  (575 s)  BLER16: R2-ours-G=0.10 R3-bigamp=0.33 R4-scvamp=0.45 M-ours-gmm32=0.17 R5-genie=0.00
438/896 done    D2_C1_S2_Nr8_T16_Tp2_dft_snr0_skip1280_n40.npz  (560 s)  BLER16: R2-ours-G=0.42 R3-bigamp=0.82 R4-scvamp=0.78 M-ours-gmm32=0.50 R5-genie=0.03
439/896 done    D2_C5_S2_Nr8_T16_Tp3_dft_snr-3_skip1200_n40.npz  (586 s)  BLER16: R2-ours-G=0.55 R3-bigamp=0.78 R4-scvamp=0.80 M-ours-gmm32=0.57 R5-genie=0.05
440/896 done    D2_C5_S2_Nr8_T16_Tp3_dft_snr6_skip1200_n40.npz  (581 s)  BLER16: R2-ours-G=0.20 R3-bigamp=0.28 R4-scvamp=0.50 M-ours-gmm32=0.23 R5-genie=0.00
441/896 done    D2_C5_S2_Nr8_T16_Tp3_dft_snr-3_skip1240_n40.npz  (574 s)  BLER16: R2-ours-G=0.55 R3-bigamp=0.65 R4-scvamp=0.80 M-ours-gmm32=0.47 R5-genie=0.03
442/896 done    D2_C1_S2_Nr8_T16_Tp2_dft_snr15_skip1240_n40.npz  (569 s)  BLER16: R2-ours-G=0.20 R3-bigamp=0.70 R4-scvamp=0.88 M-ours-gmm32=0.28 R5-genie=0.00
443/896 done    D2_C5_S2_Nr8_T16_Tp3_dft_snr12_skip1200_n40.npz  (581 s)  BLER16: R2-ours-G=0.10 R3-bigamp=0.38 R4-scvamp=0.60 M-ours-gmm32=0.23 R5-genie=0.00
444/896 done    D2_C5_S2_Nr8_T16_Tp3_dft_snr-3_skip1280_n40.npz  (569 s)  BLER16: R2-ours-G=0.57 R3-bigamp=0.85 R4-scvamp=0.80 M-ours-gmm32=0.65 R5-genie=0.10
445/896 done    D2_C1_S2_Nr8_T16_Tp2_dft_snr6_skip1240_n40.npz  (570 s)  BLER16: R2-ours-G=0.42 R3-bigamp=0.78 R4-scvamp=0.72 M-ours-gmm32=0.50 R5-genie=0.00
446/896 done    D2_C5_S2_Nr8_T16_Tp3_dft_snr9_skip1240_n40.npz  (575 s)  BLER16: R2-ours-G=0.12 R3-bigamp=0.50 R4-scvamp=0.50 M-ours-gmm32=0.23 R5-genie=0.00
447/896 done    D2_C5_S2_Nr8_T16_Tp3_dft_snr6_skip1160_n40.npz  (595 s)  BLER16: R2-ours-G=0.25 R3-bigamp=0.45 R4-scvamp=0.65 M-ours-gmm32=0.28 R5-genie=0.00
448/896 done    D2_C5_S2_Nr8_T16_Tp3_dft_snr12_skip1280_n40.npz  (571 s)  BLER16: R2-ours-G=0.10 R3-bigamp=0.25 R4-scvamp=0.42 M-ours-gmm32=0.12 R5-genie=0.00
449/896 done    D2_C5_S2_Nr8_T16_Tp3_dft_snr3_skip1280_n40.npz  (575 s)  BLER16: R2-ours-G=0.23 R3-bigamp=0.42 R4-scvamp=0.45 M-ours-gmm32=0.23 R5-genie=0.03
450/896 done    D2_C1_S2_Nr8_T16_Tp2_dft_snr3_skip1240_n40.npz  (576 s)  BLER16: R2-ours-G=0.50 R3-bigamp=0.82 R4-scvamp=0.85 M-ours-gmm32=0.53 R5-genie=0.00
451/896 done    D2_C5_S2_Nr8_T16_Tp3_dft_snr9_skip1320_n40.npz  (565 s)  BLER16: R2-ours-G=0.12 R3-bigamp=0.33 R4-scvamp=0.60 M-ours-gmm32=0.20 R5-genie=0.00
452/896 done    D2_C1_S2_Nr8_T16_Tp2_dft_snr12_skip1240_n40.npz  (577 s)  BLER16: R2-ours-G=0.40 R3-bigamp=0.78 R4-scvamp=0.93 M-ours-gmm32=0.42 R5-genie=0.00
453/896 done    D2_C5_S2_Nr8_T16_Tp3_dft_snr15_skip1320_n40.npz  (564 s)  BLER16: R2-ours-G=0.07 R3-bigamp=0.35 R4-scvamp=0.55 M-ours-gmm32=0.12 R5-genie=0.00
454/896 done    D2_C1_S2_Nr8_T16_Tp2_dft_snr12_skip1320_n40.npz  (560 s)  BLER16: R2-ours-G=0.35 R3-bigamp=0.82 R4-scvamp=0.85 M-ours-gmm32=0.45 R5-genie=0.00
455/896 done    D2_C5_S2_Nr8_T16_Tp3_dft_snr9_skip1280_n40.npz  (577 s)  BLER16: R2-ours-G=0.12 R3-bigamp=0.23 R4-scvamp=0.53 M-ours-gmm32=0.17 R5-genie=0.00
456/896 done    D2_C5_S2_Nr8_T16_Tp3_dft_snr12_skip1320_n40.npz  (566 s)  BLER16: R2-ours-G=0.10 R3-bigamp=0.38 R4-scvamp=0.57 M-ours-gmm32=0.10 R5-genie=0.00
457/896 done    D2_C1_S2_Nr8_T16_Tp2_dft_snr-3_skip1200_n40.npz  (589 s)  BLER16: R2-ours-G=0.78 R3-bigamp=0.93 R4-scvamp=0.88 M-ours-gmm32=0.80 R5-genie=0.00  [29 arm-trial exceptions recorded]
458/896 done    D2_C5_S2_Nr8_T16_Tp3_dft_snr-3_skip1160_n40.npz  (606 s)  BLER16: R2-ours-G=0.78 R3-bigamp=0.90 R4-scvamp=0.97 M-ours-gmm32=0.68 R5-genie=0.03
459/896 done    D2_C5_S2_Nr8_T16_Tp3_dft_snr3_skip1320_n40.npz  (572 s)  BLER16: R2-ours-G=0.17 R3-bigamp=0.45 R4-scvamp=0.68 M-ours-gmm32=0.30 R5-genie=0.03
460/896 done    D2_C1_S2_Nr8_T16_Tp2_dft_snr-3_skip1320_n40.npz  (570 s)  BLER16: R2-ours-G=0.82 R3-bigamp=0.95 R4-scvamp=0.97 M-ours-gmm32=0.82 R5-genie=0.05  [31 arm-trial exceptions recorded]
461/896 done    D2_C5_S2_Nr8_T16_Tp3_dft_snr6_skip1320_n40.npz  (573 s)  BLER16: R2-ours-G=0.20 R3-bigamp=0.47 R4-scvamp=0.68 M-ours-gmm32=0.20 R5-genie=0.00
462/896 done    D2_C1_S2_Nr8_T16_Tp2_dft_snr3_skip1200_n40.npz  (594 s)  BLER16: R2-ours-G=0.42 R3-bigamp=0.70 R4-scvamp=0.80 M-ours-gmm32=0.53 R5-genie=0.00
463/896 done    D2_C1_S2_Nr8_T16_Tp2_dft_snr15_skip1280_n40.npz  (580 s)  BLER16: R2-ours-G=0.42 R3-bigamp=0.82 R4-scvamp=0.95 M-ours-gmm32=0.55 R5-genie=0.00
464/896 done    D2_C5_S2_Nr8_T16_Tp3_dft_snr6_skip1280_n40.npz  (588 s)  BLER16: R2-ours-G=0.20 R3-bigamp=0.60 R4-scvamp=0.60 M-ours-gmm32=0.20 R5-genie=0.00
465/896 done    D2_C1_S2_Nr8_T16_Tp2_dft_snr-3_skip1440_n40.npz  (524 s)  BLER16: R2-ours-G=0.93 R3-bigamp=0.93 R4-scvamp=0.95 M-ours-gmm32=0.82 R5-genie=0.07  [34 arm-trial exceptions recorded]
466/896 done    D2_C5_S2_Nr8_T16_Tp3_dft_snr15_skip1280_n40.npz  (586 s)  BLER16: R2-ours-G=0.17 R3-bigamp=0.30 R4-scvamp=0.60 M-ours-gmm32=0.20 R5-genie=0.00
467/896 done    D2_C5_S2_Nr8_T16_Tp3_dft_snr0_skip1280_n40.npz  (594 s)  BLER16: R2-ours-G=0.17 R3-bigamp=0.60 R4-scvamp=0.62 M-ours-gmm32=0.20 R5-genie=0.00
468/896 done    D2_C1_S2_Nr8_T16_Tp2_dft_snr3_skip1280_n40.npz  (589 s)  BLER16: R2-ours-G=0.53 R3-bigamp=0.82 R4-scvamp=0.82 M-ours-gmm32=0.60 R5-genie=0.00
469/896 done    D2_C5_S2_Nr8_T16_Tp3_dft_snr-3_skip1360_n40.npz  (580 s)  BLER16: R2-ours-G=0.60 R3-bigamp=0.80 R4-scvamp=0.88 M-ours-gmm32=0.60 R5-genie=0.00
470/896 done    D2_C1_S2_Nr8_T16_Tp2_dft_snr-3_skip1360_n40.npz  (571 s)  BLER16: R2-ours-G=0.85 R3-bigamp=0.95 R4-scvamp=0.95 M-ours-gmm32=0.80 R5-genie=0.05  [26 arm-trial exceptions recorded]
471/896 done    D2_C1_S2_Nr8_T16_Tp2_dft_snr9_skip1360_n40.npz  (562 s)  BLER16: R2-ours-G=0.42 R3-bigamp=0.68 R4-scvamp=0.85 M-ours-gmm32=0.45 R5-genie=0.00
472/896 done    D2_C5_S2_Nr8_T16_Tp3_dft_snr-3_skip1400_n40.npz  (561 s)  BLER16: R2-ours-G=0.70 R3-bigamp=0.78 R4-scvamp=0.88 M-ours-gmm32=0.57 R5-genie=0.05
473/896 done    D2_C1_S2_Nr8_T16_Tp2_dft_snr0_skip1320_n40.npz  (589 s)  BLER16: R2-ours-G=0.60 R3-bigamp=0.85 R4-scvamp=0.90 M-ours-gmm32=0.50 R5-genie=0.03
474/896 done    D2_C5_S2_Nr8_T16_Tp3_dft_snr0_skip1240_n40.npz  (611 s)  BLER16: R2-ours-G=0.17 R3-bigamp=0.60 R4-scvamp=0.57 M-ours-gmm32=0.30 R5-genie=0.05
475/896 done    D2_C5_S2_Nr8_T16_Tp3_dft_snr6_skip1360_n40.npz  (585 s)  BLER16: R2-ours-G=0.10 R3-bigamp=0.38 R4-scvamp=0.68 M-ours-gmm32=0.17 R5-genie=0.00
476/896 done    D2_C1_S2_Nr8_T16_Tp2_dft_snr9_skip1280_n40.npz  (601 s)  BLER16: R2-ours-G=0.38 R3-bigamp=0.75 R4-scvamp=0.78 M-ours-gmm32=0.40 R5-genie=0.00
477/896 done    D2_C1_S2_Nr8_T16_Tp2_dft_snr0_skip1360_n40.npz  (574 s)  BLER16: R2-ours-G=0.38 R3-bigamp=0.72 R4-scvamp=0.75 M-ours-gmm32=0.50 R5-genie=0.00
478/896 done    D2_C5_S2_Nr8_T16_Tp3_dft_snr0_skip1360_n40.npz  (586 s)  BLER16: R2-ours-G=0.50 R3-bigamp=0.75 R4-scvamp=0.72 M-ours-gmm32=0.35 R5-genie=0.00
479/896 done    D2_C1_S2_Nr8_T16_Tp2_dft_snr6_skip1400_n40.npz  (556 s)  BLER16: R2-ours-G=0.35 R3-bigamp=0.80 R4-scvamp=0.85 M-ours-gmm32=0.50 R5-genie=0.00
480/896 done    D2_C5_S2_Nr8_T16_Tp3_dft_snr9_skip1360_n40.npz  (586 s)  BLER16: R2-ours-G=0.17 R3-bigamp=0.40 R4-scvamp=0.55 M-ours-gmm32=0.28 R5-genie=0.00
481/896 done    D2_C5_S2_Nr8_T16_Tp3_dft_snr12_skip1360_n40.npz  (586 s)  BLER16: R2-ours-G=0.10 R3-bigamp=0.35 R4-scvamp=0.42 M-ours-gmm32=0.17 R5-genie=0.00
482/896 done    D2_C5_S2_Nr8_T16_Tp3_dft_snr6_skip1240_n40.npz  (620 s)  BLER16: R2-ours-G=0.20 R3-bigamp=0.42 R4-scvamp=0.57 M-ours-gmm32=0.23 R5-genie=0.00
483/896 done    D2_C1_S2_Nr8_T16_Tp2_dft_snr15_skip1360_n40.npz  (574 s)  BLER16: R2-ours-G=0.30 R3-bigamp=0.82 R4-scvamp=0.90 M-ours-gmm32=0.28 R5-genie=0.00
484/896 done    D2_C1_S2_Nr8_T16_Tp2_dft_snr9_skip1400_n40.npz  (562 s)  BLER16: R2-ours-G=0.53 R3-bigamp=0.80 R4-scvamp=0.90 M-ours-gmm32=0.38 R5-genie=0.03
485/896 done    D2_C5_S2_Nr8_T16_Tp3_dft_snr0_skip1400_n40.npz  (577 s)  BLER16: R2-ours-G=0.30 R3-bigamp=0.53 R4-scvamp=0.57 M-ours-gmm32=0.25 R5-genie=0.00
486/896 done    D2_C5_S2_Nr8_T16_Tp3_dft_snr-3_skip1320_n40.npz  (611 s)  BLER16: R2-ours-G=0.62 R3-bigamp=0.82 R4-scvamp=0.82 M-ours-gmm32=0.57 R5-genie=0.00
487/896 done    D2_C5_S2_Nr8_T16_Tp3_dft_snr15_skip1360_n40.npz  (593 s)  BLER16: R2-ours-G=0.05 R3-bigamp=0.42 R4-scvamp=0.60 M-ours-gmm32=0.23 R5-genie=0.00
488/896 done    D2_C1_S2_Nr8_T16_Tp2_dft_snr3_skip1320_n40.npz  (606 s)  BLER16: R2-ours-G=0.62 R3-bigamp=0.85 R4-scvamp=0.80 M-ours-gmm32=0.55 R5-genie=0.03
489/896 done    D2_C1_S2_Nr8_T16_Tp2_dft_snr3_skip1400_n40.npz  (571 s)  BLER16: R2-ours-G=0.42 R3-bigamp=0.72 R4-scvamp=0.90 M-ours-gmm32=0.55 R5-genie=0.00
490/896 done    D2_C1_S2_Nr8_T16_Tp2_dft_snr6_skip1320_n40.npz  (613 s)  BLER16: R2-ours-G=0.42 R3-bigamp=0.80 R4-scvamp=0.72 M-ours-gmm32=0.53 R5-genie=0.00
491/896 done    D2_C1_S2_Nr8_T16_Tp2_dft_snr9_skip1320_n40.npz  (617 s)  BLER16: R2-ours-G=0.42 R3-bigamp=0.78 R4-scvamp=0.80 M-ours-gmm32=0.38 R5-genie=0.00
492/896 done    D2_C5_S2_Nr8_T16_Tp3_dft_snr3_skip1400_n40.npz  (591 s)  BLER16: R2-ours-G=0.28 R3-bigamp=0.45 R4-scvamp=0.47 M-ours-gmm32=0.25 R5-genie=0.03
493/896 done    D2_C1_S2_Nr8_T16_Tp2_dft_snr9_skip1440_n40.npz  (566 s)  BLER16: R2-ours-G=0.42 R3-bigamp=0.78 R4-scvamp=0.88 M-ours-gmm32=0.60 R5-genie=0.00
494/896 done    D2_C5_S2_Nr8_T16_Tp3_dft_snr12_skip1400_n40.npz  (591 s)  BLER16: R2-ours-G=0.10 R3-bigamp=0.47 R4-scvamp=0.55 M-ours-gmm32=0.12 R5-genie=0.00
495/896 done    D2_C5_S2_Nr8_T16_Tp3_dft_snr6_skip1400_n40.npz  (593 s)  BLER16: R2-ours-G=0.25 R3-bigamp=0.40 R4-scvamp=0.40 M-ours-gmm32=0.12 R5-genie=0.00
496/896 done    D2_C5_S2_Nr8_T16_Tp3_dft_snr15_skip1440_n40.npz  (577 s)  BLER16: R2-ours-G=0.07 R3-bigamp=0.35 R4-scvamp=0.55 M-ours-gmm32=0.15 R5-genie=0.00
497/896 done    D2_C1_S2_Nr8_T16_Tp2_dft_snr12_skip1360_n40.npz  (598 s)  BLER16: R2-ours-G=0.40 R3-bigamp=0.88 R4-scvamp=0.90 M-ours-gmm32=0.47 R5-genie=0.00
498/896 done    D2_C5_S2_Nr8_T16_Tp3_dft_snr9_skip1440_n40.npz  (581 s)  BLER16: R2-ours-G=0.17 R3-bigamp=0.38 R4-scvamp=0.45 M-ours-gmm32=0.23 R5-genie=0.00
499/896 done    D2_C1_S2_Nr8_T16_Tp2_dft_snr3_skip1360_n40.npz  (608 s)  BLER16: R2-ours-G=0.50 R3-bigamp=0.80 R4-scvamp=0.90 M-ours-gmm32=0.55 R5-genie=0.03
500/896 done    D2_C5_S2_Nr8_T16_Tp3_dft_snr-3_skip1440_n40.npz  (588 s)  BLER16: R2-ours-G=0.60 R3-bigamp=0.85 R4-scvamp=0.85 M-ours-gmm32=0.60 R5-genie=0.03
501/896 done    D2_C5_S2_Nr8_T16_Tp3_dft_snr6_skip1440_n40.npz  (586 s)  BLER16: R2-ours-G=0.05 R3-bigamp=0.23 R4-scvamp=0.42 M-ours-gmm32=0.10 R5-genie=0.00
502/896 done    D2_C1_S2_Nr8_T16_Tp2_dft_snr-3_skip1480_n40.npz  (558 s)  BLER16: R2-ours-G=0.93 R3-bigamp=0.97 R4-scvamp=0.97 M-ours-gmm32=0.88 R5-genie=0.03  [39 arm-trial exceptions recorded]
503/896 done    D2_C1_S2_Nr8_T16_Tp2_dft_snr3_skip1480_n40.npz  (555 s)  BLER16: R2-ours-G=0.53 R3-bigamp=0.82 R4-scvamp=0.90 M-ours-gmm32=0.72 R5-genie=0.00
504/896 done    D2_C1_S2_Nr8_T16_Tp2_dft_snr6_skip1360_n40.npz  (609 s)  BLER16: R2-ours-G=0.40 R3-bigamp=0.78 R4-scvamp=0.85 M-ours-gmm32=0.55 R5-genie=0.00
505/896 done    D2_C1_S2_Nr8_T16_Tp2_dft_snr15_skip1400_n40.npz  (592 s)  BLER16: R2-ours-G=0.33 R3-bigamp=0.70 R4-scvamp=0.90 M-ours-gmm32=0.38 R5-genie=0.00
506/896 done    D2_C5_S2_Nr8_T16_Tp3_dft_snr12_skip1440_n40.npz  (586 s)  BLER16: R2-ours-G=0.17 R3-bigamp=0.33 R4-scvamp=0.57 M-ours-gmm32=0.20 R5-genie=0.00
507/896 done    D2_C1_S2_Nr8_T16_Tp2_dft_snr12_skip1400_n40.npz  (596 s)  BLER16: R2-ours-G=0.45 R3-bigamp=0.72 R4-scvamp=0.85 M-ours-gmm32=0.47 R5-genie=0.00
508/896 done    D2_C1_S2_Nr8_T16_Tp2_dft_snr0_skip1480_n40.npz  (563 s)  BLER16: R2-ours-G=0.68 R3-bigamp=0.95 R4-scvamp=0.88 M-ours-gmm32=0.62 R5-genie=0.00
509/896 done    D2_C5_S2_Nr8_T16_Tp3_dft_snr6_skip1480_n40.npz  (576 s)  BLER16: R2-ours-G=0.07 R3-bigamp=0.28 R4-scvamp=0.55 M-ours-gmm32=0.17 R5-genie=0.00
510/896 done    D2_C5_S2_Nr8_T16_Tp3_dft_snr3_skip1360_n40.npz  (638 s)  BLER16: R2-ours-G=0.33 R3-bigamp=0.53 R4-scvamp=0.65 M-ours-gmm32=0.23 R5-genie=0.00
511/896 done    D2_C1_S2_Nr8_T16_Tp2_dft_snr12_skip1440_n40.npz  (588 s)  BLER16: R2-ours-G=0.45 R3-bigamp=0.62 R4-scvamp=0.80 M-ours-gmm32=0.47 R5-genie=0.00
512/896 done    D2_C5_S2_Nr8_T16_Tp3_dft_snr3_skip1520_n40.npz  (557 s)  BLER16: R2-ours-G=0.28 R3-bigamp=0.50 R4-scvamp=0.60 M-ours-gmm32=0.25 R5-genie=0.03
513/896 done    D2_C5_S2_Nr8_T16_Tp3_dft_snr0_skip1480_n40.npz  (589 s)  BLER16: R2-ours-G=0.30 R3-bigamp=0.57 R4-scvamp=0.62 M-ours-gmm32=0.28 R5-genie=0.03
514/896 done    D2_C5_S2_Nr8_T16_Tp3_dft_snr3_skip1480_n40.npz  (595 s)  BLER16: R2-ours-G=0.17 R3-bigamp=0.35 R4-scvamp=0.50 M-ours-gmm32=0.15 R5-genie=0.00
515/896 done    D2_C5_S2_Nr8_T16_Tp3_dft_snr0_skip1440_n40.npz  (621 s)  BLER16: R2-ours-G=0.35 R3-bigamp=0.72 R4-scvamp=0.72 M-ours-gmm32=0.35 R5-genie=0.05
516/896 done    D2_C1_S2_Nr8_T16_Tp2_dft_snr0_skip1440_n40.npz  (612 s)  BLER16: R2-ours-G=0.62 R3-bigamp=0.93 R4-scvamp=0.90 M-ours-gmm32=0.62 R5-genie=0.00
517/896 done    D2_C1_S2_Nr8_T16_Tp2_dft_snr15_skip1320_n40.npz  (663 s)  BLER16: R2-ours-G=0.38 R3-bigamp=0.80 R4-scvamp=0.95 M-ours-gmm32=0.45 R5-genie=0.00
518/896 done    D2_C1_S2_Nr8_T16_Tp2_dft_snr3_skip1440_n40.npz  (616 s)  BLER16: R2-ours-G=0.42 R3-bigamp=0.80 R4-scvamp=0.70 M-ours-gmm32=0.53 R5-genie=0.00
519/896 done    D2_C5_S2_Nr8_T16_Tp3_dft_snr3_skip1440_n40.npz  (625 s)  BLER16: R2-ours-G=0.12 R3-bigamp=0.35 R4-scvamp=0.47 M-ours-gmm32=0.12 R5-genie=0.00
520/896 done    D2_C1_S2_Nr8_T16_Tp2_dft_snr6_skip1480_n40.npz  (589 s)  BLER16: R2-ours-G=0.47 R3-bigamp=0.68 R4-scvamp=0.88 M-ours-gmm32=0.53 R5-genie=0.00
521/896 done    D2_C5_S2_Nr8_T16_Tp3_dft_snr9_skip1480_n40.npz  (605 s)  BLER16: R2-ours-G=0.20 R3-bigamp=0.30 R4-scvamp=0.40 M-ours-gmm32=0.12 R5-genie=0.00
522/896 done    D2_C1_S2_Nr8_T16_Tp2_dft_snr15_skip1440_n40.npz  (612 s)  BLER16: R2-ours-G=0.42 R3-bigamp=0.78 R4-scvamp=0.93 M-ours-gmm32=0.28 R5-genie=0.00
523/896 done    D2_C5_S2_Nr8_T16_Tp3_dft_snr-3_skip1480_n40.npz  (611 s)  BLER16: R2-ours-G=0.60 R3-bigamp=0.85 R4-scvamp=0.88 M-ours-gmm32=0.60 R5-genie=0.07
524/896 done    D2_C1_S2_Nr8_T16_Tp2_dft_snr0_skip1400_n40.npz  (638 s)  BLER16: R2-ours-G=0.57 R3-bigamp=0.82 R4-scvamp=0.90 M-ours-gmm32=0.57 R5-genie=0.00
525/896 done    D2_C1_S2_Nr8_T16_Tp2_dft_snr12_skip1480_n40.npz  (593 s)  BLER16: R2-ours-G=0.38 R3-bigamp=0.80 R4-scvamp=0.80 M-ours-gmm32=0.25 R5-genie=0.00
526/896 done    D2_C5_S2_Nr8_T16_Tp3_dft_snr15_skip1520_n40.npz  (574 s)  BLER16: R2-ours-G=0.10 R3-bigamp=0.42 R4-scvamp=0.60 M-ours-gmm32=0.20 R5-genie=0.00
527/896 done    D2_C5_S2_Nr8_T16_Tp3_dft_snr15_skip1480_n40.npz  (616 s)  BLER16: R2-ours-G=0.03 R3-bigamp=0.38 R4-scvamp=0.70 M-ours-gmm32=0.10 R5-genie=0.00
528/896 done    D2_C1_S2_Nr8_T16_Tp2_dft_snr9_skip1480_n40.npz  (614 s)  BLER16: R2-ours-G=0.42 R3-bigamp=0.68 R4-scvamp=0.82 M-ours-gmm32=0.42 R5-genie=0.03
529/896 done    D2_C5_S2_Nr8_T16_Tp3_dft_snr0_skip1520_n40.npz  (610 s)  BLER16: R2-ours-G=0.50 R3-bigamp=0.80 R4-scvamp=0.82 M-ours-gmm32=0.50 R5-genie=0.05
530/896 done    D2_C5_S2_Nr8_T16_Tp3_dft_snr9_skip1520_n40.npz  (610 s)  BLER16: R2-ours-G=0.23 R3-bigamp=0.45 R4-scvamp=0.50 M-ours-gmm32=0.20 R5-genie=0.00
531/896 done    D2_C5_S2_Nr8_T16_Tp3_dft_snr9_skip1400_n40.npz  (683 s)  BLER16: R2-ours-G=0.05 R3-bigamp=0.40 R4-scvamp=0.40 M-ours-gmm32=0.15 R5-genie=0.00
532/896 done    D2_C5_S2_Nr8_T16_Tp3_dft_snr15_skip1400_n40.npz  (681 s)  BLER16: R2-ours-G=0.00 R3-bigamp=0.35 R4-scvamp=0.55 M-ours-gmm32=0.17 R5-genie=0.00
533/896 done    D2_C1_S2_Nr8_T16_Tp2_dft_snr3_skip1520_n40.npz  (607 s)  BLER16: R2-ours-G=0.42 R3-bigamp=0.78 R4-scvamp=0.72 M-ours-gmm32=0.35 R5-genie=0.03
534/896 done    D2_C1_S2_Nr8_T16_Tp2_dft_snr-3_skip1400_n40.npz  (685 s)  BLER16: R2-ours-G=0.78 R3-bigamp=1.00 R4-scvamp=0.97 M-ours-gmm32=0.95 R5-genie=0.05  [36 arm-trial exceptions recorded]
535/896 done    D2_C5_S2_Nr8_T16_Tp3_dft_snr12_skip1480_n40.npz  (655 s)  BLER16: R2-ours-G=0.05 R3-bigamp=0.38 R4-scvamp=0.45 M-ours-gmm32=0.00 R5-genie=0.00
536/896 done    D2_C1_S2_Nr8_T16_Tp2_dft_snr0_skip1560_n40.npz  (574 s)  BLER16: R2-ours-G=0.60 R3-bigamp=0.90 R4-scvamp=0.93 M-ours-gmm32=0.57 R5-genie=0.00
537/896 done    D2_C1_S2_Nr8_T16_Tp2_dft_snr-3_skip1520_n40.npz  (630 s)  BLER16: R2-ours-G=0.78 R3-bigamp=1.00 R4-scvamp=0.95 M-ours-gmm32=0.85 R5-genie=0.03  [33 arm-trial exceptions recorded]
538/896 done    D2_C1_S2_Nr8_T16_Tp2_dft_snr6_skip1440_n40.npz  (682 s)  BLER16: R2-ours-G=0.47 R3-bigamp=0.78 R4-scvamp=0.82 M-ours-gmm32=0.65 R5-genie=0.00
539/896 done    D2_C1_S2_Nr8_T16_Tp2_dft_snr12_skip1560_n40.npz  (570 s)  BLER16: R2-ours-G=0.33 R3-bigamp=0.68 R4-scvamp=0.78 M-ours-gmm32=0.38 R5-genie=0.00
540/896 done    D2_C1_S2_Nr8_T16_Tp2_dft_snr0_skip1520_n40.npz  (633 s)  BLER16: R2-ours-G=0.57 R3-bigamp=0.88 R4-scvamp=0.88 M-ours-gmm32=0.62 R5-genie=0.03
541/896 done    D2_C5_S2_Nr8_T16_Tp3_dft_snr15_skip1560_n40.npz  (609 s)  BLER16: R2-ours-G=0.17 R3-bigamp=0.60 R4-scvamp=0.75 M-ours-gmm32=0.20 R5-genie=0.00
542/896 done    D2_C5_S2_Nr8_T16_Tp3_dft_snr6_skip1520_n40.npz  (667 s)  BLER16: R2-ours-G=0.28 R3-bigamp=0.40 R4-scvamp=0.60 M-ours-gmm32=0.25 R5-genie=0.00
543/896 done    D2_C1_S2_Nr8_T16_Tp2_dft_snr9_skip1520_n40.npz  (653 s)  BLER16: R2-ours-G=0.42 R3-bigamp=0.80 R4-scvamp=0.80 M-ours-gmm32=0.45 R5-genie=0.00
544/896 done    D2_C1_S2_Nr8_T16_Tp2_dft_snr15_skip1480_n40.npz  (684 s)  BLER16: R2-ours-G=0.40 R3-bigamp=0.80 R4-scvamp=0.93 M-ours-gmm32=0.30 R5-genie=0.00
545/896 done    D2_C5_S2_Nr8_T16_Tp3_dft_snr0_skip1600_n40.npz  (601 s)  BLER16: R2-ours-G=0.30 R3-bigamp=0.60 R4-scvamp=0.70 M-ours-gmm32=0.38 R5-genie=0.00
546/896 done    D2_C1_S2_Nr8_T16_Tp2_dft_snr6_skip1520_n40.npz  (669 s)  BLER16: R2-ours-G=0.45 R3-bigamp=0.78 R4-scvamp=0.93 M-ours-gmm32=0.30 R5-genie=0.00
547/896 done    D2_C5_S2_Nr8_T16_Tp3_dft_snr12_skip1520_n40.npz  (678 s)  BLER16: R2-ours-G=0.12 R3-bigamp=0.35 R4-scvamp=0.50 M-ours-gmm32=0.30 R5-genie=0.00
548/896 done    D2_C5_S2_Nr8_T16_Tp3_dft_snr3_skip1600_n40.npz  (617 s)  BLER16: R2-ours-G=0.10 R3-bigamp=0.55 R4-scvamp=0.57 M-ours-gmm32=0.15 R5-genie=0.00
549/896 done    D2_C1_S2_Nr8_T16_Tp2_dft_snr12_skip1520_n40.npz  (671 s)  BLER16: R2-ours-G=0.38 R3-bigamp=0.82 R4-scvamp=0.90 M-ours-gmm32=0.42 R5-genie=0.00
550/896 done    D2_C5_S2_Nr8_T16_Tp3_dft_snr12_skip1560_n40.npz  (651 s)  BLER16: R2-ours-G=0.07 R3-bigamp=0.40 R4-scvamp=0.57 M-ours-gmm32=0.15 R5-genie=0.00
551/896 done    D2_C1_S2_Nr8_T16_Tp2_dft_snr-3_skip1560_n40.npz  (647 s)  BLER16: R2-ours-G=0.78 R3-bigamp=1.00 R4-scvamp=0.97 M-ours-gmm32=0.75 R5-genie=0.05  [38 arm-trial exceptions recorded]
552/896 done    D2_C1_S2_Nr8_T16_Tp2_dft_snr3_skip1600_n40.npz  (593 s)  BLER16: R2-ours-G=0.60 R3-bigamp=0.82 R4-scvamp=0.95 M-ours-gmm32=0.55 R5-genie=0.00
553/896 done    D2_C1_S2_Nr8_T16_Tp2_dft_snr-3_skip1600_n40.npz  (596 s)  BLER16: R2-ours-G=0.90 R3-bigamp=0.95 R4-scvamp=1.00 M-ours-gmm32=0.82 R5-genie=0.03  [29 arm-trial exceptions recorded]
554/896 done    D2_C5_S2_Nr8_T16_Tp3_dft_snr-3_skip1600_n40.npz  (637 s)  BLER16: R2-ours-G=0.50 R3-bigamp=0.68 R4-scvamp=0.78 M-ours-gmm32=0.50 R5-genie=0.03
555/896 done    D2_C5_S2_Nr8_T16_Tp3_dft_snr-3_skip1560_n40.npz  (675 s)  BLER16: R2-ours-G=0.62 R3-bigamp=0.80 R4-scvamp=0.90 M-ours-gmm32=0.57 R5-genie=0.03
556/896 done    D2_C1_S2_Nr8_T16_Tp2_dft_snr12_skip1600_n40.npz  (557 s)  BLER16: R2-ours-G=0.30 R3-bigamp=0.62 R4-scvamp=0.82 M-ours-gmm32=0.33 R5-genie=0.00
557/896 done    D2_C5_S2_Nr8_T16_Tp3_dft_snr6_skip1560_n40.npz  (672 s)  BLER16: R2-ours-G=0.17 R3-bigamp=0.33 R4-scvamp=0.45 M-ours-gmm32=0.15 R5-genie=0.05
558/896 done    D2_C1_S2_Nr8_T16_Tp2_dft_snr15_skip1560_n40.npz  (654 s)  BLER16: R2-ours-G=0.38 R3-bigamp=0.75 R4-scvamp=0.93 M-ours-gmm32=0.50 R5-genie=0.00
559/896 done    D2_C5_S2_Nr8_T16_Tp3_dft_snr0_skip1560_n40.npz  (687 s)  BLER16: R2-ours-G=0.30 R3-bigamp=0.65 R4-scvamp=0.75 M-ours-gmm32=0.25 R5-genie=0.00
560/896 done    D2_C5_S2_Nr8_T16_Tp3_dft_snr3_skip1560_n40.npz  (694 s)  BLER16: R2-ours-G=0.15 R3-bigamp=0.45 R4-scvamp=0.50 M-ours-gmm32=0.28 R5-genie=0.00
561/896 done    D2_C5_S2_Nr8_T16_Tp3_dft_snr9_skip1600_n40.npz  (654 s)  BLER16: R2-ours-G=0.07 R3-bigamp=0.30 R4-scvamp=0.53 M-ours-gmm32=0.07 R5-genie=0.00
562/896 done    D2_C5_S2_Nr8_T16_Tp3_dft_snr9_skip1560_n40.npz  (701 s)  BLER16: R2-ours-G=0.23 R3-bigamp=0.38 R4-scvamp=0.50 M-ours-gmm32=0.28 R5-genie=0.00
563/896 done    D2_C5_S2_Nr8_T16_Tp3_dft_snr12_skip1600_n40.npz  (674 s)  BLER16: R2-ours-G=0.20 R3-bigamp=0.30 R4-scvamp=0.53 M-ours-gmm32=0.25 R5-genie=0.00
564/896 done    D2_C5_S2_Nr8_T16_Tp3_dft_snr-3_skip1520_n40.npz  (777 s)  BLER16: R2-ours-G=0.57 R3-bigamp=0.85 R4-scvamp=0.82 M-ours-gmm32=0.55 R5-genie=0.00
565/896 done    D2_C1_S2_Nr8_T16_Tp2_dft_snr15_skip1520_n40.npz  (742 s)  BLER16: R2-ours-G=0.35 R3-bigamp=0.75 R4-scvamp=0.75 M-ours-gmm32=0.25 R5-genie=0.00
566/896 done    D2_C5_S2_Nr8_T16_Tp3_dft_snr15_skip1600_n40.npz  (670 s)  BLER16: R2-ours-G=0.12 R3-bigamp=0.35 R4-scvamp=0.45 M-ours-gmm32=0.10 R5-genie=0.00
567/896 done    D2_C5_S2_Nr8_T16_Tp3_dft_snr6_skip1600_n40.npz  (691 s)  BLER16: R2-ours-G=0.28 R3-bigamp=0.45 R4-scvamp=0.50 M-ours-gmm32=0.17 R5-genie=0.00
568/896 done    D2_C1_S2_Nr8_T16_Tp2_dft_snr9_skip1560_n40.npz  (702 s)  BLER16: R2-ours-G=0.40 R3-bigamp=0.88 R4-scvamp=0.90 M-ours-gmm32=0.45 R5-genie=0.00
569/896 done    D2_C1_S2_Nr8_T16_Tp2_dft_snr9_skip1600_n40.npz  (652 s)  BLER16: R2-ours-G=0.33 R3-bigamp=0.72 R4-scvamp=0.82 M-ours-gmm32=0.35 R5-genie=0.00
570/896 done    D2_C1_S2_Nr8_T16_Tp2_dft_snr15_skip1600_n40.npz  (651 s)  BLER16: R2-ours-G=0.40 R3-bigamp=0.78 R4-scvamp=0.85 M-ours-gmm32=0.38 R5-genie=0.00
571/896 done    D2_C5_S2_Nr8_T16_Tp3_dft_snr-3_skip1640_n40.npz  (659 s)  BLER16: R2-ours-G=0.60 R3-bigamp=0.88 R4-scvamp=0.90 M-ours-gmm32=0.57 R5-genie=0.05
572/896 done    D2_C1_S2_Nr8_T16_Tp2_dft_snr6_skip1600_n40.npz  (729 s)  BLER16: R2-ours-G=0.60 R3-bigamp=0.82 R4-scvamp=0.88 M-ours-gmm32=0.47 R5-genie=0.00
573/896 done    D2_C1_S2_Nr8_T16_Tp2_dft_snr3_skip1560_n40.npz  (788 s)  BLER16: R2-ours-G=0.28 R3-bigamp=0.70 R4-scvamp=0.78 M-ours-gmm32=0.35 R5-genie=0.00
574/896 done    D2_C5_S2_Nr8_T16_Tp3_dft_snr3_skip1640_n40.npz  (566 s)  BLER16: R2-ours-G=0.28 R3-bigamp=0.53 R4-scvamp=0.65 M-ours-gmm32=0.23 R5-genie=0.03
575/896 done    D2_C5_S2_Nr8_T16_Tp3_dft_snr6_skip1640_n40.npz  (546 s)  BLER16: R2-ours-G=0.33 R3-bigamp=0.47 R4-scvamp=0.70 M-ours-gmm32=0.20 R5-genie=0.00
576/896 done    D2_C1_S2_Nr8_T16_Tp2_dft_snr6_skip1560_n40.npz  (808 s)  BLER16: R2-ours-G=0.33 R3-bigamp=0.78 R4-scvamp=0.82 M-ours-gmm32=0.45 R5-genie=0.00
577/896 done    D2_C1_S2_Nr8_T16_Tp2_dft_snr0_skip1600_n40.npz  (772 s)  BLER16: R2-ours-G=0.62 R3-bigamp=0.90 R4-scvamp=0.90 M-ours-gmm32=0.68 R5-genie=0.00
578/896 done    D2_C5_S2_Nr8_T16_Tp3_dft_snr0_skip1640_n40.npz  (697 s)  BLER16: R2-ours-G=0.45 R3-bigamp=0.75 R4-scvamp=0.82 M-ours-gmm32=0.30 R5-genie=0.00
579/896 done    D2_C5_S2_Nr8_T16_Tp3_dft_snr3_skip1720_n40.npz  (481 s)  BLER16: R2-ours-G=0.10 R3-bigamp=0.38 R4-scvamp=0.47 M-ours-gmm32=0.12 R5-genie=0.00
580/896 done    D2_C5_S2_Nr8_T16_Tp3_dft_snr12_skip1640_n40.npz  (554 s)  BLER16: R2-ours-G=0.12 R3-bigamp=0.35 R4-scvamp=0.55 M-ours-gmm32=0.12 R5-genie=0.00
581/896 done    D2_C1_S2_Nr8_T16_Tp2_dft_snr0_skip1640_n40.npz  (541 s)  BLER16: R2-ours-G=0.53 R3-bigamp=0.85 R4-scvamp=0.82 M-ours-gmm32=0.47 R5-genie=0.00
582/896 done    D2_C1_S2_Nr8_T16_Tp2_dft_snr-3_skip1640_n40.npz  (547 s)  BLER16: R2-ours-G=0.75 R3-bigamp=0.82 R4-scvamp=0.95 M-ours-gmm32=0.72 R5-genie=0.05  [27 arm-trial exceptions recorded]
583/896 done    D2_C1_S2_Nr8_T16_Tp2_dft_snr12_skip1640_n40.npz  (543 s)  BLER16: R2-ours-G=0.45 R3-bigamp=0.78 R4-scvamp=0.88 M-ours-gmm32=0.50 R5-genie=0.00
584/896 done    D2_C1_S2_Nr8_T16_Tp2_dft_snr3_skip1640_n40.npz  (550 s)  BLER16: R2-ours-G=0.42 R3-bigamp=0.75 R4-scvamp=0.80 M-ours-gmm32=0.42 R5-genie=0.00
585/896 done    D2_C1_S2_Nr8_T16_Tp2_dft_snr6_skip1640_n40.npz  (553 s)  BLER16: R2-ours-G=0.28 R3-bigamp=0.68 R4-scvamp=0.75 M-ours-gmm32=0.42 R5-genie=0.00
586/896 done    D2_C1_S2_Nr8_T16_Tp2_dft_snr9_skip1640_n40.npz  (554 s)  BLER16: R2-ours-G=0.42 R3-bigamp=0.68 R4-scvamp=0.85 M-ours-gmm32=0.47 R5-genie=0.00
587/896 done    D2_C1_S2_Nr8_T16_Tp2_dft_snr-3_skip1680_n40.npz  (532 s)  BLER16: R2-ours-G=0.85 R3-bigamp=1.00 R4-scvamp=0.93 M-ours-gmm32=0.88 R5-genie=0.10  [37 arm-trial exceptions recorded]
588/896 done    D2_C5_S2_Nr8_T16_Tp3_dft_snr15_skip1760_n40.npz  (504 s)  BLER16: R2-ours-G=0.05 R3-bigamp=0.28 R4-scvamp=0.50 M-ours-gmm32=0.07 R5-genie=0.00
589/896 done    D2_C5_S2_Nr8_T16_Tp3_dft_snr9_skip1640_n40.npz  (587 s)  BLER16: R2-ours-G=0.15 R3-bigamp=0.42 R4-scvamp=0.60 M-ours-gmm32=0.10 R5-genie=0.00
590/896 done    D2_C1_S2_Nr8_T16_Tp2_dft_snr15_skip1680_n40.npz  (533 s)  BLER16: R2-ours-G=0.30 R3-bigamp=0.75 R4-scvamp=0.90 M-ours-gmm32=0.42 R5-genie=0.00
591/896 done    D2_C1_S2_Nr8_T16_Tp2_dft_snr15_skip1640_n40.npz  (560 s)  BLER16: R2-ours-G=0.38 R3-bigamp=0.70 R4-scvamp=0.88 M-ours-gmm32=0.40 R5-genie=0.00
592/896 done    D2_C5_S2_Nr8_T16_Tp3_dft_snr12_skip1680_n40.npz  (552 s)  BLER16: R2-ours-G=0.15 R3-bigamp=0.35 R4-scvamp=0.60 M-ours-gmm32=0.28 R5-genie=0.00
593/896 done    D2_C5_S2_Nr8_T16_Tp3_dft_snr15_skip1680_n40.npz  (554 s)  BLER16: R2-ours-G=0.20 R3-bigamp=0.47 R4-scvamp=0.50 M-ours-gmm32=0.17 R5-genie=0.00
594/896 done    D2_C1_S2_Nr8_T16_Tp2_dft_snr0_skip1720_n40.npz  (537 s)  BLER16: R2-ours-G=0.53 R3-bigamp=0.85 R4-scvamp=0.78 M-ours-gmm32=0.57 R5-genie=0.03
595/896 done    D2_C1_S2_Nr8_T16_Tp2_dft_snr0_skip1680_n40.npz  (557 s)  BLER16: R2-ours-G=0.53 R3-bigamp=0.82 R4-scvamp=0.85 M-ours-gmm32=0.65 R5-genie=0.00
596/896 done    D2_C5_S2_Nr8_T16_Tp3_dft_snr9_skip1680_n40.npz  (560 s)  BLER16: R2-ours-G=0.17 R3-bigamp=0.28 R4-scvamp=0.53 M-ours-gmm32=0.30 R5-genie=0.03
597/896 done    D2_C5_S2_Nr8_T16_Tp3_dft_snr15_skip1640_n40.npz  (607 s)  BLER16: R2-ours-G=0.17 R3-bigamp=0.38 R4-scvamp=0.57 M-ours-gmm32=0.15 R5-genie=0.00
598/896 done    D2_C5_S2_Nr8_T16_Tp3_dft_snr15_skip1720_n40.npz  (547 s)  BLER16: R2-ours-G=0.17 R3-bigamp=0.47 R4-scvamp=0.57 M-ours-gmm32=0.15 R5-genie=0.00
599/896 done    D2_C5_S2_Nr8_T16_Tp3_dft_snr9_skip1720_n40.npz  (552 s)  BLER16: R2-ours-G=0.15 R3-bigamp=0.35 R4-scvamp=0.57 M-ours-gmm32=0.15 R5-genie=0.00
600/896 done    D2_C5_S2_Nr8_T16_Tp3_dft_snr0_skip1720_n40.npz  (556 s)  BLER16: R2-ours-G=0.25 R3-bigamp=0.72 R4-scvamp=0.68 M-ours-gmm32=0.20 R5-genie=0.03
601/896 done    D2_C5_S2_Nr8_T16_Tp3_dft_snr-3_skip1720_n40.npz  (557 s)  BLER16: R2-ours-G=0.72 R3-bigamp=0.88 R4-scvamp=0.93 M-ours-gmm32=0.50 R5-genie=0.05
602/896 done    D2_C5_S2_Nr8_T16_Tp3_dft_snr6_skip1680_n40.npz  (573 s)  BLER16: R2-ours-G=0.28 R3-bigamp=0.47 R4-scvamp=0.65 M-ours-gmm32=0.28 R5-genie=0.03
603/896 done    D2_C5_S2_Nr8_T16_Tp3_dft_snr0_skip1680_n40.npz  (575 s)  BLER16: R2-ours-G=0.33 R3-bigamp=0.62 R4-scvamp=0.72 M-ours-gmm32=0.35 R5-genie=0.00
604/896 done    D2_C1_S2_Nr8_T16_Tp2_dft_snr-3_skip1760_n40.npz  (541 s)  BLER16: R2-ours-G=0.88 R3-bigamp=0.93 R4-scvamp=1.00 M-ours-gmm32=0.88 R5-genie=0.05  [25 arm-trial exceptions recorded]
605/896 done    D2_C1_S2_Nr8_T16_Tp2_dft_snr3_skip1680_n40.npz  (567 s)  BLER16: R2-ours-G=0.57 R3-bigamp=0.88 R4-scvamp=0.90 M-ours-gmm32=0.57 R5-genie=0.00
606/896 done    D2_C5_S2_Nr8_T16_Tp3_dft_snr3_skip1680_n40.npz  (579 s)  BLER16: R2-ours-G=0.28 R3-bigamp=0.47 R4-scvamp=0.47 M-ours-gmm32=0.23 R5-genie=0.00
607/896 done    D2_C5_S2_Nr8_T16_Tp3_dft_snr6_skip1720_n40.npz  (565 s)  BLER16: R2-ours-G=0.12 R3-bigamp=0.57 R4-scvamp=0.50 M-ours-gmm32=0.23 R5-genie=0.00
608/896 done    D2_C1_S2_Nr8_T16_Tp2_dft_snr-3_skip1720_n40.npz  (559 s)  BLER16: R2-ours-G=0.78 R3-bigamp=0.93 R4-scvamp=0.93 M-ours-gmm32=0.75 R5-genie=0.07  [32 arm-trial exceptions recorded]
609/896 done    D2_C1_S2_Nr8_T16_Tp2_dft_snr6_skip1680_n40.npz  (572 s)  BLER16: R2-ours-G=0.53 R3-bigamp=0.62 R4-scvamp=0.80 M-ours-gmm32=0.55 R5-genie=0.00
610/896 done    D2_C5_S2_Nr8_T16_Tp3_dft_snr12_skip1720_n40.npz  (566 s)  BLER16: R2-ours-G=0.23 R3-bigamp=0.33 R4-scvamp=0.65 M-ours-gmm32=0.17 R5-genie=0.03
611/896 done    D2_C5_S2_Nr8_T16_Tp3_dft_snr-3_skip1680_n40.npz  (591 s)  BLER16: R2-ours-G=0.57 R3-bigamp=0.75 R4-scvamp=0.88 M-ours-gmm32=0.55 R5-genie=0.05
612/896 done    D2_C1_S2_Nr8_T16_Tp2_dft_snr3_skip1720_n40.npz  (564 s)  BLER16: R2-ours-G=0.60 R3-bigamp=0.82 R4-scvamp=0.95 M-ours-gmm32=0.50 R5-genie=0.00
613/896 done    D2_C1_S2_Nr8_T16_Tp2_dft_snr12_skip1720_n40.npz  (560 s)  BLER16: R2-ours-G=0.55 R3-bigamp=0.82 R4-scvamp=0.95 M-ours-gmm32=0.45 R5-genie=0.00
614/896 done    D2_C5_S2_Nr8_T16_Tp3_dft_snr12_skip1760_n40.npz  (556 s)  BLER16: R2-ours-G=0.10 R3-bigamp=0.38 R4-scvamp=0.45 M-ours-gmm32=0.10 R5-genie=0.00
615/896 done    D2_C5_S2_Nr8_T16_Tp3_dft_snr0_skip1760_n40.npz  (560 s)  BLER16: R2-ours-G=0.30 R3-bigamp=0.47 R4-scvamp=0.55 M-ours-gmm32=0.23 R5-genie=0.00
616/896 done    D2_C1_S2_Nr8_T16_Tp2_dft_snr15_skip1720_n40.npz  (562 s)  BLER16: R2-ours-G=0.42 R3-bigamp=0.80 R4-scvamp=0.90 M-ours-gmm32=0.40 R5-genie=0.00
617/896 done    D2_C1_S2_Nr8_T16_Tp2_dft_snr9_skip1720_n40.npz  (571 s)  BLER16: R2-ours-G=0.50 R3-bigamp=0.78 R4-scvamp=0.88 M-ours-gmm32=0.45 R5-genie=0.00
618/896 done    D2_C1_S2_Nr8_T16_Tp2_dft_snr12_skip1680_n40.npz  (583 s)  BLER16: R2-ours-G=0.33 R3-bigamp=0.68 R4-scvamp=0.82 M-ours-gmm32=0.38 R5-genie=0.00
619/896 done    D2_C5_S2_Nr8_T16_Tp3_dft_snr3_skip1760_n40.npz  (571 s)  BLER16: R2-ours-G=0.17 R3-bigamp=0.33 R4-scvamp=0.45 M-ours-gmm32=0.25 R5-genie=0.00
620/896 done    D2_C1_S2_Nr8_T16_Tp2_dft_snr9_skip1760_n40.npz  (566 s)  BLER16: R2-ours-G=0.47 R3-bigamp=0.85 R4-scvamp=0.88 M-ours-gmm32=0.42 R5-genie=0.00
621/896 done    D2_C5_S2_Nr8_T16_Tp3_dft_snr0_skip1800_n40.npz  (563 s)  BLER16: R2-ours-G=0.33 R3-bigamp=0.65 R4-scvamp=0.65 M-ours-gmm32=0.28 R5-genie=0.00
622/896 done    D2_C5_S2_Nr8_T16_Tp3_dft_snr6_skip1760_n40.npz  (575 s)  BLER16: R2-ours-G=0.20 R3-bigamp=0.35 R4-scvamp=0.47 M-ours-gmm32=0.25 R5-genie=0.00
623/896 done    D2_C1_S2_Nr8_T16_Tp2_dft_snr3_skip1800_n40.npz  (561 s)  BLER16: R2-ours-G=0.42 R3-bigamp=0.72 R4-scvamp=0.80 M-ours-gmm32=0.42 R5-genie=0.00
624/896 done    D2_C1_S2_Nr8_T16_Tp2_dft_snr6_skip1720_n40.npz  (583 s)  BLER16: R2-ours-G=0.38 R3-bigamp=0.62 R4-scvamp=0.78 M-ours-gmm32=0.42 R5-genie=0.00
625/896 done    D2_C1_S2_Nr8_T16_Tp2_dft_snr9_skip1680_n40.npz  (595 s)  BLER16: R2-ours-G=0.40 R3-bigamp=0.75 R4-scvamp=0.85 M-ours-gmm32=0.53 R5-genie=0.00
626/896 done    D2_C5_S2_Nr8_T16_Tp3_dft_snr3_skip1800_n40.npz  (566 s)  BLER16: R2-ours-G=0.17 R3-bigamp=0.47 R4-scvamp=0.47 M-ours-gmm32=0.20 R5-genie=0.00
627/896 done    D2_C5_S2_Nr8_T16_Tp3_dft_snr-3_skip1840_n40.npz  (558 s)  BLER16: R2-ours-G=0.57 R3-bigamp=0.85 R4-scvamp=0.88 M-ours-gmm32=0.60 R5-genie=0.07
628/896 done    D2_C5_S2_Nr8_T16_Tp3_dft_snr3_skip1840_n40.npz  (557 s)  BLER16: R2-ours-G=0.10 R3-bigamp=0.53 R4-scvamp=0.53 M-ours-gmm32=0.17 R5-genie=0.00
629/896 done    D2_C5_S2_Nr8_T16_Tp3_dft_snr-3_skip1760_n40.npz  (580 s)  BLER16: R2-ours-G=0.68 R3-bigamp=0.85 R4-scvamp=0.90 M-ours-gmm32=0.57 R5-genie=0.05
630/896 done    D2_C5_S2_Nr8_T16_Tp3_dft_snr15_skip1800_n40.npz  (568 s)  BLER16: R2-ours-G=0.17 R3-bigamp=0.38 R4-scvamp=0.55 M-ours-gmm32=0.15 R5-genie=0.00
631/896 done    D2_C1_S2_Nr8_T16_Tp2_dft_snr0_skip1760_n40.npz  (579 s)  BLER16: R2-ours-G=0.53 R3-bigamp=0.82 R4-scvamp=0.85 M-ours-gmm32=0.47 R5-genie=0.00
632/896 done    D2_C5_S2_Nr8_T16_Tp3_dft_snr0_skip1880_n40.npz  (547 s)  BLER16: R2-ours-G=0.35 R3-bigamp=0.68 R4-scvamp=0.78 M-ours-gmm32=0.38 R5-genie=0.03
633/896 done    D2_C5_S2_Nr8_T16_Tp3_dft_snr15_skip1840_n40.npz  (559 s)  BLER16: R2-ours-G=0.23 R3-bigamp=0.45 R4-scvamp=0.55 M-ours-gmm32=0.38 R5-genie=0.00
634/896 done    D2_C1_S2_Nr8_T16_Tp2_dft_snr-3_skip1800_n40.npz  (573 s)  BLER16: R2-ours-G=0.78 R3-bigamp=0.85 R4-scvamp=0.95 M-ours-gmm32=0.82 R5-genie=0.03  [21 arm-trial exceptions recorded]
635/896 done    D2_C1_S2_Nr8_T16_Tp2_dft_snr9_skip1800_n40.npz  (570 s)  BLER16: R2-ours-G=0.42 R3-bigamp=0.70 R4-scvamp=0.82 M-ours-gmm32=0.55 R5-genie=0.00
636/896 done    D2_C5_S2_Nr8_T16_Tp3_dft_snr12_skip1800_n40.npz  (576 s)  BLER16: R2-ours-G=0.07 R3-bigamp=0.25 R4-scvamp=0.47 M-ours-gmm32=0.15 R5-genie=0.00
637/896 done    D2_C5_S2_Nr8_T16_Tp3_dft_snr9_skip1760_n40.npz  (589 s)  BLER16: R2-ours-G=0.20 R3-bigamp=0.45 R4-scvamp=0.55 M-ours-gmm32=0.20 R5-genie=0.00
638/896 done    D2_C1_S2_Nr8_T16_Tp2_dft_snr12_skip1840_n40.npz  (558 s)  BLER16: R2-ours-G=0.25 R3-bigamp=0.85 R4-scvamp=0.85 M-ours-gmm32=0.30 R5-genie=0.00
639/896 done    D2_C5_S2_Nr8_T16_Tp3_dft_snr-3_skip1800_n40.npz  (580 s)  BLER16: R2-ours-G=0.60 R3-bigamp=0.80 R4-scvamp=0.85 M-ours-gmm32=0.62 R5-genie=0.05
640/896 done    D2_C5_S2_Nr8_T16_Tp3_dft_snr0_skip1840_n40.npz  (571 s)  BLER16: R2-ours-G=0.35 R3-bigamp=0.65 R4-scvamp=0.62 M-ours-gmm32=0.38 R5-genie=0.00
641/896 done    D2_C1_S2_Nr8_T16_Tp2_dft_snr-3_skip1840_n40.npz  (567 s)  BLER16: R2-ours-G=0.88 R3-bigamp=0.95 R4-scvamp=0.97 M-ours-gmm32=0.80 R5-genie=0.00  [34 arm-trial exceptions recorded]
642/896 done    D2_C1_S2_Nr8_T16_Tp2_dft_snr6_skip1760_n40.npz  (588 s)  BLER16: R2-ours-G=0.35 R3-bigamp=0.80 R4-scvamp=0.75 M-ours-gmm32=0.40 R5-genie=0.00
643/896 done    D2_C1_S2_Nr8_T16_Tp2_dft_snr15_skip1800_n40.npz  (574 s)  BLER16: R2-ours-G=0.17 R3-bigamp=0.68 R4-scvamp=0.85 M-ours-gmm32=0.25 R5-genie=0.00
644/896 done    D2_C5_S2_Nr8_T16_Tp3_dft_snr12_skip1880_n40.npz  (547 s)  BLER16: R2-ours-G=0.12 R3-bigamp=0.35 R4-scvamp=0.57 M-ours-gmm32=0.17 R5-genie=0.00
645/896 done    D2_C1_S2_Nr8_T16_Tp2_dft_snr3_skip1760_n40.npz  (589 s)  BLER16: R2-ours-G=0.50 R3-bigamp=0.80 R4-scvamp=0.72 M-ours-gmm32=0.47 R5-genie=0.00
646/896 done    D2_C1_S2_Nr8_T16_Tp2_dft_snr9_skip1840_n40.npz  (563 s)  BLER16: R2-ours-G=0.23 R3-bigamp=0.55 R4-scvamp=0.80 M-ours-gmm32=0.35 R5-genie=0.00
647/896 done    D2_C1_S2_Nr8_T16_Tp2_dft_snr6_skip1800_n40.npz  (576 s)  BLER16: R2-ours-G=0.35 R3-bigamp=0.78 R4-scvamp=0.70 M-ours-gmm32=0.45 R5-genie=0.00
648/896 done    D2_C1_S2_Nr8_T16_Tp2_dft_snr0_skip1800_n40.npz  (582 s)  BLER16: R2-ours-G=0.60 R3-bigamp=0.90 R4-scvamp=0.85 M-ours-gmm32=0.65 R5-genie=0.03
649/896 done    D2_C5_S2_Nr8_T16_Tp3_dft_snr9_skip1800_n40.npz  (585 s)  BLER16: R2-ours-G=0.17 R3-bigamp=0.28 R4-scvamp=0.60 M-ours-gmm32=0.25 R5-genie=0.03
650/896 done    D2_C1_S2_Nr8_T16_Tp2_dft_snr3_skip1840_n40.npz  (569 s)  BLER16: R2-ours-G=0.55 R3-bigamp=0.75 R4-scvamp=0.78 M-ours-gmm32=0.45 R5-genie=0.00
651/896 done    D2_C1_S2_Nr8_T16_Tp2_dft_snr15_skip1760_n40.npz  (589 s)  BLER16: R2-ours-G=0.30 R3-bigamp=0.80 R4-scvamp=0.93 M-ours-gmm32=0.30 R5-genie=0.00
652/896 done    D2_C5_S2_Nr8_T16_Tp3_dft_snr6_skip1800_n40.npz  (589 s)  BLER16: R2-ours-G=0.23 R3-bigamp=0.40 R4-scvamp=0.62 M-ours-gmm32=0.17 R5-genie=0.03
653/896 done    D2_C1_S2_Nr8_T16_Tp2_dft_snr6_skip1840_n40.npz  (571 s)  BLER16: R2-ours-G=0.57 R3-bigamp=0.70 R4-scvamp=0.80 M-ours-gmm32=0.50 R5-genie=0.00
654/896 done    D2_C1_S2_Nr8_T16_Tp2_dft_snr12_skip1760_n40.npz  (597 s)  BLER16: R2-ours-G=0.40 R3-bigamp=0.78 R4-scvamp=0.85 M-ours-gmm32=0.53 R5-genie=0.00
655/896 done    D2_C5_S2_Nr8_T16_Tp3_dft_snr-3_skip1880_n40.npz  (569 s)  BLER16: R2-ours-G=0.62 R3-bigamp=0.80 R4-scvamp=0.88 M-ours-gmm32=0.65 R5-genie=0.03
656/896 done    D2_C5_S2_Nr8_T16_Tp3_dft_snr12_skip1840_n40.npz  (585 s)  BLER16: R2-ours-G=0.15 R3-bigamp=0.42 R4-scvamp=0.42 M-ours-gmm32=0.12 R5-genie=0.00
657/896 done    D2_C1_S2_Nr8_T16_Tp2_dft_snr15_skip1840_n40.npz  (574 s)  BLER16: R2-ours-G=0.45 R3-bigamp=0.80 R4-scvamp=0.97 M-ours-gmm32=0.42 R5-genie=0.03
658/896 done    D2_C5_S2_Nr8_T16_Tp3_dft_snr6_skip1840_n40.npz  (589 s)  BLER16: R2-ours-G=0.15 R3-bigamp=0.40 R4-scvamp=0.53 M-ours-gmm32=0.25 R5-genie=0.00
659/896 done    D2_C5_S2_Nr8_T16_Tp3_dft_snr3_skip1880_n40.npz  (572 s)  BLER16: R2-ours-G=0.17 R3-bigamp=0.40 R4-scvamp=0.57 M-ours-gmm32=0.20 R5-genie=0.00
660/896 done    D2_C1_S2_Nr8_T16_Tp2_dft_snr6_skip1880_n40.npz  (565 s)  BLER16: R2-ours-G=0.40 R3-bigamp=0.62 R4-scvamp=0.80 M-ours-gmm32=0.42 R5-genie=0.00
661/896 done    D2_C1_S2_Nr8_T16_Tp2_dft_snr15_skip1880_n40.npz  (564 s)  BLER16: R2-ours-G=0.40 R3-bigamp=0.75 R4-scvamp=0.88 M-ours-gmm32=0.35 R5-genie=0.00
662/896 done    D2_C5_S2_Nr8_T16_Tp3_dft_snr6_skip1880_n40.npz  (581 s)  BLER16: R2-ours-G=0.12 R3-bigamp=0.35 R4-scvamp=0.60 M-ours-gmm32=0.17 R5-genie=0.00
663/896 done    D2_C5_S2_Nr8_T16_Tp3_dft_snr15_skip1880_n40.npz  (577 s)  BLER16: R2-ours-G=0.05 R3-bigamp=0.33 R4-scvamp=0.53 M-ours-gmm32=0.17 R5-genie=0.00
664/896 done    D2_C1_S2_Nr8_T16_Tp2_dft_snr12_skip1880_n40.npz  (574 s)  BLER16: R2-ours-G=0.42 R3-bigamp=0.68 R4-scvamp=0.88 M-ours-gmm32=0.42 R5-genie=0.00
665/896 done    D2_C5_S2_Nr8_T16_Tp3_dft_snr3_skip1920_n40.npz  (570 s)  BLER16: R2-ours-G=0.17 R3-bigamp=0.33 R4-scvamp=0.50 M-ours-gmm32=0.15 R5-genie=0.00
666/896 done    D2_C1_S2_Nr8_T16_Tp2_dft_snr-3_skip1880_n40.npz  (580 s)  BLER16: R2-ours-G=0.78 R3-bigamp=0.97 R4-scvamp=0.97 M-ours-gmm32=0.90 R5-genie=0.05  [26 arm-trial exceptions recorded]
667/896 done    D2_C1_S2_Nr8_T16_Tp2_dft_snr0_skip1920_n40.npz  (562 s)  BLER16: R2-ours-G=0.78 R3-bigamp=0.82 R4-scvamp=0.95 M-ours-gmm32=0.70 R5-genie=0.00
668/896 done    D2_C1_S2_Nr8_T16_Tp2_dft_snr12_skip1800_n40.npz  (611 s)  BLER16: R2-ours-G=0.50 R3-bigamp=0.90 R4-scvamp=1.00 M-ours-gmm32=0.42 R5-genie=0.00
669/896 done    D2_C1_S2_Nr8_T16_Tp2_dft_snr0_skip1880_n40.npz  (582 s)  BLER16: R2-ours-G=0.60 R3-bigamp=0.82 R4-scvamp=0.82 M-ours-gmm32=0.62 R5-genie=0.00
670/896 done    D2_C1_S2_Nr8_T16_Tp2_dft_snr3_skip1880_n40.npz  (586 s)  BLER16: R2-ours-G=0.38 R3-bigamp=0.80 R4-scvamp=0.85 M-ours-gmm32=0.45 R5-genie=0.00
671/896 done    D2_C1_S2_Nr8_T16_Tp2_dft_snr-3_skip1920_n40.npz  (573 s)  BLER16: R2-ours-G=0.88 R3-bigamp=0.95 R4-scvamp=0.97 M-ours-gmm32=0.78 R5-genie=0.00  [21 arm-trial exceptions recorded]
672/896 done    D2_C1_S2_Nr8_T16_Tp2_dft_snr9_skip1880_n40.npz  (588 s)  BLER16: R2-ours-G=0.45 R3-bigamp=0.57 R4-scvamp=0.80 M-ours-gmm32=0.55 R5-genie=0.00
673/896 done    D2_C5_S2_Nr8_T16_Tp3_dft_snr6_skip1920_n40.npz  (579 s)  BLER16: R2-ours-G=0.12 R3-bigamp=0.38 R4-scvamp=0.55 M-ours-gmm32=0.17 R5-genie=0.00
674/896 done    D2_C1_S2_Nr8_T16_Tp2_dft_snr9_skip1920_n40.npz  (564 s)  BLER16: R2-ours-G=0.42 R3-bigamp=0.72 R4-scvamp=0.75 M-ours-gmm32=0.40 R5-genie=0.03
675/896 done    D2_C5_S2_Nr8_T16_Tp3_dft_snr9_skip1880_n40.npz  (600 s)  BLER16: R2-ours-G=0.28 R3-bigamp=0.47 R4-scvamp=0.53 M-ours-gmm32=0.23 R5-genie=0.00
676/896 done    D2_C5_S2_Nr8_T16_Tp3_dft_snr12_skip1920_n40.npz  (583 s)  BLER16: R2-ours-G=0.17 R3-bigamp=0.50 R4-scvamp=0.60 M-ours-gmm32=0.15 R5-genie=0.00
677/896 done    D2_C1_S2_Nr8_T16_Tp2_dft_snr12_skip1920_n40.npz  (566 s)  BLER16: R2-ours-G=0.35 R3-bigamp=0.85 R4-scvamp=0.95 M-ours-gmm32=0.42 R5-genie=0.00
678/896 done    D2_C1_S2_Nr8_T16_Tp2_dft_snr15_skip1920_n40.npz  (569 s)  BLER16: R2-ours-G=0.42 R3-bigamp=0.82 R4-scvamp=0.95 M-ours-gmm32=0.53 R5-genie=0.00
679/896 done    D2_C5_S2_Nr8_T16_Tp3_dft_snr0_skip1920_n40.npz  (594 s)  BLER16: R2-ours-G=0.35 R3-bigamp=0.62 R4-scvamp=0.75 M-ours-gmm32=0.20 R5-genie=0.00
680/896 done    D2_C1_S2_Nr8_T16_Tp2_dft_snr0_skip1840_n40.npz  (625 s)  BLER16: R2-ours-G=0.60 R3-bigamp=0.95 R4-scvamp=0.90 M-ours-gmm32=0.62 R5-genie=0.00
681/896 done    D2_C5_S2_Nr8_T16_Tp3_dft_snr3_skip1960_n40.npz  (578 s)  BLER16: R2-ours-G=0.20 R3-bigamp=0.53 R4-scvamp=0.62 M-ours-gmm32=0.30 R5-genie=0.00
682/896 done    D2_C1_S2_Nr8_T16_Tp2_dft_snr-3_skip2000_n40.npz  (538 s)  BLER16: R2-ours-G=0.62 R3-bigamp=0.85 R4-scvamp=0.82 M-ours-gmm32=0.78 R5-genie=0.05  [34 arm-trial exceptions recorded]
683/896 done    D2_C5_S2_Nr8_T16_Tp3_dft_snr0_skip2000_n40.npz  (558 s)  BLER16: R2-ours-G=0.35 R3-bigamp=0.62 R4-scvamp=0.68 M-ours-gmm32=0.30 R5-genie=0.03
684/896 done    D2_C1_S2_Nr8_T16_Tp2_dft_snr-3_skip1960_n40.npz  (573 s)  BLER16: R2-ours-G=0.68 R3-bigamp=0.90 R4-scvamp=0.88 M-ours-gmm32=0.62 R5-genie=0.03  [27 arm-trial exceptions recorded]
685/896 done    D2_C5_S2_Nr8_T16_Tp3_dft_snr0_skip1960_n40.npz  (581 s)  BLER16: R2-ours-G=0.28 R3-bigamp=0.50 R4-scvamp=0.70 M-ours-gmm32=0.28 R5-genie=0.03
686/896 done    D2_C5_S2_Nr8_T16_Tp3_dft_snr15_skip1920_n40.npz  (600 s)  BLER16: R2-ours-G=0.20 R3-bigamp=0.42 R4-scvamp=0.72 M-ours-gmm32=0.25 R5-genie=0.00
687/896 done    D2_C1_S2_Nr8_T16_Tp2_dft_snr6_skip1920_n40.npz  (586 s)  BLER16: R2-ours-G=0.45 R3-bigamp=0.75 R4-scvamp=0.80 M-ours-gmm32=0.50 R5-genie=0.03
688/896 done    D2_C5_S2_Nr8_T16_Tp3_dft_snr-3_skip1920_n40.npz  (609 s)  BLER16: R2-ours-G=0.55 R3-bigamp=0.75 R4-scvamp=0.85 M-ours-gmm32=0.40 R5-genie=0.00
689/896 done    D2_C5_S2_Nr8_T16_Tp3_dft_snr15_skip1960_n40.npz  (575 s)  BLER16: R2-ours-G=0.12 R3-bigamp=0.38 R4-scvamp=0.55 M-ours-gmm32=0.20 R5-genie=0.00
690/896 done    D2_C5_S2_Nr8_T16_Tp3_dft_snr6_skip1960_n40.npz  (579 s)  BLER16: R2-ours-G=0.15 R3-bigamp=0.35 R4-scvamp=0.55 M-ours-gmm32=0.17 R5-genie=0.03
691/896 done    D2_C1_S2_Nr8_T16_Tp2_dft_snr12_skip1960_n40.npz  (574 s)  BLER16: R2-ours-G=0.33 R3-bigamp=0.68 R4-scvamp=0.95 M-ours-gmm32=0.60 R5-genie=0.00
692/896 done    D2_C1_S2_Nr8_T16_Tp2_dft_snr9_skip1960_n40.npz  (581 s)  BLER16: R2-ours-G=0.33 R3-bigamp=0.82 R4-scvamp=0.88 M-ours-gmm32=0.53 R5-genie=0.00
693/896 done    D2_C5_S2_Nr8_T16_Tp3_dft_snr9_skip1960_n40.npz  (585 s)  BLER16: R2-ours-G=0.15 R3-bigamp=0.30 R4-scvamp=0.45 M-ours-gmm32=0.17 R5-genie=0.00
694/896 done    D2_C1_S2_Nr8_T16_Tp2_dft_snr3_skip1920_n40.npz  (602 s)  BLER16: R2-ours-G=0.40 R3-bigamp=0.68 R4-scvamp=0.68 M-ours-gmm32=0.47 R5-genie=0.00
695/896 done    D2_C1_S2_Nr8_T16_Tp2_dft_snr15_skip1960_n40.npz  (584 s)  BLER16: R2-ours-G=0.38 R3-bigamp=0.78 R4-scvamp=0.90 M-ours-gmm32=0.53 R5-genie=0.00
696/896 done    D2_C5_S2_Nr8_T16_Tp3_dft_snr-3_skip1960_n40.npz  (603 s)  BLER16: R2-ours-G=0.53 R3-bigamp=0.80 R4-scvamp=0.88 M-ours-gmm32=0.62 R5-genie=0.00
697/896 done    D2_C5_S2_Nr8_T16_Tp3_dft_snr3_skip2000_n40.npz  (584 s)  BLER16: R2-ours-G=0.25 R3-bigamp=0.55 R4-scvamp=0.62 M-ours-gmm32=0.25 R5-genie=0.00
698/896 done    D2_C1_S2_Nr8_T16_Tp2_dft_snr0_skip1960_n40.npz  (600 s)  BLER16: R2-ours-G=0.55 R3-bigamp=0.85 R4-scvamp=0.85 M-ours-gmm32=0.60 R5-genie=0.03
699/896 done    D2_C5_S2_Nr8_T16_Tp3_dft_snr9_skip2000_n40.npz  (577 s)  BLER16: R2-ours-G=0.17 R3-bigamp=0.33 R4-scvamp=0.50 M-ours-gmm32=0.12 R5-genie=0.00
700/896 done    D2_C5_S2_Nr8_T16_Tp3_dft_snr-3_skip2000_n40.npz  (594 s)  BLER16: R2-ours-G=0.62 R3-bigamp=0.80 R4-scvamp=0.85 M-ours-gmm32=0.55 R5-genie=0.05
701/896 done    D2_C5_S2_Nr8_T16_Tp3_dft_snr6_skip2000_n40.npz  (589 s)  BLER16: R2-ours-G=0.05 R3-bigamp=0.30 R4-scvamp=0.38 M-ours-gmm32=0.10 R5-genie=0.00
702/896 done    D2_C1_S2_Nr8_T16_Tp2_dft_snr3_skip1960_n40.npz  (607 s)  BLER16: R2-ours-G=0.45 R3-bigamp=0.78 R4-scvamp=0.82 M-ours-gmm32=0.53 R5-genie=0.00
703/896 done    D2_C5_S2_Nr8_T16_Tp3_dft_snr-3_skip2040_n40.npz  (564 s)  BLER16: R2-ours-G=0.57 R3-bigamp=0.82 R4-scvamp=0.90 M-ours-gmm32=0.60 R5-genie=0.00
704/896 done    D2_C1_S2_Nr8_T16_Tp2_dft_snr3_skip2000_n40.npz  (572 s)  BLER16: R2-ours-G=0.42 R3-bigamp=0.75 R4-scvamp=0.78 M-ours-gmm32=0.50 R5-genie=0.00
705/896 done    D2_C1_S2_Nr8_T16_Tp2_dft_snr12_skip2000_n40.npz  (582 s)  BLER16: R2-ours-G=0.25 R3-bigamp=0.78 R4-scvamp=0.85 M-ours-gmm32=0.45 R5-genie=0.00
706/896 done    D2_C5_S2_Nr8_T16_Tp3_dft_snr12_skip2000_n40.npz  (594 s)  BLER16: R2-ours-G=0.15 R3-bigamp=0.50 R4-scvamp=0.57 M-ours-gmm32=0.17 R5-genie=0.00
707/896 done    D2_C5_S2_Nr8_T16_Tp3_dft_snr3_skip2040_n40.npz  (581 s)  BLER16: R2-ours-G=0.07 R3-bigamp=0.35 R4-scvamp=0.50 M-ours-gmm32=0.12 R5-genie=0.00
708/896 done    D2_C5_S2_Nr8_T16_Tp3_dft_snr9_skip2040_n40.npz  (572 s)  BLER16: R2-ours-G=0.25 R3-bigamp=0.42 R4-scvamp=0.62 M-ours-gmm32=0.17 R5-genie=0.00
709/896 done    D2_C1_S2_Nr8_T16_Tp2_dft_snr15_skip2000_n40.npz  (586 s)  BLER16: R2-ours-G=0.35 R3-bigamp=0.80 R4-scvamp=0.93 M-ours-gmm32=0.55 R5-genie=0.00
710/896 done    D2_C5_S2_Nr8_T16_Tp3_dft_snr15_skip2040_n40.npz  (566 s)  BLER16: R2-ours-G=0.17 R3-bigamp=0.45 R4-scvamp=0.60 M-ours-gmm32=0.12 R5-genie=0.00
711/896 done    D2_C5_S2_Nr8_T16_Tp3_dft_snr15_skip2000_n40.npz  (603 s)  BLER16: R2-ours-G=0.17 R3-bigamp=0.42 R4-scvamp=0.72 M-ours-gmm32=0.12 R5-genie=0.00
712/896 done    D2_C1_S2_Nr8_T16_Tp2_dft_snr9_skip2000_n40.npz  (600 s)  BLER16: R2-ours-G=0.40 R3-bigamp=0.85 R4-scvamp=0.80 M-ours-gmm32=0.62 R5-genie=0.00
713/896 done    D2_C5_S2_Nr8_T16_Tp3_dft_snr12_skip1960_n40.npz  (642 s)  BLER16: R2-ours-G=0.17 R3-bigamp=0.38 R4-scvamp=0.57 M-ours-gmm32=0.25 R5-genie=0.00
714/896 done    D2_C5_S2_Nr8_T16_Tp3_dft_snr9_skip1920_n40.npz  (670 s)  BLER16: R2-ours-G=0.07 R3-bigamp=0.35 R4-scvamp=0.35 M-ours-gmm32=0.17 R5-genie=0.00
715/896 done    D2_C5_S2_Nr8_T16_Tp3_dft_snr12_skip2040_n40.npz  (581 s)  BLER16: R2-ours-G=0.07 R3-bigamp=0.38 R4-scvamp=0.42 M-ours-gmm32=0.07 R5-genie=0.00
716/896 done    D2_C1_S2_Nr8_T16_Tp2_dft_snr6_skip1960_n40.npz  (651 s)  BLER16: R2-ours-G=0.35 R3-bigamp=0.62 R4-scvamp=0.82 M-ours-gmm32=0.50 R5-genie=0.00
717/896 done    D2_C1_S2_Nr8_T16_Tp2_dft_snr-3_skip2040_n40.npz  (575 s)  BLER16: R2-ours-G=0.68 R3-bigamp=0.90 R4-scvamp=0.88 M-ours-gmm32=0.62 R5-genie=0.03  [20 arm-trial exceptions recorded]
718/896 done    D2_C5_S2_Nr8_T16_Tp3_dft_snr0_skip2040_n40.npz  (612 s)  BLER16: R2-ours-G=0.45 R3-bigamp=0.70 R4-scvamp=0.75 M-ours-gmm32=0.38 R5-genie=0.00
719/896 done    D2_C1_S2_Nr8_T16_Tp2_dft_snr6_skip2040_n40.npz  (573 s)  BLER16: R2-ours-G=0.42 R3-bigamp=0.75 R4-scvamp=0.65 M-ours-gmm32=0.47 R5-genie=0.00
720/896 done    D2_C5_S2_Nr8_T16_Tp3_dft_snr9_skip2080_n40.npz  (538 s)  BLER16: R2-ours-G=0.12 R3-bigamp=0.30 R4-scvamp=0.53 M-ours-gmm32=0.25 R5-genie=0.00
721/896 done    D2_C1_S2_Nr8_T16_Tp2_dft_snr3_skip2040_n40.npz  (593 s)  BLER16: R2-ours-G=0.47 R3-bigamp=0.78 R4-scvamp=0.78 M-ours-gmm32=0.47 R5-genie=0.00
722/896 done    D2_C5_S2_Nr8_T16_Tp3_dft_snr6_skip2040_n40.npz  (646 s)  BLER16: R2-ours-G=0.23 R3-bigamp=0.42 R4-scvamp=0.55 M-ours-gmm32=0.28 R5-genie=0.00
723/896 done    D2_C1_S2_Nr8_T16_Tp2_dft_snr0_skip2000_n40.npz  (665 s)  BLER16: R2-ours-G=0.53 R3-bigamp=0.72 R4-scvamp=0.82 M-ours-gmm32=0.57 R5-genie=0.00
724/896 done    D2_C5_S2_Nr8_T16_Tp3_dft_snr9_skip1840_n40.npz  (777 s)  BLER16: R2-ours-G=0.12 R3-bigamp=0.50 R4-scvamp=0.70 M-ours-gmm32=0.23 R5-genie=0.03
725/896 done    D2_C1_S2_Nr8_T16_Tp2_dft_snr6_skip2000_n40.npz  (683 s)  BLER16: R2-ours-G=0.68 R3-bigamp=0.78 R4-scvamp=0.93 M-ours-gmm32=0.62 R5-genie=0.03
726/896 done    D2_C5_S2_Nr8_T16_Tp3_dft_snr3_skip2080_n40.npz  (628 s)  BLER16: R2-ours-G=0.25 R3-bigamp=0.57 R4-scvamp=0.65 M-ours-gmm32=0.25 R5-genie=0.00
727/896 done    D2_C1_S2_Nr8_T16_Tp2_dft_snr9_skip2040_n40.npz  (666 s)  BLER16: R2-ours-G=0.40 R3-bigamp=0.80 R4-scvamp=0.78 M-ours-gmm32=0.33 R5-genie=0.00
728/896 done    D2_C5_S2_Nr8_T16_Tp3_dft_snr-3_skip2080_n40.npz  (652 s)  BLER16: R2-ours-G=0.65 R3-bigamp=0.82 R4-scvamp=0.82 M-ours-gmm32=0.53 R5-genie=0.07
729/896 done    D2_C1_S2_Nr8_T16_Tp2_dft_snr-3_skip2080_n40.npz  (637 s)  BLER16: R2-ours-G=0.72 R3-bigamp=0.93 R4-scvamp=0.95 M-ours-gmm32=0.70 R5-genie=0.05  [25 arm-trial exceptions recorded]
730/896 done    D2_C5_S2_Nr8_T16_Tp3_dft_snr12_skip2080_n40.npz  (647 s)  BLER16: R2-ours-G=0.07 R3-bigamp=0.40 R4-scvamp=0.70 M-ours-gmm32=0.12 R5-genie=0.00
731/896 done    D2_C1_S2_Nr8_T16_Tp2_dft_snr12_skip2040_n40.npz  (692 s)  BLER16: R2-ours-G=0.30 R3-bigamp=0.72 R4-scvamp=0.85 M-ours-gmm32=0.47 R5-genie=0.00
732/896 done    D2_C5_S2_Nr8_T16_Tp3_dft_snr15_skip2120_n40.npz  (602 s)  BLER16: R2-ours-G=0.17 R3-bigamp=0.38 R4-scvamp=0.50 M-ours-gmm32=0.17 R5-genie=0.00
733/896 done    D2_C1_S2_Nr8_T16_Tp2_dft_snr3_skip2080_n40.npz  (639 s)  BLER16: R2-ours-G=0.42 R3-bigamp=0.70 R4-scvamp=0.82 M-ours-gmm32=0.45 R5-genie=0.03
734/896 done    D2_C5_S2_Nr8_T16_Tp3_dft_snr3_skip2120_n40.npz  (621 s)  BLER16: R2-ours-G=0.23 R3-bigamp=0.55 R4-scvamp=0.68 M-ours-gmm32=0.28 R5-genie=0.03
735/896 done    D2_C1_S2_Nr8_T16_Tp2_dft_snr9_skip2080_n40.npz  (632 s)  BLER16: R2-ours-G=0.53 R3-bigamp=0.78 R4-scvamp=0.97 M-ours-gmm32=0.68 R5-genie=0.00
736/896 done    D2_C5_S2_Nr8_T16_Tp3_dft_snr6_skip2080_n40.npz  (684 s)  BLER16: R2-ours-G=0.28 R3-bigamp=0.40 R4-scvamp=0.55 M-ours-gmm32=0.25 R5-genie=0.00
737/896 done    D2_C1_S2_Nr8_T16_Tp2_dft_snr0_skip2040_n40.npz  (714 s)  BLER16: R2-ours-G=0.60 R3-bigamp=0.88 R4-scvamp=0.85 M-ours-gmm32=0.65 R5-genie=0.00
738/896 done    D2_C5_S2_Nr8_T16_Tp3_dft_snr12_skip2120_n40.npz  (613 s)  BLER16: R2-ours-G=0.05 R3-bigamp=0.23 R4-scvamp=0.53 M-ours-gmm32=0.07 R5-genie=0.00
739/896 done    D2_C5_S2_Nr8_T16_Tp3_dft_snr6_skip2120_n40.npz  (623 s)  BLER16: R2-ours-G=0.17 R3-bigamp=0.42 R4-scvamp=0.50 M-ours-gmm32=0.17 R5-genie=0.00
740/896 done    D2_C5_S2_Nr8_T16_Tp3_dft_snr0_skip2080_n40.npz  (701 s)  BLER16: R2-ours-G=0.38 R3-bigamp=0.65 R4-scvamp=0.75 M-ours-gmm32=0.33 R5-genie=0.00
741/896 done    D2_C1_S2_Nr8_T16_Tp2_dft_snr12_skip2080_n40.npz  (643 s)  BLER16: R2-ours-G=0.28 R3-bigamp=0.72 R4-scvamp=0.82 M-ours-gmm32=0.40 R5-genie=0.00
742/896 done    D2_C1_S2_Nr8_T16_Tp2_dft_snr0_skip2080_n40.npz  (665 s)  BLER16: R2-ours-G=0.53 R3-bigamp=0.78 R4-scvamp=0.85 M-ours-gmm32=0.50 R5-genie=0.00
743/896 done    D2_C1_S2_Nr8_T16_Tp2_dft_snr15_skip2120_n40.npz  (575 s)  BLER16: R2-ours-G=0.38 R3-bigamp=0.85 R4-scvamp=0.97 M-ours-gmm32=0.40 R5-genie=0.00
744/896 done    D2_C1_S2_Nr8_T16_Tp2_dft_snr15_skip2040_n40.npz  (713 s)  BLER16: R2-ours-G=0.35 R3-bigamp=0.65 R4-scvamp=0.97 M-ours-gmm32=0.30 R5-genie=0.00
745/896 done    D2_C1_S2_Nr8_T16_Tp2_dft_snr6_skip2080_n40.npz  (663 s)  BLER16: R2-ours-G=0.42 R3-bigamp=0.72 R4-scvamp=0.70 M-ours-gmm32=0.45 R5-genie=0.00
746/896 done    D2_C5_S2_Nr8_T16_Tp3_dft_snr15_skip2080_n40.npz  (681 s)  BLER16: R2-ours-G=0.10 R3-bigamp=0.33 R4-scvamp=0.47 M-ours-gmm32=0.12 R5-genie=0.00
747/896 done    D2_C1_S2_Nr8_T16_Tp2_dft_snr3_skip2120_n40.npz  (613 s)  BLER16: R2-ours-G=0.42 R3-bigamp=0.85 R4-scvamp=0.88 M-ours-gmm32=0.35 R5-genie=0.00
748/896 done    D2_C5_S2_Nr8_T16_Tp3_dft_snr9_skip2120_n40.npz  (638 s)  BLER16: R2-ours-G=0.07 R3-bigamp=0.35 R4-scvamp=0.60 M-ours-gmm32=0.10 R5-genie=0.00
749/896 done    D2_C1_S2_Nr8_T16_Tp2_dft_snr-3_skip2120_n40.npz  (631 s)  BLER16: R2-ours-G=0.78 R3-bigamp=0.93 R4-scvamp=0.97 M-ours-gmm32=0.78 R5-genie=0.03  [28 arm-trial exceptions recorded]
750/896 done    D2_C1_S2_Nr8_T16_Tp2_dft_snr0_skip2120_n40.npz  (630 s)  BLER16: R2-ours-G=0.53 R3-bigamp=0.85 R4-scvamp=0.78 M-ours-gmm32=0.55 R5-genie=0.05
751/896 done    D2_C1_S2_Nr8_T16_Tp2_dft_snr12_skip2120_n40.npz  (594 s)  BLER16: R2-ours-G=0.35 R3-bigamp=0.75 R4-scvamp=0.72 M-ours-gmm32=0.45 R5-genie=0.00
752/896 done    D2_C5_S2_Nr8_T16_Tp3_dft_snr0_skip2120_n40.npz  (666 s)  BLER16: R2-ours-G=0.33 R3-bigamp=0.60 R4-scvamp=0.65 M-ours-gmm32=0.25 R5-genie=0.00
753/896 done    D2_C5_S2_Nr8_T16_Tp3_dft_snr-3_skip2160_n40.npz  (602 s)  BLER16: R2-ours-G=0.65 R3-bigamp=0.82 R4-scvamp=0.88 M-ours-gmm32=0.53 R5-genie=0.05
754/896 done    D2_C1_S2_Nr8_T16_Tp2_dft_snr9_skip2120_n40.npz  (631 s)  BLER16: R2-ours-G=0.35 R3-bigamp=0.68 R4-scvamp=0.80 M-ours-gmm32=0.50 R5-genie=0.00
755/896 done    D2_C1_S2_Nr8_T16_Tp2_dft_snr6_skip2120_n40.npz  (642 s)  BLER16: R2-ours-G=0.42 R3-bigamp=0.70 R4-scvamp=0.80 M-ours-gmm32=0.45 R5-genie=0.00
756/896 done    D2_C5_S2_Nr8_T16_Tp3_dft_snr3_skip2160_n40.npz  (616 s)  BLER16: R2-ours-G=0.12 R3-bigamp=0.33 R4-scvamp=0.53 M-ours-gmm32=0.12 R5-genie=0.00
757/896 done    D2_C5_S2_Nr8_T16_Tp3_dft_snr6_skip2160_n40.npz  (617 s)  BLER16: R2-ours-G=0.17 R3-bigamp=0.38 R4-scvamp=0.47 M-ours-gmm32=0.23 R5-genie=0.00
758/896 done    D2_C1_S2_Nr8_T16_Tp2_dft_snr15_skip2080_n40.npz  (690 s)  BLER16: R2-ours-G=0.53 R3-bigamp=0.82 R4-scvamp=0.88 M-ours-gmm32=0.30 R5-genie=0.00
759/896 done    D2_C5_S2_Nr8_T16_Tp3_dft_snr-3_skip2120_n40.npz  (687 s)  BLER16: R2-ours-G=0.60 R3-bigamp=0.85 R4-scvamp=0.88 M-ours-gmm32=0.57 R5-genie=0.03
760/896 done    D2_C5_S2_Nr8_T16_Tp3_dft_snr12_skip2160_n40.npz  (578 s)  BLER16: R2-ours-G=0.15 R3-bigamp=0.53 R4-scvamp=0.60 M-ours-gmm32=0.23 R5-genie=0.00
761/896 done    D2_C5_S2_Nr8_T16_Tp3_dft_snr9_skip2160_n40.npz  (594 s)  BLER16: R2-ours-G=0.07 R3-bigamp=0.33 R4-scvamp=0.57 M-ours-gmm32=0.15 R5-genie=0.00
762/896 done    D2_C1_S2_Nr8_T16_Tp2_dft_snr-3_skip2160_n40.npz  (568 s)  BLER16: R2-ours-G=0.78 R3-bigamp=0.88 R4-scvamp=0.95 M-ours-gmm32=0.82 R5-genie=0.00  [24 arm-trial exceptions recorded]
763/896 done    D2_C5_S2_Nr8_T16_Tp3_dft_snr0_skip2160_n40.npz  (647 s)  BLER16: R2-ours-G=0.33 R3-bigamp=0.72 R4-scvamp=0.72 M-ours-gmm32=0.38 R5-genie=0.00
764/896 done    D2_C1_S2_Nr8_T16_Tp2_dft_snr12_skip2160_n40.npz  (540 s)  BLER16: R2-ours-G=0.28 R3-bigamp=0.78 R4-scvamp=0.82 M-ours-gmm32=0.45 R5-genie=0.00
765/896 done    D2_C1_S2_Nr8_T16_Tp2_dft_snr3_skip2160_n40.npz  (568 s)  BLER16: R2-ours-G=0.53 R3-bigamp=0.82 R4-scvamp=0.82 M-ours-gmm32=0.33 R5-genie=0.00
766/896 done    D2_C1_S2_Nr8_T16_Tp2_dft_snr9_skip2200_n40.npz  (465 s)  BLER16: R2-ours-G=0.33 R3-bigamp=0.78 R4-scvamp=0.93 M-ours-gmm32=0.45 R5-genie=0.00
767/896 done    D2_C5_S2_Nr8_T16_Tp3_dft_snr15_skip2160_n40.npz  (601 s)  BLER16: R2-ours-G=0.10 R3-bigamp=0.33 R4-scvamp=0.50 M-ours-gmm32=0.20 R5-genie=0.00
768/896 done    D2_C1_S2_Nr8_T16_Tp2_dft_snr15_skip2160_n40.npz  (550 s)  BLER16: R2-ours-G=0.23 R3-bigamp=0.68 R4-scvamp=0.93 M-ours-gmm32=0.38 R5-genie=0.00
769/896 done    D2_C1_S2_Nr8_T16_Tp2_dft_snr6_skip2160_n40.npz  (563 s)  BLER16: R2-ours-G=0.42 R3-bigamp=0.70 R4-scvamp=0.72 M-ours-gmm32=0.40 R5-genie=0.00
770/896 done    D2_C1_S2_Nr8_T16_Tp2_dft_snr0_skip2160_n40.npz  (590 s)  BLER16: R2-ours-G=0.60 R3-bigamp=0.80 R4-scvamp=0.82 M-ours-gmm32=0.50 R5-genie=0.00
771/896 done    D2_C1_S2_Nr8_T16_Tp2_dft_snr-3_skip2240_n40.npz  (456 s)  BLER16: R2-ours-G=0.80 R3-bigamp=1.00 R4-scvamp=0.97 M-ours-gmm32=0.75 R5-genie=0.00  [37 arm-trial exceptions recorded]
772/896 done    D2_C5_S2_Nr8_T16_Tp3_dft_snr3_skip2200_n40.npz  (517 s)  BLER16: R2-ours-G=0.25 R3-bigamp=0.50 R4-scvamp=0.60 M-ours-gmm32=0.35 R5-genie=0.00
773/896 done    D2_C5_S2_Nr8_T16_Tp3_dft_snr-3_skip2200_n40.npz  (538 s)  BLER16: R2-ours-G=0.72 R3-bigamp=0.90 R4-scvamp=0.82 M-ours-gmm32=0.70 R5-genie=0.03
774/896 done    D2_C1_S2_Nr8_T16_Tp2_dft_snr15_skip2200_n40.npz  (486 s)  BLER16: R2-ours-G=0.17 R3-bigamp=0.80 R4-scvamp=1.00 M-ours-gmm32=0.38 R5-genie=0.00
775/896 done    D2_C5_S2_Nr8_T16_Tp3_dft_snr9_skip2200_n40.npz  (515 s)  BLER16: R2-ours-G=0.23 R3-bigamp=0.33 R4-scvamp=0.53 M-ours-gmm32=0.12 R5-genie=0.00
776/896 done    D2_C5_S2_Nr8_T16_Tp3_dft_snr15_skip2240_n40.npz  (475 s)  BLER16: R2-ours-G=0.10 R3-bigamp=0.33 R4-scvamp=0.62 M-ours-gmm32=0.15 R5-genie=0.00
777/896 done    D2_C5_S2_Nr8_T16_Tp3_dft_snr12_skip2200_n40.npz  (518 s)  BLER16: R2-ours-G=0.10 R3-bigamp=0.45 R4-scvamp=0.62 M-ours-gmm32=0.10 R5-genie=0.00
778/896 done    D2_C1_S2_Nr8_T16_Tp2_dft_snr6_skip2200_n40.npz  (502 s)  BLER16: R2-ours-G=0.57 R3-bigamp=0.88 R4-scvamp=0.80 M-ours-gmm32=0.62 R5-genie=0.03
779/896 done    D2_C5_S2_Nr8_T16_Tp3_dft_snr15_skip2320_n40.npz  (445 s)  BLER16: R2-ours-G=0.10 R3-bigamp=0.30 R4-scvamp=0.50 M-ours-gmm32=0.17 R5-genie=0.00
780/896 done    D2_C1_S2_Nr8_T16_Tp2_dft_snr0_skip2360_n40.npz  (432 s)  BLER16: R2-ours-G=0.53 R3-bigamp=0.80 R4-scvamp=0.82 M-ours-gmm32=0.65 R5-genie=0.03
781/896 done    D2_C5_S2_Nr8_T16_Tp3_dft_snr0_skip2200_n40.npz  (548 s)  BLER16: R2-ours-G=0.20 R3-bigamp=0.68 R4-scvamp=0.62 M-ours-gmm32=0.30 R5-genie=0.03
782/896 done    D2_C5_S2_Nr8_T16_Tp3_dft_snr0_skip2360_n40.npz  (442 s)  BLER16: R2-ours-G=0.40 R3-bigamp=0.62 R4-scvamp=0.70 M-ours-gmm32=0.47 R5-genie=0.00
783/896 done    D2_C1_S2_Nr8_T16_Tp2_dft_snr12_skip2200_n40.npz  (510 s)  BLER16: R2-ours-G=0.40 R3-bigamp=0.80 R4-scvamp=0.93 M-ours-gmm32=0.55 R5-genie=0.00
784/896 done    D2_C5_S2_Nr8_T16_Tp3_dft_snr15_skip2200_n40.npz  (534 s)  BLER16: R2-ours-G=0.07 R3-bigamp=0.45 R4-scvamp=0.55 M-ours-gmm32=0.12 R5-genie=0.00
785/896 done    D2_C1_S2_Nr8_T16_Tp2_dft_snr9_skip2160_n40.npz  (602 s)  BLER16: R2-ours-G=0.38 R3-bigamp=0.80 R4-scvamp=0.82 M-ours-gmm32=0.45 R5-genie=0.00
786/896 done    D2_C5_S2_Nr8_T16_Tp3_dft_snr0_skip2240_n40.npz  (508 s)  BLER16: R2-ours-G=0.38 R3-bigamp=0.68 R4-scvamp=0.75 M-ours-gmm32=0.20 R5-genie=0.05
787/896 done    D2_C1_S2_Nr8_T16_Tp2_dft_snr15_skip2240_n40.npz  (492 s)  BLER16: R2-ours-G=0.33 R3-bigamp=0.75 R4-scvamp=0.88 M-ours-gmm32=0.45 R5-genie=0.00
788/896 done    D2_C5_S2_Nr8_T16_Tp3_dft_snr12_skip2280_n40.npz  (484 s)  BLER16: R2-ours-G=0.17 R3-bigamp=0.25 R4-scvamp=0.60 M-ours-gmm32=0.12 R5-genie=0.00
789/896 done    D2_C1_S2_Nr8_T16_Tp2_dft_snr-3_skip2280_n40.npz  (482 s)  BLER16: R2-ours-G=0.80 R3-bigamp=0.90 R4-scvamp=0.90 M-ours-gmm32=0.75 R5-genie=0.00  [35 arm-trial exceptions recorded]
790/896 done    D2_C1_S2_Nr8_T16_Tp2_dft_snr0_skip2240_n40.npz  (502 s)  BLER16: R2-ours-G=0.70 R3-bigamp=0.80 R4-scvamp=0.90 M-ours-gmm32=0.62 R5-genie=0.03
791/896 done    D2_C1_S2_Nr8_T16_Tp2_dft_snr0_skip2200_n40.npz  (539 s)  BLER16: R2-ours-G=0.60 R3-bigamp=0.90 R4-scvamp=0.85 M-ours-gmm32=0.55 R5-genie=0.00
792/896 done    D2_C5_S2_Nr8_T16_Tp3_dft_snr6_skip2200_n40.npz  (563 s)  BLER16: R2-ours-G=0.25 R3-bigamp=0.42 R4-scvamp=0.62 M-ours-gmm32=0.30 R5-genie=0.00
793/896 done    D2_C5_S2_Nr8_T16_Tp3_dft_snr12_skip2240_n40.npz  (514 s)  BLER16: R2-ours-G=0.03 R3-bigamp=0.23 R4-scvamp=0.60 M-ours-gmm32=0.12 R5-genie=0.00
794/896 done    D2_C5_S2_Nr8_T16_Tp3_dft_snr-3_skip2320_n40.npz  (479 s)  BLER16: R2-ours-G=0.68 R3-bigamp=0.95 R4-scvamp=0.88 M-ours-gmm32=0.65 R5-genie=0.00
795/896 done    D2_C5_S2_Nr8_T16_Tp3_dft_snr6_skip2240_n40.npz  (521 s)  BLER16: R2-ours-G=0.23 R3-bigamp=0.30 R4-scvamp=0.38 M-ours-gmm32=0.10 R5-genie=0.00
796/896 done    D2_C1_S2_Nr8_T16_Tp2_dft_snr12_skip2280_n40.npz  (481 s)  BLER16: R2-ours-G=0.42 R3-bigamp=0.72 R4-scvamp=0.75 M-ours-gmm32=0.45 R5-genie=0.00
797/896 done    D2_C5_S2_Nr8_T16_Tp3_dft_snr3_skip2240_n40.npz  (522 s)  BLER16: R2-ours-G=0.17 R3-bigamp=0.50 R4-scvamp=0.62 M-ours-gmm32=0.23 R5-genie=0.00
798/896 done    D2_C5_S2_Nr8_T16_Tp3_dft_snr0_skip2440_n40.npz  (426 s)  BLER16: R2-ours-G=0.30 R3-bigamp=0.45 R4-scvamp=0.68 M-ours-gmm32=0.25 R5-genie=0.00
799/896 done    D2_C1_S2_Nr8_T16_Tp2_dft_snr-3_skip2200_n40.npz  (552 s)  BLER16: R2-ours-G=0.80 R3-bigamp=0.97 R4-scvamp=0.97 M-ours-gmm32=0.72 R5-genie=0.00  [30 arm-trial exceptions recorded]
800/896 done    D2_C5_S2_Nr8_T16_Tp3_dft_snr6_skip2360_n40.npz  (467 s)  BLER16: R2-ours-G=0.10 R3-bigamp=0.40 R4-scvamp=0.57 M-ours-gmm32=0.15 R5-genie=0.00
801/896 done    D2_C5_S2_Nr8_T16_Tp3_dft_snr3_skip2360_n40.npz  (468 s)  BLER16: R2-ours-G=0.33 R3-bigamp=0.42 R4-scvamp=0.72 M-ours-gmm32=0.20 R5-genie=0.00
802/896 done    D2_C5_S2_Nr8_T16_Tp3_dft_snr9_skip2240_n40.npz  (523 s)  BLER16: R2-ours-G=0.17 R3-bigamp=0.33 R4-scvamp=0.57 M-ours-gmm32=0.17 R5-genie=0.00
803/896 done    D2_C1_S2_Nr8_T16_Tp2_dft_snr6_skip2440_n40.npz  (419 s)  BLER16: R2-ours-G=0.40 R3-bigamp=0.78 R4-scvamp=0.85 M-ours-gmm32=0.45 R5-genie=0.00
804/896 done    D2_C5_S2_Nr8_T16_Tp3_dft_snr0_skip2320_n40.npz  (485 s)  BLER16: R2-ours-G=0.35 R3-bigamp=0.47 R4-scvamp=0.70 M-ours-gmm32=0.38 R5-genie=0.05
805/896 done    D2_C1_S2_Nr8_T16_Tp2_dft_snr0_skip2320_n40.npz  (482 s)  BLER16: R2-ours-G=0.65 R3-bigamp=0.85 R4-scvamp=0.78 M-ours-gmm32=0.53 R5-genie=0.00
806/896 done    D2_C1_S2_Nr8_T16_Tp2_dft_snr12_skip2240_n40.npz  (516 s)  BLER16: R2-ours-G=0.35 R3-bigamp=0.70 R4-scvamp=0.82 M-ours-gmm32=0.38 R5-genie=0.00
807/896 done    D2_C1_S2_Nr8_T16_Tp2_dft_snr9_skip2400_n40.npz  (445 s)  BLER16: R2-ours-G=0.35 R3-bigamp=0.78 R4-scvamp=0.93 M-ours-gmm32=0.40 R5-genie=0.00
808/896 done    D2_C1_S2_Nr8_T16_Tp2_dft_snr-3_skip2320_n40.npz  (483 s)  BLER16: R2-ours-G=0.88 R3-bigamp=0.97 R4-scvamp=0.95 M-ours-gmm32=0.85 R5-genie=0.00  [29 arm-trial exceptions recorded]
809/896 done    D2_C1_S2_Nr8_T16_Tp2_dft_snr3_skip2200_n40.npz  (556 s)  BLER16: R2-ours-G=0.42 R3-bigamp=0.78 R4-scvamp=0.80 M-ours-gmm32=0.55 R5-genie=0.03
810/896 done    D2_C1_S2_Nr8_T16_Tp2_dft_snr9_skip2320_n40.npz  (479 s)  BLER16: R2-ours-G=0.42 R3-bigamp=0.75 R4-scvamp=0.80 M-ours-gmm32=0.33 R5-genie=0.00
811/896 done    D2_C1_S2_Nr8_T16_Tp2_dft_snr15_skip2280_n40.npz  (493 s)  BLER16: R2-ours-G=0.28 R3-bigamp=0.75 R4-scvamp=0.88 M-ours-gmm32=0.45 R5-genie=0.00
812/896 done    D2_C5_S2_Nr8_T16_Tp3_dft_snr-3_skip2240_n40.npz  (538 s)  BLER16: R2-ours-G=0.57 R3-bigamp=0.78 R4-scvamp=0.80 M-ours-gmm32=0.55 R5-genie=0.05
813/896 done    D2_C5_S2_Nr8_T16_Tp3_dft_snr3_skip2400_n40.npz  (469 s)  BLER16: R2-ours-G=0.25 R3-bigamp=0.62 R4-scvamp=0.70 M-ours-gmm32=0.20 R5-genie=0.03
814/896 done    D2_C5_S2_Nr8_T16_Tp3_dft_snr15_skip2440_n40.npz  (434 s)  BLER16: R2-ours-G=0.10 R3-bigamp=0.42 R4-scvamp=0.57 M-ours-gmm32=0.10 R5-genie=0.00
815/896 done    D2_C5_S2_Nr8_T16_Tp3_dft_snr3_skip2320_n40.npz  (491 s)  BLER16: R2-ours-G=0.23 R3-bigamp=0.53 R4-scvamp=0.57 M-ours-gmm32=0.20 R5-genie=0.00
816/896 done    D2_C1_S2_Nr8_T16_Tp2_dft_snr6_skip2240_n40.npz  (525 s)  BLER16: R2-ours-G=0.47 R3-bigamp=0.80 R4-scvamp=0.90 M-ours-gmm32=0.50 R5-genie=0.00
817/896 done    D2_C1_S2_Nr8_T16_Tp2_dft_snr9_skip2240_n40.npz  (525 s)  BLER16: R2-ours-G=0.42 R3-bigamp=0.75 R4-scvamp=0.88 M-ours-gmm32=0.45 R5-genie=0.00
818/896 done    D2_C5_S2_Nr8_T16_Tp3_dft_snr15_skip2280_n40.npz  (512 s)  BLER16: R2-ours-G=0.12 R3-bigamp=0.47 R4-scvamp=0.55 M-ours-gmm32=0.10 R5-genie=0.00
819/896 done    D2_C1_S2_Nr8_T16_Tp2_dft_snr15_skip2320_n40.npz  (483 s)  BLER16: R2-ours-G=0.28 R3-bigamp=0.70 R4-scvamp=0.93 M-ours-gmm32=0.38 R5-genie=0.00
820/896 done    D2_C5_S2_Nr8_T16_Tp3_dft_snr3_skip2280_n40.npz  (517 s)  BLER16: R2-ours-G=0.17 R3-bigamp=0.57 R4-scvamp=0.50 M-ours-gmm32=0.23 R5-genie=0.00
821/896 done    D2_C1_S2_Nr8_T16_Tp2_dft_snr6_skip2280_n40.npz  (505 s)  BLER16: R2-ours-G=0.42 R3-bigamp=0.70 R4-scvamp=0.72 M-ours-gmm32=0.42 R5-genie=0.00
822/896 done    D2_C5_S2_Nr8_T16_Tp3_dft_snr0_skip2400_n40.npz  (473 s)  BLER16: R2-ours-G=0.20 R3-bigamp=0.53 R4-scvamp=0.65 M-ours-gmm32=0.20 R5-genie=0.00
823/896 done    D2_C5_S2_Nr8_T16_Tp3_dft_snr9_skip2280_n40.npz  (520 s)  BLER16: R2-ours-G=0.10 R3-bigamp=0.30 R4-scvamp=0.57 M-ours-gmm32=0.10 R5-genie=0.00
824/896 done    D2_C1_S2_Nr8_T16_Tp2_dft_snr-3_skip2400_n40.npz  (466 s)  BLER16: R2-ours-G=0.78 R3-bigamp=0.95 R4-scvamp=1.00 M-ours-gmm32=0.75 R5-genie=0.03  [25 arm-trial exceptions recorded]
825/896 done    D2_C5_S2_Nr8_T16_Tp3_dft_snr15_skip2360_n40.npz  (482 s)  BLER16: R2-ours-G=0.10 R3-bigamp=0.40 R4-scvamp=0.75 M-ours-gmm32=0.23 R5-genie=0.00
826/896 done    D2_C1_S2_Nr8_T16_Tp2_dft_snr0_skip2280_n40.npz  (514 s)  BLER16: R2-ours-G=0.50 R3-bigamp=0.75 R4-scvamp=0.80 M-ours-gmm32=0.47 R5-genie=0.00
827/896 done    D2_C5_S2_Nr8_T16_Tp3_dft_snr-3_skip2480_n40.npz  (430 s)  BLER16: R2-ours-G=0.53 R3-bigamp=0.82 R4-scvamp=0.78 M-ours-gmm32=0.50 R5-genie=0.03
828/896 done    D2_C1_S2_Nr8_T16_Tp2_dft_snr15_skip2480_n40.npz  (411 s)  BLER16: R2-ours-G=0.50 R3-bigamp=0.88 R4-scvamp=0.93 M-ours-gmm32=0.47 R5-genie=0.00
829/896 done    D2_C5_S2_Nr8_T16_Tp3_dft_snr3_skip2440_n40.npz  (448 s)  BLER16: R2-ours-G=0.17 R3-bigamp=0.47 R4-scvamp=0.60 M-ours-gmm32=0.20 R5-genie=0.00
830/896 done    D2_C1_S2_Nr8_T16_Tp2_dft_snr3_skip2240_n40.npz  (536 s)  BLER16: R2-ours-G=0.55 R3-bigamp=0.78 R4-scvamp=0.80 M-ours-gmm32=0.57 R5-genie=0.00
831/896 done    D2_C1_S2_Nr8_T16_Tp2_dft_snr3_skip2320_n40.npz  (497 s)  BLER16: R2-ours-G=0.45 R3-bigamp=0.82 R4-scvamp=0.85 M-ours-gmm32=0.57 R5-genie=0.00
832/896 done    D2_C5_S2_Nr8_T16_Tp3_dft_snr-3_skip2440_n40.npz  (454 s)  BLER16: R2-ours-G=0.57 R3-bigamp=0.85 R4-scvamp=0.95 M-ours-gmm32=0.57 R5-genie=0.03
833/896 done    D2_C5_S2_Nr8_T16_Tp3_dft_snr12_skip2400_n40.npz  (477 s)  BLER16: R2-ours-G=0.05 R3-bigamp=0.28 R4-scvamp=0.53 M-ours-gmm32=0.12 R5-genie=0.00
834/896 done    D2_C1_S2_Nr8_T16_Tp2_dft_snr12_skip2400_n40.npz  (462 s)  BLER16: R2-ours-G=0.47 R3-bigamp=0.70 R4-scvamp=0.90 M-ours-gmm32=0.33 R5-genie=0.00
835/896 done    D2_C5_S2_Nr8_T16_Tp3_dft_snr9_skip2320_n40.npz  (503 s)  BLER16: R2-ours-G=0.20 R3-bigamp=0.42 R4-scvamp=0.55 M-ours-gmm32=0.17 R5-genie=0.00
836/896 done    D2_C5_S2_Nr8_T16_Tp3_dft_snr0_skip2280_n40.npz  (529 s)  BLER16: R2-ours-G=0.28 R3-bigamp=0.53 R4-scvamp=0.78 M-ours-gmm32=0.28 R5-genie=0.00
837/896 done    D2_C5_S2_Nr8_T16_Tp3_dft_snr6_skip2320_n40.npz  (505 s)  BLER16: R2-ours-G=0.15 R3-bigamp=0.33 R4-scvamp=0.57 M-ours-gmm32=0.12 R5-genie=0.00
838/896 done    D2_C1_S2_Nr8_T16_Tp2_dft_snr9_skip2280_n40.npz  (516 s)  BLER16: R2-ours-G=0.38 R3-bigamp=0.78 R4-scvamp=0.82 M-ours-gmm32=0.53 R5-genie=0.00
839/896 done    D2_C5_S2_Nr8_T16_Tp3_dft_snr-3_skip2280_n40.npz  (531 s)  BLER16: R2-ours-G=0.50 R3-bigamp=0.82 R4-scvamp=0.78 M-ours-gmm32=0.47 R5-genie=0.03
840/896 done    D2_C5_S2_Nr8_T16_Tp3_dft_snr6_skip2280_n40.npz  (530 s)  BLER16: R2-ours-G=0.15 R3-bigamp=0.30 R4-scvamp=0.47 M-ours-gmm32=0.12 R5-genie=0.00
841/896 done    D2_C1_S2_Nr8_T16_Tp2_dft_snr6_skip2320_n40.npz  (499 s)  BLER16: R2-ours-G=0.47 R3-bigamp=0.85 R4-scvamp=0.78 M-ours-gmm32=0.47 R5-genie=0.00
842/896 done    D2_C1_S2_Nr8_T16_Tp2_dft_snr6_skip2480_n40.npz  (420 s)  BLER16: R2-ours-G=0.42 R3-bigamp=0.78 R4-scvamp=0.85 M-ours-gmm32=0.45 R5-genie=0.00
843/896 done    D2_C5_S2_Nr8_T16_Tp3_dft_snr9_skip2400_n40.npz  (484 s)  BLER16: R2-ours-G=0.20 R3-bigamp=0.47 R4-scvamp=0.50 M-ours-gmm32=0.23 R5-genie=0.00
844/896 done    D2_C5_S2_Nr8_T16_Tp3_dft_snr-3_skip2520_n40.npz  (417 s)  BLER16: R2-ours-G=0.70 R3-bigamp=0.88 R4-scvamp=0.95 M-ours-gmm32=0.78 R5-genie=0.10
845/896 done    D2_C1_S2_Nr8_T16_Tp2_dft_snr3_skip2280_n40.npz  (525 s)  BLER16: R2-ours-G=0.60 R3-bigamp=0.88 R4-scvamp=0.75 M-ours-gmm32=0.62 R5-genie=0.00
846/896 done    D2_C5_S2_Nr8_T16_Tp3_dft_snr6_skip2400_n40.npz  (485 s)  BLER16: R2-ours-G=0.10 R3-bigamp=0.28 R4-scvamp=0.40 M-ours-gmm32=0.07 R5-genie=0.00
847/896 done    D2_C1_S2_Nr8_T16_Tp2_dft_snr15_skip2360_n40.npz  (490 s)  BLER16: R2-ours-G=0.28 R3-bigamp=0.78 R4-scvamp=0.95 M-ours-gmm32=0.42 R5-genie=0.00
848/896 done    D2_C1_S2_Nr8_T16_Tp2_dft_snr12_skip2360_n40.npz  (492 s)  BLER16: R2-ours-G=0.35 R3-bigamp=0.65 R4-scvamp=0.90 M-ours-gmm32=0.42 R5-genie=0.00
849/896 done    D2_C1_S2_Nr8_T16_Tp2_dft_snr15_skip2440_n40.npz  (440 s)  BLER16: R2-ours-G=0.38 R3-bigamp=0.88 R4-scvamp=0.90 M-ours-gmm32=0.35 R5-genie=0.00
850/896 done    D2_C5_S2_Nr8_T16_Tp3_dft_snr9_skip2360_n40.npz  (496 s)  BLER16: R2-ours-G=0.17 R3-bigamp=0.28 R4-scvamp=0.57 M-ours-gmm32=0.10 R5-genie=0.00
851/896 done    D2_C5_S2_Nr8_T16_Tp3_dft_snr-3_skip2360_n40.npz  (500 s)  BLER16: R2-ours-G=0.60 R3-bigamp=0.85 R4-scvamp=0.88 M-ours-gmm32=0.55 R5-genie=0.00
852/896 done    D2_C5_S2_Nr8_T16_Tp3_dft_snr12_skip2320_n40.npz  (511 s)  BLER16: R2-ours-G=0.07 R3-bigamp=0.20 R4-scvamp=0.50 M-ours-gmm32=0.10 R5-genie=0.00
853/896 done    D2_C1_S2_Nr8_T16_Tp2_dft_snr-3_skip2360_n40.npz  (495 s)  BLER16: R2-ours-G=0.68 R3-bigamp=0.95 R4-scvamp=0.95 M-ours-gmm32=0.82 R5-genie=0.12  [35 arm-trial exceptions recorded]
854/896 done    D2_C1_S2_Nr8_T16_Tp2_dft_snr0_skip2400_n40.npz  (482 s)  BLER16: R2-ours-G=0.60 R3-bigamp=0.78 R4-scvamp=0.78 M-ours-gmm32=0.55 R5-genie=0.03
855/896 done    D2_C1_S2_Nr8_T16_Tp2_dft_snr12_skip2320_n40.npz  (506 s)  BLER16: R2-ours-G=0.40 R3-bigamp=0.75 R4-scvamp=0.93 M-ours-gmm32=0.50 R5-genie=0.03
856/896 done    D2_C5_S2_Nr8_T16_Tp3_dft_snr12_skip2360_n40.npz  (499 s)  BLER16: R2-ours-G=0.15 R3-bigamp=0.40 R4-scvamp=0.55 M-ours-gmm32=0.17 R5-genie=0.00
857/896 done    D2_C1_S2_Nr8_T16_Tp2_dft_snr3_skip2360_n40.npz  (498 s)  BLER16: R2-ours-G=0.45 R3-bigamp=0.65 R4-scvamp=0.68 M-ours-gmm32=0.53 R5-genie=0.03
858/896 done    D2_C1_S2_Nr8_T16_Tp2_dft_snr12_skip2520_n40.npz  (393 s)  BLER16: R2-ours-G=0.35 R3-bigamp=0.75 R4-scvamp=0.75 M-ours-gmm32=0.40 R5-genie=0.00
859/896 done    D2_C1_S2_Nr8_T16_Tp2_dft_snr6_skip2360_n40.npz  (498 s)  BLER16: R2-ours-G=0.33 R3-bigamp=0.78 R4-scvamp=0.72 M-ours-gmm32=0.50 R5-genie=0.00
860/896 done    D2_C1_S2_Nr8_T16_Tp2_dft_snr9_skip2520_n40.npz  (394 s)  BLER16: R2-ours-G=0.35 R3-bigamp=0.70 R4-scvamp=0.85 M-ours-gmm32=0.35 R5-genie=0.00
861/896 done    D2_C1_S2_Nr8_T16_Tp2_dft_snr-3_skip2480_n40.npz  (430 s)  BLER16: R2-ours-G=0.80 R3-bigamp=0.90 R4-scvamp=0.93 M-ours-gmm32=0.78 R5-genie=0.03  [28 arm-trial exceptions recorded]
862/896 done    D2_C1_S2_Nr8_T16_Tp2_dft_snr3_skip2520_n40.npz  (397 s)  BLER16: R2-ours-G=0.45 R3-bigamp=0.82 R4-scvamp=0.90 M-ours-gmm32=0.65 R5-genie=0.00
863/896 done    D2_C1_S2_Nr8_T16_Tp2_dft_snr3_skip2400_n40.npz  (483 s)  BLER16: R2-ours-G=0.53 R3-bigamp=0.70 R4-scvamp=0.80 M-ours-gmm32=0.45 R5-genie=0.00
864/896 done    D2_C5_S2_Nr8_T16_Tp3_dft_snr6_skip2480_n40.npz  (442 s)  BLER16: R2-ours-G=0.15 R3-bigamp=0.50 R4-scvamp=0.57 M-ours-gmm32=0.35 R5-genie=0.00
865/896 done    D2_C1_S2_Nr8_T16_Tp2_dft_snr12_skip2440_n40.npz  (449 s)  BLER16: R2-ours-G=0.30 R3-bigamp=0.75 R4-scvamp=0.78 M-ours-gmm32=0.42 R5-genie=0.00
866/896 done    D2_C5_S2_Nr8_T16_Tp3_dft_snr9_skip2440_n40.npz  (465 s)  BLER16: R2-ours-G=0.20 R3-bigamp=0.35 R4-scvamp=0.60 M-ours-gmm32=0.23 R5-genie=0.00
867/896 done    D2_C5_S2_Nr8_T16_Tp3_dft_snr0_skip2480_n40.npz  (445 s)  BLER16: R2-ours-G=0.33 R3-bigamp=0.55 R4-scvamp=0.68 M-ours-gmm32=0.25 R5-genie=0.00
868/896 done    D2_C1_S2_Nr8_T16_Tp2_dft_snr15_skip2400_n40.npz  (470 s)  BLER16: R2-ours-G=0.47 R3-bigamp=0.70 R4-scvamp=0.93 M-ours-gmm32=0.38 R5-genie=0.00
869/896 done    D2_C5_S2_Nr8_T16_Tp3_dft_snr-3_skip2400_n40.npz  (498 s)  BLER16: R2-ours-G=0.60 R3-bigamp=0.93 R4-scvamp=0.88 M-ours-gmm32=0.50 R5-genie=0.03
870/896 done    D2_C1_S2_Nr8_T16_Tp2_dft_snr9_skip2440_n40.npz  (452 s)  BLER16: R2-ours-G=0.45 R3-bigamp=0.82 R4-scvamp=1.00 M-ours-gmm32=0.33 R5-genie=0.00
871/896 done    D2_C1_S2_Nr8_T16_Tp2_dft_snr6_skip2400_n40.npz  (482 s)  BLER16: R2-ours-G=0.45 R3-bigamp=0.68 R4-scvamp=0.82 M-ours-gmm32=0.47 R5-genie=0.00
872/896 done    D2_C1_S2_Nr8_T16_Tp2_dft_snr9_skip2360_n40.npz  (504 s)  BLER16: R2-ours-G=0.42 R3-bigamp=0.72 R4-scvamp=0.78 M-ours-gmm32=0.50 R5-genie=0.00
873/896 done    D2_C1_S2_Nr8_T16_Tp2_dft_snr0_skip2440_n40.npz  (461 s)  BLER16: R2-ours-G=0.47 R3-bigamp=0.80 R4-scvamp=0.82 M-ours-gmm32=0.47 R5-genie=0.03
874/896 done    D2_C5_S2_Nr8_T16_Tp3_dft_snr0_skip2520_n40.npz  (426 s)  BLER16: R2-ours-G=0.23 R3-bigamp=0.62 R4-scvamp=0.50 M-ours-gmm32=0.30 R5-genie=0.00
875/896 done    D2_C5_S2_Nr8_T16_Tp3_dft_snr12_skip2480_n40.npz  (439 s)  BLER16: R2-ours-G=0.17 R3-bigamp=0.40 R4-scvamp=0.50 M-ours-gmm32=0.12 R5-genie=0.00
876/896 done    D2_C5_S2_Nr8_T16_Tp3_dft_snr6_skip2440_n40.npz  (472 s)  BLER16: R2-ours-G=0.17 R3-bigamp=0.45 R4-scvamp=0.50 M-ours-gmm32=0.12 R5-genie=0.00
877/896 done    D2_C1_S2_Nr8_T16_Tp2_dft_snr-3_skip2440_n40.npz  (464 s)  BLER16: R2-ours-G=0.80 R3-bigamp=0.90 R4-scvamp=0.95 M-ours-gmm32=0.90 R5-genie=0.05  [32 arm-trial exceptions recorded]
878/896 done    D2_C1_S2_Nr8_T16_Tp2_dft_snr0_skip2480_n40.npz  (439 s)  BLER16: R2-ours-G=0.57 R3-bigamp=0.85 R4-scvamp=0.82 M-ours-gmm32=0.53 R5-genie=0.00
879/896 done    D2_C5_S2_Nr8_T16_Tp3_dft_snr15_skip2480_n40.npz  (441 s)  BLER16: R2-ours-G=0.07 R3-bigamp=0.38 R4-scvamp=0.70 M-ours-gmm32=0.12 R5-genie=0.00
880/896 done    D2_C5_S2_Nr8_T16_Tp3_dft_snr3_skip2520_n40.npz  (430 s)  BLER16: R2-ours-G=0.20 R3-bigamp=0.40 R4-scvamp=0.60 M-ours-gmm32=0.25 R5-genie=0.00
881/896 done    D2_C5_S2_Nr8_T16_Tp3_dft_snr15_skip2400_n40.npz  (499 s)  BLER16: R2-ours-G=0.12 R3-bigamp=0.45 R4-scvamp=0.65 M-ours-gmm32=0.10 R5-genie=0.00
882/896 done    D2_C5_S2_Nr8_T16_Tp3_dft_snr9_skip2520_n40.npz  (425 s)  BLER16: R2-ours-G=0.17 R3-bigamp=0.33 R4-scvamp=0.45 M-ours-gmm32=0.15 R5-genie=0.00
883/896 done    D2_C1_S2_Nr8_T16_Tp2_dft_snr-3_skip2520_n40.npz  (415 s)  BLER16: R2-ours-G=0.88 R3-bigamp=0.97 R4-scvamp=0.97 M-ours-gmm32=0.82 R5-genie=0.03  [34 arm-trial exceptions recorded]
884/896 done    D2_C5_S2_Nr8_T16_Tp3_dft_snr12_skip2440_n40.npz  (477 s)  BLER16: R2-ours-G=0.12 R3-bigamp=0.42 R4-scvamp=0.57 M-ours-gmm32=0.17 R5-genie=0.00
885/896 done    D2_C1_S2_Nr8_T16_Tp2_dft_snr0_skip2520_n40.npz  (418 s)  BLER16: R2-ours-G=0.60 R3-bigamp=0.88 R4-scvamp=0.93 M-ours-gmm32=0.57 R5-genie=0.00
886/896 done    D2_C1_S2_Nr8_T16_Tp2_dft_snr12_skip2480_n40.npz  (444 s)  BLER16: R2-ours-G=0.35 R3-bigamp=0.82 R4-scvamp=0.95 M-ours-gmm32=0.50 R5-genie=0.00
887/896 done    D2_C1_S2_Nr8_T16_Tp2_dft_snr9_skip2480_n40.npz  (444 s)  BLER16: R2-ours-G=0.33 R3-bigamp=0.82 R4-scvamp=0.85 M-ours-gmm32=0.45 R5-genie=0.00
888/896 done    D2_C5_S2_Nr8_T16_Tp3_dft_snr9_skip2480_n40.npz  (449 s)  BLER16: R2-ours-G=0.03 R3-bigamp=0.17 R4-scvamp=0.42 M-ours-gmm32=0.15 R5-genie=0.00
889/896 done    D2_C5_S2_Nr8_T16_Tp3_dft_snr6_skip2520_n40.npz  (435 s)  BLER16: R2-ours-G=0.20 R3-bigamp=0.33 R4-scvamp=0.57 M-ours-gmm32=0.17 R5-genie=0.00
890/896 done    D2_C5_S2_Nr8_T16_Tp3_dft_snr12_skip2520_n40.npz  (430 s)  BLER16: R2-ours-G=0.15 R3-bigamp=0.47 R4-scvamp=0.70 M-ours-gmm32=0.20 R5-genie=0.00
891/896 done    D2_C5_S2_Nr8_T16_Tp3_dft_snr15_skip2520_n40.npz  (427 s)  BLER16: R2-ours-G=0.00 R3-bigamp=0.35 R4-scvamp=0.50 M-ours-gmm32=0.10 R5-genie=0.00
892/896 done    D2_C5_S2_Nr8_T16_Tp3_dft_snr3_skip2480_n40.npz  (464 s)  BLER16: R2-ours-G=0.25 R3-bigamp=0.53 R4-scvamp=0.62 M-ours-gmm32=0.20 R5-genie=0.03
893/896 done    D2_C1_S2_Nr8_T16_Tp2_dft_snr15_skip2520_n40.npz  (417 s)  BLER16: R2-ours-G=0.25 R3-bigamp=0.68 R4-scvamp=0.90 M-ours-gmm32=0.38 R5-genie=0.00
894/896 done    D2_C1_S2_Nr8_T16_Tp2_dft_snr6_skip2520_n40.npz  (421 s)  BLER16: R2-ours-G=0.35 R3-bigamp=0.70 R4-scvamp=0.82 M-ours-gmm32=0.55 R5-genie=0.00
895/896 done    D2_C1_S2_Nr8_T16_Tp2_dft_snr3_skip2440_n40.npz  (478 s)  BLER16: R2-ours-G=0.47 R3-bigamp=0.78 R4-scvamp=0.80 M-ours-gmm32=0.53 R5-genie=0.03
896/896 done    D2_C1_S2_Nr8_T16_Tp2_dft_snr3_skip2480_n40.npz  (455 s)  BLER16: R2-ours-G=0.45 R3-bigamp=0.60 R4-scvamp=0.72 M-ours-gmm32=0.53 R5-genie=0.03
[run] finished in 48.0 min -> python runner.py analysis --testbed D2 --tag B1e4x
# date        : 2026-09-22 13:12:21 KST
# git commit  : db945a9
# versions    : python 3.12.14  numpy 2.5.2  scipy 1.18.1  torch 2.14.0+cu130 (cuda_available=True)
# device      : CPU (192 cores) | dtype: complex128 / float64 | deterministic: yes (fixed seeds, no GPU in the receiver)
# testbed     : D2
# seed rule   : default_rng([20260926, TBID[testbed], PID[prior], Nr, T, Tp, int(snr)+100])  (trials of a point = ONE stream)
# code        : rate-1/2 conv (133,171)_8 nu=6 terminated, QPSK, outer iterations = 16 for EVERY arm
# Demo/ hashes: t2_route_a.py=95a5408901ec125c  t2_trellis.py=31cd0ee9c68e972b  t2_gmm.py=d064e58c7510c769
# arm list with per-arm notes (06_SPEC §5):
#   R3-bigamp     : BiG-AMP prior: i.i.d. CN(0,1/Nr) -- correlated prior not supported by Table III (structural limitation)
#   R4-llr        : same, Module B mode='llr' (the paper's 'LLR Turbo' ablation)
#   R4-scvamp     : channel estimation = classical APP-LMMSE (no LOO); only the Onsager extrinsic interface follows arXiv:2604.19061
#   R0-pilot      : 1-PASS arm -- reported at iteration index 0 ('R0-pilot (@1)'); 'pilot_C (@16)' is the
#                   SAME receiver's 16-iteration trajectory, printed for context only.
#   M-ours-*      : differ from R2-ours-G in Module H and nothing else (test M2); Module H, K and the clip
#                   rule are in the run header of conf/results/ and in the raw meta of each point.
# fit/training cost (GMM EM wall-clock) is a column of table A and is never left blank.
# aggregates KEEP failed and diverged blocks; where a subset mean is printed, the full-set mean is beside it.
# Stage C arms present in this run (10_SPEC §3b / §3c) -- the pre-registered Stage A/B verdicts are
# UNCHANGED by this file and M-ours-dscore stays BLOCKED in the pre-registered table:
#   M-ours-dscore-C-V0  : Stage C V0 (PRIMARY) -- learned prior at N', D-14 MATRIX site, pre-registered score wiring, unchanged
#   M-ours-dscore-C-V1  : Stage C V1 -- V0 + (F1) symmetric-PSD projection of the D-14 site (ScorePrior(psd_project=True))
#   M-ours-dscore-C-V4  : Stage C V4 -- D-14 matrix site REPLACED by the D-13 belief scalarisation (hsite=scalar, scal=belief); POST-HOC registered, observed in the H4 diagnostic BEFORE registration (10_SPEC §3c)
#   M-ours-dscore-C-V4b : Stage C V4b -- as V4 but scal=site instead of scal=belief (10_SPEC §3c, "동일하되 scal=site. 부수 보고용"); registered with V4, wired only on 2026-09-21 after an audit found it had been dropped
#   M-ours-bstar-scalar : Stage C CONTROL (10_SPEC §3c, MANDATORY) -- the b* GMM through V4's EXACT wiring: if scalarisation also helps the GMM, the gain belongs to the SITE, not to the learned prior
# 
# training budget (N_train, channel samples) of EVERY arm -- 10_SPEC A3.  The GMM arms and the learned arms are only equal-budget when their N_train below are EQUAL; read the numbers, not the arm names.  The GMM re-fit at N'=1.6e5 may not have finished when this table was written.
# per-arm training budget (arms absent from the raw files are simply not listed):
#   R0-pilot            : N_train=10000 -- the ONE channel set (GMM EM fit / its sample covariance Chat)
#   R1-turbo            : N_train=10000 -- the ONE channel set (GMM EM fit / its sample covariance Chat)
#   R2-ours-G           : N_train=10000 -- the ONE channel set (GMM EM fit / its sample covariance Chat)
#   R3-bigamp           : N_train=0 -- i.i.d. CN(0,1/Nr) prior, fits nothing
#   R4-llr              : N_train=10000 -- the ONE channel set (GMM EM fit / its sample covariance Chat)
#   R4-scvamp           : N_train=10000 -- the ONE channel set (GMM EM fit / its sample covariance Chat)
#   M-ours-gmm32        : N_train=10000 -- the ONE channel set (GMM EM fit / its sample covariance Chat)
#   M-ours-bstar        : N_train=10000 -- the ONE channel set (GMM EM fit / its sample covariance Chat)
#   M-ours-dscore-C-V0  : N_train=10000  rung=D2SX10000  ckpt=/home/HTJ/t2/conf/ckpt/d2sx_N10000_a1.pt  gate: NO GATE RECORD mentions d2sx_N10000_a1.pt -- UNVERIFIED here.  (GA-GD are measurable on D1 only, 10_SPEC §5: a D2 re-train is qualified by its D1 sibling's gate row, which this string cannot prove.)
#   M-ours-dscore-C-V1  : N_train=10000  rung=D2SX10000  ckpt=/home/HTJ/t2/conf/ckpt/d2sx_N10000_a1.pt  gate: NO GATE RECORD mentions d2sx_N10000_a1.pt -- UNVERIFIED here.  (GA-GD are measurable on D1 only, 10_SPEC §5: a D2 re-train is qualified by its D1 sibling's gate row, which this string cannot prove.)
#   M-ours-dscore-C-V4  : N_train=10000  rung=D2SX10000  ckpt=/home/HTJ/t2/conf/ckpt/d2sx_N10000_a1.pt  gate: NO GATE RECORD mentions d2sx_N10000_a1.pt -- UNVERIFIED here.  (GA-GD are measurable on D1 only, 10_SPEC §5: a D2 re-train is qualified by its D1 sibling's gate row, which this string cannot prove.)
#   M-ours-dscore-C-V4b : N_train=10000 -- unclassified arm, quoting the point's channel-set size
#   M-ours-bstar-scalar : N_train=10000 -- the ONE channel set (GMM EM fit / its sample covariance Chat)
#   R5-genie            : N_train=n/a -- genie: the true H is given
#   dscore_status       : ABSENT -- no GATE-PASSING checkpoint (04_SPEC §5 gates GA-GD): no gate-passing checkpoint for D2; recorded PASS rows: none (searched conf/results/gate_D2.txt and LADDER.md)
#   stagec_ckpt         : /home/HTJ/t2/conf/ckpt/d2sx_N10000_a1.pt
#   stagec_gate         : NO GATE RECORD mentions d2sx_N10000_a1.pt -- UNVERIFIED here.  (GA-GD are measurable on D1 only, 10_SPEC §5: a D2 re-train is qualified by its D1 sibling's gate row, which this string cannot prove.)
#   stagec_status       : built from explicit ckpt /home/HTJ/t2/conf/ckpt/d2sx_N10000_a1.pt -- caller override, NOT verified against the gate record here (recorded PASS rows: none) | V1 (psd_project=True): built from explicit ckpt /home/HTJ/t2/conf/ckpt/d2sx_N10000_a1.pt -- caller override, NOT verified against the gate record here (recorded PASS rows: none)
# cell C1: 8x4 T=16 Tp=2 prior S2  SNR grid ['-3', '+0', '+3', '+6', '+9', '+12', '+15'] dB  n=2560 per point  outer iterations=16  b*=kron
#   run params as recorded in the raw file: beta=0.7  dtype=complex128/float64  iters=16  n=40  seed=20260926  skip=0  snr=-3.0  t_in=5
# cell C5: 8x4 T=16 Tp=3 prior S2  SNR grid ['-3', '+0', '+3', '+6', '+9', '+12', '+15'] dB  n=2560 per point  outer iterations=16  b*=kron
#   run params as recorded in the raw file: beta=0.7  dtype=complex128/float64  iters=16  n=40  seed=20260926  skip=0  snr=-3.0  t_in=5
# ====================================================================================================
# CLAIM TESTBED -- sparse specular; conditional Gaussianity broken (see T2d). Upper bound = genie only.
# ====================================================================================================
  NOTE ('C1', 'S2', -3.0) M-ours-dscore-C-V0: 970/2560 blocks carry a non-finite blk_err@16 (the arm raised) -> KEPT and counted as block errors, never dropped
  NOTE ('C1', 'S2', -3.0) M-ours-dscore-C-V1: 804/2560 blocks carry a non-finite blk_err@16 (the arm raised) -> KEPT and counted as block errors, never dropped
  NOTE ('C1', 'S2', -3.0) M-ours-dscore-C-V4: 136/2560 blocks carry a non-finite blk_err@16 (the arm raised) -> KEPT and counted as block errors, never dropped

============================== TABLE A -- per-cell arm comparison (08_SPEC §1) ==============================
cell entry = BLER (95% Wilson CI) / BER / NMSE_H  at the arm's reporting iteration
reporting iteration: @16 for every arm except R0-pilot, which is the 1-PASS arm and is read @1;
'pilot_C (@16)' is the SAME receiver's 16-iteration trajectory, printed for context only.

--- cell C1 (8x4, T=16, Tp=2, K=50)  prior S2  testbed D2   n per SNR: [2560, 2560, 2560, 2560, 2560, 2560, 2560]   b* = kron
  arms absent from the raw files (see 01_RULES §6 -- BLOCKED / FAILED-VERIFICATION): ['M-ours-dscore']
  arm                              SNR -3 dB                            SNR +0 dB                            SNR +3 dB                            SNR +6 dB                            SNR +9 dB                            SNR +12 dB                           SNR +15 dB             
  R0-pilot (@1)       0.999(0.997,1.000) 4.3e-01 6.39e-01  0.989(0.984,0.992) 4.0e-01 5.65e-01  0.979(0.972,0.983) 3.9e-01 5.22e-01  0.961(0.953,0.968) 3.7e-01 4.80e-01  0.960(0.952,0.967) 3.7e-01 4.85e-01  0.949(0.940,0.957) 3.7e-01 4.60e-01  0.946(0.937,0.955) 3.6e-01 4.77e-01 
  pilot_C (@16)       0.979(0.973,0.984) 4.3e-01 6.39e-01  0.904(0.892,0.915) 3.8e-01 5.65e-01  0.836(0.821,0.850) 3.5e-01 5.22e-01  0.778(0.762,0.794) 3.2e-01 4.80e-01  0.777(0.761,0.793) 3.3e-01 4.85e-01  0.751(0.734,0.767) 3.2e-01 4.60e-01  0.748(0.731,0.765) 3.1e-01 4.77e-01 
  R1-turbo            0.918(0.907,0.928) 4.0e-01 6.83e-01  0.762(0.746,0.779) 3.3e-01 5.36e-01  0.636(0.617,0.654) 2.8e-01 4.25e-01  0.534(0.515,0.554) 2.4e-01 2.70e-01  0.504(0.485,0.524) 2.3e-01 1.22e-01  0.468(0.449,0.488) 2.2e-01 7.24e-03  0.439(0.420,0.458) 2.0e-01 3.38e-03 
  R2-ours-G           0.797(0.781,0.812) 3.6e-01 6.53e-01  0.586(0.567,0.605) 2.7e-01 4.20e-01  0.479(0.460,0.499) 2.3e-01 6.05e-02  0.418(0.399,0.437) 2.0e-01 2.52e-02  0.412(0.394,0.432) 2.0e-01 1.26e-02  0.383(0.365,0.402) 1.8e-01 5.94e-03  0.360(0.341,0.379) 1.7e-01 2.97e-03 
  R3-bigamp           0.939(0.929,0.948) 4.3e-01 6.84e-01  0.849(0.835,0.863) 4.0e-01 6.46e-01  0.785(0.769,0.801) 3.7e-01 6.15e-01  0.729(0.711,0.745) 3.4e-01 5.87e-01  0.750(0.733,0.766) 3.5e-01 7.34e-01  0.761(0.744,0.777) 3.7e-01 8.79e-01  0.769(0.752,0.785) 3.7e-01 9.51e-01 
  R4-llr              0.965(0.957,0.972) 4.5e-01 8.12e-01  0.910(0.898,0.921) 4.6e-01 8.62e-01  0.895(0.882,0.906) 4.9e-01 1.07e+00  0.927(0.916,0.936) 5.2e-01 1.22e+00  0.940(0.930,0.948) 5.2e-01 1.17e+00  0.950(0.941,0.958) 5.3e-01 1.18e+00  0.952(0.943,0.960) 5.0e-01 1.04e+00 
  R4-scvamp           0.950(0.941,0.958) 4.2e-01 7.11e-01  0.854(0.840,0.867) 3.7e-01 6.16e-01  0.816(0.801,0.831) 3.6e-01 5.91e-01  0.802(0.786,0.817) 3.6e-01 6.10e-01  0.845(0.830,0.858) 3.8e-01 6.85e-01  0.862(0.848,0.875) 4.0e-01 7.02e-01  0.906(0.894,0.917) 4.2e-01 7.58e-01 
  M-ours-gmm32        0.796(0.780,0.812) 3.7e-01 6.74e-01  0.583(0.564,0.602) 2.7e-01 3.92e-01  0.510(0.490,0.529) 2.4e-01 1.88e-01  0.445(0.426,0.464) 2.1e-01 2.44e-02  0.470(0.450,0.489) 2.2e-01 1.42e-02  0.436(0.417,0.456) 2.1e-01 6.48e-03  0.405(0.387,0.425) 1.9e-01 3.02e-03 
  M-ours-bstar        0.778(0.761,0.793) 3.5e-01 6.40e-01  0.555(0.535,0.574) 2.6e-01 3.23e-01  0.466(0.446,0.485) 2.2e-01 4.73e-02  0.404(0.385,0.423) 1.9e-01 2.15e-02  0.409(0.390,0.429) 1.9e-01 1.14e-02  0.389(0.371,0.408) 1.9e-01 5.55e-03  0.388(0.370,0.407) 1.9e-01 2.89e-03 
  M-ours-dscore-C-V0    1.000(0.999,1.000) nan 2.59e+01    0.976(0.970,0.981) 4.7e-01 1.03e+00  0.982(0.976,0.987) 4.7e-01 1.82e+00  0.964(0.956,0.970) 4.6e-01 1.83e+00  0.941(0.931,0.949) 4.5e-01 1.40e+00  0.877(0.864,0.889) 4.2e-01 1.10e+00  0.795(0.778,0.810) 3.8e-01 9.13e-01 
  M-ours-dscore-C-V1    1.000(0.999,1.000) nan 2.63e+05    0.495(0.476,0.515) 2.3e-01 7.42e-02  0.421(0.402,0.440) 2.0e-01 2.55e-02  0.409(0.390,0.428) 1.9e-01 1.21e-02  0.433(0.414,0.452) 2.0e-01 7.11e-03  0.420(0.401,0.439) 2.0e-01 3.56e-03  0.455(0.436,0.475) 2.1e-01 2.18e-03 
  M-ours-dscore-C-V4    0.996(0.993,0.998) nan 1.92e+22    0.531(0.511,0.550) 2.4e-01 2.48e-01  0.452(0.433,0.471) 2.1e-01 2.78e-02  0.405(0.387,0.425) 1.9e-01 1.16e-02  0.403(0.384,0.422) 1.9e-01 6.15e-03  0.376(0.357,0.395) 1.8e-01 3.09e-03  0.387(0.368,0.406) 1.8e-01 1.75e-03 
  M-ours-dscore-C-V4b 0.997(0.994,0.998) 5.0e-01 1.27e+17  0.993(0.988,0.995) 4.9e-01 1.27e+17  0.994(0.990,0.996) 4.9e-01 1.27e+17  0.996(0.993,0.998) 4.9e-01 1.27e+17  0.995(0.992,0.997) 5.0e-01 1.27e+17  0.997(0.994,0.998) 4.9e-01 1.27e+17  0.996(0.993,0.998) 4.9e-01 1.28e+17 
  M-ours-bstar-scalar 0.798(0.782,0.813) 3.6e-01 6.49e-01  0.605(0.586,0.624) 2.8e-01 4.39e-01  0.511(0.491,0.530) 2.4e-01 1.71e-01  0.469(0.450,0.489) 2.2e-01 2.62e-02  0.475(0.456,0.494) 2.2e-01 1.38e-02  0.428(0.409,0.447) 2.0e-01 5.88e-03  0.429(0.409,0.448) 2.0e-01 3.05e-03 
  R5-genie              0.037(0.030,0.045) 1.2e-02 nan       0.011(0.008,0.016) 3.9e-03 nan       0.006(0.004,0.010) 2.0e-03 nan       0.002(0.001,0.005) 8.7e-04 nan       0.002(0.001,0.004) 5.8e-04 nan       0.001(0.000,0.003) 3.8e-04 nan       0.000(0.000,0.002) 1.0e-04 nan    

  per-point detail rows (exp_0921 convention M-1: BLER@1/@2/@8/@16, BER@16, NMSE median all / success-only, rescued/lost 2->16, tauL@1, failure-class %):
   SNR -3 dB
    R0-pilot             n=2560 BLER@1/@2/@8/@16 = 0.999 0.995 0.981 0.979 [0.973,0.984]  BER@16=4.27e-01  NMSE med@1/@16=0.6385/0.6385 ok=0.3406  resc/lost(2->16)=40/0  tauL@1=3.096  fail% stuck/cyc2/other=92.1/0.1/5.7
    R1-turbo             n=2560 BLER@1/@2/@8/@16 = 0.999 0.971 0.920 0.918 [0.907,0.928]  BER@16=4.04e-01  NMSE med@1/@16=0.6385/0.6829 ok=0.1245  resc/lost(2->16)=134/0  tauL@1=3.096  fail% stuck/cyc2/other=90.2/0.0/1.7
    R2-ours-G            n=2560 BLER@1/@2/@8/@16 = 0.999 0.971 0.823 0.797 [0.781,0.812]  BER@16=3.60e-01  NMSE med@1/@16=0.6385/0.6529 ok=0.1241  resc/lost(2->16)=444/0  tauL@1=3.096  fail% stuck/cyc2/other=13.3/24.6/41.8
    R3-bigamp            n=2560 BLER@1/@2/@8/@16 = 0.996 0.985 0.948 0.939 [0.929,0.948]  BER@16=4.30e-01  NMSE med@1/@16=0.6711/0.6839 ok=0.2894  resc/lost(2->16)=117/0  tauL@1=1.853  fail% stuck/cyc2/other=62.0/6.5/25.4
    R4-llr               n=2560 BLER@1/@2/@8/@16 = 0.997 0.968 0.966 0.965 [0.957,0.972]  BER@16=4.53e-01  NMSE med@1/@16=0.6087/0.8124 ok=0.1218  resc/lost(2->16)=19/13  tauL@1=1.949  fail% stuck/cyc2/other=66.7/27.1/2.7
    R4-scvamp            n=2560 BLER@1/@2/@8/@16 = 0.997 0.966 0.950 0.950 [0.941,0.958]  BER@16=4.20e-01  NMSE med@1/@16=0.6087/0.7108 ok=0.1240  resc/lost(2->16)=40/0  tauL@1=1.949  fail% stuck/cyc2/other=92.9/0.5/1.6
    M-ours-gmm32         n=2560 BLER@1/@2/@8/@16 = 0.998 0.966 0.825 0.796 [0.780,0.812]  BER@16=3.65e-01  NMSE med@1/@16=0.6041/0.6743 ok=0.1015  resc/lost(2->16)=434/0  tauL@1=3.358  fail% stuck/cyc2/other=12.4/17.3/50.0
    M-ours-bstar         n=2560 BLER@1/@2/@8/@16 = 0.999 0.978 0.821 0.778 [0.761,0.793]  BER@16=3.53e-01  NMSE med@1/@16=0.5999/0.6396 ok=0.0924  resc/lost(2->16)=513/0  tauL@1=4.331  fail% stuck/cyc2/other=11.4/10.2/56.2
    M-ours-dscore-C-V0   n=2560 BLER@1/@2/@8/@16 = 1.000 1.000 1.000 1.000 [0.999,1.000]  BER@16=nan  NMSE med@1/@16=2800939.3729/25.8524 ok=nan  resc/lost(2->16)=0/0  tauL@1=nan  fail% stuck/cyc2/other=1.4/5.5/93.1
    M-ours-dscore-C-V1   n=2560 BLER@1/@2/@8/@16 = 1.000 1.000 1.000 1.000 [0.999,1.000]  BER@16=nan  NMSE med@1/@16=55722.0226/263250.8334 ok=nan  resc/lost(2->16)=0/0  tauL@1=nan  fail% stuck/cyc2/other=0.9/6.6/92.6
    M-ours-dscore-C-V4   n=2560 BLER@1/@2/@8/@16 = 1.000 1.000 0.998 0.996 [0.993,0.998]  BER@16=nan  NMSE med@1/@16=23.2956/19216742555093978578944.0000 ok=0.0422  resc/lost(2->16)=8/0  tauL@1=nan  fail% stuck/cyc2/other=3.1/6.9/89.6
    M-ours-dscore-C-V4b  n=2560 BLER@1/@2/@8/@16 = 1.000 1.000 0.998 0.997 [0.994,0.998]  BER@16=4.96e-01  NMSE med@1/@16=126611973172244352.0000/126642578891932928.0000 ok=0.0725  resc/lost(2->16)=8/0  tauL@1=1.000  fail% stuck/cyc2/other=2.8/8.2/88.7
    M-ours-bstar-scalar  n=2560 BLER@1/@2/@8/@16 = 0.998 0.975 0.837 0.798 [0.782,0.813]  BER@16=3.65e-01  NMSE med@1/@16=0.6517/0.6495 ok=0.0953  resc/lost(2->16)=454/0  tauL@1=2.525  fail% stuck/cyc2/other=13.5/22.5/43.8
    R5-genie             n=2560 BLER@1/@2/@8/@16 = 0.262 0.113 0.044 0.037 [0.030,0.045]  BER@16=1.25e-02  NMSE med@1/@16=nan/nan ok=nan  resc/lost(2->16)=194/0  tauL@1=0.768  fail% stuck/cyc2/other=1.1/0.4/2.2
   SNR +0 dB
    R0-pilot             n=2560 BLER@1/@2/@8/@16 = 0.989 0.959 0.911 0.904 [0.892,0.915]  BER@16=3.80e-01  NMSE med@1/@16=0.5652/0.5652 ok=0.3090  resc/lost(2->16)=141/0  tauL@1=2.419  fail% stuck/cyc2/other=72.0/0.5/17.9
    R1-turbo             n=2560 BLER@1/@2/@8/@16 = 0.989 0.866 0.763 0.762 [0.746,0.779]  BER@16=3.29e-01  NMSE med@1/@16=0.5652/0.5357 ok=0.0687  resc/lost(2->16)=264/0  tauL@1=2.419  fail% stuck/cyc2/other=73.8/0.0/2.4
    R2-ours-G            n=2560 BLER@1/@2/@8/@16 = 0.989 0.859 0.626 0.586 [0.567,0.605]  BER@16=2.69e-01  NMSE med@1/@16=0.5652/0.4199 ok=0.0687  resc/lost(2->16)=699/0  tauL@1=2.419  fail% stuck/cyc2/other=8.4/12.0/38.2
    R3-bigamp            n=2560 BLER@1/@2/@8/@16 = 0.983 0.945 0.871 0.849 [0.835,0.863]  BER@16=3.96e-01  NMSE med@1/@16=0.6297/0.6456 ok=0.1572  resc/lost(2->16)=246/0  tauL@1=0.555  fail% stuck/cyc2/other=40.5/5.6/38.8
    R4-llr               n=2560 BLER@1/@2/@8/@16 = 0.979 0.887 0.909 0.910 [0.898,0.921]  BER@16=4.56e-01  NMSE med@1/@16=0.5427/0.8625 ok=0.0685  resc/lost(2->16)=36/94  tauL@1=1.460  fail% stuck/cyc2/other=38.7/46.0/6.3
    R4-scvamp            n=2560 BLER@1/@2/@8/@16 = 0.979 0.884 0.854 0.854 [0.840,0.867]  BER@16=3.73e-01  NMSE med@1/@16=0.5427/0.6157 ok=0.0688  resc/lost(2->16)=75/0  tauL@1=1.460  fail% stuck/cyc2/other=82.6/0.7/2.1
    M-ours-gmm32         n=2560 BLER@1/@2/@8/@16 = 0.981 0.861 0.634 0.583 [0.564,0.602]  BER@16=2.68e-01  NMSE med@1/@16=0.5407/0.3920 ok=0.0586  resc/lost(2->16)=711/0  tauL@1=2.543  fail% stuck/cyc2/other=7.1/11.2/40.0
    M-ours-bstar         n=2560 BLER@1/@2/@8/@16 = 0.992 0.893 0.605 0.555 [0.535,0.574]  BER@16=2.58e-01  NMSE med@1/@16=0.5362/0.3228 ok=0.0555  resc/lost(2->16)=866/0  tauL@1=3.327  fail% stuck/cyc2/other=6.6/8.8/40.1
    M-ours-dscore-C-V0   n=2560 BLER@1/@2/@8/@16 = 0.998 0.984 0.989 0.976 [0.970,0.981]  BER@16=4.69e-01  NMSE med@1/@16=387.4958/1.0336 ok=0.1369  resc/lost(2->16)=54/35  tauL@1=0.051  fail% stuck/cyc2/other=0.3/12.7/84.6
    M-ours-dscore-C-V1   n=2560 BLER@1/@2/@8/@16 = 0.941 0.754 0.556 0.495 [0.476,0.515]  BER@16=2.30e-01  NMSE med@1/@16=0.5039/0.0742 ok=0.0269  resc/lost(2->16)=663/0  tauL@1=1.787  fail% stuck/cyc2/other=6.0/8.3/35.2
    M-ours-dscore-C-V4   n=2560 BLER@1/@2/@8/@16 = 0.950 0.764 0.566 0.531 [0.511,0.550]  BER@16=2.44e-01  NMSE med@1/@16=0.5250/0.2484 ok=0.0263  resc/lost(2->16)=598/0  tauL@1=1.737  fail% stuck/cyc2/other=15.3/6.5/31.3
    M-ours-dscore-C-V4b  n=2560 BLER@1/@2/@8/@16 = 1.000 1.000 0.997 0.993 [0.988,0.995]  BER@16=4.91e-01  NMSE med@1/@16=126854451357771008.0000/126854451357771008.0000 ok=0.0299  resc/lost(2->16)=19/0  tauL@1=1.000  fail% stuck/cyc2/other=3.7/9.1/86.4
    M-ours-bstar-scalar  n=2560 BLER@1/@2/@8/@16 = 0.987 0.880 0.646 0.605 [0.586,0.624]  BER@16=2.79e-01  NMSE med@1/@16=0.5737/0.4390 ok=0.0563  resc/lost(2->16)=702/0  tauL@1=2.070  fail% stuck/cyc2/other=15.4/9.7/35.4
    R5-genie             n=2560 BLER@1/@2/@8/@16 = 0.105 0.035 0.012 0.011 [0.008,0.016]  BER@16=3.87e-03  NMSE med@1/@16=nan/nan ok=nan  resc/lost(2->16)=62/0  tauL@1=0.530  fail% stuck/cyc2/other=0.6/0.1/0.4
   SNR +3 dB
    R0-pilot             n=2560 BLER@1/@2/@8/@16 = 0.979 0.925 0.844 0.836 [0.821,0.850]  BER@16=3.50e-01  NMSE med@1/@16=0.5221/0.5221 ok=0.2802  resc/lost(2->16)=229/1  tauL@1=2.145  fail% stuck/cyc2/other=52.9/1.2/29.5
    R1-turbo             n=2560 BLER@1/@2/@8/@16 = 0.979 0.770 0.636 0.636 [0.617,0.654]  BER@16=2.83e-01  NMSE med@1/@16=0.5221/0.4250 ok=0.0372  resc/lost(2->16)=343/0  tauL@1=2.145  fail% stuck/cyc2/other=59.5/0.2/3.9
    R2-ours-G            n=2560 BLER@1/@2/@8/@16 = 0.979 0.759 0.509 0.479 [0.460,0.499]  BER@16=2.26e-01  NMSE med@1/@16=0.5221/0.0605 ok=0.0370  resc/lost(2->16)=716/0  tauL@1=2.145  fail% stuck/cyc2/other=4.3/7.9/35.7
    R3-bigamp            n=2560 BLER@1/@2/@8/@16 = 0.975 0.932 0.829 0.785 [0.769,0.801]  BER@16=3.68e-01  NMSE med@1/@16=0.7094/0.6148 ok=0.0714  resc/lost(2->16)=376/0  tauL@1=0.275  fail% stuck/cyc2/other=27.5/5.3/45.7
    R4-llr               n=2560 BLER@1/@2/@8/@16 = 0.963 0.845 0.897 0.895 [0.882,0.906]  BER@16=4.89e-01  NMSE med@1/@16=0.5358/1.0712 ok=0.0366  resc/lost(2->16)=58/185  tauL@1=1.222  fail% stuck/cyc2/other=14.0/63.4/12.1
    R4-scvamp            n=2560 BLER@1/@2/@8/@16 = 0.963 0.850 0.816 0.816 [0.801,0.831]  BER@16=3.58e-01  NMSE med@1/@16=0.5358/0.5915 ok=0.0372  resc/lost(2->16)=86/0  tauL@1=1.222  fail% stuck/cyc2/other=76.4/2.1/3.1
    M-ours-gmm32         n=2560 BLER@1/@2/@8/@16 = 0.952 0.760 0.555 0.510 [0.490,0.529]  BER@16=2.38e-01  NMSE med@1/@16=0.5050/0.1879 ok=0.0321  resc/lost(2->16)=641/0  tauL@1=2.051  fail% stuck/cyc2/other=4.7/7.2/39.1
    M-ours-bstar         n=2560 BLER@1/@2/@8/@16 = 0.981 0.800 0.503 0.466 [0.446,0.485]  BER@16=2.19e-01  NMSE med@1/@16=0.5154/0.0473 ok=0.0300  resc/lost(2->16)=857/0  tauL@1=2.799  fail% stuck/cyc2/other=3.6/6.2/36.8
    M-ours-dscore-C-V0   n=2560 BLER@1/@2/@8/@16 = 0.971 0.957 0.988 0.982 [0.976,0.987]  BER@16=4.74e-01  NMSE med@1/@16=1.2260/1.8230 ok=0.2438  resc/lost(2->16)=36/101  tauL@1=0.374  fail% stuck/cyc2/other=0.4/12.0/85.7
    M-ours-dscore-C-V1   n=2560 BLER@1/@2/@8/@16 = 0.870 0.660 0.467 0.421 [0.402,0.440]  BER@16=2.00e-01  NMSE med@1/@16=0.4661/0.0255 ok=0.0141  resc/lost(2->16)=613/0  tauL@1=1.434  fail% stuck/cyc2/other=3.6/7.6/30.9
    M-ours-dscore-C-V4   n=2560 BLER@1/@2/@8/@16 = 0.886 0.656 0.481 0.452 [0.433,0.471]  BER@16=2.12e-01  NMSE med@1/@16=0.4830/0.0278 ok=0.0139  resc/lost(2->16)=522/0  tauL@1=1.464  fail% stuck/cyc2/other=14.9/5.8/24.5
    M-ours-dscore-C-V4b  n=2560 BLER@1/@2/@8/@16 = 1.000 1.000 0.996 0.994 [0.990,0.996]  BER@16=4.94e-01  NMSE med@1/@16=127243640236025088.0000/127250379770411024.0000 ok=0.0152  resc/lost(2->16)=15/0  tauL@1=1.000  fail% stuck/cyc2/other=3.1/8.7/87.6
    M-ours-bstar-scalar  n=2560 BLER@1/@2/@8/@16 = 0.970 0.779 0.543 0.511 [0.491,0.530]  BER@16=2.38e-01  NMSE med@1/@16=0.5215/0.1706 ok=0.0306  resc/lost(2->16)=687/0  tauL@1=1.823  fail% stuck/cyc2/other=13.7/6.8/30.6
    R5-genie             n=2560 BLER@1/@2/@8/@16 = 0.054 0.018 0.007 0.006 [0.004,0.010]  BER@16=2.01e-03  NMSE med@1/@16=nan/nan ok=nan  resc/lost(2->16)=30/0  tauL@1=0.388  fail% stuck/cyc2/other=0.3/0.0/0.3
   SNR +6 dB
    R0-pilot             n=2560 BLER@1/@2/@8/@16 = 0.961 0.893 0.795 0.778 [0.762,0.794]  BER@16=3.23e-01  NMSE med@1/@16=0.4799/0.4799 ok=0.2833  resc/lost(2->16)=295/1  tauL@1=1.956  fail% stuck/cyc2/other=35.0/2.1/40.7
    R1-turbo             n=2560 BLER@1/@2/@8/@16 = 0.961 0.675 0.537 0.534 [0.515,0.554]  BER@16=2.40e-01  NMSE med@1/@16=0.4799/0.2695 ok=0.0188  resc/lost(2->16)=361/0  tauL@1=1.956  fail% stuck/cyc2/other=48.8/0.1/4.5
    R2-ours-G            n=2560 BLER@1/@2/@8/@16 = 0.961 0.658 0.437 0.418 [0.399,0.437]  BER@16=2.00e-01  NMSE med@1/@16=0.4799/0.0252 ok=0.0188  resc/lost(2->16)=616/0  tauL@1=1.956  fail% stuck/cyc2/other=3.3/5.7/32.8
    R3-bigamp            n=2560 BLER@1/@2/@8/@16 = 0.957 0.898 0.785 0.729 [0.711,0.745]  BER@16=3.40e-01  NMSE med@1/@16=0.6272/0.5867 ok=0.0319  resc/lost(2->16)=435/0  tauL@1=0.209  fail% stuck/cyc2/other=15.5/6.3/51.1
    R4-llr               n=2560 BLER@1/@2/@8/@16 = 0.943 0.822 0.927 0.927 [0.916,0.936]  BER@16=5.23e-01  NMSE med@1/@16=0.5446/1.2174 ok=0.0195  resc/lost(2->16)=64/332  tauL@1=1.073  fail% stuck/cyc2/other=7.2/71.2/14.2
    R4-scvamp            n=2560 BLER@1/@2/@8/@16 = 0.943 0.827 0.802 0.802 [0.786,0.817]  BER@16=3.57e-01  NMSE med@1/@16=0.5446/0.6098 ok=0.0191  resc/lost(2->16)=62/0  tauL@1=1.073  fail% stuck/cyc2/other=72.8/4.0/3.4
    M-ours-gmm32         n=2560 BLER@1/@2/@8/@16 = 0.920 0.680 0.472 0.445 [0.426,0.464]  BER@16=2.11e-01  NMSE med@1/@16=0.4695/0.0244 ok=0.0167  resc/lost(2->16)=602/0  tauL@1=1.720  fail% stuck/cyc2/other=3.2/6.1/35.2
    M-ours-bstar         n=2560 BLER@1/@2/@8/@16 = 0.971 0.709 0.430 0.404 [0.385,0.423]  BER@16=1.93e-01  NMSE med@1/@16=0.4877/0.0215 ok=0.0160  resc/lost(2->16)=780/0  tauL@1=2.394  fail% stuck/cyc2/other=2.5/5.3/32.6
    M-ours-dscore-C-V0   n=2560 BLER@1/@2/@8/@16 = 0.961 0.941 0.974 0.964 [0.956,0.970]  BER@16=4.64e-01  NMSE med@1/@16=17.3860/1.8302 ok=0.2983  resc/lost(2->16)=61/118  tauL@1=0.070  fail% stuck/cyc2/other=0.4/12.3/83.7
    M-ours-dscore-C-V1   n=2560 BLER@1/@2/@8/@16 = 0.811 0.587 0.442 0.409 [0.390,0.428]  BER@16=1.94e-01  NMSE med@1/@16=0.4273/0.0121 ok=0.0074  resc/lost(2->16)=456/0  tauL@1=1.180  fail% stuck/cyc2/other=2.6/7.1/31.1
    M-ours-dscore-C-V4   n=2560 BLER@1/@2/@8/@16 = 0.820 0.571 0.423 0.405 [0.387,0.425]  BER@16=1.89e-01  NMSE med@1/@16=0.4361/0.0116 ok=0.0073  resc/lost(2->16)=423/0  tauL@1=1.262  fail% stuck/cyc2/other=11.5/5.3/23.8
    M-ours-dscore-C-V4b  n=2560 BLER@1/@2/@8/@16 = 1.000 1.000 0.997 0.996 [0.993,0.998]  BER@16=4.94e-01  NMSE med@1/@16=127402834103664000.0000/127428604389525936.0000 ok=0.0094  resc/lost(2->16)=9/0  tauL@1=1.000  fail% stuck/cyc2/other=3.1/8.3/88.2
    M-ours-bstar-scalar  n=2560 BLER@1/@2/@8/@16 = 0.945 0.685 0.487 0.469 [0.450,0.489]  BER@16=2.21e-01  NMSE med@1/@16=0.4803/0.0262 ok=0.0161  resc/lost(2->16)=552/0  tauL@1=1.639  fail% stuck/cyc2/other=10.1/5.9/30.9
    R5-genie             n=2560 BLER@1/@2/@8/@16 = 0.035 0.008 0.002 0.002 [0.001,0.005]  BER@16=8.67e-04  NMSE med@1/@16=nan/nan ok=nan  resc/lost(2->16)=15/0  tauL@1=0.285  fail% stuck/cyc2/other=0.1/0.0/0.0
   SNR +9 dB
    R0-pilot             n=2560 BLER@1/@2/@8/@16 = 0.960 0.884 0.793 0.777 [0.761,0.793]  BER@16=3.27e-01  NMSE med@1/@16=0.4845/0.4845 ok=0.2702  resc/lost(2->16)=273/0  tauL@1=1.920  fail% stuck/cyc2/other=29.4/2.2/46.2
    R1-turbo             n=2560 BLER@1/@2/@8/@16 = 0.960 0.664 0.506 0.504 [0.485,0.524]  BER@16=2.30e-01  NMSE med@1/@16=0.4845/0.1217 ok=0.0096  resc/lost(2->16)=408/0  tauL@1=1.920  fail% stuck/cyc2/other=43.0/0.3/7.2
    R2-ours-G            n=2560 BLER@1/@2/@8/@16 = 0.960 0.653 0.428 0.412 [0.394,0.432]  BER@16=1.96e-01  NMSE med@1/@16=0.4845/0.0126 ok=0.0096  resc/lost(2->16)=615/0  tauL@1=1.920  fail% stuck/cyc2/other=3.2/4.8/33.2
    R3-bigamp            n=2560 BLER@1/@2/@8/@16 = 0.949 0.882 0.787 0.750 [0.733,0.766]  BER@16=3.54e-01  NMSE med@1/@16=0.6254/0.7336 ok=0.0137  resc/lost(2->16)=338/0  tauL@1=0.176  fail% stuck/cyc2/other=5.5/8.3/61.2
    R4-llr               n=2560 BLER@1/@2/@8/@16 = 0.949 0.856 0.944 0.940 [0.930,0.948]  BER@16=5.21e-01  NMSE med@1/@16=0.6169/1.1736 ok=0.0091  resc/lost(2->16)=61/276  tauL@1=0.979  fail% stuck/cyc2/other=5.0/72.2/16.7
    R4-scvamp            n=2560 BLER@1/@2/@8/@16 = 0.949 0.861 0.845 0.845 [0.830,0.858]  BER@16=3.84e-01  NMSE med@1/@16=0.6169/0.6852 ok=0.0096  resc/lost(2->16)=43/0  tauL@1=0.979  fail% stuck/cyc2/other=77.8/4.7/2.0
    M-ours-gmm32         n=2560 BLER@1/@2/@8/@16 = 0.914 0.691 0.496 0.470 [0.450,0.489]  BER@16=2.22e-01  NMSE med@1/@16=0.4863/0.0142 ok=0.0086  resc/lost(2->16)=566/0  tauL@1=1.548  fail% stuck/cyc2/other=3.2/6.6/37.1
    M-ours-bstar         n=2560 BLER@1/@2/@8/@16 = 0.966 0.687 0.434 0.409 [0.390,0.429]  BER@16=1.95e-01  NMSE med@1/@16=0.4954/0.0114 ok=0.0082  resc/lost(2->16)=711/0  tauL@1=2.226  fail% stuck/cyc2/other=2.9/5.7/32.4
    M-ours-dscore-C-V0   n=2560 BLER@1/@2/@8/@16 = 0.969 0.929 0.948 0.941 [0.931,0.949]  BER@16=4.51e-01  NMSE med@1/@16=23.8875/1.3994 ok=0.2169  resc/lost(2->16)=79/110  tauL@1=0.062  fail% stuck/cyc2/other=1.2/13.1/79.8
    M-ours-dscore-C-V1   n=2560 BLER@1/@2/@8/@16 = 0.796 0.607 0.471 0.433 [0.414,0.452]  BER@16=2.05e-01  NMSE med@1/@16=0.4246/0.0071 ok=0.0040  resc/lost(2->16)=446/0  tauL@1=1.021  fail% stuck/cyc2/other=2.3/8.8/32.2
    M-ours-dscore-C-V4   n=2560 BLER@1/@2/@8/@16 = 0.806 0.545 0.423 0.403 [0.384,0.422]  BER@16=1.91e-01  NMSE med@1/@16=0.4388/0.0061 ok=0.0040  resc/lost(2->16)=365/0  tauL@1=1.189  fail% stuck/cyc2/other=11.7/4.8/23.7
    M-ours-dscore-C-V4b  n=2560 BLER@1/@2/@8/@16 = 1.000 1.000 0.996 0.995 [0.992,0.997]  BER@16=4.95e-01  NMSE med@1/@16=127107175304177600.0000/127107175304177600.0000 ok=0.0034  resc/lost(2->16)=12/0  tauL@1=1.000  fail% stuck/cyc2/other=3.3/8.3/88.0
    M-ours-bstar-scalar  n=2560 BLER@1/@2/@8/@16 = 0.945 0.675 0.490 0.475 [0.456,0.494]  BER@16=2.25e-01  NMSE med@1/@16=0.4808/0.0138 ok=0.0082  resc/lost(2->16)=511/0  tauL@1=1.600  fail% stuck/cyc2/other=8.9/6.3/32.3
    R5-genie             n=2560 BLER@1/@2/@8/@16 = 0.030 0.006 0.002 0.002 [0.001,0.004]  BER@16=5.78e-04  NMSE med@1/@16=nan/nan ok=nan  resc/lost(2->16)=11/0  tauL@1=0.205  fail% stuck/cyc2/other=0.2/0.0/0.0
   SNR +12 dB
    R0-pilot             n=2560 BLER@1/@2/@8/@16 = 0.949 0.869 0.768 0.751 [0.734,0.767]  BER@16=3.17e-01  NMSE med@1/@16=0.4598/0.4598 ok=0.2693  resc/lost(2->16)=303/0  tauL@1=1.841  fail% stuck/cyc2/other=24.0/3.6/47.5
    R1-turbo             n=2560 BLER@1/@2/@8/@16 = 0.949 0.625 0.472 0.468 [0.449,0.488]  BER@16=2.17e-01  NMSE med@1/@16=0.4598/0.0072 ok=0.0049  resc/lost(2->16)=402/0  tauL@1=1.841  fail% stuck/cyc2/other=39.1/0.4/7.3
    R2-ours-G            n=2560 BLER@1/@2/@8/@16 = 0.949 0.611 0.396 0.383 [0.365,0.402]  BER@16=1.82e-01  NMSE med@1/@16=0.4598/0.0059 ok=0.0048  resc/lost(2->16)=584/0  tauL@1=1.841  fail% stuck/cyc2/other=2.4/6.1/29.8
    R3-bigamp            n=2560 BLER@1/@2/@8/@16 = 0.941 0.865 0.780 0.761 [0.744,0.777]  BER@16=3.67e-01  NMSE med@1/@16=0.5390/0.8786 ok=0.0059  resc/lost(2->16)=267/1  tauL@1=0.165  fail% stuck/cyc2/other=1.4/8.5/66.2
    R4-llr               n=2560 BLER@1/@2/@8/@16 = 0.950 0.874 0.951 0.950 [0.941,0.958]  BER@16=5.26e-01  NMSE med@1/@16=0.6307/1.1753 ok=0.0051  resc/lost(2->16)=63/259  tauL@1=0.871  fail% stuck/cyc2/other=5.7/72.5/16.9
    R4-scvamp            n=2560 BLER@1/@2/@8/@16 = 0.950 0.880 0.863 0.862 [0.848,0.875]  BER@16=3.98e-01  NMSE med@1/@16=0.6307/0.7016 ok=0.0048  resc/lost(2->16)=47/2  tauL@1=0.871  fail% stuck/cyc2/other=79.1/5.1/2.0
    M-ours-gmm32         n=2560 BLER@1/@2/@8/@16 = 0.871 0.650 0.471 0.436 [0.417,0.456]  BER@16=2.05e-01  NMSE med@1/@16=0.4531/0.0065 ok=0.0045  resc/lost(2->16)=546/0  tauL@1=1.359  fail% stuck/cyc2/other=3.2/5.9/34.5
    M-ours-bstar         n=2560 BLER@1/@2/@8/@16 = 0.961 0.648 0.405 0.389 [0.371,0.408]  BER@16=1.86e-01  NMSE med@1/@16=0.4713/0.0055 ok=0.0043  resc/lost(2->16)=663/0  tauL@1=2.004  fail% stuck/cyc2/other=2.9/6.1/29.9
    M-ours-dscore-C-V0   n=2560 BLER@1/@2/@8/@16 = 0.951 0.905 0.894 0.877 [0.864,0.889]  BER@16=4.23e-01  NMSE med@1/@16=39.1274/1.0981 ok=0.1247  resc/lost(2->16)=175/103  tauL@1=0.060  fail% stuck/cyc2/other=2.0/14.1/71.6
    M-ours-dscore-C-V1   n=2560 BLER@1/@2/@8/@16 = 0.775 0.588 0.470 0.420 [0.401,0.439]  BER@16=1.97e-01  NMSE med@1/@16=0.3992/0.0036 ok=0.0022  resc/lost(2->16)=432/0  tauL@1=0.844  fail% stuck/cyc2/other=2.9/8.8/30.3
    M-ours-dscore-C-V4   n=2560 BLER@1/@2/@8/@16 = 0.760 0.510 0.398 0.376 [0.357,0.395]  BER@16=1.76e-01  NMSE med@1/@16=0.4070/0.0031 ok=0.0022  resc/lost(2->16)=344/0  tauL@1=1.111  fail% stuck/cyc2/other=10.7/5.1/21.8
    M-ours-dscore-C-V4b  n=2560 BLER@1/@2/@8/@16 = 1.000 1.000 0.998 0.997 [0.994,0.998]  BER@16=4.94e-01  NMSE med@1/@16=127327176607943952.0000/127327176607943952.0000 ok=0.0022  resc/lost(2->16)=8/0  tauL@1=1.000  fail% stuck/cyc2/other=2.7/8.0/89.0
    M-ours-bstar-scalar  n=2560 BLER@1/@2/@8/@16 = 0.925 0.622 0.446 0.428 [0.409,0.447]  BER@16=2.03e-01  NMSE med@1/@16=0.4566/0.0059 ok=0.0042  resc/lost(2->16)=496/0  tauL@1=1.532  fail% stuck/cyc2/other=7.7/6.3/28.7
    R5-genie             n=2560 BLER@1/@2/@8/@16 = 0.019 0.004 0.001 0.001 [0.000,0.003]  BER@16=3.83e-04  NMSE med@1/@16=nan/nan ok=nan  resc/lost(2->16)=8/0  tauL@1=0.119  fail% stuck/cyc2/other=0.0/0.0/0.1
   SNR +15 dB
    R0-pilot             n=2560 BLER@1/@2/@8/@16 = 0.946 0.857 0.762 0.748 [0.731,0.765]  BER@16=3.13e-01  NMSE med@1/@16=0.4770/0.4770 ok=0.2736  resc/lost(2->16)=279/2  tauL@1=1.839  fail% stuck/cyc2/other=20.5/3.6/50.7
    R1-turbo             n=2560 BLER@1/@2/@8/@16 = 0.946 0.596 0.443 0.439 [0.420,0.458]  BER@16=2.03e-01  NMSE med@1/@16=0.4770/0.0034 ok=0.0024  resc/lost(2->16)=402/0  tauL@1=1.839  fail% stuck/cyc2/other=33.4/0.4/10.2
    R2-ours-G            n=2560 BLER@1/@2/@8/@16 = 0.946 0.587 0.376 0.360 [0.341,0.379]  BER@16=1.71e-01  NMSE med@1/@16=0.4770/0.0030 ok=0.0024  resc/lost(2->16)=581/0  tauL@1=1.839  fail% stuck/cyc2/other=2.9/6.0/27.1
    R3-bigamp            n=2560 BLER@1/@2/@8/@16 = 0.938 0.853 0.787 0.769 [0.752,0.785]  BER@16=3.70e-01  NMSE med@1/@16=0.5319/0.9507 ok=0.0028  resc/lost(2->16)=216/1  tauL@1=0.161  fail% stuck/cyc2/other=1.7/8.7/66.5
    R4-llr               n=2560 BLER@1/@2/@8/@16 = 0.970 0.917 0.955 0.952 [0.943,0.960]  BER@16=5.03e-01  NMSE med@1/@16=0.7175/1.0443 ok=0.0025  resc/lost(2->16)=87/177  tauL@1=0.750  fail% stuck/cyc2/other=4.5/61.5/29.3
    R4-scvamp            n=2560 BLER@1/@2/@8/@16 = 0.970 0.919 0.907 0.906 [0.894,0.917]  BER@16=4.18e-01  NMSE med@1/@16=0.7175/0.7583 ok=0.0025  resc/lost(2->16)=34/1  tauL@1=0.750  fail% stuck/cyc2/other=82.9/6.6/1.1
    M-ours-gmm32         n=2560 BLER@1/@2/@8/@16 = 0.866 0.605 0.436 0.405 [0.387,0.425]  BER@16=1.91e-01  NMSE med@1/@16=0.4713/0.0030 ok=0.0023  resc/lost(2->16)=514/2  tauL@1=1.311  fail% stuck/cyc2/other=2.9/6.5/31.2
    M-ours-bstar         n=2560 BLER@1/@2/@8/@16 = 0.956 0.644 0.409 0.388 [0.370,0.407]  BER@16=1.85e-01  NMSE med@1/@16=0.4957/0.0029 ok=0.0022  resc/lost(2->16)=655/0  tauL@1=1.935  fail% stuck/cyc2/other=2.5/7.3/28.9
    M-ours-dscore-C-V0   n=2560 BLER@1/@2/@8/@16 = 0.949 0.880 0.820 0.795 [0.778,0.810]  BER@16=3.77e-01  NMSE med@1/@16=19.1233/0.9125 ok=0.0375  resc/lost(2->16)=297/79  tauL@1=0.072  fail% stuck/cyc2/other=2.7/12.8/63.9
    M-ours-dscore-C-V1   n=2560 BLER@1/@2/@8/@16 = 0.817 0.637 0.502 0.455 [0.436,0.475]  BER@16=2.15e-01  NMSE med@1/@16=0.4182/0.0022 ok=0.0012  resc/lost(2->16)=467/3  tauL@1=0.726  fail% stuck/cyc2/other=3.2/10.3/32.1
    M-ours-dscore-C-V4   n=2560 BLER@1/@2/@8/@16 = 0.761 0.511 0.408 0.387 [0.368,0.406]  BER@16=1.83e-01  NMSE med@1/@16=0.4227/0.0018 ok=0.0012  resc/lost(2->16)=317/0  tauL@1=1.091  fail% stuck/cyc2/other=10.7/5.4/22.5
    M-ours-dscore-C-V4b  n=2560 BLER@1/@2/@8/@16 = 1.000 1.000 0.998 0.996 [0.993,0.998]  BER@16=4.92e-01  NMSE med@1/@16=127696821227733088.0000/127696821227733088.0000 ok=0.0014  resc/lost(2->16)=9/0  tauL@1=1.000  fail% stuck/cyc2/other=2.6/8.9/88.2
    M-ours-bstar-scalar  n=2560 BLER@1/@2/@8/@16 = 0.925 0.614 0.450 0.429 [0.409,0.448]  BER@16=2.02e-01  NMSE med@1/@16=0.4713/0.0030 ok=0.0022  resc/lost(2->16)=475/1  tauL@1=1.523  fail% stuck/cyc2/other=7.0/7.9/28.0
    R5-genie             n=2560 BLER@1/@2/@8/@16 = 0.012 0.003 0.000 0.000 [0.000,0.002]  BER@16=1.02e-04  NMSE med@1/@16=nan/nan ok=nan  resc/lost(2->16)=6/0  tauL@1=0.074  fail% stuck/cyc2/other=0.0/0.0/0.0

  SNR@BLER 0.1 (log-linear interpolation; '<=x' already below at the lowest grid point, '>x' never reached)
  and the SNR@0.1 gain over R2-ours-G with a 90% PAIRED bootstrap CI (same resampled trials for both arms).
  SIGN CONVENTION (spelled out the same way as table B, so it cannot be read inverted): the number is
  SNR@0.1(this arm) MINUS SNR@0.1(R2-ours-G).  + dB = this arm needs MORE SNR than R2-ours-G to reach
  BLER 0.1;  - dB = it needs LESS.
    arm                  SNR@0.1   SNR@0.1 gap (this arm minus R2-ours-G)
    R0-pilot (@1)          >  15   n/a (>  15 vs >  15) — extend the SNR grid
    pilot_C (@16)          >  15   n/a (>  15 vs >  15) — extend the SNR grid
    R1-turbo               >  15   n/a (>  15 vs >  15) — extend the SNR grid
    R2-ours-G              >  15   -- (reference)
    R3-bigamp              >  15   n/a (>  15 vs >  15) — extend the SNR grid
    R4-llr                 >  15   n/a (>  15 vs >  15) — extend the SNR grid
    R4-scvamp              >  15   n/a (>  15 vs >  15) — extend the SNR grid
    M-ours-gmm32           >  15   n/a (>  15 vs >  15) — extend the SNR grid
    M-ours-bstar           >  15   n/a (>  15 vs >  15) — extend the SNR grid
    M-ours-dscore-C-V0     >  15   n/a (>  15 vs >  15) — extend the SNR grid
    M-ours-dscore-C-V1     >  15   n/a (>  15 vs >  15) — extend the SNR grid
    M-ours-dscore-C-V4     >  15   n/a (>  15 vs >  15) — extend the SNR grid
    M-ours-dscore-C-V4b    >  15   n/a (>  15 vs >  15) — extend the SNR grid
    M-ours-bstar-scalar    >  15   n/a (>  15 vs >  15) — extend the SNR grid
    R5-genie              <=  -3   n/a (<=  -3 vs >  15) — extend the SNR grid

  failure classes at @16, as a fraction of ALL blocks (exp_0921 operational definition; diverged = the arm's own flag, raised = the arm threw on that block (runner.py '<arm>|failed'); diverged AND raised blocks are KEPT in every mean above, a raised block counting as a block error):
    arm  [stuck/cyc2/other/diverged/raised]              -3 dB                           +0 dB                           +3 dB                           +6 dB                           +9 dB                           +12 dB                          +15 dB             
    R0-pilot (@1)                                         n/a                             n/a                             n/a                             n/a                             n/a                             n/a                             n/a                 (1-pass arm: no trajectory to classify)
    pilot_C (@16)                            0.921/0.001/0.057/n/a  /0.000   0.720/0.005/0.179/n/a  /0.000   0.529/0.012/0.295/n/a  /0.000   0.350/0.021/0.407/n/a  /0.000   0.294/0.022/0.462/n/a  /0.000   0.240/0.036/0.475/n/a  /0.000   0.205/0.036/0.507/n/a  /0.000  
    R1-turbo                                 0.902/0.000/0.017/n/a  /0.000   0.738/0.000/0.024/n/a  /0.000   0.595/0.002/0.039/n/a  /0.000   0.488/0.001/0.045/n/a  /0.000   0.430/0.003/0.072/n/a  /0.000   0.391/0.004/0.073/n/a  /0.000   0.334/0.004/0.102/n/a  /0.000  
    R2-ours-G                                0.133/0.246/0.418/n/a  /0.000   0.084/0.120/0.382/n/a  /0.000   0.043/0.079/0.357/n/a  /0.000   0.033/0.057/0.328/n/a  /0.000   0.032/0.048/0.332/n/a  /0.000   0.024/0.061/0.298/n/a  /0.000   0.029/0.060/0.271/n/a  /0.000  
    R3-bigamp                                0.620/0.065/0.254/0.000/0.000   0.405/0.056/0.388/0.000/0.000   0.275/0.053/0.457/0.000/0.000   0.155/0.063/0.511/0.000/0.000   0.055/0.083/0.612/0.000/0.000   0.014/0.085/0.662/0.000/0.000   0.017/0.087/0.665/0.000/0.000  
    R4-llr                                   0.667/0.271/0.027/0.000/0.000   0.387/0.460/0.063/0.000/0.000   0.140/0.634/0.121/0.000/0.000   0.072/0.713/0.142/0.000/0.000   0.050/0.722/0.167/0.000/0.000   0.057/0.725/0.169/0.000/0.000   0.045/0.615/0.293/0.000/0.000  
    R4-scvamp                                0.929/0.005/0.016/0.000/0.000   0.826/0.007/0.021/0.000/0.000   0.764/0.021/0.031/0.000/0.000   0.728/0.040/0.034/0.000/0.000   0.778/0.047/0.020/0.000/0.000   0.791/0.051/0.020/0.000/0.000   0.829/0.066/0.011/0.000/0.000  
    M-ours-gmm32                             0.124/0.173/0.500/n/a  /0.000   0.071/0.112/0.400/n/a  /0.000   0.047/0.072/0.391/n/a  /0.000   0.032/0.061/0.352/n/a  /0.000   0.032/0.066/0.371/n/a  /0.000   0.032/0.059/0.345/n/a  /0.000   0.029/0.065/0.312/n/a  /0.000  
    M-ours-bstar                             0.114/0.102/0.562/n/a  /0.000   0.066/0.088/0.401/n/a  /0.000   0.036/0.062/0.368/n/a  /0.000   0.025/0.053/0.326/n/a  /0.000   0.029/0.057/0.324/n/a  /0.000   0.029/0.061/0.299/n/a  /0.000   0.025/0.073/0.289/n/a  /0.000  
    M-ours-dscore-C-V0                       0.014/0.055/0.931/n/a  /0.379   0.003/0.127/0.846/n/a  /0.000   0.004/0.120/0.857/n/a  /0.000   0.004/0.123/0.837/n/a  /0.000   0.012/0.131/0.798/n/a  /0.000   0.020/0.141/0.716/n/a  /0.000   0.027/0.128/0.639/n/a  /0.000  
    M-ours-dscore-C-V1                       0.009/0.066/0.926/n/a  /0.314   0.060/0.083/0.352/n/a  /0.000   0.036/0.076/0.309/n/a  /0.000   0.026/0.071/0.311/n/a  /0.000   0.023/0.087/0.322/n/a  /0.000   0.029/0.088/0.303/n/a  /0.000   0.032/0.103/0.321/n/a  /0.000  
    M-ours-dscore-C-V4                       0.031/0.069/0.896/n/a  /0.053   0.153/0.065/0.313/n/a  /0.000   0.149/0.058/0.245/n/a  /0.000   0.115/0.053/0.237/n/a  /0.000   0.117/0.048/0.237/n/a  /0.000   0.107/0.051/0.218/n/a  /0.000   0.107/0.054/0.225/n/a  /0.000  
    M-ours-dscore-C-V4b                      0.028/0.082/0.887/n/a  /0.000   0.037/0.091/0.864/n/a  /0.000   0.031/0.087/0.876/n/a  /0.000   0.031/0.083/0.882/n/a  /0.000   0.033/0.083/0.880/n/a  /0.000   0.027/0.080/0.890/n/a  /0.000   0.026/0.089/0.882/n/a  /0.000  
    M-ours-bstar-scalar                      0.135/0.225/0.438/n/a  /0.000   0.154/0.097/0.354/n/a  /0.000   0.137/0.068/0.306/n/a  /0.000   0.101/0.059/0.309/n/a  /0.000   0.089/0.063/0.323/n/a  /0.000   0.077/0.063/0.287/n/a  /0.000   0.070/0.079/0.280/n/a  /0.000  
    R5-genie                                 0.011/0.004/0.022/n/a  /0.000   0.006/0.001/0.004/n/a  /0.000   0.003/0.000/0.003/n/a  /0.000   0.001/0.000/0.000/n/a  /0.000   0.002/0.000/0.000/n/a  /0.000   0.000/0.000/0.001/n/a  /0.000   0.000/0.000/0.000/n/a  /0.000  

  clip firing rates, mean over trials x iterations (tauL = variance-floor clip of the detector site, alphaD = alpha^D clip to [eps, 1-eps]):
    arm                             -3 dB             +0 dB             +3 dB             +6 dB             +9 dB            +12 dB            +15 dB
    R0-pilot              0.0000/0.0002     0.0000/0.0315     0.0000/0.0924     0.0000/0.1464     0.0002/0.1593     0.0006/0.1792     0.0009/0.1905  
    R1-turbo              0.0000/0.3438     0.0002/0.6081     0.0031/0.7189     0.0062/0.7780     0.0115/0.7834     0.0136/0.7959     0.0180/0.7931  
    R2-ours-G             0.0000/0.1271     0.0048/0.3322     0.0352/0.5022     0.0496/0.6135     0.0581/0.6630     0.0510/0.7049     0.0425/0.7337  
    R3-bigamp             0.0000/0.0000     0.0000/0.0000     0.0000/0.0000     0.0000/0.0000     0.0000/0.0000     0.0000/0.0000     0.0000/0.0000  
    R4-llr                0.1229/0.0000     0.2368/0.0000     0.3214/0.0000     0.3491/0.0000     0.3418/0.0000     0.3405/0.0000     0.2685/0.0000  
    R4-scvamp             0.1658/0.3389     0.2032/0.4767     0.2160/0.5359     0.2346/0.5915     0.2571/0.6375     0.2732/0.6749     0.2952/0.7096  
    M-ours-gmm32          0.0000/0.1308     0.0042/0.3300     0.0359/0.4733     0.0530/0.5880     0.0659/0.6271     0.0624/0.6763     0.0509/0.7183  
    M-ours-bstar          0.0000/0.1321     0.0027/0.3325     0.0232/0.4705     0.0425/0.5862     0.0533/0.6362     0.0511/0.6878     0.0472/0.7097  
    M-ours-dscore-C-V0       nan/nan        0.1499/0.3668     0.1379/0.3709     0.1244/0.4076     0.0988/0.4739     0.0734/0.5519     0.0559/0.6283  
    M-ours-dscore-C-V1       nan/nan        0.0031/0.4039     0.0240/0.5390     0.0450/0.6321     0.0519/0.6594     0.0495/0.7076     0.0466/0.7323  
    M-ours-dscore-C-V4       nan/nan        0.0039/0.4172     0.0235/0.5752     0.0338/0.6735     0.0407/0.7176     0.0358/0.7594     0.0327/0.7780  
    M-ours-dscore-C-V4b   0.0012/0.0072     0.0011/0.0101     0.0013/0.0131     0.0012/0.0132     0.0017/0.0193     0.0017/0.0195     0.0012/0.0221  
    M-ours-bstar-scalar   0.0000/0.1265     0.0030/0.3294     0.0236/0.4931     0.0454/0.6127     0.0550/0.6537     0.0500/0.7094     0.0442/0.7342  
    R5-genie              0.0000/0.8672     0.0000/0.9464     0.0000/0.9718     0.0000/0.9843     0.0000/0.9889     0.0000/0.9917     0.0000/0.9947  

  NMSE_H@16 median, WITH and WITHOUT the failed blocks (08_SPEC §5: both versions, never only one):
    arm                                   -3 dB                   +0 dB                   +3 dB                   +6 dB                   +9 dB                  +12 dB                  +15 dB     [all blocks / success-only]
    R0-pilot                6.385e-01/3.406e-01     5.652e-01/3.090e-01     5.221e-01/2.802e-01     4.799e-01/2.833e-01     4.845e-01/2.702e-01     4.598e-01/2.693e-01     4.770e-01/2.736e-01
    R1-turbo                6.829e-01/1.245e-01     5.357e-01/6.865e-02     4.250e-01/3.716e-02     2.695e-01/1.885e-02     1.217e-01/9.618e-03     7.240e-03/4.861e-03     3.383e-03/2.416e-03
    R2-ours-G               6.529e-01/1.241e-01     4.199e-01/6.871e-02     6.047e-02/3.699e-02     2.518e-02/1.881e-02     1.259e-02/9.599e-03     5.940e-03/4.844e-03     2.973e-03/2.420e-03
    R3-bigamp               6.839e-01/2.894e-01     6.456e-01/1.572e-01     6.148e-01/7.140e-02     5.867e-01/3.189e-02     7.336e-01/1.369e-02     8.786e-01/5.940e-03     9.507e-01/2.775e-03
    R4-llr                  8.124e-01/1.218e-01     8.625e-01/6.847e-02     1.071e+00/3.657e-02     1.217e+00/1.951e-02     1.174e+00/9.140e-03     1.175e+00/5.067e-03     1.044e+00/2.464e-03
    R4-scvamp               7.108e-01/1.240e-01     6.157e-01/6.883e-02     5.915e-01/3.720e-02     6.098e-01/1.909e-02     6.852e-01/9.585e-03     7.016e-01/4.837e-03     7.583e-01/2.482e-03
    M-ours-gmm32            6.743e-01/1.015e-01     3.920e-01/5.864e-02     1.879e-01/3.213e-02     2.435e-02/1.667e-02     1.417e-02/8.573e-03     6.477e-03/4.450e-03     3.015e-03/2.256e-03
    M-ours-bstar            6.396e-01/9.240e-02     3.228e-01/5.551e-02     4.729e-02/3.003e-02     2.150e-02/1.601e-02     1.143e-02/8.199e-03     5.548e-03/4.266e-03     2.890e-03/2.227e-03
    M-ours-dscore-C-V0            2.585e+01/nan     1.034e+00/1.369e-01     1.823e+00/2.438e-01     1.830e+00/2.983e-01     1.399e+00/2.169e-01     1.098e+00/1.247e-01     9.125e-01/3.754e-02
    M-ours-dscore-C-V1            2.633e+05/nan     7.424e-02/2.686e-02     2.545e-02/1.410e-02     1.207e-02/7.415e-03     7.112e-03/4.014e-03     3.562e-03/2.198e-03     2.176e-03/1.212e-03
    M-ours-dscore-C-V4      1.922e+22/4.222e-02     2.484e-01/2.633e-02     2.784e-02/1.391e-02     1.161e-02/7.276e-03     6.147e-03/3.970e-03     3.086e-03/2.196e-03     1.751e-03/1.211e-03
    M-ours-dscore-C-V4b     1.266e+17/7.248e-02     1.269e+17/2.990e-02     1.273e+17/1.517e-02     1.274e+17/9.353e-03     1.271e+17/3.438e-03     1.273e+17/2.223e-03     1.277e+17/1.384e-03
    M-ours-bstar-scalar     6.495e-01/9.528e-02     4.390e-01/5.626e-02     1.706e-01/3.058e-02     2.617e-02/1.608e-02     1.375e-02/8.215e-03     5.882e-03/4.242e-03     3.049e-03/2.216e-03
    R5-genie                            nan/nan                 nan/nan                 nan/nan                 nan/nan                 nan/nan                 nan/nan                 nan/nan

  fit / training cost (GMM EM wall-clock, seconds; 01_RULES §5 -- not hidden, 'n/a' where there is no fit):
    R0-pilot                  n/a s
    R1-turbo                  n/a s
    R2-ours-G                 n/a s
    R3-bigamp                 n/a s
    R4-llr                    n/a s
    R4-scvamp                 n/a s
    M-ours-gmm32            487.1 s
    M-ours-bstar          14280.9 s
    M-ours-dscore-C-V0      672.4 s
    M-ours-dscore-C-V1      672.4 s
    M-ours-dscore-C-V4      672.4 s
    M-ours-dscore-C-V4b       n/a s
    M-ours-bstar-scalar   14280.9 s
    R5-genie                  n/a s

--- cell C5 (8x4, T=16, Tp=3, K=46)  prior S2  testbed D2   n per SNR: [2560, 2560, 2560, 2560, 2560, 2560, 2560]   b* = kron
  arms absent from the raw files (see 01_RULES §6 -- BLOCKED / FAILED-VERIFICATION): ['M-ours-dscore']
  arm                              SNR -3 dB                            SNR +0 dB                            SNR +3 dB                            SNR +6 dB                            SNR +9 dB                            SNR +12 dB                           SNR +15 dB             
  R0-pilot (@1)       0.968(0.960,0.974) 3.7e-01 4.95e-01  0.859(0.845,0.872) 3.0e-01 4.02e-01  0.743(0.726,0.760) 2.5e-01 3.34e-01  0.686(0.668,0.704) 2.3e-01 2.97e-01  0.619(0.600,0.637) 2.1e-01 2.65e-01  0.586(0.567,0.605) 2.0e-01 2.60e-01  0.571(0.552,0.591) 1.9e-01 2.42e-01 
  pilot_C (@16)       0.879(0.865,0.891) 3.5e-01 4.95e-01  0.647(0.629,0.666) 2.5e-01 4.02e-01  0.488(0.469,0.507) 1.9e-01 3.34e-01  0.421(0.402,0.440) 1.7e-01 2.97e-01  0.367(0.349,0.386) 1.5e-01 2.65e-01  0.359(0.340,0.377) 1.5e-01 2.60e-01  0.345(0.327,0.364) 1.4e-01 2.42e-01 
  R1-turbo            0.795(0.779,0.810) 3.3e-01 4.36e-01  0.551(0.531,0.570) 2.3e-01 2.22e-01  0.363(0.345,0.382) 1.5e-01 4.34e-02  0.288(0.271,0.306) 1.2e-01 2.11e-02  0.222(0.206,0.238) 9.9e-02 1.02e-02  0.178(0.163,0.193) 8.1e-02 5.02e-03  0.158(0.144,0.172) 7.1e-02 2.49e-03 
  R2-ours-G           0.610(0.591,0.629) 2.7e-01 3.44e-01  0.338(0.319,0.356) 1.5e-01 8.00e-02  0.209(0.194,0.226) 9.5e-02 3.90e-02  0.180(0.166,0.196) 8.2e-02 1.99e-02  0.155(0.142,0.170) 7.2e-02 9.83e-03  0.131(0.119,0.145) 6.1e-02 4.91e-03  0.119(0.107,0.132) 5.5e-02 2.45e-03 
  R3-bigamp           0.832(0.817,0.846) 3.6e-01 5.22e-01  0.616(0.597,0.634) 2.7e-01 3.54e-01  0.457(0.438,0.476) 2.0e-01 1.04e-01  0.379(0.360,0.397) 1.7e-01 3.94e-02  0.357(0.339,0.376) 1.6e-01 1.64e-02  0.384(0.365,0.403) 1.8e-01 7.33e-03  0.373(0.355,0.392) 1.7e-01 3.32e-03 
  R4-llr              0.935(0.925,0.944) 4.5e-01 6.12e-01  0.866(0.852,0.878) 5.0e-01 7.79e-01  0.869(0.856,0.882) 5.8e-01 1.28e+00  0.870(0.856,0.882) 6.1e-01 1.46e+00  0.855(0.841,0.869) 6.0e-01 1.41e+00  0.840(0.826,0.854) 5.8e-01 1.30e+00  0.818(0.803,0.833) 5.4e-01 1.09e+00 
  R4-scvamp           0.866(0.852,0.879) 3.6e-01 4.77e-01  0.679(0.661,0.697) 2.8e-01 3.39e-01  0.573(0.553,0.592) 2.3e-01 2.26e-01  0.540(0.520,0.559) 2.2e-01 1.61e-01  0.527(0.508,0.546) 2.3e-01 1.42e-01  0.552(0.532,0.571) 2.4e-01 2.14e-01  0.577(0.558,0.596) 2.5e-01 2.52e-01 
  M-ours-gmm32        0.580(0.561,0.599) 2.6e-01 2.69e-01  0.314(0.297,0.333) 1.4e-01 6.82e-02  0.224(0.208,0.240) 1.0e-01 3.43e-02  0.193(0.178,0.208) 8.8e-02 1.78e-02  0.176(0.162,0.191) 8.2e-02 9.08e-03  0.175(0.161,0.190) 8.2e-02 4.73e-03  0.157(0.143,0.172) 7.4e-02 2.33e-03 
  M-ours-bstar        0.544(0.524,0.563) 2.3e-01 2.01e-01  0.276(0.259,0.294) 1.2e-01 6.23e-02  0.187(0.172,0.203) 8.6e-02 3.21e-02  0.172(0.158,0.187) 8.1e-02 1.69e-02  0.162(0.148,0.176) 7.4e-02 8.75e-03  0.155(0.141,0.169) 7.2e-02 4.53e-03  0.146(0.133,0.160) 6.8e-02 2.26e-03 
  M-ours-dscore-C-V0  0.904(0.891,0.914) 4.2e-01 5.85e-01  0.935(0.925,0.944) 4.4e-01 8.29e-01  0.934(0.924,0.943) 4.4e-01 1.04e+00  0.890(0.878,0.902) 4.2e-01 1.13e+00  0.834(0.819,0.848) 3.9e-01 9.15e-01  0.686(0.668,0.704) 3.2e-01 6.05e-01  0.528(0.509,0.547) 2.4e-01 3.50e-01 
  M-ours-dscore-C-V1  0.394(0.375,0.413) 1.7e-01 7.56e-02  0.176(0.162,0.191) 7.8e-02 3.03e-02  0.126(0.113,0.139) 5.7e-02 1.53e-02  0.120(0.108,0.133) 5.6e-02 8.00e-03  0.118(0.106,0.131) 5.4e-02 4.21e-03  0.136(0.124,0.150) 6.4e-02 2.35e-03  0.159(0.145,0.173) 7.2e-02 1.31e-03 
  M-ours-dscore-C-V4  0.419(0.400,0.438) 1.8e-01 7.96e-02  0.212(0.196,0.228) 9.3e-02 3.11e-02  0.152(0.139,0.166) 7.0e-02 1.55e-02  0.145(0.132,0.159) 6.5e-02 8.06e-03  0.163(0.149,0.177) 7.5e-02 4.30e-03  0.162(0.148,0.177) 7.6e-02 2.41e-03  0.169(0.155,0.184) 7.8e-02 1.32e-03 
  M-ours-dscore-C-V4b 0.988(0.982,0.991) 4.6e-01 3.58e+16  0.988(0.983,0.992) 4.6e-01 3.61e+16  0.990(0.985,0.993) 4.5e-01 3.63e+16  0.991(0.987,0.994) 4.6e-01 3.61e+16  0.991(0.986,0.994) 4.5e-01 3.62e+16  0.989(0.985,0.993) 4.5e-01 3.62e+16  0.987(0.982,0.991) 4.5e-01 3.61e+16 
  M-ours-bstar-scalar 0.571(0.552,0.591) 2.5e-01 2.20e-01  0.325(0.307,0.343) 1.5e-01 6.58e-02  0.241(0.224,0.258) 1.1e-01 3.34e-02  0.226(0.210,0.243) 1.0e-01 1.75e-02  0.207(0.191,0.223) 9.6e-02 8.85e-03  0.206(0.191,0.222) 9.6e-02 4.62e-03  0.198(0.183,0.214) 9.2e-02 2.31e-03 
  R5-genie              0.036(0.029,0.043) 1.1e-02 nan       0.014(0.010,0.019) 4.4e-03 nan       0.007(0.005,0.012) 2.8e-03 nan       0.004(0.002,0.008) 1.6e-03 nan       0.001(0.000,0.003) 4.1e-04 nan       0.001(0.000,0.003) 2.7e-04 nan       0.000(-0.000,0.001) 0.0e+00 nan   

  per-point detail rows (exp_0921 convention M-1: BLER@1/@2/@8/@16, BER@16, NMSE median all / success-only, rescued/lost 2->16, tauL@1, failure-class %):
   SNR -3 dB
    R0-pilot             n=2560 BLER@1/@2/@8/@16 = 0.968 0.931 0.887 0.879 [0.865,0.891]  BER@16=3.49e-01  NMSE med@1/@16=0.4947/0.4947 ok=0.3447  resc/lost(2->16)=139/4  tauL@1=1.935  fail% stuck/cyc2/other=79.3/0.5/8.0
    R1-turbo             n=2560 BLER@1/@2/@8/@16 = 0.968 0.874 0.797 0.795 [0.779,0.810]  BER@16=3.28e-01  NMSE med@1/@16=0.4947/0.4361 ok=0.1220  resc/lost(2->16)=201/0  tauL@1=1.935  fail% stuck/cyc2/other=77.7/0.0/1.8
    R2-ours-G            n=2560 BLER@1/@2/@8/@16 = 0.968 0.853 0.645 0.610 [0.591,0.629]  BER@16=2.66e-01  NMSE med@1/@16=0.4947/0.3436 ok=0.1211  resc/lost(2->16)=622/0  tauL@1=1.935  fail% stuck/cyc2/other=12.6/18.7/29.7
    R3-bigamp            n=2560 BLER@1/@2/@8/@16 = 0.966 0.921 0.845 0.832 [0.817,0.846]  BER@16=3.59e-01  NMSE med@1/@16=0.5347/0.5224 ok=0.2942  resc/lost(2->16)=227/0  tauL@1=1.836  fail% stuck/cyc2/other=60.7/5.0/17.5
    R4-llr               n=2560 BLER@1/@2/@8/@16 = 0.954 0.899 0.935 0.935 [0.925,0.944]  BER@16=4.51e-01  NMSE med@1/@16=0.4486/0.6117 ok=0.1252  resc/lost(2->16)=18/110  tauL@1=1.192  fail% stuck/cyc2/other=58.9/32.2/2.4
    R4-scvamp            n=2560 BLER@1/@2/@8/@16 = 0.954 0.892 0.866 0.866 [0.852,0.879]  BER@16=3.58e-01  NMSE med@1/@16=0.4486/0.4773 ok=0.1215  resc/lost(2->16)=66/0  tauL@1=1.192  fail% stuck/cyc2/other=84.1/0.4/2.1
    M-ours-gmm32         n=2560 BLER@1/@2/@8/@16 = 0.954 0.827 0.620 0.580 [0.561,0.599]  BER@16=2.55e-01  NMSE med@1/@16=0.4434/0.2687 ok=0.1003  resc/lost(2->16)=631/0  tauL@1=2.104  fail% stuck/cyc2/other=11.0/10.8/36.2
    M-ours-bstar         n=2560 BLER@1/@2/@8/@16 = 0.965 0.843 0.582 0.544 [0.524,0.563]  BER@16=2.34e-01  NMSE med@1/@16=0.4194/0.2015 ok=0.0943  resc/lost(2->16)=767/1  tauL@1=2.618  fail% stuck/cyc2/other=9.4/8.6/36.4
    M-ours-dscore-C-V0   n=2560 BLER@1/@2/@8/@16 = 0.956 0.936 0.922 0.904 [0.891,0.914]  BER@16=4.23e-01  NMSE med@1/@16=0.6746/0.5850 ok=0.0755  resc/lost(2->16)=180/96  tauL@1=1.375  fail% stuck/cyc2/other=1.4/7.3/81.6
    M-ours-dscore-C-V1   n=2560 BLER@1/@2/@8/@16 = 0.896 0.698 0.441 0.394 [0.375,0.413]  BER@16=1.72e-01  NMSE med@1/@16=0.3644/0.0756 ok=0.0497  resc/lost(2->16)=777/0  tauL@1=1.717  fail% stuck/cyc2/other=6.8/5.2/27.4
    M-ours-dscore-C-V4   n=2560 BLER@1/@2/@8/@16 = 0.894 0.711 0.461 0.419 [0.400,0.438]  BER@16=1.79e-01  NMSE med@1/@16=0.3731/0.0796 ok=0.0492  resc/lost(2->16)=747/1  tauL@1=1.579  fail% stuck/cyc2/other=10.7/5.8/25.4
    M-ours-dscore-C-V4b  n=2560 BLER@1/@2/@8/@16 = 1.000 1.000 0.994 0.988 [0.982,0.991]  BER@16=4.60e-01  NMSE med@1/@16=35815031007510024.0000/35816329857585636.0000 ok=0.0597  resc/lost(2->16)=32/0  tauL@1=3.000  fail% stuck/cyc2/other=18.8/2.7/77.3
    M-ours-bstar-scalar  n=2560 BLER@1/@2/@8/@16 = 0.954 0.849 0.620 0.571 [0.552,0.591]  BER@16=2.47e-01  NMSE med@1/@16=0.4425/0.2204 ok=0.0947  resc/lost(2->16)=710/0  tauL@1=1.833  fail% stuck/cyc2/other=12.9/12.7/31.6
    R5-genie             n=2560 BLER@1/@2/@8/@16 = 0.255 0.109 0.044 0.036 [0.029,0.043]  BER@16=1.09e-02  NMSE med@1/@16=nan/nan ok=nan  resc/lost(2->16)=189/0  tauL@1=0.781  fail% stuck/cyc2/other=1.6/0.2/1.7
   SNR +0 dB
    R0-pilot             n=2560 BLER@1/@2/@8/@16 = 0.859 0.764 0.661 0.647 [0.629,0.666]  BER@16=2.53e-01  NMSE med@1/@16=0.4023/0.4023 ok=0.2873  resc/lost(2->16)=302/3  tauL@1=1.384  fail% stuck/cyc2/other=37.4/1.6/25.7
    R1-turbo             n=2560 BLER@1/@2/@8/@16 = 0.859 0.641 0.552 0.551 [0.531,0.570]  BER@16=2.27e-01  NMSE med@1/@16=0.4023/0.2218 ok=0.0675  resc/lost(2->16)=231/0  tauL@1=1.384  fail% stuck/cyc2/other=52.6/0.0/2.5
    R2-ours-G            n=2560 BLER@1/@2/@8/@16 = 0.859 0.614 0.382 0.338 [0.319,0.356]  BER@16=1.50e-01  NMSE med@1/@16=0.4023/0.0800 ok=0.0673  resc/lost(2->16)=707/0  tauL@1=1.384  fail% stuck/cyc2/other=4.9/6.6/22.2
    R3-bigamp            n=2560 BLER@1/@2/@8/@16 = 0.864 0.768 0.645 0.616 [0.597,0.634]  BER@16=2.66e-01  NMSE med@1/@16=0.4278/0.3541 ok=0.1575  resc/lost(2->16)=390/1  tauL@1=0.597  fail% stuck/cyc2/other=33.0/3.9/24.7
    R4-llr               n=2560 BLER@1/@2/@8/@16 = 0.854 0.709 0.864 0.866 [0.852,0.878]  BER@16=5.04e-01  NMSE med@1/@16=0.3229/0.7794 ok=0.0673  resc/lost(2->16)=58/458  tauL@1=0.792  fail% stuck/cyc2/other=26.8/54.8/5.0
    R4-scvamp            n=2560 BLER@1/@2/@8/@16 = 0.854 0.714 0.679 0.679 [0.661,0.697]  BER@16=2.76e-01  NMSE med@1/@16=0.3229/0.3390 ok=0.0669  resc/lost(2->16)=89/0  tauL@1=0.792  fail% stuck/cyc2/other=65.2/0.9/1.8
    M-ours-gmm32         n=2560 BLER@1/@2/@8/@16 = 0.834 0.589 0.358 0.314 [0.297,0.333]  BER@16=1.41e-01  NMSE med@1/@16=0.3689/0.0682 ok=0.0571  resc/lost(2->16)=704/0  tauL@1=1.465  fail% stuck/cyc2/other=5.1/5.0/21.3
    M-ours-bstar         n=2560 BLER@1/@2/@8/@16 = 0.861 0.579 0.312 0.276 [0.259,0.294]  BER@16=1.23e-01  NMSE med@1/@16=0.3525/0.0623 ok=0.0532  resc/lost(2->16)=776/0  tauL@1=1.836  fail% stuck/cyc2/other=3.6/3.9/20.2
    M-ours-dscore-C-V0   n=2560 BLER@1/@2/@8/@16 = 0.908 0.906 0.959 0.935 [0.925,0.944]  BER@16=4.42e-01  NMSE med@1/@16=3.1620/0.8291 ok=0.1700  resc/lost(2->16)=107/181  tauL@1=0.190  fail% stuck/cyc2/other=0.2/8.5/84.8
    M-ours-dscore-C-V1   n=2560 BLER@1/@2/@8/@16 = 0.682 0.422 0.220 0.176 [0.162,0.191]  BER@16=7.82e-02  NMSE med@1/@16=0.2781/0.0303 ok=0.0265  resc/lost(2->16)=630/0  tauL@1=1.187  fail% stuck/cyc2/other=2.7/2.3/12.6
    M-ours-dscore-C-V4   n=2560 BLER@1/@2/@8/@16 = 0.702 0.443 0.242 0.212 [0.196,0.228]  BER@16=9.31e-02  NMSE med@1/@16=0.2968/0.0311 ok=0.0261  resc/lost(2->16)=591/0  tauL@1=1.129  fail% stuck/cyc2/other=6.8/2.4/12.0
    M-ours-dscore-C-V4b  n=2560 BLER@1/@2/@8/@16 = 1.000 1.000 0.993 0.988 [0.983,0.992]  BER@16=4.57e-01  NMSE med@1/@16=36069171561505616.0000/36069171561505616.0000 ok=0.0298  resc/lost(2->16)=30/0  tauL@1=3.000  fail% stuck/cyc2/other=21.1/2.3/75.5
    M-ours-bstar-scalar  n=2560 BLER@1/@2/@8/@16 = 0.841 0.603 0.369 0.325 [0.307,0.343]  BER@16=1.45e-01  NMSE med@1/@16=0.3627/0.0658 ok=0.0533  resc/lost(2->16)=713/0  tauL@1=1.266  fail% stuck/cyc2/other=10.5/4.2/17.7
    R5-genie             n=2560 BLER@1/@2/@8/@16 = 0.101 0.035 0.016 0.014 [0.010,0.019]  BER@16=4.40e-03  NMSE med@1/@16=nan/nan ok=nan  resc/lost(2->16)=55/0  tauL@1=0.523  fail% stuck/cyc2/other=0.5/0.3/0.6
   SNR +3 dB
    R0-pilot             n=2560 BLER@1/@2/@8/@16 = 0.743 0.621 0.508 0.488 [0.469,0.507]  BER@16=1.89e-01  NMSE med@1/@16=0.3344/0.3344 ok=0.2406  resc/lost(2->16)=342/0  tauL@1=1.152  fail% stuck/cyc2/other=15.5/2.6/30.7
    R1-turbo             n=2560 BLER@1/@2/@8/@16 = 0.743 0.454 0.366 0.363 [0.345,0.382]  BER@16=1.51e-01  NMSE med@1/@16=0.3344/0.0434 ok=0.0360  resc/lost(2->16)=231/0  tauL@1=1.152  fail% stuck/cyc2/other=33.4/0.0/2.9
    R2-ours-G            n=2560 BLER@1/@2/@8/@16 = 0.743 0.424 0.234 0.209 [0.194,0.226]  BER@16=9.47e-02  NMSE med@1/@16=0.3344/0.0390 ok=0.0358  resc/lost(2->16)=549/0  tauL@1=1.152  fail% stuck/cyc2/other=2.8/4.5/13.7
    R3-bigamp            n=2560 BLER@1/@2/@8/@16 = 0.777 0.666 0.515 0.457 [0.438,0.476]  BER@16=2.04e-01  NMSE med@1/@16=0.3519/0.1044 ok=0.0741  resc/lost(2->16)=535/1  tauL@1=0.304  fail% stuck/cyc2/other=17.1/2.9/25.7
    R4-llr               n=2560 BLER@1/@2/@8/@16 = 0.752 0.595 0.867 0.869 [0.856,0.882]  BER@16=5.79e-01  NMSE med@1/@16=0.2287/1.2757 ok=0.0363  resc/lost(2->16)=83/784  tauL@1=0.600  fail% stuck/cyc2/other=9.5/69.0/8.4
    R4-scvamp            n=2560 BLER@1/@2/@8/@16 = 0.752 0.608 0.573 0.573 [0.553,0.592]  BER@16=2.33e-01  NMSE med@1/@16=0.2287/0.2258 ok=0.0362  resc/lost(2->16)=91/0  tauL@1=0.600  fail% stuck/cyc2/other=52.5/2.0/2.8
    M-ours-gmm32         n=2560 BLER@1/@2/@8/@16 = 0.712 0.425 0.254 0.224 [0.208,0.240]  BER@16=1.01e-01  NMSE med@1/@16=0.3073/0.0343 ok=0.0310  resc/lost(2->16)=515/0  tauL@1=1.114  fail% stuck/cyc2/other=2.5/3.3/16.6
    M-ours-bstar         n=2560 BLER@1/@2/@8/@16 = 0.739 0.399 0.213 0.187 [0.172,0.203]  BER@16=8.64e-02  NMSE med@1/@16=0.3019/0.0321 ok=0.0289  resc/lost(2->16)=542/0  tauL@1=1.438  fail% stuck/cyc2/other=1.9/3.0/13.8
    M-ours-dscore-C-V0   n=2560 BLER@1/@2/@8/@16 = 0.826 0.883 0.963 0.934 [0.924,0.943]  BER@16=4.43e-01  NMSE med@1/@16=1.8360/1.0380 ok=0.2634  resc/lost(2->16)=95/225  tauL@1=0.127  fail% stuck/cyc2/other=0.4/9.5/83.4
    M-ours-dscore-C-V1   n=2560 BLER@1/@2/@8/@16 = 0.518 0.291 0.148 0.126 [0.113,0.139]  BER@16=5.74e-02  NMSE med@1/@16=0.2235/0.0153 ok=0.0139  resc/lost(2->16)=423/0  tauL@1=0.887  fail% stuck/cyc2/other=1.7/2.1/8.8
    M-ours-dscore-C-V4   n=2560 BLER@1/@2/@8/@16 = 0.560 0.311 0.170 0.152 [0.139,0.166]  BER@16=7.03e-02  NMSE med@1/@16=0.2447/0.0155 ok=0.0137  resc/lost(2->16)=406/0  tauL@1=0.856  fail% stuck/cyc2/other=6.0/1.6/7.6
    M-ours-dscore-C-V4b  n=2560 BLER@1/@2/@8/@16 = 1.000 1.000 0.993 0.990 [0.985,0.993]  BER@16=4.54e-01  NMSE med@1/@16=36296346449537952.0000/36306138325170224.0000 ok=0.0188  resc/lost(2->16)=26/0  tauL@1=3.000  fail% stuck/cyc2/other=22.1/2.6/74.3
    M-ours-bstar-scalar  n=2560 BLER@1/@2/@8/@16 = 0.716 0.457 0.268 0.241 [0.224,0.258]  BER@16=1.10e-01  NMSE med@1/@16=0.3113/0.0334 ok=0.0294  resc/lost(2->16)=555/0  tauL@1=0.976  fail% stuck/cyc2/other=6.8/2.7/14.6
    R5-genie             n=2560 BLER@1/@2/@8/@16 = 0.055 0.018 0.007 0.007 [0.005,0.012]  BER@16=2.77e-03  NMSE med@1/@16=nan/nan ok=nan  resc/lost(2->16)=27/0  tauL@1=0.390  fail% stuck/cyc2/other=0.3/0.1/0.4
   SNR +6 dB
    R0-pilot             n=2560 BLER@1/@2/@8/@16 = 0.686 0.550 0.444 0.421 [0.402,0.440]  BER@16=1.68e-01  NMSE med@1/@16=0.2969/0.2969 ok=0.2163  resc/lost(2->16)=333/2  tauL@1=1.035  fail% stuck/cyc2/other=9.1/3.3/29.7
    R1-turbo             n=2560 BLER@1/@2/@8/@16 = 0.686 0.364 0.291 0.288 [0.271,0.306]  BER@16=1.24e-01  NMSE med@1/@16=0.2969/0.0211 ok=0.0184  resc/lost(2->16)=196/0  tauL@1=1.035  fail% stuck/cyc2/other=25.0/0.2/3.5
    R2-ours-G            n=2560 BLER@1/@2/@8/@16 = 0.686 0.340 0.201 0.180 [0.166,0.196]  BER@16=8.21e-02  NMSE med@1/@16=0.2969/0.0199 ok=0.0184  resc/lost(2->16)=408/0  tauL@1=1.035  fail% stuck/cyc2/other=2.1/3.0/12.9
    R3-bigamp            n=2560 BLER@1/@2/@8/@16 = 0.716 0.592 0.436 0.379 [0.360,0.397]  BER@16=1.73e-01  NMSE med@1/@16=0.2825/0.0394 ok=0.0317  resc/lost(2->16)=546/0  tauL@1=0.195  fail% stuck/cyc2/other=8.5/2.9/26.5
    R4-llr               n=2560 BLER@1/@2/@8/@16 = 0.721 0.548 0.871 0.870 [0.856,0.882]  BER@16=6.07e-01  NMSE med@1/@16=0.2034/1.4565 ok=0.0185  resc/lost(2->16)=86/909  tauL@1=0.482  fail% stuck/cyc2/other=5.0/73.7/8.4
    R4-scvamp            n=2560 BLER@1/@2/@8/@16 = 0.721 0.575 0.541 0.540 [0.520,0.559]  BER@16=2.25e-01  NMSE med@1/@16=0.2034/0.1615 ok=0.0185  resc/lost(2->16)=90/1  tauL@1=0.482  fail% stuck/cyc2/other=48.9/2.8/2.2
    M-ours-gmm32         n=2560 BLER@1/@2/@8/@16 = 0.642 0.345 0.217 0.193 [0.178,0.208]  BER@16=8.82e-02  NMSE med@1/@16=0.2800/0.0178 ok=0.0162  resc/lost(2->16)=389/0  tauL@1=0.927  fail% stuck/cyc2/other=1.8/3.1/14.4
    M-ours-bstar         n=2560 BLER@1/@2/@8/@16 = 0.693 0.331 0.192 0.172 [0.158,0.187]  BER@16=8.06e-02  NMSE med@1/@16=0.2825/0.0169 ok=0.0155  resc/lost(2->16)=406/0  tauL@1=1.210  fail% stuck/cyc2/other=1.4/3.1/12.7
    M-ours-dscore-C-V0   n=2560 BLER@1/@2/@8/@16 = 0.778 0.832 0.914 0.890 [0.878,0.902]  BER@16=4.25e-01  NMSE med@1/@16=1.3772/1.1319 ok=0.2399  resc/lost(2->16)=133/282  tauL@1=0.092  fail% stuck/cyc2/other=0.2/10.3/78.5
    M-ours-dscore-C-V1   n=2560 BLER@1/@2/@8/@16 = 0.450 0.241 0.139 0.120 [0.108,0.133]  BER@16=5.60e-02  NMSE med@1/@16=0.2006/0.0080 ok=0.0073  resc/lost(2->16)=309/0  tauL@1=0.633  fail% stuck/cyc2/other=1.7/2.0/8.4
    M-ours-dscore-C-V4   n=2560 BLER@1/@2/@8/@16 = 0.488 0.268 0.164 0.145 [0.132,0.159]  BER@16=6.48e-02  NMSE med@1/@16=0.2168/0.0081 ok=0.0073  resc/lost(2->16)=315/0  tauL@1=0.625  fail% stuck/cyc2/other=5.9/1.2/7.4
    M-ours-dscore-C-V4b  n=2560 BLER@1/@2/@8/@16 = 1.000 1.000 0.993 0.991 [0.987,0.994]  BER@16=4.55e-01  NMSE med@1/@16=36134148054478768.0000/36134148054478768.0000 ok=0.0092  resc/lost(2->16)=23/0  tauL@1=3.000  fail% stuck/cyc2/other=21.6/2.5/75.0
    M-ours-bstar-scalar  n=2560 BLER@1/@2/@8/@16 = 0.658 0.393 0.248 0.226 [0.210,0.243]  BER@16=1.04e-01  NMSE med@1/@16=0.2835/0.0175 ok=0.0156  resc/lost(2->16)=428/0  tauL@1=0.799  fail% stuck/cyc2/other=6.4/2.5/13.6
    R5-genie             n=2560 BLER@1/@2/@8/@16 = 0.037 0.012 0.004 0.004 [0.002,0.008]  BER@16=1.64e-03  NMSE med@1/@16=nan/nan ok=nan  resc/lost(2->16)=20/0  tauL@1=0.290  fail% stuck/cyc2/other=0.2/0.1/0.2
   SNR +9 dB
    R0-pilot             n=2560 BLER@1/@2/@8/@16 = 0.619 0.495 0.384 0.367 [0.349,0.386]  BER@16=1.49e-01  NMSE med@1/@16=0.2648/0.2648 ok=0.1937  resc/lost(2->16)=331/4  tauL@1=0.977  fail% stuck/cyc2/other=6.2/3.9/26.7
    R1-turbo             n=2560 BLER@1/@2/@8/@16 = 0.619 0.298 0.226 0.222 [0.206,0.238]  BER@16=9.92e-02  NMSE med@1/@16=0.2648/0.0102 ok=0.0093  resc/lost(2->16)=195/1  tauL@1=0.977  fail% stuck/cyc2/other=17.9/0.3/4.0
    R2-ours-G            n=2560 BLER@1/@2/@8/@16 = 0.619 0.283 0.175 0.155 [0.142,0.170]  BER@16=7.17e-02  NMSE med@1/@16=0.2648/0.0098 ok=0.0093  resc/lost(2->16)=327/0  tauL@1=0.977  fail% stuck/cyc2/other=1.3/2.4/11.8
    R3-bigamp            n=2560 BLER@1/@2/@8/@16 = 0.669 0.522 0.409 0.357 [0.339,0.376]  BER@16=1.64e-01  NMSE med@1/@16=0.2415/0.0164 ok=0.0135  resc/lost(2->16)=423/0  tauL@1=0.143  fail% stuck/cyc2/other=3.1/2.4/30.2
    R4-llr               n=2560 BLER@1/@2/@8/@16 = 0.690 0.527 0.855 0.855 [0.841,0.869]  BER@16=6.00e-01  NMSE med@1/@16=0.1930/1.4133 ok=0.0093  resc/lost(2->16)=78/920  tauL@1=0.395  fail% stuck/cyc2/other=3.2/73.5/8.8
    R4-scvamp            n=2560 BLER@1/@2/@8/@16 = 0.690 0.554 0.528 0.527 [0.508,0.546]  BER@16=2.26e-01  NMSE med@1/@16=0.1930/0.1424 ok=0.0094  resc/lost(2->16)=71/1  tauL@1=0.395  fail% stuck/cyc2/other=48.1/3.1/1.5
    M-ours-gmm32         n=2560 BLER@1/@2/@8/@16 = 0.574 0.316 0.210 0.176 [0.162,0.191]  BER@16=8.18e-02  NMSE med@1/@16=0.2528/0.0091 ok=0.0084  resc/lost(2->16)=358/0  tauL@1=0.779  fail% stuck/cyc2/other=1.6/3.0/13.0
    M-ours-bstar         n=2560 BLER@1/@2/@8/@16 = 0.620 0.299 0.182 0.162 [0.148,0.176]  BER@16=7.39e-02  NMSE med@1/@16=0.2646/0.0087 ok=0.0081  resc/lost(2->16)=351/0  tauL@1=1.058  fail% stuck/cyc2/other=1.5/2.9/11.8
    M-ours-dscore-C-V0   n=2560 BLER@1/@2/@8/@16 = 0.773 0.799 0.848 0.834 [0.819,0.848]  BER@16=3.94e-01  NMSE med@1/@16=3.0492/0.9154 ok=0.1978  resc/lost(2->16)=188/277  tauL@1=0.056  fail% stuck/cyc2/other=1.1/10.2/72.1
    M-ours-dscore-C-V1   n=2560 BLER@1/@2/@8/@16 = 0.436 0.259 0.149 0.118 [0.106,0.131]  BER@16=5.40e-02  NMSE med@1/@16=0.1858/0.0042 ok=0.0039  resc/lost(2->16)=362/0  tauL@1=0.468  fail% stuck/cyc2/other=0.6/2.0/9.2
    M-ours-dscore-C-V4   n=2560 BLER@1/@2/@8/@16 = 0.455 0.275 0.180 0.163 [0.149,0.177]  BER@16=7.48e-02  NMSE med@1/@16=0.1993/0.0043 ok=0.0038  resc/lost(2->16)=288/0  tauL@1=0.481  fail% stuck/cyc2/other=5.6/2.0/8.7
    M-ours-dscore-C-V4b  n=2560 BLER@1/@2/@8/@16 = 1.000 1.000 0.995 0.991 [0.986,0.994]  BER@16=4.54e-01  NMSE med@1/@16=36208492376372168.0000/36208492376372168.0000 ok=0.0044  resc/lost(2->16)=24/0  tauL@1=3.000  fail% stuck/cyc2/other=20.9/3.1/75.1
    M-ours-bstar-scalar  n=2560 BLER@1/@2/@8/@16 = 0.597 0.348 0.235 0.207 [0.191,0.223]  BER@16=9.59e-02  NMSE med@1/@16=0.2611/0.0089 ok=0.0080  resc/lost(2->16)=363/0  tauL@1=0.688  fail% stuck/cyc2/other=5.2/2.5/13.0
    R5-genie             n=2560 BLER@1/@2/@8/@16 = 0.022 0.004 0.001 0.001 [0.000,0.003]  BER@16=4.08e-04  NMSE med@1/@16=nan/nan ok=nan  resc/lost(2->16)=7/0  tauL@1=0.194  fail% stuck/cyc2/other=0.0/0.0/0.1
   SNR +12 dB
    R0-pilot             n=2560 BLER@1/@2/@8/@16 = 0.586 0.467 0.377 0.359 [0.340,0.377]  BER@16=1.49e-01  NMSE med@1/@16=0.2596/0.2596 ok=0.1794  resc/lost(2->16)=279/2  tauL@1=0.967  fail% stuck/cyc2/other=4.5/3.6/27.8
    R1-turbo             n=2560 BLER@1/@2/@8/@16 = 0.586 0.265 0.186 0.178 [0.163,0.193]  BER@16=8.09e-02  NMSE med@1/@16=0.2596/0.0050 ok=0.0047  resc/lost(2->16)=224/0  tauL@1=0.967  fail% stuck/cyc2/other=13.8/0.1/3.9
    R2-ours-G            n=2560 BLER@1/@2/@8/@16 = 0.586 0.259 0.149 0.131 [0.119,0.145]  BER@16=6.09e-02  NMSE med@1/@16=0.2596/0.0049 ok=0.0047  resc/lost(2->16)=328/1  tauL@1=0.967  fail% stuck/cyc2/other=1.0/2.2/9.9
    R3-bigamp            n=2560 BLER@1/@2/@8/@16 = 0.647 0.507 0.411 0.384 [0.365,0.403]  BER@16=1.79e-01  NMSE med@1/@16=0.2159/0.0073 ok=0.0058  resc/lost(2->16)=315/0  tauL@1=0.118  fail% stuck/cyc2/other=1.1/4.1/33.2
    R4-llr               n=2560 BLER@1/@2/@8/@16 = 0.696 0.550 0.841 0.840 [0.826,0.854]  BER@16=5.79e-01  NMSE med@1/@16=0.2265/1.2952 ok=0.0047  resc/lost(2->16)=92/836  tauL@1=0.338  fail% stuck/cyc2/other=2.6/73.6/7.9
    R4-scvamp            n=2560 BLER@1/@2/@8/@16 = 0.696 0.570 0.552 0.552 [0.532,0.571]  BER@16=2.35e-01  NMSE med@1/@16=0.2265/0.2143 ok=0.0047  resc/lost(2->16)=52/5  tauL@1=0.338  fail% stuck/cyc2/other=50.8/3.6/0.7
    M-ours-gmm32         n=2560 BLER@1/@2/@8/@16 = 0.560 0.309 0.209 0.175 [0.161,0.190]  BER@16=8.18e-02  NMSE med@1/@16=0.2534/0.0047 ok=0.0044  resc/lost(2->16)=342/0  tauL@1=0.698  fail% stuck/cyc2/other=1.5/3.4/12.5
    M-ours-bstar         n=2560 BLER@1/@2/@8/@16 = 0.604 0.295 0.180 0.155 [0.141,0.169]  BER@16=7.18e-02  NMSE med@1/@16=0.2577/0.0045 ok=0.0042  resc/lost(2->16)=359/0  tauL@1=0.979  fail% stuck/cyc2/other=1.1/2.7/11.7
    M-ours-dscore-C-V0   n=2560 BLER@1/@2/@8/@16 = 0.661 0.686 0.704 0.686 [0.668,0.704]  BER@16=3.18e-01  NMSE med@1/@16=0.8588/0.6052 ok=0.1307  resc/lost(2->16)=286/287  tauL@1=0.070  fail% stuck/cyc2/other=1.4/9.2/58.0
    M-ours-dscore-C-V1   n=2560 BLER@1/@2/@8/@16 = 0.432 0.264 0.168 0.136 [0.124,0.150]  BER@16=6.37e-02  NMSE med@1/@16=0.1788/0.0023 ok=0.0022  resc/lost(2->16)=328/0  tauL@1=0.368  fail% stuck/cyc2/other=1.0/2.8/9.8
    M-ours-dscore-C-V4   n=2560 BLER@1/@2/@8/@16 = 0.442 0.265 0.186 0.162 [0.148,0.177]  BER@16=7.60e-02  NMSE med@1/@16=0.1906/0.0024 ok=0.0022  resc/lost(2->16)=264/0  tauL@1=0.407  fail% stuck/cyc2/other=5.1/2.0/9.1
    M-ours-dscore-C-V4b  n=2560 BLER@1/@2/@8/@16 = 1.000 1.000 0.992 0.989 [0.985,0.993]  BER@16=4.55e-01  NMSE med@1/@16=36171753859419984.0000/36171753859419984.0000 ok=0.0021  resc/lost(2->16)=26/0  tauL@1=3.000  fail% stuck/cyc2/other=19.6/2.7/76.7
    M-ours-bstar-scalar  n=2560 BLER@1/@2/@8/@16 = 0.578 0.324 0.237 0.206 [0.191,0.222]  BER@16=9.56e-02  NMSE med@1/@16=0.2464/0.0046 ok=0.0042  resc/lost(2->16)=302/0  tauL@1=0.635  fail% stuck/cyc2/other=3.9/3.4/13.4
    R5-genie             n=2560 BLER@1/@2/@8/@16 = 0.014 0.002 0.001 0.001 [0.000,0.003]  BER@16=2.72e-04  NMSE med@1/@16=nan/nan ok=nan  resc/lost(2->16)=2/0  tauL@1=0.124  fail% stuck/cyc2/other=0.0/0.0/0.1
   SNR +15 dB
    R0-pilot             n=2560 BLER@1/@2/@8/@16 = 0.571 0.448 0.361 0.345 [0.327,0.364]  BER@16=1.43e-01  NMSE med@1/@16=0.2420/0.2420 ok=0.1645  resc/lost(2->16)=265/2  tauL@1=0.950  fail% stuck/cyc2/other=4.0/4.6/25.9
    R1-turbo             n=2560 BLER@1/@2/@8/@16 = 0.571 0.234 0.164 0.158 [0.144,0.172]  BER@16=7.12e-02  NMSE med@1/@16=0.2420/0.0025 ok=0.0024  resc/lost(2->16)=194/0  tauL@1=0.950  fail% stuck/cyc2/other=12.0/0.1/3.7
    R2-ours-G            n=2560 BLER@1/@2/@8/@16 = 0.571 0.226 0.132 0.119 [0.107,0.132]  BER@16=5.47e-02  NMSE med@1/@16=0.2420/0.0025 ok=0.0023  resc/lost(2->16)=275/0  tauL@1=0.950  fail% stuck/cyc2/other=0.9/2.3/8.7
    R3-bigamp            n=2560 BLER@1/@2/@8/@16 = 0.610 0.486 0.402 0.373 [0.355,0.392]  BER@16=1.74e-01  NMSE med@1/@16=0.1894/0.0033 ok=0.0027  resc/lost(2->16)=295/5  tauL@1=0.103  fail% stuck/cyc2/other=1.1/4.1/32.1
    R4-llr               n=2560 BLER@1/@2/@8/@16 = 0.725 0.577 0.817 0.818 [0.803,0.833]  BER@16=5.40e-01  NMSE med@1/@16=0.2810/1.0933 ok=0.0024  resc/lost(2->16)=115/734  tauL@1=0.283  fail% stuck/cyc2/other=2.5/65.9/13.4
    R4-scvamp            n=2560 BLER@1/@2/@8/@16 = 0.725 0.605 0.577 0.577 [0.558,0.596]  BER@16=2.52e-01  NMSE med@1/@16=0.2810/0.2523 ok=0.0024  resc/lost(2->16)=71/0  tauL@1=0.283  fail% stuck/cyc2/other=52.3/4.5/1.0
    M-ours-gmm32         n=2560 BLER@1/@2/@8/@16 = 0.534 0.282 0.184 0.157 [0.143,0.172]  BER@16=7.40e-02  NMSE med@1/@16=0.2340/0.0023 ok=0.0022  resc/lost(2->16)=319/0  tauL@1=0.651  fail% stuck/cyc2/other=1.3/3.5/10.9
    M-ours-bstar         n=2560 BLER@1/@2/@8/@16 = 0.609 0.270 0.171 0.146 [0.133,0.160]  BER@16=6.80e-02  NMSE med@1/@16=0.2508/0.0023 ok=0.0021  resc/lost(2->16)=319/0  tauL@1=0.909  fail% stuck/cyc2/other=1.1/3.2/10.2
    M-ours-dscore-C-V0   n=2560 BLER@1/@2/@8/@16 = 0.608 0.612 0.556 0.528 [0.509,0.547]  BER@16=2.42e-01  NMSE med@1/@16=0.5714/0.3501 ok=0.0224  resc/lost(2->16)=404/189  tauL@1=0.073  fail% stuck/cyc2/other=1.9/8.8/42.1
    M-ours-dscore-C-V1   n=2560 BLER@1/@2/@8/@16 = 0.449 0.296 0.196 0.159 [0.145,0.173]  BER@16=7.20e-02  NMSE med@1/@16=0.1679/0.0013 ok=0.0012  resc/lost(2->16)=352/1  tauL@1=0.282  fail% stuck/cyc2/other=1.2/3.7/11.0
    M-ours-dscore-C-V4   n=2560 BLER@1/@2/@8/@16 = 0.440 0.273 0.192 0.169 [0.155,0.184]  BER@16=7.76e-02  NMSE med@1/@16=0.1759/0.0013 ok=0.0012  resc/lost(2->16)=267/1  tauL@1=0.360  fail% stuck/cyc2/other=5.4/3.0/8.4
    M-ours-dscore-C-V4b  n=2560 BLER@1/@2/@8/@16 = 1.000 0.999 0.993 0.987 [0.982,0.991]  BER@16=4.52e-01  NMSE med@1/@16=36073226924245136.0000/36073226924245136.0000 ok=0.0012  resc/lost(2->16)=31/0  tauL@1=3.000  fail% stuck/cyc2/other=20.7/2.8/75.2
    M-ours-bstar-scalar  n=2560 BLER@1/@2/@8/@16 = 0.565 0.312 0.218 0.198 [0.183,0.214]  BER@16=9.19e-02  NMSE med@1/@16=0.2336/0.0023 ok=0.0021  resc/lost(2->16)=291/0  tauL@1=0.605  fail% stuck/cyc2/other=4.0/4.0/11.8
    R5-genie             n=2560 BLER@1/@2/@8/@16 = 0.012 0.001 0.000 0.000 [-0.000,0.001]  BER@16=0.00e+00  NMSE med@1/@16=nan/nan ok=nan  resc/lost(2->16)=3/0  tauL@1=0.073  fail% stuck/cyc2/other=0.0/0.0/0.0

  SNR@BLER 0.1 (log-linear interpolation; '<=x' already below at the lowest grid point, '>x' never reached)
  and the SNR@0.1 gain over R2-ours-G with a 90% PAIRED bootstrap CI (same resampled trials for both arms).
  SIGN CONVENTION (spelled out the same way as table B, so it cannot be read inverted): the number is
  SNR@0.1(this arm) MINUS SNR@0.1(R2-ours-G).  + dB = this arm needs MORE SNR than R2-ours-G to reach
  BLER 0.1;  - dB = it needs LESS.
    arm                  SNR@0.1   SNR@0.1 gap (this arm minus R2-ours-G)
    R0-pilot (@1)          >  15   n/a (>  15 vs >  15) — extend the SNR grid
    pilot_C (@16)          >  15   n/a (>  15 vs >  15) — extend the SNR grid
    R1-turbo               >  15   n/a (>  15 vs >  15) — extend the SNR grid
    R2-ours-G              >  15   -- (reference)
    R3-bigamp              >  15   n/a (>  15 vs >  15) — extend the SNR grid
    R4-llr                 >  15   n/a (>  15 vs >  15) — extend the SNR grid
    R4-scvamp              >  15   n/a (>  15 vs >  15) — extend the SNR grid
    M-ours-gmm32           >  15   n/a (>  15 vs >  15) — extend the SNR grid
    M-ours-bstar           >  15   n/a (>  15 vs >  15) — extend the SNR grid
    M-ours-dscore-C-V0     >  15   n/a (>  15 vs >  15) — extend the SNR grid
    M-ours-dscore-C-V1     >  15   n/a (>  15 vs >  15) — extend the SNR grid
    M-ours-dscore-C-V4     >  15   n/a (>  15 vs >  15) — extend the SNR grid
    M-ours-dscore-C-V4b    >  15   n/a (>  15 vs >  15) — extend the SNR grid
    M-ours-bstar-scalar    >  15   n/a (>  15 vs >  15) — extend the SNR grid
    R5-genie              <=  -3   n/a (<=  -3 vs >  15) — extend the SNR grid

  failure classes at @16, as a fraction of ALL blocks (exp_0921 operational definition; diverged = the arm's own flag, raised = the arm threw on that block (runner.py '<arm>|failed'); diverged AND raised blocks are KEPT in every mean above, a raised block counting as a block error):
    arm  [stuck/cyc2/other/diverged/raised]              -3 dB                           +0 dB                           +3 dB                           +6 dB                           +9 dB                           +12 dB                          +15 dB             
    R0-pilot (@1)                                         n/a                             n/a                             n/a                             n/a                             n/a                             n/a                             n/a                 (1-pass arm: no trajectory to classify)
    pilot_C (@16)                            0.793/0.005/0.080/n/a  /0.000   0.374/0.016/0.257/n/a  /0.000   0.155/0.026/0.307/n/a  /0.000   0.091/0.033/0.297/n/a  /0.000   0.062/0.039/0.267/n/a  /0.000   0.045/0.036/0.278/n/a  /0.000   0.040/0.046/0.259/n/a  /0.000  
    R1-turbo                                 0.777/0.000/0.018/n/a  /0.000   0.526/0.000/0.025/n/a  /0.000   0.334/0.000/0.029/n/a  /0.000   0.250/0.002/0.035/n/a  /0.000   0.179/0.003/0.040/n/a  /0.000   0.138/0.001/0.039/n/a  /0.000   0.120/0.001/0.037/n/a  /0.000  
    R2-ours-G                                0.126/0.187/0.297/n/a  /0.000   0.049/0.066/0.222/n/a  /0.000   0.028/0.045/0.137/n/a  /0.000   0.021/0.030/0.129/n/a  /0.000   0.013/0.024/0.118/n/a  /0.000   0.010/0.022/0.099/n/a  /0.000   0.009/0.023/0.087/n/a  /0.000  
    R3-bigamp                                0.607/0.050/0.175/0.000/0.000   0.330/0.039/0.247/0.000/0.000   0.171/0.029/0.257/0.000/0.000   0.085/0.029/0.265/0.000/0.000   0.031/0.024/0.302/0.000/0.000   0.011/0.041/0.332/0.000/0.000   0.011/0.041/0.321/0.000/0.000  
    R4-llr                                   0.589/0.322/0.024/0.000/0.000   0.268/0.548/0.050/0.000/0.000   0.095/0.690/0.084/0.000/0.000   0.050/0.737/0.084/0.000/0.000   0.032/0.735/0.088/0.000/0.000   0.026/0.736/0.079/0.000/0.000   0.025/0.659/0.134/0.000/0.000  
    R4-scvamp                                0.841/0.004/0.021/0.000/0.000   0.652/0.009/0.018/0.000/0.000   0.525/0.020/0.028/0.000/0.000   0.489/0.028/0.022/0.000/0.000   0.481/0.031/0.015/0.000/0.000   0.508/0.036/0.007/0.000/0.000   0.523/0.045/0.010/0.000/0.000  
    M-ours-gmm32                             0.110/0.108/0.362/n/a  /0.000   0.051/0.050/0.213/n/a  /0.000   0.025/0.033/0.166/n/a  /0.000   0.018/0.031/0.144/n/a  /0.000   0.016/0.030/0.130/n/a  /0.000   0.015/0.034/0.125/n/a  /0.000   0.013/0.035/0.109/n/a  /0.000  
    M-ours-bstar                             0.094/0.086/0.364/n/a  /0.000   0.036/0.039/0.202/n/a  /0.000   0.019/0.030/0.138/n/a  /0.000   0.014/0.031/0.127/n/a  /0.000   0.015/0.029/0.118/n/a  /0.000   0.011/0.027/0.117/n/a  /0.000   0.011/0.032/0.102/n/a  /0.000  
    M-ours-dscore-C-V0                       0.014/0.073/0.816/n/a  /0.000   0.002/0.085/0.848/n/a  /0.000   0.004/0.095/0.834/n/a  /0.000   0.002/0.103/0.785/n/a  /0.000   0.011/0.102/0.721/n/a  /0.000   0.014/0.092/0.580/n/a  /0.000   0.019/0.088/0.421/n/a  /0.000  
    M-ours-dscore-C-V1                       0.068/0.052/0.274/n/a  /0.000   0.027/0.023/0.126/n/a  /0.000   0.017/0.021/0.088/n/a  /0.000   0.017/0.020/0.084/n/a  /0.000   0.006/0.020/0.092/n/a  /0.000   0.010/0.028/0.098/n/a  /0.000   0.012/0.037/0.110/n/a  /0.000  
    M-ours-dscore-C-V4                       0.107/0.058/0.254/n/a  /0.000   0.068/0.024/0.120/n/a  /0.000   0.060/0.016/0.076/n/a  /0.000   0.059/0.012/0.074/n/a  /0.000   0.056/0.020/0.087/n/a  /0.000   0.051/0.020/0.091/n/a  /0.000   0.054/0.030/0.084/n/a  /0.000  
    M-ours-dscore-C-V4b                      0.188/0.027/0.773/n/a  /0.000   0.211/0.023/0.755/n/a  /0.000   0.221/0.026/0.743/n/a  /0.000   0.216/0.025/0.750/n/a  /0.000   0.209/0.031/0.751/n/a  /0.000   0.196/0.027/0.767/n/a  /0.000   0.207/0.028/0.752/n/a  /0.000  
    M-ours-bstar-scalar                      0.129/0.127/0.316/n/a  /0.000   0.105/0.042/0.177/n/a  /0.000   0.068/0.027/0.146/n/a  /0.000   0.064/0.025/0.136/n/a  /0.000   0.052/0.025/0.130/n/a  /0.000   0.039/0.034/0.134/n/a  /0.000   0.040/0.040/0.118/n/a  /0.000  
    R5-genie                                 0.016/0.002/0.017/n/a  /0.000   0.005/0.003/0.006/n/a  /0.000   0.003/0.001/0.004/n/a  /0.000   0.002/0.001/0.002/n/a  /0.000   0.000/0.000/0.001/n/a  /0.000   0.000/0.000/0.001/n/a  /0.000   0.000/0.000/0.000/n/a  /0.000  

  clip firing rates, mean over trials x iterations (tauL = variance-floor clip of the detector site, alphaD = alpha^D clip to [eps, 1-eps]):
    arm                             -3 dB             +0 dB             +3 dB             +6 dB             +9 dB            +12 dB            +15 dB
    R0-pilot              0.0000/0.0063     0.0000/0.1889     0.0005/0.3950     0.0021/0.4889     0.0051/0.5657     0.0078/0.5835     0.0111/0.6134  
    R1-turbo              0.0000/0.4303     0.0004/0.6981     0.0022/0.8109     0.0043/0.8507     0.0067/0.8730     0.0077/0.8818     0.0072/0.8901  
    R2-ours-G             0.0001/0.2663     0.0033/0.5554     0.0143/0.7243     0.0225/0.7902     0.0225/0.8276     0.0185/0.8535     0.0141/0.8720  
    R3-bigamp             0.0000/0.0000     0.0000/0.0000     0.0000/0.0000     0.0000/0.0000     0.0000/0.0000     0.0000/0.0000     0.0000/0.0000  
    R4-llr                0.1795/0.0000     0.3414/0.0000     0.4229/0.0000     0.4610/0.0000     0.4811/0.0000     0.4876/0.0000     0.4435/0.0000  
    R4-scvamp             0.1905/0.4008     0.2381/0.5588     0.2566/0.6318     0.2795/0.6899     0.2963/0.7428     0.3132/0.7736     0.3235/0.7954  
    M-ours-gmm32          0.0000/0.2897     0.0040/0.5736     0.0152/0.7128     0.0252/0.7792     0.0268/0.8154     0.0259/0.8369     0.0201/0.8632  
    M-ours-bstar          0.0001/0.3097     0.0011/0.5960     0.0104/0.7277     0.0199/0.7869     0.0220/0.8183     0.0229/0.8376     0.0186/0.8543  
    M-ours-dscore-C-V0    0.1363/0.3493     0.1415/0.3717     0.1330/0.4076     0.1039/0.4674     0.0803/0.5602     0.0549/0.6816     0.0366/0.7736  
    M-ours-dscore-C-V1    0.0000/0.4564     0.0011/0.7007     0.0062/0.8039     0.0133/0.8480     0.0170/0.8640     0.0175/0.8747     0.0180/0.8804  
    M-ours-dscore-C-V4    0.0000/0.4483     0.0018/0.6941     0.0068/0.8034     0.0109/0.8449     0.0136/0.8631     0.0135/0.8787     0.0118/0.8892  
    M-ours-dscore-C-V4b   0.0009/0.0088     0.0004/0.0089     0.0009/0.0102     0.0008/0.0135     0.0011/0.0137     0.0009/0.0159     0.0011/0.0223  
    M-ours-bstar-scalar   0.0000/0.2998     0.0024/0.5792     0.0129/0.7157     0.0198/0.7780     0.0246/0.8176     0.0233/0.8340     0.0174/0.8558  
    R5-genie              0.0000/0.8672     0.0000/0.9457     0.0000/0.9692     0.0000/0.9824     0.0000/0.9901     0.0000/0.9927     0.0000/0.9949  

  NMSE_H@16 median, WITH and WITHOUT the failed blocks (08_SPEC §5: both versions, never only one):
    arm                                   -3 dB                   +0 dB                   +3 dB                   +6 dB                   +9 dB                  +12 dB                  +15 dB     [all blocks / success-only]
    R0-pilot                4.947e-01/3.447e-01     4.023e-01/2.873e-01     3.344e-01/2.406e-01     2.969e-01/2.163e-01     2.648e-01/1.937e-01     2.596e-01/1.794e-01     2.420e-01/1.645e-01
    R1-turbo                4.361e-01/1.220e-01     2.218e-01/6.752e-02     4.337e-02/3.604e-02     2.112e-02/1.839e-02     1.016e-02/9.258e-03     5.021e-03/4.706e-03     2.494e-03/2.350e-03
    R2-ours-G               3.436e-01/1.211e-01     8.004e-02/6.734e-02     3.900e-02/3.580e-02     1.991e-02/1.843e-02     9.833e-03/9.251e-03     4.907e-03/4.687e-03     2.453e-03/2.348e-03
    R3-bigamp               5.224e-01/2.942e-01     3.541e-01/1.575e-01     1.044e-01/7.411e-02     3.938e-02/3.167e-02     1.637e-02/1.350e-02     7.332e-03/5.821e-03     3.317e-03/2.670e-03
    R4-llr                  6.117e-01/1.252e-01     7.794e-01/6.733e-02     1.276e+00/3.633e-02     1.456e+00/1.846e-02     1.413e+00/9.253e-03     1.295e+00/4.724e-03     1.093e+00/2.363e-03
    R4-scvamp               4.773e-01/1.215e-01     3.390e-01/6.686e-02     2.258e-01/3.619e-02     1.615e-01/1.852e-02     1.424e-01/9.354e-03     2.143e-01/4.720e-03     2.523e-01/2.355e-03
    M-ours-gmm32            2.687e-01/1.003e-01     6.818e-02/5.708e-02     3.435e-02/3.104e-02     1.782e-02/1.617e-02     9.082e-03/8.428e-03     4.731e-03/4.401e-03     2.333e-03/2.188e-03
    M-ours-bstar            2.015e-01/9.433e-02     6.233e-02/5.320e-02     3.214e-02/2.888e-02     1.689e-02/1.548e-02     8.748e-03/8.139e-03     4.531e-03/4.231e-03     2.258e-03/2.118e-03
    M-ours-dscore-C-V0      5.850e-01/7.551e-02     8.291e-01/1.700e-01     1.038e+00/2.634e-01     1.132e+00/2.399e-01     9.154e-01/1.978e-01     6.052e-01/1.307e-01     3.501e-01/2.236e-02
    M-ours-dscore-C-V1      7.563e-02/4.969e-02     3.025e-02/2.648e-02     1.528e-02/1.386e-02     7.998e-03/7.346e-03     4.208e-03/3.859e-03     2.349e-03/2.159e-03     1.315e-03/1.180e-03
    M-ours-dscore-C-V4      7.956e-02/4.924e-02     3.112e-02/2.611e-02     1.550e-02/1.375e-02     8.061e-03/7.282e-03     4.296e-03/3.806e-03     2.407e-03/2.169e-03     1.316e-03/1.175e-03
    M-ours-dscore-C-V4b     3.582e+16/5.970e-02     3.607e+16/2.981e-02     3.631e+16/1.880e-02     3.613e+16/9.153e-03     3.621e+16/4.449e-03     3.617e+16/2.146e-03     3.607e+16/1.166e-03
    M-ours-bstar-scalar     2.204e-01/9.465e-02     6.578e-02/5.328e-02     3.340e-02/2.939e-02     1.745e-02/1.556e-02     8.853e-03/8.042e-03     4.624e-03/4.194e-03     2.308e-03/2.121e-03
    R5-genie                            nan/nan                 nan/nan                 nan/nan                 nan/nan                 nan/nan                 nan/nan                 nan/nan

  fit / training cost (GMM EM wall-clock, seconds; 01_RULES §5 -- not hidden, 'n/a' where there is no fit):
    R0-pilot                  n/a s
    R1-turbo                  n/a s
    R2-ours-G                 n/a s
    R3-bigamp                 n/a s
    R4-llr                    n/a s
    R4-scvamp                 n/a s
    M-ours-gmm32            487.1 s
    M-ours-bstar          14280.9 s
    M-ours-dscore-C-V0      672.4 s
    M-ours-dscore-C-V1      672.4 s
    M-ours-dscore-C-V4      672.4 s
    M-ours-dscore-C-V4b       n/a s
    M-ours-bstar-scalar   14280.9 s
    R5-genie                  n/a s

============================== TABLE B -- paired comparisons (08_SPEC §2) ==============================
Only the pairs listed in 08_SPEC §2 are computed; all-pairs is not done (multiple-comparison problem).
Sign test is paired per block (same channel/noise realisation, 06_SPEC §2). 'a:b' = only-first-fails : only-second-fails.
POWER GUARD (R6/R7, pre-registered): >= 3 decision points AND >= 6 discordant pairs at >= 2 of them,
otherwise UNDECIDED is printed and no significance call is made.
The decision SNRs of a pair are anchored on its BASELINE member (exp_0925's pre-registered rule; never on one
of our arms, which would let our own arm choose where it is evaluated). The anchor arm is printed on every row.

--- cell C1  prior S2  testbed D2   SNR grid ['-3', '+0', '+3', '+6', '+9', '+12', '+15']
  R1-turbo -> R2-ours-G        [decision-point anchor arm: R1-turbo]
    decision SNRs ['+9', '+12', '+15'] (anchor R1-turbo: |log10(BLER@16 of R1-turbo / 0.1)| smallest, BLER in [0.005, 0.9])
    sign test @16: +9 dB 254:19 p=1.2e-53  +12 dB 240:22 p=1.7e-47  +15 dB 234:31 p=1e-39   pooled 728:72 p=2.1e-137
    power guard: 3 decision points, 3 with >= 6 discordant pairs -> POWERED
    two-sided sign test at p < .05: second arm fewer failures at 3/3 points, first arm fewer failures at 0/3 points -> significant
    SNR@0.1 gap (R1-turbo minus R2-ours-G): n/a (>  15 vs >  15) — extend the SNR grid
  R2-ours-G -> M-ours-gmm32        [decision-point anchor arm: R2-ours-G]
    decision SNRs ['+9', '+12', '+15'] (anchor R2-ours-G: |log10(BLER@16 of R2-ours-G / 0.1)| smallest, BLER in [0.005, 0.9])
    sign test @16: +9 dB 349:495 p=5.6e-07  +12 dB 355:491 p=3.3e-06  +15 dB 371:488 p=7.4e-05   pooled 1075:1474 p=2.8e-15
    power guard: 3 decision points, 3 with >= 6 discordant pairs -> POWERED
    two-sided sign test at p < .05: second arm fewer failures at 0/3 points, first arm fewer failures at 3/3 points -> significant
    SNR@0.1 gap (R2-ours-G minus M-ours-gmm32): n/a (>  15 vs >  15) — extend the SNR grid
  R2-ours-G -> M-ours-bstar        [decision-point anchor arm: R2-ours-G]
    decision SNRs ['+9', '+12', '+15'] (anchor R2-ours-G: |log10(BLER@16 of R2-ours-G / 0.1)| smallest, BLER in [0.005, 0.9])
    sign test @16: +9 dB 413:405 p=0.81  +12 dB 391:407 p=0.6  +15 dB 391:464 p=0.014   pooled 1195:1276 p=0.11
    power guard: 3 decision points, 3 with >= 6 discordant pairs -> POWERED
    two-sided sign test at p < .05: second arm fewer failures at 0/3 points, first arm fewer failures at 1/3 points -> not significant
    SNR@0.1 gap (R2-ours-G minus M-ours-bstar): n/a (>  15 vs >  15) — extend the SNR grid
  R2-ours-G -> R4-scvamp        [decision-point anchor arm: R2-ours-G]
    decision SNRs ['+9', '+12', '+15'] (anchor R2-ours-G: |log10(BLER@16 of R2-ours-G / 0.1)| smallest, BLER in [0.005, 0.9])
    sign test @16: +9 dB 17:1123 p=3.1e-306  +12 dB 33:1259 p=9.9e-324  +15 dB 19:1418 p=0   pooled 69:3800 p=0
    power guard: 3 decision points, 3 with >= 6 discordant pairs -> POWERED
    two-sided sign test at p < .05: second arm fewer failures at 0/3 points, first arm fewer failures at 3/3 points -> significant
    SNR@0.1 gap (R2-ours-G minus R4-scvamp): n/a (>  15 vs >  15) — extend the SNR grid
  R4-llr -> R4-scvamp        [decision-point anchor arm: R4-llr]
    decision SNRs ['+3'] (anchor R4-llr: |log10(BLER@16 of R4-llr / 0.1)| smallest, BLER in [0.005, 0.9])
    sign test @16: +3 dB 243:41 p=4.3e-36   pooled 243:41 p=4.3e-36
    power guard: 1 decision points (needs 3), discordant-pair counts [284] (needs >= 6 at >= 2) -> UNDECIDED
    UNDECIDED -- no significance call is made (08_SPEC §2). Raise n or extend the SNR grid.
    SNR@0.1 gap (R4-llr minus R4-scvamp): n/a (>  15 vs >  15) — extend the SNR grid
  R2-ours-G -> R3-bigamp        [decision-point anchor arm: R2-ours-G]
    decision SNRs ['+9', '+12', '+15'] (anchor R2-ours-G: |log10(BLER@16 of R2-ours-G / 0.1)| smallest, BLER in [0.005, 0.9])
    sign test @16: +9 dB 59:923 p=2.2e-200  +12 dB 43:1011 p=7.2e-241  +15 dB 42:1090 p=2.1e-264   pooled 144:3024 p=0
    power guard: 3 decision points, 3 with >= 6 discordant pairs -> POWERED
    two-sided sign test at p < .05: second arm fewer failures at 0/3 points, first arm fewer failures at 3/3 points -> significant
    SNR@0.1 gap (R2-ours-G minus R3-bigamp): n/a (>  15 vs >  15) — extend the SNR grid
  M-ours-gmm32 -> R5-genie        [decision-point anchor arm: R5-genie]
    decision SNRs ['-3', '+0', '+3'] (anchor R5-genie: |log10(BLER@16 of R5-genie / 0.1)| smallest, BLER in [0.005, 0.9])
    sign test @16: -3 dB 1945:1 p=0  +0 dB 1465:0 p=0  +3 dB 1289:0 p=0   pooled 4699:1 p=0
    power guard: 3 decision points, 3 with >= 6 discordant pairs -> POWERED
    two-sided sign test at p < .05: second arm fewer failures at 3/3 points, first arm fewer failures at 0/3 points -> significant
    SNR@0.1 gap (M-ours-gmm32 minus R5-genie): n/a (>  15 vs <=  -3) — extend the SNR grid
  M-ours-bstar -> R5-genie        [decision-point anchor arm: R5-genie]
    decision SNRs ['-3', '+0', '+3'] (anchor R5-genie: |log10(BLER@16 of R5-genie / 0.1)| smallest, BLER in [0.005, 0.9])
    sign test @16: -3 dB 1898:2 p=0  +0 dB 1393:1 p=0  +3 dB 1176:0 p=0   pooled 4467:3 p=0
    power guard: 3 decision points, 3 with >= 6 discordant pairs -> POWERED
    two-sided sign test at p < .05: second arm fewer failures at 3/3 points, first arm fewer failures at 0/3 points -> significant
    SNR@0.1 gap (M-ours-bstar minus R5-genie): n/a (>  15 vs <=  -3) — extend the SNR grid
  R2-ours-G -> M-ours-dscore-C-V0        [decision-point anchor arm: R2-ours-G]
    decision SNRs ['+9', '+12', '+15'] (anchor R2-ours-G: |log10(BLER@16 of R2-ours-G / 0.1)| smallest, BLER in [0.005, 0.9])
    sign test @16: +9 dB 31:1383 p=0  +12 dB 45:1309 p=2e-323  +15 dB 78:1191 p=1.9e-256   pooled 154:3883 p=0
    power guard: 3 decision points, 3 with >= 6 discordant pairs -> POWERED
    two-sided sign test at p < .05: second arm fewer failures at 0/3 points, first arm fewer failures at 3/3 points -> significant
    SNR@0.1 gap (R2-ours-G minus M-ours-dscore-C-V0): n/a (>  15 vs >  15) — extend the SNR grid
  R2-ours-G -> M-ours-dscore-C-V1        [decision-point anchor arm: R2-ours-G]
    decision SNRs ['+9', '+12', '+15'] (anchor R2-ours-G: |log10(BLER@16 of R2-ours-G / 0.1)| smallest, BLER in [0.005, 0.9])
    sign test @16: +9 dB 401:454 p=0.075  +12 dB 370:463 p=0.0014  +15 dB 336:581 p=5.2e-16   pooled 1107:1498 p=1.9e-14
    power guard: 3 decision points, 3 with >= 6 discordant pairs -> POWERED
    two-sided sign test at p < .05: second arm fewer failures at 0/3 points, first arm fewer failures at 2/3 points -> significant
    SNR@0.1 gap (R2-ours-G minus M-ours-dscore-C-V1): n/a (>  15 vs >  15) — extend the SNR grid
  R2-ours-G -> M-ours-dscore-C-V4        [decision-point anchor arm: R2-ours-G]
    decision SNRs ['+9', '+12', '+15'] (anchor R2-ours-G: |log10(BLER@16 of R2-ours-G / 0.1)| smallest, BLER in [0.005, 0.9])
    sign test @16: +9 dB 386:361 p=0.38  +12 dB 395:376 p=0.52  +15 dB 355:425 p=0.013   pooled 1136:1162 p=0.6
    power guard: 3 decision points, 3 with >= 6 discordant pairs -> POWERED
    two-sided sign test at p < .05: second arm fewer failures at 0/3 points, first arm fewer failures at 1/3 points -> not significant
    SNR@0.1 gap (R2-ours-G minus M-ours-dscore-C-V4): n/a (>  15 vs >  15) — extend the SNR grid
  R2-ours-G -> M-ours-dscore-C-V4b        [decision-point anchor arm: R2-ours-G]
    decision SNRs ['+9', '+12', '+15'] (anchor R2-ours-G: |log10(BLER@16 of R2-ours-G / 0.1)| smallest, BLER in [0.005, 0.9])
    sign test @16: +9 dB 2:1494 p=0  +12 dB 2:1573 p=0  +15 dB 1:1631 p=0   pooled 5:4698 p=0
    power guard: 3 decision points, 3 with >= 6 discordant pairs -> POWERED
    two-sided sign test at p < .05: second arm fewer failures at 0/3 points, first arm fewer failures at 3/3 points -> significant
    SNR@0.1 gap (R2-ours-G minus M-ours-dscore-C-V4b): n/a (>  15 vs >  15) — extend the SNR grid
  R2-ours-G -> M-ours-bstar-scalar        [decision-point anchor arm: R2-ours-G]
    decision SNRs ['+9', '+12', '+15'] (anchor R2-ours-G: |log10(BLER@16 of R2-ours-G / 0.1)| smallest, BLER in [0.005, 0.9])
    sign test @16: +9 dB 244:404 p=3.4e-10  +12 dB 255:370 p=4.8e-06  +15 dB 223:399 p=1.6e-12   pooled 722:1173 p=2.9e-25
    power guard: 3 decision points, 3 with >= 6 discordant pairs -> POWERED
    two-sided sign test at p < .05: second arm fewer failures at 0/3 points, first arm fewer failures at 3/3 points -> significant
    SNR@0.1 gap (R2-ours-G minus M-ours-bstar-scalar): n/a (>  15 vs >  15) — extend the SNR grid
  M-ours-bstar -> M-ours-dscore-C-V0        [decision-point anchor arm: M-ours-bstar]
    decision SNRs ['+6', '+12', '+15'] (anchor M-ours-bstar: |log10(BLER@16 of M-ours-bstar / 0.1)| smallest, BLER in [0.005, 0.9])
    sign test @16: +6 dB 30:1462 p=0  +12 dB 68:1316 p=1.5e-300  +15 dB 142:1182 p=1.8e-204   pooled 240:3960 p=0
    power guard: 3 decision points, 3 with >= 6 discordant pairs -> POWERED
    two-sided sign test at p < .05: second arm fewer failures at 0/3 points, first arm fewer failures at 3/3 points -> significant
    SNR@0.1 gap (M-ours-bstar minus M-ours-dscore-C-V0): n/a (>  15 vs >  15) — extend the SNR grid
  M-ours-bstar -> M-ours-dscore-C-V1        [decision-point anchor arm: M-ours-bstar]
    decision SNRs ['+6', '+12', '+15'] (anchor M-ours-bstar: |log10(BLER@16 of M-ours-bstar / 0.1)| smallest, BLER in [0.005, 0.9])
    sign test @16: +6 dB 462:473 p=0.74  +12 dB 453:530 p=0.015  +15 dB 457:629 p=2e-07   pooled 1372:1632 p=2.3e-06
    power guard: 3 decision points, 3 with >= 6 discordant pairs -> POWERED
    two-sided sign test at p < .05: second arm fewer failures at 0/3 points, first arm fewer failures at 2/3 points -> significant
    SNR@0.1 gap (M-ours-bstar minus M-ours-dscore-C-V1): n/a (>  15 vs >  15) — extend the SNR grid
  M-ours-bstar -> M-ours-dscore-C-V4        [decision-point anchor arm: M-ours-bstar]
    decision SNRs ['+6', '+12', '+15'] (anchor M-ours-bstar: |log10(BLER@16 of M-ours-bstar / 0.1)| smallest, BLER in [0.005, 0.9])
    sign test @16: +6 dB 456:459 p=0.95  +12 dB 484:449 p=0.27  +15 dB 499:496 p=0.95   pooled 1439:1404 p=0.52
    power guard: 3 decision points, 3 with >= 6 discordant pairs -> POWERED
    two-sided sign test at p < .05: second arm fewer failures at 0/3 points, first arm fewer failures at 0/3 points -> not significant
    SNR@0.1 gap (M-ours-bstar minus M-ours-dscore-C-V4): n/a (>  15 vs >  15) — extend the SNR grid
  M-ours-bstar -> M-ours-dscore-C-V4b        [decision-point anchor arm: M-ours-bstar]
    decision SNRs ['+6', '+12', '+15'] (anchor M-ours-bstar: |log10(BLER@16 of M-ours-bstar / 0.1)| smallest, BLER in [0.005, 0.9])
    sign test @16: +6 dB 1:1517 p=0  +12 dB 2:1557 p=0  +15 dB 3:1560 p=0   pooled 6:4634 p=0
    power guard: 3 decision points, 3 with >= 6 discordant pairs -> POWERED
    two-sided sign test at p < .05: second arm fewer failures at 0/3 points, first arm fewer failures at 3/3 points -> significant
    SNR@0.1 gap (M-ours-bstar minus M-ours-dscore-C-V4b): n/a (>  15 vs >  15) — extend the SNR grid
  M-ours-bstar -> M-ours-bstar-scalar        [decision-point anchor arm: M-ours-bstar]
    decision SNRs ['+6', '+12', '+15'] (anchor M-ours-bstar: |log10(BLER@16 of M-ours-bstar / 0.1)| smallest, BLER in [0.005, 0.9])
    sign test @16: +6 dB 330:496 p=8.4e-09  +12 dB 377:476 p=0.00078  +15 dB 410:513 p=0.00078   pooled 1117:1485 p=5.7e-13
    power guard: 3 decision points, 3 with >= 6 discordant pairs -> POWERED
    two-sided sign test at p < .05: second arm fewer failures at 0/3 points, first arm fewer failures at 3/3 points -> significant
    SNR@0.1 gap (M-ours-bstar minus M-ours-bstar-scalar): n/a (>  15 vs >  15) — extend the SNR grid
  M-ours-dscore-C-V0 -> R5-genie        [decision-point anchor arm: R5-genie]
    decision SNRs ['-3', '+0', '+3'] (anchor R5-genie: |log10(BLER@16 of R5-genie / 0.1)| smallest, BLER in [0.005, 0.9])
    sign test @16: -3 dB 2465:0 p=0  +0 dB 2471:0 p=0  +3 dB 2498:0 p=0   pooled 7434:0 p=0
    power guard: 3 decision points, 3 with >= 6 discordant pairs -> POWERED
    two-sided sign test at p < .05: second arm fewer failures at 3/3 points, first arm fewer failures at 0/3 points -> significant
    SNR@0.1 gap (M-ours-dscore-C-V0 minus R5-genie): n/a (>  15 vs <=  -3) — extend the SNR grid
  M-ours-dscore-C-V1 -> R5-genie        [decision-point anchor arm: R5-genie]
    decision SNRs ['-3', '+0', '+3'] (anchor R5-genie: |log10(BLER@16 of R5-genie / 0.1)| smallest, BLER in [0.005, 0.9])
    sign test @16: -3 dB 2465:0 p=0  +0 dB 1243:3 p=0  +3 dB 1061:0 p=8.1e-320   pooled 4769:3 p=0
    power guard: 3 decision points, 3 with >= 6 discordant pairs -> POWERED
    two-sided sign test at p < .05: second arm fewer failures at 3/3 points, first arm fewer failures at 0/3 points -> significant
    SNR@0.1 gap (M-ours-dscore-C-V1 minus R5-genie): n/a (>  15 vs <=  -3) — extend the SNR grid
  M-ours-dscore-C-V4 -> R5-genie        [decision-point anchor arm: R5-genie]
    decision SNRs ['-3', '+0', '+3'] (anchor R5-genie: |log10(BLER@16 of R5-genie / 0.1)| smallest, BLER in [0.005, 0.9])
    sign test @16: -3 dB 2456:0 p=0  +0 dB 1332:1 p=0  +3 dB 1141:0 p=0   pooled 4929:1 p=0
    power guard: 3 decision points, 3 with >= 6 discordant pairs -> POWERED
    two-sided sign test at p < .05: second arm fewer failures at 3/3 points, first arm fewer failures at 0/3 points -> significant
    SNR@0.1 gap (M-ours-dscore-C-V4 minus R5-genie): n/a (>  15 vs <=  -3) — extend the SNR grid
  M-ours-dscore-C-V4b -> R5-genie        [decision-point anchor arm: R5-genie]
    decision SNRs ['-3', '+0', '+3'] (anchor R5-genie: |log10(BLER@16 of R5-genie / 0.1)| smallest, BLER in [0.005, 0.9])
    sign test @16: -3 dB 2457:0 p=0  +0 dB 2513:0 p=0  +3 dB 2529:0 p=0   pooled 7499:0 p=0
    power guard: 3 decision points, 3 with >= 6 discordant pairs -> POWERED
    two-sided sign test at p < .05: second arm fewer failures at 3/3 points, first arm fewer failures at 0/3 points -> significant
    SNR@0.1 gap (M-ours-dscore-C-V4b minus R5-genie): n/a (>  15 vs <=  -3) — extend the SNR grid
  M-ours-bstar-scalar -> R5-genie        [decision-point anchor arm: R5-genie]
    decision SNRs ['-3', '+0', '+3'] (anchor R5-genie: |log10(BLER@16 of R5-genie / 0.1)| smallest, BLER in [0.005, 0.9])
    sign test @16: -3 dB 1948:1 p=0  +0 dB 1522:0 p=0  +3 dB 1291:0 p=0   pooled 4761:1 p=0
    power guard: 3 decision points, 3 with >= 6 discordant pairs -> POWERED
    two-sided sign test at p < .05: second arm fewer failures at 3/3 points, first arm fewer failures at 0/3 points -> significant
    SNR@0.1 gap (M-ours-bstar-scalar minus R5-genie): n/a (>  15 vs <=  -3) — extend the SNR grid

--- cell C5  prior S2  testbed D2   SNR grid ['-3', '+0', '+3', '+6', '+9', '+12', '+15']
  R1-turbo -> R2-ours-G        [decision-point anchor arm: R1-turbo]
    decision SNRs ['+9', '+12', '+15'] (anchor R1-turbo: |log10(BLER@16 of R1-turbo / 0.1)| smallest, BLER in [0.005, 0.9])
    sign test @16: +9 dB 185:14 p=3e-39  +12 dB 140:21 p=8.9e-23  +15 dB 121:21 p=2.8e-18   pooled 446:56 p=1.8e-76
    power guard: 3 decision points, 3 with >= 6 discordant pairs -> POWERED
    two-sided sign test at p < .05: second arm fewer failures at 3/3 points, first arm fewer failures at 0/3 points -> significant
    SNR@0.1 gap (R1-turbo minus R2-ours-G): n/a (>  15 vs >  15) — extend the SNR grid
  R2-ours-G -> M-ours-gmm32        [decision-point anchor arm: R2-ours-G]
    decision SNRs ['+9', '+12', '+15'] (anchor R2-ours-G: |log10(BLER@16 of R2-ours-G / 0.1)| smallest, BLER in [0.005, 0.9])
    sign test @16: +9 dB 185:239 p=0.01  +12 dB 157:269 p=6.4e-08  +15 dB 161:259 p=2e-06   pooled 503:767 p=1.3e-13
    power guard: 3 decision points, 3 with >= 6 discordant pairs -> POWERED
    two-sided sign test at p < .05: second arm fewer failures at 0/3 points, first arm fewer failures at 3/3 points -> significant
    SNR@0.1 gap (R2-ours-G minus M-ours-gmm32): n/a (>  15 vs >  15) — extend the SNR grid
  R2-ours-G -> M-ours-bstar        [decision-point anchor arm: R2-ours-G]
    decision SNRs ['+9', '+12', '+15'] (anchor R2-ours-G: |log10(BLER@16 of R2-ours-G / 0.1)| smallest, BLER in [0.005, 0.9])
    sign test @16: +9 dB 218:235 p=0.45  +12 dB 185:245 p=0.0044  +15 dB 175:244 p=0.00087   pooled 578:724 p=5.8e-05
    power guard: 3 decision points, 3 with >= 6 discordant pairs -> POWERED
    two-sided sign test at p < .05: second arm fewer failures at 0/3 points, first arm fewer failures at 2/3 points -> significant
    SNR@0.1 gap (R2-ours-G minus M-ours-bstar): n/a (>  15 vs >  15) — extend the SNR grid
  R2-ours-G -> R4-scvamp        [decision-point anchor arm: R2-ours-G]
    decision SNRs ['+9', '+12', '+15'] (anchor R2-ours-G: |log10(BLER@16 of R2-ours-G / 0.1)| smallest, BLER in [0.005, 0.9])
    sign test @16: +9 dB 14:966 p=1.6e-264  +12 dB 16:1092 p=1.3e-298  +15 dB 16:1190 p=0   pooled 46:3248 p=0
    power guard: 3 decision points, 3 with >= 6 discordant pairs -> POWERED
    two-sided sign test at p < .05: second arm fewer failures at 0/3 points, first arm fewer failures at 3/3 points -> significant
    SNR@0.1 gap (R2-ours-G minus R4-scvamp): n/a (>  15 vs >  15) — extend the SNR grid
  R4-llr -> R4-scvamp        [decision-point anchor arm: R4-llr]
    decision SNRs ['+9', '+12', '+15'] (anchor R4-llr: |log10(BLER@16 of R4-llr / 0.1)| smallest, BLER in [0.005, 0.9])
    sign test @16: +9 dB 937:96 p=5.8e-174  +12 dB 837:98 p=5.9e-147  +15 dB 749:132 p=2.4e-105   pooled 2523:326 p=0
    power guard: 3 decision points, 3 with >= 6 discordant pairs -> POWERED
    two-sided sign test at p < .05: second arm fewer failures at 3/3 points, first arm fewer failures at 0/3 points -> significant
    SNR@0.1 gap (R4-llr minus R4-scvamp): n/a (>  15 vs >  15) — extend the SNR grid
  R2-ours-G -> R3-bigamp        [decision-point anchor arm: R2-ours-G]
    decision SNRs ['+9', '+12', '+15'] (anchor R2-ours-G: |log10(BLER@16 of R2-ours-G / 0.1)| smallest, BLER in [0.005, 0.9])
    sign test @16: +9 dB 84:601 p=3.4e-97  +12 dB 43:689 p=6.6e-151  +15 dB 41:692 p=1.3e-153   pooled 168:1982 p=0
    power guard: 3 decision points, 3 with >= 6 discordant pairs -> POWERED
    two-sided sign test at p < .05: second arm fewer failures at 0/3 points, first arm fewer failures at 3/3 points -> significant
    SNR@0.1 gap (R2-ours-G minus R3-bigamp): n/a (>  15 vs >  15) — extend the SNR grid
  M-ours-gmm32 -> R5-genie        [decision-point anchor arm: R5-genie]
    decision SNRs ['-3', '+0', '+3'] (anchor R5-genie: |log10(BLER@16 of R5-genie / 0.1)| smallest, BLER in [0.005, 0.9])
    sign test @16: -3 dB 1396:1 p=0  +0 dB 774:4 p=1.9e-224  +3 dB 555:1 p=4.7e-165   pooled 2725:6 p=0
    power guard: 3 decision points, 3 with >= 6 discordant pairs -> POWERED
    two-sided sign test at p < .05: second arm fewer failures at 3/3 points, first arm fewer failures at 0/3 points -> significant
    SNR@0.1 gap (M-ours-gmm32 minus R5-genie): n/a (>  15 vs <=  -3) — extend the SNR grid
  M-ours-bstar -> R5-genie        [decision-point anchor arm: R5-genie]
    decision SNRs ['-3', '+0', '+3'] (anchor R5-genie: |log10(BLER@16 of R5-genie / 0.1)| smallest, BLER in [0.005, 0.9])
    sign test @16: -3 dB 1301:0 p=0  +0 dB 675:3 p=8.3e-197  +3 dB 461:1 p=7.8e-137   pooled 2437:4 p=0
    power guard: 3 decision points, 3 with >= 6 discordant pairs -> POWERED
    two-sided sign test at p < .05: second arm fewer failures at 3/3 points, first arm fewer failures at 0/3 points -> significant
    SNR@0.1 gap (M-ours-bstar minus R5-genie): n/a (>  15 vs <=  -3) — extend the SNR grid
  R2-ours-G -> M-ours-dscore-C-V0        [decision-point anchor arm: R2-ours-G]
    decision SNRs ['+9', '+12', '+15'] (anchor R2-ours-G: |log10(BLER@16 of R2-ours-G / 0.1)| smallest, BLER in [0.005, 0.9])
    sign test @16: +9 dB 21:1759 p=0  +12 dB 39:1460 p=0  +15 dB 56:1104 p=2e-253   pooled 116:4323 p=0
    power guard: 3 decision points, 3 with >= 6 discordant pairs -> POWERED
    two-sided sign test at p < .05: second arm fewer failures at 0/3 points, first arm fewer failures at 3/3 points -> significant
    SNR@0.1 gap (R2-ours-G minus M-ours-dscore-C-V0): n/a (>  15 vs >  15) — extend the SNR grid
  R2-ours-G -> M-ours-dscore-C-V1        [decision-point anchor arm: R2-ours-G]
    decision SNRs ['+9', '+12', '+15'] (anchor R2-ours-G: |log10(BLER@16 of R2-ours-G / 0.1)| smallest, BLER in [0.005, 0.9])
    sign test @16: +9 dB 261:166 p=5e-06  +12 dB 213:226 p=0.57  +15 dB 187:289 p=3.4e-06   pooled 661:681 p=0.6
    power guard: 3 decision points, 3 with >= 6 discordant pairs -> POWERED
    two-sided sign test at p < .05: second arm fewer failures at 1/3 points, first arm fewer failures at 1/3 points -> not significant
    SNR@0.1 gap (R2-ours-G minus M-ours-dscore-C-V1): n/a (>  15 vs >  15) — extend the SNR grid
  R2-ours-G -> M-ours-dscore-C-V4        [decision-point anchor arm: R2-ours-G]
    decision SNRs ['+9', '+12', '+15'] (anchor R2-ours-G: |log10(BLER@16 of R2-ours-G / 0.1)| smallest, BLER in [0.005, 0.9])
    sign test @16: +9 dB 232:251 p=0.41  +12 dB 194:273 p=0.0003  +15 dB 162:291 p=1.4e-09   pooled 588:815 p=1.5e-09
    power guard: 3 decision points, 3 with >= 6 discordant pairs -> POWERED
    two-sided sign test at p < .05: second arm fewer failures at 0/3 points, first arm fewer failures at 2/3 points -> significant
    SNR@0.1 gap (R2-ours-G minus M-ours-dscore-C-V4): n/a (>  15 vs >  15) — extend the SNR grid
  R2-ours-G -> M-ours-dscore-C-V4b        [decision-point anchor arm: R2-ours-G]
    decision SNRs ['+9', '+12', '+15'] (anchor R2-ours-G: |log10(BLER@16 of R2-ours-G / 0.1)| smallest, BLER in [0.005, 0.9])
    sign test @16: +9 dB 1:2140 p=0  +12 dB 1:2198 p=0  +15 dB 1:2224 p=0   pooled 3:6562 p=0
    power guard: 3 decision points, 3 with >= 6 discordant pairs -> POWERED
    two-sided sign test at p < .05: second arm fewer failures at 0/3 points, first arm fewer failures at 3/3 points -> significant
    SNR@0.1 gap (R2-ours-G minus M-ours-dscore-C-V4b): n/a (>  15 vs >  15) — extend the SNR grid
  R2-ours-G -> M-ours-bstar-scalar        [decision-point anchor arm: R2-ours-G]
    decision SNRs ['+9', '+12', '+15'] (anchor R2-ours-G: |log10(BLER@16 of R2-ours-G / 0.1)| smallest, BLER in [0.005, 0.9])
    sign test @16: +9 dB 130:262 p=2.4e-11  +12 dB 112:303 p=2.1e-21  +15 dB 90:294 p=2.2e-26   pooled 332:859 p=3.1e-54
    power guard: 3 decision points, 3 with >= 6 discordant pairs -> POWERED
    two-sided sign test at p < .05: second arm fewer failures at 0/3 points, first arm fewer failures at 3/3 points -> significant
    SNR@0.1 gap (R2-ours-G minus M-ours-bstar-scalar): n/a (>  15 vs >  15) — extend the SNR grid
  M-ours-bstar -> M-ours-dscore-C-V0        [decision-point anchor arm: M-ours-bstar]
    decision SNRs ['+9', '+12', '+15'] (anchor M-ours-bstar: |log10(BLER@16 of M-ours-bstar / 0.1)| smallest, BLER in [0.005, 0.9])
    sign test @16: +9 dB 38:1759 p=0  +12 dB 67:1428 p=0  +15 dB 91:1070 p=1.1e-212   pooled 196:4257 p=0
    power guard: 3 decision points, 3 with >= 6 discordant pairs -> POWERED
    two-sided sign test at p < .05: second arm fewer failures at 0/3 points, first arm fewer failures at 3/3 points -> significant
    SNR@0.1 gap (M-ours-bstar minus M-ours-dscore-C-V0): n/a (>  15 vs >  15) — extend the SNR grid
  M-ours-bstar -> M-ours-dscore-C-V1        [decision-point anchor arm: M-ours-bstar]
    decision SNRs ['+9', '+12', '+15'] (anchor M-ours-bstar: |log10(BLER@16 of M-ours-bstar / 0.1)| smallest, BLER in [0.005, 0.9])
    sign test @16: +9 dB 282:170 p=1.5e-07  +12 dB 268:221 p=0.037  +15 dB 243:276 p=0.16   pooled 793:667 p=0.0011
    power guard: 3 decision points, 3 with >= 6 discordant pairs -> POWERED
    two-sided sign test at p < .05: second arm fewer failures at 2/3 points, first arm fewer failures at 0/3 points -> significant
    SNR@0.1 gap (M-ours-bstar minus M-ours-dscore-C-V1): n/a (>  15 vs >  15) — extend the SNR grid
  M-ours-bstar -> M-ours-dscore-C-V4        [decision-point anchor arm: M-ours-bstar]
    decision SNRs ['+9', '+12', '+15'] (anchor M-ours-bstar: |log10(BLER@16 of M-ours-bstar / 0.1)| smallest, BLER in [0.005, 0.9])
    sign test @16: +9 dB 257:259 p=0.96  +12 dB 257:276 p=0.44  +15 dB 224:284 p=0.0088   pooled 738:819 p=0.043
    power guard: 3 decision points, 3 with >= 6 discordant pairs -> POWERED
    two-sided sign test at p < .05: second arm fewer failures at 0/3 points, first arm fewer failures at 1/3 points -> not significant
    SNR@0.1 gap (M-ours-bstar minus M-ours-dscore-C-V4): n/a (>  15 vs >  15) — extend the SNR grid
  M-ours-bstar -> M-ours-dscore-C-V4b        [decision-point anchor arm: M-ours-bstar]
    decision SNRs ['+9', '+12', '+15'] (anchor M-ours-bstar: |log10(BLER@16 of M-ours-bstar / 0.1)| smallest, BLER in [0.005, 0.9])
    sign test @16: +9 dB 3:2125 p=0  +12 dB 2:2139 p=0  +15 dB 2:2156 p=0   pooled 7:6420 p=0
    power guard: 3 decision points, 3 with >= 6 discordant pairs -> POWERED
    two-sided sign test at p < .05: second arm fewer failures at 0/3 points, first arm fewer failures at 3/3 points -> significant
    SNR@0.1 gap (M-ours-bstar minus M-ours-dscore-C-V4b): n/a (>  15 vs >  15) — extend the SNR grid
  M-ours-bstar -> M-ours-bstar-scalar        [decision-point anchor arm: M-ours-bstar]
    decision SNRs ['+9', '+12', '+15'] (anchor M-ours-bstar: |log10(BLER@16 of M-ours-bstar / 0.1)| smallest, BLER in [0.005, 0.9])
    sign test @16: +9 dB 202:317 p=5.1e-07  +12 dB 194:325 p=9.7e-09  +15 dB 192:327 p=3.3e-09   pooled 588:969 p=3.7e-22
    power guard: 3 decision points, 3 with >= 6 discordant pairs -> POWERED
    two-sided sign test at p < .05: second arm fewer failures at 0/3 points, first arm fewer failures at 3/3 points -> significant
    SNR@0.1 gap (M-ours-bstar minus M-ours-bstar-scalar): n/a (>  15 vs >  15) — extend the SNR grid
  M-ours-dscore-C-V0 -> R5-genie        [decision-point anchor arm: R5-genie]
    decision SNRs ['-3', '+0', '+3'] (anchor R5-genie: |log10(BLER@16 of R5-genie / 0.1)| smallest, BLER in [0.005, 0.9])
    sign test @16: -3 dB 2222:0 p=0  +0 dB 2358:0 p=0  +3 dB 2372:0 p=0   pooled 6952:0 p=0
    power guard: 3 decision points, 3 with >= 6 discordant pairs -> POWERED
    two-sided sign test at p < .05: second arm fewer failures at 3/3 points, first arm fewer failures at 0/3 points -> significant
    SNR@0.1 gap (M-ours-dscore-C-V0 minus R5-genie): n/a (>  15 vs <=  -3) — extend the SNR grid
  M-ours-dscore-C-V1 -> R5-genie        [decision-point anchor arm: R5-genie]
    decision SNRs ['-3', '+0', '+3'] (anchor R5-genie: |log10(BLER@16 of R5-genie / 0.1)| smallest, BLER in [0.005, 0.9])
    sign test @16: -3 dB 922:4 p=1.1e-268  +0 dB 427:11 p=7.3e-111  +3 dB 306:3 p=9.4e-87   pooled 1655:18 p=0
    power guard: 3 decision points, 3 with >= 6 discordant pairs -> POWERED
    two-sided sign test at p < .05: second arm fewer failures at 3/3 points, first arm fewer failures at 0/3 points -> significant
    SNR@0.1 gap (M-ours-dscore-C-V1 minus R5-genie): n/a (>  15 vs <=  -3) — extend the SNR grid
  M-ours-dscore-C-V4 -> R5-genie        [decision-point anchor arm: R5-genie]
    decision SNRs ['-3', '+0', '+3'] (anchor R5-genie: |log10(BLER@16 of R5-genie / 0.1)| smallest, BLER in [0.005, 0.9])
    sign test @16: -3 dB 985:3 p=1.2e-289  +0 dB 517:10 p=1.9e-138  +3 dB 373:3 p=1.2e-106   pooled 1875:16 p=0
    power guard: 3 decision points, 3 with >= 6 discordant pairs -> POWERED
    two-sided sign test at p < .05: second arm fewer failures at 3/3 points, first arm fewer failures at 0/3 points -> significant
    SNR@0.1 gap (M-ours-dscore-C-V4 minus R5-genie): n/a (>  15 vs <=  -3) — extend the SNR grid
  M-ours-dscore-C-V4b -> R5-genie        [decision-point anchor arm: R5-genie]
    decision SNRs ['-3', '+0', '+3'] (anchor R5-genie: |log10(BLER@16 of R5-genie / 0.1)| smallest, BLER in [0.005, 0.9])
    sign test @16: -3 dB 2437:0 p=0  +0 dB 2495:0 p=0  +3 dB 2515:0 p=0   pooled 7447:0 p=0
    power guard: 3 decision points, 3 with >= 6 discordant pairs -> POWERED
    two-sided sign test at p < .05: second arm fewer failures at 3/3 points, first arm fewer failures at 0/3 points -> significant
    SNR@0.1 gap (M-ours-dscore-C-V4b minus R5-genie): n/a (>  15 vs <=  -3) — extend the SNR grid
  M-ours-bstar-scalar -> R5-genie        [decision-point anchor arm: R5-genie]
    decision SNRs ['-3', '+0', '+3'] (anchor R5-genie: |log10(BLER@16 of R5-genie / 0.1)| smallest, BLER in [0.005, 0.9])
    sign test @16: -3 dB 1374:2 p=0  +0 dB 799:3 p=6.4e-234  +3 dB 598:1 p=5.8e-178   pooled 2771:6 p=0
    power guard: 3 decision points, 3 with >= 6 discordant pairs -> POWERED
    two-sided sign test at p < .05: second arm fewer failures at 3/3 points, first arm fewer failures at 0/3 points -> significant
    SNR@0.1 gap (M-ours-bstar-scalar minus R5-genie): n/a (>  15 vs <=  -3) — extend the SNR grid

============================== TABLE C -- cross-Tp goodput envelope (08_SPEC §3) ==============================

--- prior S2: cells C1 and C2 are not both present (C1: 7 points, C2: 0 points) -> envelope not computed

============================== TABLE D -- training quality, independent of BLER (08_SPEC §3.5) ==============================
D2: GB' = held-out denoising NMSE of the GMM prior vs the diffusion prior on the SAME sigma_t grid. This is a comparison one stage BEFORE BLER and stands on its own.

  [GB' held-out denoising NMSE, GMM vs diffusion]  source: /home/HTJ/t2/conf/results/gate_D2.txt
    # date        : 2026-09-21 07:49:41 KST
    # git commit  : 86e43ef
    # versions    : python 3.12.14  numpy 2.5.2  scipy 1.18.1  torch 2.14.0+cu130 (cuda_available=True)
    # device      : CPU (192 cores) | dtype: complex128 / float64 | deterministic: yes (fixed seeds, no GPU in the receiver)
    # testbed     : D2
    # seed rule   : default_rng([20260926, TBID[testbed], PID[prior], Nr, T, Tp, int(snr)+100])  (trials of a point = ONE stream)
    # code        : rate-1/2 conv (133,171)_8 nu=6 terminated, QPSK, outer iterations = 16 for EVERY arm
    # Demo/ hashes: t2_route_a.py=95a5408901ec125c  t2_trellis.py=31cd0ee9c68e972b  t2_gmm.py=d064e58c7510c769
    # content     : GB' (04_SPEC §6) -- held-out denoising NMSE of the GMM prior vs the diffusion prior
    #               on the SAME frozen D2 sigma grid.  REPORT ONLY: never used to select anything.
    # *** The diffusion model here did NOT pass the D1 gates (best GC 0.2241 vs 0.15 over 959 trials).
    #     It is NOT an arm in any BLER table; M-ours-dscore stays BLOCKED on both testbeds. ***
    # architecture: copied verbatim from the best-D1-gate-score configuration, NOT re-searched (04_SPEC §6)
    #               {'arch': 'dit', 'param': 'vp', 'domain': 'angle', 'lr': 0.002238046051591068, 'ema': 0.999, 'batch': 256, 'emb': 256, 'width': 64, 'depth': 6, 'heads': 8, 'patch': 1}
    # GMM b*      : kron (kron K=512), selected by validation log-likelihood only
    
    # ====================================================================================================
    # CLAIM TESTBED -- sparse specular; conditional Gaussianity broken (see T2d). Upper bound = genie only.
    # ====================================================================================================
    
      k       sigma          nu     nmse_gmm    nmse_diff   diff/gmm
      0  3.3062e-02  2.1862e-03  1.96957e-03  1.16549e-03     0.5917
      1  3.9212e-02  3.0751e-03  2.73720e-03  1.56801e-03     0.5729
      2  4.6505e-02  4.3255e-03  3.79984e-03  2.11633e-03     0.5570
      3  5.5155e-02  6.0842e-03  5.27361e-03  2.86655e-03     0.5436
      4  6.5414e-02  8.5579e-03  7.31878e-03  3.89394e-03     0.5320
      5  7.7581e-02  1.2038e-02  1.01162e-02  5.30787e-03     0.5247
      6  9.2011e-02  1.6932e-02  1.39474e-02  7.25836e-03     0.5204
      7  1.0912e-01  2.3816e-02  1.91830e-02  9.98491e-03     0.5205
      8  1.2942e-01  3.3500e-02  2.62568e-02  1.38006e-02     0.5256
      9  1.5349e-01  4.7121e-02  3.58583e-02  1.91536e-02     0.5341
     10  1.8204e-01  6.6280e-02  4.86677e-02  2.66213e-02     0.5470
     11  2.1590e-01  9.3229e-02  6.55153e-02  3.67515e-02     0.5610
     12  2.5606e-01  1.3114e-01  8.72491e-02  5.07014e-02     0.5811
     13  3.0369e-01  1.8445e-01  1.15346e-01  6.98788e-02     0.6058
     14  3.6018e-01  2.5945e-01  1.50367e-01  9.62760e-02     0.6403
     15  4.2717e-01  3.6495e-01  1.94292e-01  1.31876e-01     0.6788
     16  5.0662e-01  5.1333e-01  2.47904e-01  1.79593e-01     0.7244
     17  6.0085e-01  7.2205e-01  3.12058e-01  2.42089e-01     0.7758
     18  7.1261e-01  1.0156e+00  3.86964e-01  3.21072e-01     0.8297
     19  8.4516e-01  1.4286e+00  4.71370e-01  4.13908e-01     0.8781
    
    summary: {'testbed': 'D2', 'prior': 'S2', 'n_eval': 512, 'Nr': 8, 'Nt': 4, 'worst_excess': -0.12190518636709069, 'note': "GB' is REPORT-ONLY (04_SPEC §6); arm selection was fixed by the D1 gates"}

  GMM fit table on D2, including the DEGRADATION RELATIVE TO D1 -- the second piece of evidence that the testbed actually broke conditional Gaussianity (08_SPEC §3.5):

  [GMM fits on D2, per K, vs D1]  source: /home/HTJ/t2/conf/results/gmm_fit_D2.txt
    # date        : 2026-09-20 14:27:54 KST
    # git commit  : 3f81778
    # versions    : python 3.12.14  numpy 2.5.2  scipy 1.18.1  torch 2.14.0+cu130 (cuda_available=True)
    # device      : CPU (192 cores) | dtype: complex128 / float64 | deterministic: yes (fixed seeds, no GPU in the receiver)
    # testbed     : D2
    # seed rule   : default_rng([20260926, TBID[testbed], PID[prior], Nr, T, Tp, int(snr)+100])  (trials of a point = ONE stream)
    # code        : rate-1/2 conv (133,171)_8 nu=6 terminated, QPSK, outer iterations = 16 for EVERY arm
    # Demo/ hashes: t2_route_a.py=95a5408901ec125c  t2_trellis.py=31cd0ee9c68e972b  t2_gmm.py=d064e58c7510c769
    # content     : conf/05_SPEC_testbed_D2.md §4 -- GMM re-fit on D2 (prior S2), K (16, 32, 64, 128, 256, 512) x {full, kron} x kappa (0, 16, 64, 256) x restarts, ntrain 10000, n_val = n_test = 5000
    # selection   : VALIDATION log-likelihood only.  BLER is never consulted (01_RULES §5).
    # D1 fits     : /home/HTJ/t2/Demo/exp_0925_fits (prior S, K (16, 32, 64)) -- reused verbatim, see DECISIONS
    # ====================================================================================================
    # CLAIM TESTBED -- sparse specular; conditional Gaussianity broken (see T2d). Upper bound = genie only.
    # ====================================================================================================
    
    Nr = 4 x Nt = 4
      fam      K  kappa   ll_train     ll_val      gap    ll_test   -gauss  reseed   EM min
      full    16      0    -26.196    -26.875    0.679    -26.876    6.844       0      2.3
      full    32      0    -23.934    -25.354    1.421    -25.346    8.374       0      4.6
      full    64      0    -22.261    -25.140    2.880    -25.093    8.627       0      5.4
      full   128      0    -21.174    -26.825    5.651    -26.704    7.017       0      6.1
      full   256     16    -26.269    -28.036    1.767    -27.950    5.771    3935      4.2
      full   512     16    -26.238    -28.039    1.801    -28.031    5.689   14363      7.8
      kron    16      0    -27.615    -27.776    0.161    -27.600    6.121       0      2.2
      kron    32      0    -26.027    -26.419    0.392    -26.246    7.475       0      5.3
      kron    64      0    -24.666    -25.386    0.720    -25.215    8.506       0     11.1
      kron   128      0    -23.442    -24.709    1.268    -24.482    9.239       0     19.1
      kron   256      0    -22.154    -24.207    2.053    -24.058    9.663       0     32.0
      kron   512      0    -21.254    -24.133    2.879    -23.941    9.779     970     22.7
      b* (validation log-likelihood) = kron K=512   ll_val -24.133
    
      degradation relative to D1 (05_SPEC §4)
      Absolute log-likelihoods of two DIFFERENT distributions are not comparable, so the
      comparable quantity is what the mixture buys over the Gaussian sample-covariance prior
      on the same held-out set:  G := ll_test(GMM) - ll_test(Gaussian)  [nat/sample].
      fam      K     G(D2)     G(D1)     D2-D1   gap(D2)   gap(D1)    KL(D1)
      full    16     6.844     3.276     3.569     0.679     0.477     0.291
      full    32     8.374     3.245     5.129     1.421     0.270     0.321
      full    64     8.627     3.239     5.388     2.880     0.321     0.327
      full   128     7.017       nan       nan     5.651       nan       nan
      full   256     5.771       nan       nan     1.767       nan       nan
      full   512     5.689       nan       nan     1.801       nan       nan
      kron    16     6.121     3.504     2.617     0.161     0.096     0.062
      kron    32     7.475     3.511     3.963     0.392     0.128     0.055
      kron    64     8.506     3.500     5.006     0.720     0.174     0.067
      kron   128     9.239       nan       nan     1.268       nan       nan
      kron   256     9.663       nan       nan     2.053       nan       nan
      kron   512     9.779       nan       nan     2.879       nan       nan
      KL(D1) = KL(true || fit) on the D1 test set [nat/sample]; D2 has no closed-form true
      density, so no KL column exists there (05_SPEC §3).
    
    Nr = 8 x Nt = 4
      fam      K  kappa   ll_train     ll_val      gap    ll_test   -gauss  reseed   EM min
      full    16      0    -37.734    -39.932    2.198    -39.346   26.281       0      6.4
      full    32      0    -32.768    -37.921    5.154    -37.272   28.355       0      8.1
      full    64      0    -30.647    -40.448    9.801    -39.997   25.630       0      9.4
      full   128      0    -32.167    -50.113   17.946    -49.492   16.135     103      8.3
      full   256      0    -33.390    -47.350   13.960    -46.941   18.685    2802      6.9
      full   512      0    -31.645    -38.853    7.208    -38.201   27.426   23891     16.3
      kron    16      0    -38.958    -39.574    0.617    -38.927   26.699       0      3.8
      kron    32      0    -32.368    -33.556    1.188    -32.878   32.749       0      8.7
      kron    64      0    -26.935    -29.015    2.080    -28.518   37.109       0     21.4
      kron   128      0    -22.557    -26.116    3.559    -25.820   39.807       0     58.1
      kron   256      0    -18.080    -23.936    5.856    -23.666   41.961       0     48.4
      kron   512      0    -14.339    -23.473    9.134    -23.144   42.482    1655     42.1
      b* (validation log-likelihood) = kron K=512   ll_val -23.473
    
      degradation relative to D1 (05_SPEC §4)
      Absolute log-likelihoods of two DIFFERENT distributions are not comparable, so the
      comparable quantity is what the mixture buys over the Gaussian sample-covariance prior
      on the same held-out set:  G := ll_test(GMM) - ll_test(Gaussian)  [nat/sample].
      fam      K     G(D2)     G(D1)     D2-D1   gap(D2)   gap(D1)    KL(D1)
      full    16    26.281     8.173    18.107     2.198     1.786     1.302
      full    32    28.355     8.106    20.248     5.154     1.517     1.369
      full    64    25.630     8.121    17.509     9.801     1.587     1.355
      full   128    16.135       nan       nan    17.946       nan       nan
      full   256    18.685       nan       nan    13.960       nan       nan
      full   512    27.426       nan       nan     7.208       nan       nan
      kron    16    26.699     9.233    17.466     0.617     0.082     0.242
      kron    32    32.749     9.277    23.471     1.188     0.261     0.198
      kron    64    37.109     9.188    27.920     2.080     0.497     0.287
      kron   128    39.807       nan       nan     3.559       nan       nan
      kron   256    41.961       nan       nan     5.856       nan       nan
      kron   512    42.482       nan       nan     9.134       nan       nan
      KL(D1) = KL(true || fit) on the D1 test set [nat/sample]; D2 has no closed-form true
      density, so no KL column exists there (05_SPEC §3).

