[run] M-ours-dscore: ABSENT -- no GATE-PASSING checkpoint (04_SPEC §5 gates GA-GD): no gate-passing checkpoint for D2; recorded PASS rows: none (searched conf/results/gate_D2.txt and LADDER.md)
[run] M-ours-dscore is NOT in this run.  The reason is written to every raw file as 'meta|dscore_status', so analysis.py reports its slot as BLOCKED / FAILED-VERIFICATION instead of quietly printing a table without it (01_RULES §6).
[run] Stage C arms ON (10_SPEC §3b/§3c): M-ours-dscore-C-{V0,V1,V4} + the mandatory GMM control M-ours-bstar-scalar, from /home/HTJ/t2/conf/ckpt/d2sx_N40000_a1.pt
[run] Stage C gate record: NO GATE RECORD mentions d2sx_N40000_a1.pt -- UNVERIFIED here.  (GA-GD are measurable on D1 only, 10_SPEC §5: a D2 re-train is qualified by its D1 sibling's gate row, which this string cannot prove.)
[run] D2 7 points x n=2560 -> 448 tasks on 192 workers (prior S2, cells ['C2'], chunk 40) -> /home/HTJ/t2/conf/raw_B4e4k
1/448 done    D2_C2_S2_Nr8_T16_Tp4_dft_snr12_skip240_n40.npz  (644 s)  BLER16: R2-ours-G=0.00 R3-bigamp=0.07 R4-scvamp=0.07 M-ours-gmm32=0.00 R5-genie=0.00
2/448 done    D2_C2_S2_Nr8_T16_Tp4_dft_snr15_skip200_n40.npz  (648 s)  BLER16: R2-ours-G=0.03 R3-bigamp=0.07 R4-scvamp=0.05 M-ours-gmm32=0.03 R5-genie=0.00
3/448 done    D2_C2_S2_Nr8_T16_Tp4_dft_snr15_skip800_n40.npz  (667 s)  BLER16: R2-ours-G=0.00 R3-bigamp=0.07 R4-scvamp=0.00 M-ours-gmm32=0.00 R5-genie=0.00
4/448 done    D2_C2_S2_Nr8_T16_Tp4_dft_snr15_skip440_n40.npz  (672 s)  BLER16: R2-ours-G=0.00 R3-bigamp=0.03 R4-scvamp=0.00 M-ours-gmm32=0.00 R5-genie=0.00
5/448 done    D2_C2_S2_Nr8_T16_Tp4_dft_snr9_skip280_n40.npz  (681 s)  BLER16: R2-ours-G=0.00 R3-bigamp=0.07 R4-scvamp=0.07 M-ours-gmm32=0.00 R5-genie=0.00
6/448 done    D2_C2_S2_Nr8_T16_Tp4_dft_snr12_skip1000_n40.npz  (681 s)  BLER16: R2-ours-G=0.03 R3-bigamp=0.03 R4-scvamp=0.07 M-ours-gmm32=0.00 R5-genie=0.00
7/448 done    D2_C2_S2_Nr8_T16_Tp4_dft_snr3_skip640_n40.npz  (681 s)  BLER16: R2-ours-G=0.03 R3-bigamp=0.15 R4-scvamp=0.20 M-ours-gmm32=0.00 R5-genie=0.00
8/448 done    D2_C2_S2_Nr8_T16_Tp4_dft_snr3_skip1000_n40.npz  (681 s)  BLER16: R2-ours-G=0.03 R3-bigamp=0.05 R4-scvamp=0.12 M-ours-gmm32=0.03 R5-genie=0.00
9/448 done    D2_C2_S2_Nr8_T16_Tp4_dft_snr15_skip560_n40.npz  (681 s)  BLER16: R2-ours-G=0.03 R3-bigamp=0.05 R4-scvamp=0.03 M-ours-gmm32=0.03 R5-genie=0.00
10/448 done    D2_C2_S2_Nr8_T16_Tp4_dft_snr9_skip360_n40.npz  (682 s)  BLER16: R2-ours-G=0.03 R3-bigamp=0.07 R4-scvamp=0.07 M-ours-gmm32=0.00 R5-genie=0.00
11/448 done    D2_C2_S2_Nr8_T16_Tp4_dft_snr6_skip0_n40.npz  (685 s)  BLER16: R2-ours-G=0.03 R3-bigamp=0.05 R4-scvamp=0.05 M-ours-gmm32=0.05 R5-genie=0.00
12/448 done    D2_C2_S2_Nr8_T16_Tp4_dft_snr9_skip840_n40.npz  (686 s)  BLER16: R2-ours-G=0.00 R3-bigamp=0.07 R4-scvamp=0.05 M-ours-gmm32=0.00 R5-genie=0.00
13/448 done    D2_C2_S2_Nr8_T16_Tp4_dft_snr12_skip880_n40.npz  (686 s)  BLER16: R2-ours-G=0.00 R3-bigamp=0.03 R4-scvamp=0.00 M-ours-gmm32=0.00 R5-genie=0.00
14/448 done    D2_C2_S2_Nr8_T16_Tp4_dft_snr15_skip80_n40.npz  (686 s)  BLER16: R2-ours-G=0.00 R3-bigamp=0.07 R4-scvamp=0.03 M-ours-gmm32=0.00 R5-genie=0.00
15/448 done    D2_C2_S2_Nr8_T16_Tp4_dft_snr12_skip360_n40.npz  (687 s)  BLER16: R2-ours-G=0.00 R3-bigamp=0.10 R4-scvamp=0.03 M-ours-gmm32=0.00 R5-genie=0.00
16/448 done    D2_C2_S2_Nr8_T16_Tp4_dft_snr6_skip1040_n40.npz  (687 s)  BLER16: R2-ours-G=0.03 R3-bigamp=0.05 R4-scvamp=0.10 M-ours-gmm32=0.00 R5-genie=0.00
17/448 done    D2_C2_S2_Nr8_T16_Tp4_dft_snr12_skip120_n40.npz  (687 s)  BLER16: R2-ours-G=0.00 R3-bigamp=0.03 R4-scvamp=0.07 M-ours-gmm32=0.00 R5-genie=0.00
18/448 done    D2_C2_S2_Nr8_T16_Tp4_dft_snr6_skip560_n40.npz  (689 s)  BLER16: R2-ours-G=0.03 R3-bigamp=0.07 R4-scvamp=0.10 M-ours-gmm32=0.03 R5-genie=0.00
19/448 done    D2_C2_S2_Nr8_T16_Tp4_dft_snr9_skip720_n40.npz  (689 s)  BLER16: R2-ours-G=0.00 R3-bigamp=0.00 R4-scvamp=0.03 M-ours-gmm32=0.00 R5-genie=0.00
20/448 done    D2_C2_S2_Nr8_T16_Tp4_dft_snr9_skip1040_n40.npz  (689 s)  BLER16: R2-ours-G=0.00 R3-bigamp=0.00 R4-scvamp=0.10 M-ours-gmm32=0.00 R5-genie=0.00
21/448 done    D2_C2_S2_Nr8_T16_Tp4_dft_snr15_skip640_n40.npz  (689 s)  BLER16: R2-ours-G=0.00 R3-bigamp=0.10 R4-scvamp=0.05 M-ours-gmm32=0.00 R5-genie=0.00
22/448 done    D2_C2_S2_Nr8_T16_Tp4_dft_snr6_skip200_n40.npz  (689 s)  BLER16: R2-ours-G=0.03 R3-bigamp=0.03 R4-scvamp=0.05 M-ours-gmm32=0.03 R5-genie=0.00
23/448 done    D2_C2_S2_Nr8_T16_Tp4_dft_snr15_skip120_n40.npz  (690 s)  BLER16: R2-ours-G=0.00 R3-bigamp=0.03 R4-scvamp=0.00 M-ours-gmm32=0.00 R5-genie=0.00
24/448 done    D2_C2_S2_Nr8_T16_Tp4_dft_snr3_skip600_n40.npz  (693 s)  BLER16: R2-ours-G=0.05 R3-bigamp=0.10 R4-scvamp=0.12 M-ours-gmm32=0.05 R5-genie=0.03
25/448 done    D2_C2_S2_Nr8_T16_Tp4_dft_snr3_skip880_n40.npz  (693 s)  BLER16: R2-ours-G=0.00 R3-bigamp=0.00 R4-scvamp=0.07 M-ours-gmm32=0.03 R5-genie=0.00
26/448 done    D2_C2_S2_Nr8_T16_Tp4_dft_snr3_skip680_n40.npz  (693 s)  BLER16: R2-ours-G=0.00 R3-bigamp=0.03 R4-scvamp=0.10 M-ours-gmm32=0.00 R5-genie=0.00
27/448 done    D2_C2_S2_Nr8_T16_Tp4_dft_snr15_skip320_n40.npz  (693 s)  BLER16: R2-ours-G=0.03 R3-bigamp=0.05 R4-scvamp=0.05 M-ours-gmm32=0.00 R5-genie=0.00
28/448 done    D2_C2_S2_Nr8_T16_Tp4_dft_snr12_skip560_n40.npz  (694 s)  BLER16: R2-ours-G=0.00 R3-bigamp=0.05 R4-scvamp=0.07 M-ours-gmm32=0.00 R5-genie=0.00
29/448 done    D2_C2_S2_Nr8_T16_Tp4_dft_snr9_skip160_n40.npz  (695 s)  BLER16: R2-ours-G=0.03 R3-bigamp=0.03 R4-scvamp=0.03 M-ours-gmm32=0.00 R5-genie=0.00
30/448 done    D2_C2_S2_Nr8_T16_Tp4_dft_snr9_skip880_n40.npz  (695 s)  BLER16: R2-ours-G=0.00 R3-bigamp=0.05 R4-scvamp=0.05 M-ours-gmm32=0.00 R5-genie=0.00
31/448 done    D2_C2_S2_Nr8_T16_Tp4_dft_snr12_skip280_n40.npz  (696 s)  BLER16: R2-ours-G=0.00 R3-bigamp=0.03 R4-scvamp=0.07 M-ours-gmm32=0.00 R5-genie=0.00
32/448 done    D2_C2_S2_Nr8_T16_Tp4_dft_snr9_skip640_n40.npz  (696 s)  BLER16: R2-ours-G=0.00 R3-bigamp=0.05 R4-scvamp=0.07 M-ours-gmm32=0.05 R5-genie=0.00
33/448 done    D2_C2_S2_Nr8_T16_Tp4_dft_snr9_skip520_n40.npz  (697 s)  BLER16: R2-ours-G=0.00 R3-bigamp=0.10 R4-scvamp=0.07 M-ours-gmm32=0.00 R5-genie=0.00
34/448 done    D2_C2_S2_Nr8_T16_Tp4_dft_snr6_skip1000_n40.npz  (697 s)  BLER16: R2-ours-G=0.03 R3-bigamp=0.03 R4-scvamp=0.10 M-ours-gmm32=0.03 R5-genie=0.00
35/448 done    D2_C2_S2_Nr8_T16_Tp4_dft_snr9_skip40_n40.npz  (697 s)  BLER16: R2-ours-G=0.00 R3-bigamp=0.00 R4-scvamp=0.00 M-ours-gmm32=0.00 R5-genie=0.00
36/448 done    D2_C2_S2_Nr8_T16_Tp4_dft_snr12_skip440_n40.npz  (697 s)  BLER16: R2-ours-G=0.00 R3-bigamp=0.05 R4-scvamp=0.05 M-ours-gmm32=0.00 R5-genie=0.00
37/448 done    D2_C2_S2_Nr8_T16_Tp4_dft_snr6_skip840_n40.npz  (698 s)  BLER16: R2-ours-G=0.00 R3-bigamp=0.00 R4-scvamp=0.05 M-ours-gmm32=0.00 R5-genie=0.00
38/448 done    D2_C2_S2_Nr8_T16_Tp4_dft_snr12_skip80_n40.npz  (699 s)  BLER16: R2-ours-G=0.03 R3-bigamp=0.00 R4-scvamp=0.05 M-ours-gmm32=0.03 R5-genie=0.00
39/448 done    D2_C2_S2_Nr8_T16_Tp4_dft_snr15_skip400_n40.npz  (699 s)  BLER16: R2-ours-G=0.00 R3-bigamp=0.07 R4-scvamp=0.03 M-ours-gmm32=0.00 R5-genie=0.00
40/448 done    D2_C2_S2_Nr8_T16_Tp4_dft_snr3_skip0_n40.npz  (699 s)  BLER16: R2-ours-G=0.10 R3-bigamp=0.15 R4-scvamp=0.28 M-ours-gmm32=0.05 R5-genie=0.00
41/448 done    D2_C2_S2_Nr8_T16_Tp4_dft_snr3_skip480_n40.npz  (699 s)  BLER16: R2-ours-G=0.05 R3-bigamp=0.07 R4-scvamp=0.10 M-ours-gmm32=0.07 R5-genie=0.00
42/448 done    D2_C2_S2_Nr8_T16_Tp4_dft_snr0_skip160_n40.npz  (701 s)  BLER16: R2-ours-G=0.07 R3-bigamp=0.25 R4-scvamp=0.28 M-ours-gmm32=0.10 R5-genie=0.00
43/448 done    D2_C2_S2_Nr8_T16_Tp4_dft_snr9_skip0_n40.npz  (701 s)  BLER16: R2-ours-G=0.00 R3-bigamp=0.00 R4-scvamp=0.05 M-ours-gmm32=0.00 R5-genie=0.00
44/448 done    D2_C2_S2_Nr8_T16_Tp4_dft_snr15_skip160_n40.npz  (701 s)  BLER16: R2-ours-G=0.00 R3-bigamp=0.05 R4-scvamp=0.05 M-ours-gmm32=0.00 R5-genie=0.00
45/448 done    D2_C2_S2_Nr8_T16_Tp4_dft_snr6_skip680_n40.npz  (701 s)  BLER16: R2-ours-G=0.00 R3-bigamp=0.07 R4-scvamp=0.15 M-ours-gmm32=0.03 R5-genie=0.00
46/448 done    D2_C2_S2_Nr8_T16_Tp4_dft_snr12_skip320_n40.npz  (702 s)  BLER16: R2-ours-G=0.00 R3-bigamp=0.05 R4-scvamp=0.07 M-ours-gmm32=0.03 R5-genie=0.00
47/448 done    D2_C2_S2_Nr8_T16_Tp4_dft_snr15_skip880_n40.npz  (702 s)  BLER16: R2-ours-G=0.00 R3-bigamp=0.03 R4-scvamp=0.03 M-ours-gmm32=0.00 R5-genie=0.00
48/448 done    D2_C2_S2_Nr8_T16_Tp4_dft_snr12_skip680_n40.npz  (702 s)  BLER16: R2-ours-G=0.03 R3-bigamp=0.10 R4-scvamp=0.07 M-ours-gmm32=0.05 R5-genie=0.00
49/448 done    D2_C2_S2_Nr8_T16_Tp4_dft_snr6_skip640_n40.npz  (702 s)  BLER16: R2-ours-G=0.05 R3-bigamp=0.12 R4-scvamp=0.12 M-ours-gmm32=0.05 R5-genie=0.00
50/448 done    D2_C2_S2_Nr8_T16_Tp4_dft_snr9_skip680_n40.npz  (702 s)  BLER16: R2-ours-G=0.00 R3-bigamp=0.03 R4-scvamp=0.12 M-ours-gmm32=0.00 R5-genie=0.00
51/448 done    D2_C2_S2_Nr8_T16_Tp4_dft_snr12_skip520_n40.npz  (703 s)  BLER16: R2-ours-G=0.03 R3-bigamp=0.03 R4-scvamp=0.05 M-ours-gmm32=0.00 R5-genie=0.00
52/448 done    D2_C2_S2_Nr8_T16_Tp4_dft_snr15_skip720_n40.npz  (703 s)  BLER16: R2-ours-G=0.03 R3-bigamp=0.05 R4-scvamp=0.07 M-ours-gmm32=0.03 R5-genie=0.03
53/448 done    D2_C2_S2_Nr8_T16_Tp4_dft_snr6_skip600_n40.npz  (703 s)  BLER16: R2-ours-G=0.07 R3-bigamp=0.05 R4-scvamp=0.12 M-ours-gmm32=0.03 R5-genie=0.00
54/448 done    D2_C2_S2_Nr8_T16_Tp4_dft_snr15_skip920_n40.npz  (703 s)  BLER16: R2-ours-G=0.00 R3-bigamp=0.05 R4-scvamp=0.00 M-ours-gmm32=0.00 R5-genie=0.00
55/448 done    D2_C2_S2_Nr8_T16_Tp4_dft_snr3_skip720_n40.npz  (703 s)  BLER16: R2-ours-G=0.05 R3-bigamp=0.07 R4-scvamp=0.23 M-ours-gmm32=0.00 R5-genie=0.00
56/448 done    D2_C2_S2_Nr8_T16_Tp4_dft_snr3_skip800_n40.npz  (705 s)  BLER16: R2-ours-G=0.03 R3-bigamp=0.05 R4-scvamp=0.05 M-ours-gmm32=0.03 R5-genie=0.00
57/448 done    D2_C2_S2_Nr8_T16_Tp4_dft_snr12_skip960_n40.npz  (705 s)  BLER16: R2-ours-G=0.00 R3-bigamp=0.07 R4-scvamp=0.00 M-ours-gmm32=0.00 R5-genie=0.00
58/448 done    D2_C2_S2_Nr8_T16_Tp4_dft_snr6_skip440_n40.npz  (706 s)  BLER16: R2-ours-G=0.03 R3-bigamp=0.03 R4-scvamp=0.12 M-ours-gmm32=0.03 R5-genie=0.00
59/448 done    D2_C2_S2_Nr8_T16_Tp4_dft_snr12_skip600_n40.npz  (706 s)  BLER16: R2-ours-G=0.03 R3-bigamp=0.12 R4-scvamp=0.05 M-ours-gmm32=0.03 R5-genie=0.00
60/448 done    D2_C2_S2_Nr8_T16_Tp4_dft_snr6_skip960_n40.npz  (706 s)  BLER16: R2-ours-G=0.03 R3-bigamp=0.00 R4-scvamp=0.07 M-ours-gmm32=0.00 R5-genie=0.00
61/448 done    D2_C2_S2_Nr8_T16_Tp4_dft_snr6_skip120_n40.npz  (707 s)  BLER16: R2-ours-G=0.03 R3-bigamp=0.00 R4-scvamp=0.03 M-ours-gmm32=0.00 R5-genie=0.00
62/448 done    D2_C2_S2_Nr8_T16_Tp4_dft_snr3_skip240_n40.npz  (707 s)  BLER16: R2-ours-G=0.05 R3-bigamp=0.12 R4-scvamp=0.15 M-ours-gmm32=0.07 R5-genie=0.00
63/448 done    D2_C2_S2_Nr8_T16_Tp4_dft_snr9_skip560_n40.npz  (707 s)  BLER16: R2-ours-G=0.00 R3-bigamp=0.10 R4-scvamp=0.10 M-ours-gmm32=0.00 R5-genie=0.00
64/448 done    D2_C2_S2_Nr8_T16_Tp4_dft_snr3_skip760_n40.npz  (707 s)  BLER16: R2-ours-G=0.05 R3-bigamp=0.12 R4-scvamp=0.15 M-ours-gmm32=0.03 R5-genie=0.03
65/448 done    D2_C2_S2_Nr8_T16_Tp4_dft_snr0_skip360_n40.npz  (707 s)  BLER16: R2-ours-G=0.03 R3-bigamp=0.15 R4-scvamp=0.23 M-ours-gmm32=0.03 R5-genie=0.00
66/448 done    D2_C2_S2_Nr8_T16_Tp4_dft_snr6_skip720_n40.npz  (708 s)  BLER16: R2-ours-G=0.03 R3-bigamp=0.12 R4-scvamp=0.17 M-ours-gmm32=0.03 R5-genie=0.03
67/448 done    D2_C2_S2_Nr8_T16_Tp4_dft_snr12_skip640_n40.npz  (708 s)  BLER16: R2-ours-G=0.03 R3-bigamp=0.05 R4-scvamp=0.05 M-ours-gmm32=0.03 R5-genie=0.00
68/448 done    D2_C2_S2_Nr8_T16_Tp4_dft_snr0_skip240_n40.npz  (709 s)  BLER16: R2-ours-G=0.10 R3-bigamp=0.17 R4-scvamp=0.53 M-ours-gmm32=0.10 R5-genie=0.03
69/448 done    D2_C2_S2_Nr8_T16_Tp4_dft_snr9_skip120_n40.npz  (709 s)  BLER16: R2-ours-G=0.03 R3-bigamp=0.12 R4-scvamp=0.20 M-ours-gmm32=0.00 R5-genie=0.00
70/448 done    D2_C2_S2_Nr8_T16_Tp4_dft_snr12_skip200_n40.npz  (709 s)  BLER16: R2-ours-G=0.03 R3-bigamp=0.05 R4-scvamp=0.05 M-ours-gmm32=0.00 R5-genie=0.00
71/448 done    D2_C2_S2_Nr8_T16_Tp4_dft_snr3_skip960_n40.npz  (709 s)  BLER16: R2-ours-G=0.03 R3-bigamp=0.10 R4-scvamp=0.17 M-ours-gmm32=0.05 R5-genie=0.00
72/448 done    D2_C2_S2_Nr8_T16_Tp4_dft_snr0_skip440_n40.npz  (709 s)  BLER16: R2-ours-G=0.07 R3-bigamp=0.12 R4-scvamp=0.47 M-ours-gmm32=0.05 R5-genie=0.00
73/448 done    D2_C2_S2_Nr8_T16_Tp4_dft_snr6_skip800_n40.npz  (710 s)  BLER16: R2-ours-G=0.05 R3-bigamp=0.12 R4-scvamp=0.20 M-ours-gmm32=0.03 R5-genie=0.03
74/448 done    D2_C2_S2_Nr8_T16_Tp4_dft_snr12_skip40_n40.npz  (710 s)  BLER16: R2-ours-G=0.00 R3-bigamp=0.07 R4-scvamp=0.07 M-ours-gmm32=0.00 R5-genie=0.00
75/448 done    D2_C2_S2_Nr8_T16_Tp4_dft_snr0_skip880_n40.npz  (711 s)  BLER16: R2-ours-G=0.10 R3-bigamp=0.20 R4-scvamp=0.33 M-ours-gmm32=0.12 R5-genie=0.05
76/448 done    D2_C2_S2_Nr8_T16_Tp4_dft_snr3_skip200_n40.npz  (711 s)  BLER16: R2-ours-G=0.00 R3-bigamp=0.05 R4-scvamp=0.23 M-ours-gmm32=0.05 R5-genie=0.00
77/448 done    D2_C2_S2_Nr8_T16_Tp4_dft_snr12_skip480_n40.npz  (713 s)  BLER16: R2-ours-G=0.00 R3-bigamp=0.03 R4-scvamp=0.03 M-ours-gmm32=0.00 R5-genie=0.00
78/448 done    D2_C2_S2_Nr8_T16_Tp4_dft_snr9_skip800_n40.npz  (713 s)  BLER16: R2-ours-G=0.00 R3-bigamp=0.05 R4-scvamp=0.07 M-ours-gmm32=0.00 R5-genie=0.00
79/448 done    D2_C2_S2_Nr8_T16_Tp4_dft_snr9_skip1000_n40.npz  (714 s)  BLER16: R2-ours-G=0.03 R3-bigamp=0.10 R4-scvamp=0.15 M-ours-gmm32=0.05 R5-genie=0.00
80/448 done    D2_C2_S2_Nr8_T16_Tp4_dft_snr9_skip480_n40.npz  (714 s)  BLER16: R2-ours-G=0.03 R3-bigamp=0.07 R4-scvamp=0.03 M-ours-gmm32=0.03 R5-genie=0.00
81/448 done    D2_C2_S2_Nr8_T16_Tp4_dft_snr12_skip400_n40.npz  (714 s)  BLER16: R2-ours-G=0.03 R3-bigamp=0.03 R4-scvamp=0.10 M-ours-gmm32=0.05 R5-genie=0.00
82/448 done    D2_C2_S2_Nr8_T16_Tp4_dft_snr15_skip1040_n40.npz  (714 s)  BLER16: R2-ours-G=0.00 R3-bigamp=0.05 R4-scvamp=0.03 M-ours-gmm32=0.00 R5-genie=0.00
83/448 done    D2_C2_S2_Nr8_T16_Tp4_dft_snr3_skip80_n40.npz  (715 s)  BLER16: R2-ours-G=0.07 R3-bigamp=0.10 R4-scvamp=0.17 M-ours-gmm32=0.03 R5-genie=0.00
84/448 done    D2_C2_S2_Nr8_T16_Tp4_dft_snr0_skip200_n40.npz  (715 s)  BLER16: R2-ours-G=0.10 R3-bigamp=0.23 R4-scvamp=0.23 M-ours-gmm32=0.10 R5-genie=0.00
85/448 done    D2_C2_S2_Nr8_T16_Tp4_dft_snr0_skip1080_n40.npz  (715 s)  BLER16: R2-ours-G=0.12 R3-bigamp=0.20 R4-scvamp=0.25 M-ours-gmm32=0.10 R5-genie=0.00
86/448 done    D2_C2_S2_Nr8_T16_Tp4_dft_snr9_skip760_n40.npz  (715 s)  BLER16: R2-ours-G=0.00 R3-bigamp=0.05 R4-scvamp=0.05 M-ours-gmm32=0.03 R5-genie=0.00
87/448 done    D2_C2_S2_Nr8_T16_Tp4_dft_snr6_skip400_n40.npz  (717 s)  BLER16: R2-ours-G=0.05 R3-bigamp=0.12 R4-scvamp=0.07 M-ours-gmm32=0.05 R5-genie=0.05
88/448 done    D2_C2_S2_Nr8_T16_Tp4_dft_snr0_skip0_n40.npz  (717 s)  BLER16: R2-ours-G=0.10 R3-bigamp=0.25 R4-scvamp=0.38 M-ours-gmm32=0.12 R5-genie=0.03
89/448 done    D2_C2_S2_Nr8_T16_Tp4_dft_snr9_skip200_n40.npz  (720 s)  BLER16: R2-ours-G=0.00 R3-bigamp=0.07 R4-scvamp=0.15 M-ours-gmm32=0.00 R5-genie=0.00
90/448 done    D2_C2_S2_Nr8_T16_Tp4_dft_snr3_skip1040_n40.npz  (719 s)  BLER16: R2-ours-G=0.07 R3-bigamp=0.07 R4-scvamp=0.10 M-ours-gmm32=0.05 R5-genie=0.00
91/448 done    D2_C2_S2_Nr8_T16_Tp4_dft_snr12_skip160_n40.npz  (719 s)  BLER16: R2-ours-G=0.05 R3-bigamp=0.15 R4-scvamp=0.10 M-ours-gmm32=0.00 R5-genie=0.00
92/448 done    D2_C2_S2_Nr8_T16_Tp4_dft_snr3_skip360_n40.npz  (720 s)  BLER16: R2-ours-G=0.07 R3-bigamp=0.12 R4-scvamp=0.17 M-ours-gmm32=0.00 R5-genie=0.00
93/448 done    D2_C2_S2_Nr8_T16_Tp4_dft_snr0_skip400_n40.npz  (722 s)  BLER16: R2-ours-G=0.07 R3-bigamp=0.33 R4-scvamp=0.33 M-ours-gmm32=0.15 R5-genie=0.05
94/448 done    D2_C2_S2_Nr8_T16_Tp4_dft_snr6_skip480_n40.npz  (722 s)  BLER16: R2-ours-G=0.03 R3-bigamp=0.00 R4-scvamp=0.05 M-ours-gmm32=0.03 R5-genie=0.00
95/448 done    D2_C2_S2_Nr8_T16_Tp4_dft_snr15_skip960_n40.npz  (722 s)  BLER16: R2-ours-G=0.00 R3-bigamp=0.03 R4-scvamp=0.03 M-ours-gmm32=0.00 R5-genie=0.00
96/448 done    D2_C2_S2_Nr8_T16_Tp4_dft_snr0_skip280_n40.npz  (722 s)  BLER16: R2-ours-G=0.05 R3-bigamp=0.15 R4-scvamp=0.25 M-ours-gmm32=0.03 R5-genie=0.00
97/448 done    D2_C2_S2_Nr8_T16_Tp4_dft_snr0_skip760_n40.npz  (723 s)  BLER16: R2-ours-G=0.17 R3-bigamp=0.30 R4-scvamp=0.42 M-ours-gmm32=0.20 R5-genie=0.03
98/448 done    D2_C2_S2_Nr8_T16_Tp4_dft_snr15_skip680_n40.npz  (726 s)  BLER16: R2-ours-G=0.00 R3-bigamp=0.03 R4-scvamp=0.05 M-ours-gmm32=0.00 R5-genie=0.00
99/448 done    D2_C2_S2_Nr8_T16_Tp4_dft_snr12_skip920_n40.npz  (727 s)  BLER16: R2-ours-G=0.00 R3-bigamp=0.00 R4-scvamp=0.00 M-ours-gmm32=0.00 R5-genie=0.00
100/448 done    D2_C2_S2_Nr8_T16_Tp4_dft_snr9_skip920_n40.npz  (728 s)  BLER16: R2-ours-G=0.00 R3-bigamp=0.07 R4-scvamp=0.07 M-ours-gmm32=0.00 R5-genie=0.00
101/448 done    D2_C2_S2_Nr8_T16_Tp4_dft_snr0_skip680_n40.npz  (728 s)  BLER16: R2-ours-G=0.10 R3-bigamp=0.15 R4-scvamp=0.25 M-ours-gmm32=0.10 R5-genie=0.03
102/448 done    D2_C2_S2_Nr8_T16_Tp4_dft_snr3_skip560_n40.npz  (730 s)  BLER16: R2-ours-G=0.03 R3-bigamp=0.07 R4-scvamp=0.15 M-ours-gmm32=0.05 R5-genie=0.00
103/448 done    D2_C2_S2_Nr8_T16_Tp4_dft_snr6_skip280_n40.npz  (731 s)  BLER16: R2-ours-G=0.05 R3-bigamp=0.03 R4-scvamp=0.10 M-ours-gmm32=0.05 R5-genie=0.00
104/448 done    D2_C2_S2_Nr8_T16_Tp4_dft_snr6_skip880_n40.npz  (731 s)  BLER16: R2-ours-G=0.00 R3-bigamp=0.07 R4-scvamp=0.07 M-ours-gmm32=0.00 R5-genie=0.00
105/448 done    D2_C2_S2_Nr8_T16_Tp4_dft_snr6_skip920_n40.npz  (732 s)  BLER16: R2-ours-G=0.00 R3-bigamp=0.00 R4-scvamp=0.07 M-ours-gmm32=0.00 R5-genie=0.00
106/448 done    D2_C2_S2_Nr8_T16_Tp4_dft_snr0_skip720_n40.npz  (733 s)  BLER16: R2-ours-G=0.07 R3-bigamp=0.17 R4-scvamp=0.28 M-ours-gmm32=0.07 R5-genie=0.03
107/448 done    D2_C2_S2_Nr8_T16_Tp4_dft_snr12_skip760_n40.npz  (733 s)  BLER16: R2-ours-G=0.00 R3-bigamp=0.00 R4-scvamp=0.05 M-ours-gmm32=0.00 R5-genie=0.00
108/448 done    D2_C2_S2_Nr8_T16_Tp4_dft_snr0_skip840_n40.npz  (734 s)  BLER16: R2-ours-G=0.10 R3-bigamp=0.25 R4-scvamp=0.28 M-ours-gmm32=0.15 R5-genie=0.00
109/448 done    D2_C2_S2_Nr8_T16_Tp4_dft_snr15_skip760_n40.npz  (736 s)  BLER16: R2-ours-G=0.00 R3-bigamp=0.05 R4-scvamp=0.05 M-ours-gmm32=0.00 R5-genie=0.00
110/448 done    D2_C2_S2_Nr8_T16_Tp4_dft_snr9_skip320_n40.npz  (737 s)  BLER16: R2-ours-G=0.00 R3-bigamp=0.03 R4-scvamp=0.03 M-ours-gmm32=0.00 R5-genie=0.00
111/448 done    D2_C2_S2_Nr8_T16_Tp4_dft_snr15_skip40_n40.npz  (738 s)  BLER16: R2-ours-G=0.00 R3-bigamp=0.12 R4-scvamp=0.05 M-ours-gmm32=0.03 R5-genie=0.00
112/448 done    D2_C2_S2_Nr8_T16_Tp4_dft_snr6_skip760_n40.npz  (737 s)  BLER16: R2-ours-G=0.03 R3-bigamp=0.07 R4-scvamp=0.10 M-ours-gmm32=0.03 R5-genie=0.00
113/448 done    D2_C2_S2_Nr8_T16_Tp4_dft_snr3_skip840_n40.npz  (738 s)  BLER16: R2-ours-G=0.07 R3-bigamp=0.07 R4-scvamp=0.17 M-ours-gmm32=0.07 R5-genie=0.00
114/448 done    D2_C2_S2_Nr8_T16_Tp4_dft_snr0_skip1000_n40.npz  (738 s)  BLER16: R2-ours-G=0.12 R3-bigamp=0.20 R4-scvamp=0.38 M-ours-gmm32=0.03 R5-genie=0.00
115/448 done    D2_C2_S2_Nr8_T16_Tp4_dft_snr3_skip120_n40.npz  (739 s)  BLER16: R2-ours-G=0.05 R3-bigamp=0.03 R4-scvamp=0.10 M-ours-gmm32=0.07 R5-genie=0.00
116/448 done    D2_C2_S2_Nr8_T16_Tp4_dft_snr0_skip1040_n40.npz  (739 s)  BLER16: R2-ours-G=0.03 R3-bigamp=0.20 R4-scvamp=0.35 M-ours-gmm32=0.05 R5-genie=0.00
117/448 done    D2_C2_S2_Nr8_T16_Tp4_dft_snr3_skip40_n40.npz  (740 s)  BLER16: R2-ours-G=0.00 R3-bigamp=0.03 R4-scvamp=0.23 M-ours-gmm32=0.03 R5-genie=0.00
118/448 done    D2_C2_S2_Nr8_T16_Tp4_dft_snr-3_skip240_n40.npz  (740 s)  BLER16: R2-ours-G=0.23 R3-bigamp=0.40 R4-scvamp=0.60 M-ours-gmm32=0.20 R5-genie=0.00
119/448 done    D2_C2_S2_Nr8_T16_Tp4_dft_snr15_skip280_n40.npz  (740 s)  BLER16: R2-ours-G=0.00 R3-bigamp=0.03 R4-scvamp=0.00 M-ours-gmm32=0.00 R5-genie=0.00
120/448 done    D2_C2_S2_Nr8_T16_Tp4_dft_snr-3_skip280_n40.npz  (741 s)  BLER16: R2-ours-G=0.42 R3-bigamp=0.62 R4-scvamp=0.62 M-ours-gmm32=0.35 R5-genie=0.00
121/448 done    D2_C2_S2_Nr8_T16_Tp4_dft_snr15_skip1000_n40.npz  (741 s)  BLER16: R2-ours-G=0.00 R3-bigamp=0.07 R4-scvamp=0.03 M-ours-gmm32=0.00 R5-genie=0.00
122/448 done    D2_C2_S2_Nr8_T16_Tp4_dft_snr0_skip920_n40.npz  (741 s)  BLER16: R2-ours-G=0.07 R3-bigamp=0.15 R4-scvamp=0.25 M-ours-gmm32=0.10 R5-genie=0.00
123/448 done    D2_C2_S2_Nr8_T16_Tp4_dft_snr6_skip320_n40.npz  (741 s)  BLER16: R2-ours-G=0.00 R3-bigamp=0.05 R4-scvamp=0.15 M-ours-gmm32=0.00 R5-genie=0.00
124/448 done    D2_C2_S2_Nr8_T16_Tp4_dft_snr15_skip240_n40.npz  (743 s)  BLER16: R2-ours-G=0.00 R3-bigamp=0.05 R4-scvamp=0.03 M-ours-gmm32=0.00 R5-genie=0.00
125/448 done    D2_C2_S2_Nr8_T16_Tp4_dft_snr12_skip720_n40.npz  (745 s)  BLER16: R2-ours-G=0.00 R3-bigamp=0.10 R4-scvamp=0.05 M-ours-gmm32=0.00 R5-genie=0.00
126/448 done    D2_C2_S2_Nr8_T16_Tp4_dft_snr3_skip400_n40.npz  (745 s)  BLER16: R2-ours-G=0.05 R3-bigamp=0.07 R4-scvamp=0.17 M-ours-gmm32=0.03 R5-genie=0.00
127/448 done    D2_C2_S2_Nr8_T16_Tp4_dft_snr3_skip920_n40.npz  (746 s)  BLER16: R2-ours-G=0.00 R3-bigamp=0.05 R4-scvamp=0.12 M-ours-gmm32=0.05 R5-genie=0.00
128/448 done    D2_C2_S2_Nr8_T16_Tp4_dft_snr-3_skip800_n40.npz  (747 s)  BLER16: R2-ours-G=0.23 R3-bigamp=0.55 R4-scvamp=0.65 M-ours-gmm32=0.15 R5-genie=0.00
129/448 done    D2_C2_S2_Nr8_T16_Tp4_dft_snr15_skip0_n40.npz  (750 s)  BLER16: R2-ours-G=0.00 R3-bigamp=0.05 R4-scvamp=0.00 M-ours-gmm32=0.00 R5-genie=0.00
130/448 done    D2_C2_S2_Nr8_T16_Tp4_dft_snr3_skip320_n40.npz  (750 s)  BLER16: R2-ours-G=0.03 R3-bigamp=0.10 R4-scvamp=0.12 M-ours-gmm32=0.00 R5-genie=0.00
131/448 done    D2_C2_S2_Nr8_T16_Tp4_dft_snr0_skip40_n40.npz  (751 s)  BLER16: R2-ours-G=0.10 R3-bigamp=0.25 R4-scvamp=0.25 M-ours-gmm32=0.10 R5-genie=0.00
132/448 done    D2_C2_S2_Nr8_T16_Tp4_dft_snr9_skip440_n40.npz  (751 s)  BLER16: R2-ours-G=0.00 R3-bigamp=0.00 R4-scvamp=0.00 M-ours-gmm32=0.00 R5-genie=0.00
133/448 done    D2_C2_S2_Nr8_T16_Tp4_dft_snr15_skip840_n40.npz  (752 s)  BLER16: R2-ours-G=0.00 R3-bigamp=0.03 R4-scvamp=0.03 M-ours-gmm32=0.00 R5-genie=0.00
134/448 done    D2_C2_S2_Nr8_T16_Tp4_dft_snr6_skip240_n40.npz  (752 s)  BLER16: R2-ours-G=0.00 R3-bigamp=0.10 R4-scvamp=0.07 M-ours-gmm32=0.00 R5-genie=0.00
135/448 done    D2_C2_S2_Nr8_T16_Tp4_dft_snr6_skip520_n40.npz  (753 s)  BLER16: R2-ours-G=0.05 R3-bigamp=0.05 R4-scvamp=0.17 M-ours-gmm32=0.03 R5-genie=0.00
136/448 done    D2_C2_S2_Nr8_T16_Tp4_dft_snr-3_skip120_n40.npz  (754 s)  BLER16: R2-ours-G=0.38 R3-bigamp=0.47 R4-scvamp=0.65 M-ours-gmm32=0.33 R5-genie=0.00
137/448 done    D2_C2_S2_Nr8_T16_Tp4_dft_snr12_skip840_n40.npz  (753 s)  BLER16: R2-ours-G=0.03 R3-bigamp=0.07 R4-scvamp=0.07 M-ours-gmm32=0.03 R5-genie=0.00
138/448 done    D2_C2_S2_Nr8_T16_Tp4_dft_snr0_skip480_n40.npz  (753 s)  BLER16: R2-ours-G=0.10 R3-bigamp=0.23 R4-scvamp=0.42 M-ours-gmm32=0.07 R5-genie=0.00
139/448 done    D2_C2_S2_Nr8_T16_Tp4_dft_snr3_skip160_n40.npz  (755 s)  BLER16: R2-ours-G=0.03 R3-bigamp=0.05 R4-scvamp=0.10 M-ours-gmm32=0.03 R5-genie=0.00
140/448 done    D2_C2_S2_Nr8_T16_Tp4_dft_snr15_skip480_n40.npz  (755 s)  BLER16: R2-ours-G=0.03 R3-bigamp=0.05 R4-scvamp=0.00 M-ours-gmm32=0.00 R5-genie=0.00
141/448 done    D2_C2_S2_Nr8_T16_Tp4_dft_snr0_skip80_n40.npz  (756 s)  BLER16: R2-ours-G=0.15 R3-bigamp=0.25 R4-scvamp=0.35 M-ours-gmm32=0.10 R5-genie=0.00
142/448 done    D2_C2_S2_Nr8_T16_Tp4_dft_snr6_skip160_n40.npz  (757 s)  BLER16: R2-ours-G=0.00 R3-bigamp=0.03 R4-scvamp=0.10 M-ours-gmm32=0.03 R5-genie=0.00
143/448 done    D2_C2_S2_Nr8_T16_Tp4_dft_snr15_skip600_n40.npz  (757 s)  BLER16: R2-ours-G=0.00 R3-bigamp=0.03 R4-scvamp=0.00 M-ours-gmm32=0.00 R5-genie=0.03
144/448 done    D2_C2_S2_Nr8_T16_Tp4_dft_snr-3_skip720_n40.npz  (759 s)  BLER16: R2-ours-G=0.23 R3-bigamp=0.57 R4-scvamp=0.55 M-ours-gmm32=0.10 R5-genie=0.03
145/448 done    D2_C2_S2_Nr8_T16_Tp4_dft_snr9_skip400_n40.npz  (759 s)  BLER16: R2-ours-G=0.00 R3-bigamp=0.07 R4-scvamp=0.00 M-ours-gmm32=0.00 R5-genie=0.00
146/448 done    D2_C2_S2_Nr8_T16_Tp4_dft_snr9_skip960_n40.npz  (760 s)  BLER16: R2-ours-G=0.03 R3-bigamp=0.03 R4-scvamp=0.07 M-ours-gmm32=0.03 R5-genie=0.00
147/448 done    D2_C2_S2_Nr8_T16_Tp4_dft_snr-3_skip360_n40.npz  (761 s)  BLER16: R2-ours-G=0.15 R3-bigamp=0.55 R4-scvamp=0.55 M-ours-gmm32=0.20 R5-genie=0.00
148/448 done    D2_C2_S2_Nr8_T16_Tp4_dft_snr-3_skip680_n40.npz  (761 s)  BLER16: R2-ours-G=0.38 R3-bigamp=0.65 R4-scvamp=0.62 M-ours-gmm32=0.23 R5-genie=0.05
149/448 done    D2_C2_S2_Nr8_T16_Tp4_dft_snr12_skip1040_n40.npz  (763 s)  BLER16: R2-ours-G=0.03 R3-bigamp=0.10 R4-scvamp=0.05 M-ours-gmm32=0.00 R5-genie=0.00
150/448 done    D2_C2_S2_Nr8_T16_Tp4_dft_snr0_skip960_n40.npz  (766 s)  BLER16: R2-ours-G=0.10 R3-bigamp=0.12 R4-scvamp=0.28 M-ours-gmm32=0.05 R5-genie=0.05
151/448 done    D2_C2_S2_Nr8_T16_Tp4_dft_snr-3_skip600_n40.npz  (766 s)  BLER16: R2-ours-G=0.20 R3-bigamp=0.53 R4-scvamp=0.53 M-ours-gmm32=0.15 R5-genie=0.00
152/448 done    D2_C2_S2_Nr8_T16_Tp4_dft_snr0_skip560_n40.npz  (767 s)  BLER16: R2-ours-G=0.15 R3-bigamp=0.33 R4-scvamp=0.35 M-ours-gmm32=0.10 R5-genie=0.00
153/448 done    D2_C2_S2_Nr8_T16_Tp4_dft_snr3_skip440_n40.npz  (767 s)  BLER16: R2-ours-G=0.10 R3-bigamp=0.15 R4-scvamp=0.17 M-ours-gmm32=0.10 R5-genie=0.03
154/448 done    D2_C2_S2_Nr8_T16_Tp4_dft_snr9_skip240_n40.npz  (768 s)  BLER16: R2-ours-G=0.00 R3-bigamp=0.00 R4-scvamp=0.07 M-ours-gmm32=0.00 R5-genie=0.00
155/448 done    D2_C2_S2_Nr8_T16_Tp4_dft_snr-3_skip1000_n40.npz  (768 s)  BLER16: R2-ours-G=0.42 R3-bigamp=0.50 R4-scvamp=0.60 M-ours-gmm32=0.35 R5-genie=0.05
156/448 done    D2_C2_S2_Nr8_T16_Tp4_dft_snr-3_skip1080_n40.npz  (769 s)  BLER16: R2-ours-G=0.33 R3-bigamp=0.57 R4-scvamp=0.60 M-ours-gmm32=0.25 R5-genie=0.07
157/448 done    D2_C2_S2_Nr8_T16_Tp4_dft_snr-3_skip160_n40.npz  (769 s)  BLER16: R2-ours-G=0.35 R3-bigamp=0.57 R4-scvamp=0.60 M-ours-gmm32=0.28 R5-genie=0.00
158/448 done    D2_C2_S2_Nr8_T16_Tp4_dft_snr9_skip80_n40.npz  (771 s)  BLER16: R2-ours-G=0.00 R3-bigamp=0.03 R4-scvamp=0.03 M-ours-gmm32=0.00 R5-genie=0.00
159/448 done    D2_C2_S2_Nr8_T16_Tp4_dft_snr-3_skip560_n40.npz  (772 s)  BLER16: R2-ours-G=0.33 R3-bigamp=0.68 R4-scvamp=0.72 M-ours-gmm32=0.33 R5-genie=0.03
160/448 done    D2_C2_S2_Nr8_T16_Tp4_dft_snr-3_skip840_n40.npz  (773 s)  BLER16: R2-ours-G=0.45 R3-bigamp=0.60 R4-scvamp=0.70 M-ours-gmm32=0.38 R5-genie=0.03
161/448 done    D2_C2_S2_Nr8_T16_Tp4_dft_snr-3_skip760_n40.npz  (774 s)  BLER16: R2-ours-G=0.38 R3-bigamp=0.68 R4-scvamp=0.68 M-ours-gmm32=0.28 R5-genie=0.05
162/448 done    D2_C2_S2_Nr8_T16_Tp4_dft_snr0_skip800_n40.npz  (774 s)  BLER16: R2-ours-G=0.03 R3-bigamp=0.17 R4-scvamp=0.17 M-ours-gmm32=0.03 R5-genie=0.00
163/448 done    D2_C2_S2_Nr8_T16_Tp4_dft_snr-3_skip920_n40.npz  (776 s)  BLER16: R2-ours-G=0.47 R3-bigamp=0.78 R4-scvamp=0.75 M-ours-gmm32=0.40 R5-genie=0.07
164/448 done    D2_C2_S2_Nr8_T16_Tp4_dft_snr0_skip120_n40.npz  (776 s)  BLER16: R2-ours-G=0.15 R3-bigamp=0.35 R4-scvamp=0.30 M-ours-gmm32=0.23 R5-genie=0.00
165/448 done    D2_C2_S2_Nr8_T16_Tp4_dft_snr6_skip360_n40.npz  (776 s)  BLER16: R2-ours-G=0.00 R3-bigamp=0.07 R4-scvamp=0.12 M-ours-gmm32=0.00 R5-genie=0.00
166/448 done    D2_C2_S2_Nr8_T16_Tp4_dft_snr-3_skip320_n40.npz  (778 s)  BLER16: R2-ours-G=0.12 R3-bigamp=0.53 R4-scvamp=0.55 M-ours-gmm32=0.05 R5-genie=0.00
167/448 done    D2_C2_S2_Nr8_T16_Tp4_dft_snr-3_skip960_n40.npz  (779 s)  BLER16: R2-ours-G=0.30 R3-bigamp=0.50 R4-scvamp=0.72 M-ours-gmm32=0.20 R5-genie=0.03
168/448 done    D2_C2_S2_Nr8_T16_Tp4_dft_snr-3_skip1040_n40.npz  (779 s)  BLER16: R2-ours-G=0.40 R3-bigamp=0.57 R4-scvamp=0.62 M-ours-gmm32=0.40 R5-genie=0.00
169/448 done    D2_C2_S2_Nr8_T16_Tp4_dft_snr3_skip520_n40.npz  (782 s)  BLER16: R2-ours-G=0.05 R3-bigamp=0.12 R4-scvamp=0.20 M-ours-gmm32=0.03 R5-genie=0.00
170/448 done    D2_C2_S2_Nr8_T16_Tp4_dft_snr-3_skip480_n40.npz  (783 s)  BLER16: R2-ours-G=0.30 R3-bigamp=0.40 R4-scvamp=0.50 M-ours-gmm32=0.25 R5-genie=0.05
171/448 done    D2_C2_S2_Nr8_T16_Tp4_dft_snr-3_skip520_n40.npz  (787 s)  BLER16: R2-ours-G=0.28 R3-bigamp=0.50 R4-scvamp=0.60 M-ours-gmm32=0.20 R5-genie=0.00
172/448 done    D2_C2_S2_Nr8_T16_Tp4_dft_snr9_skip600_n40.npz  (790 s)  BLER16: R2-ours-G=0.05 R3-bigamp=0.15 R4-scvamp=0.12 M-ours-gmm32=0.05 R5-genie=0.03
173/448 done    D2_C2_S2_Nr8_T16_Tp4_dft_snr0_skip600_n40.npz  (791 s)  BLER16: R2-ours-G=0.10 R3-bigamp=0.15 R4-scvamp=0.20 M-ours-gmm32=0.10 R5-genie=0.00
174/448 done    D2_C2_S2_Nr8_T16_Tp4_dft_snr0_skip520_n40.npz  (797 s)  BLER16: R2-ours-G=0.07 R3-bigamp=0.12 R4-scvamp=0.25 M-ours-gmm32=0.05 R5-genie=0.00
175/448 done    D2_C2_S2_Nr8_T16_Tp4_dft_snr-3_skip200_n40.npz  (800 s)  BLER16: R2-ours-G=0.45 R3-bigamp=0.65 R4-scvamp=0.72 M-ours-gmm32=0.40 R5-genie=0.07
176/448 done    D2_C2_S2_Nr8_T16_Tp4_dft_snr-3_skip0_n40.npz  (804 s)  BLER16: R2-ours-G=0.42 R3-bigamp=0.75 R4-scvamp=0.70 M-ours-gmm32=0.30 R5-genie=0.07
177/448 done    D2_C2_S2_Nr8_T16_Tp4_dft_snr12_skip800_n40.npz  (808 s)  BLER16: R2-ours-G=0.03 R3-bigamp=0.05 R4-scvamp=0.05 M-ours-gmm32=0.00 R5-genie=0.00
178/448 done    D2_C2_S2_Nr8_T16_Tp4_dft_snr-3_skip880_n40.npz  (810 s)  BLER16: R2-ours-G=0.33 R3-bigamp=0.50 R4-scvamp=0.60 M-ours-gmm32=0.25 R5-genie=0.03
179/448 done    D2_C2_S2_Nr8_T16_Tp4_dft_snr15_skip520_n40.npz  (810 s)  BLER16: R2-ours-G=0.03 R3-bigamp=0.03 R4-scvamp=0.03 M-ours-gmm32=0.03 R5-genie=0.00
180/448 done    D2_C2_S2_Nr8_T16_Tp4_dft_snr0_skip640_n40.npz  (810 s)  BLER16: R2-ours-G=0.07 R3-bigamp=0.17 R4-scvamp=0.35 M-ours-gmm32=0.07 R5-genie=0.00
181/448 done    D2_C2_S2_Nr8_T16_Tp4_dft_snr3_skip1080_n40.npz  (821 s)  BLER16: R2-ours-G=0.03 R3-bigamp=0.15 R4-scvamp=0.15 M-ours-gmm32=0.03 R5-genie=0.00
182/448 done    D2_C2_S2_Nr8_T16_Tp4_dft_snr-3_skip640_n40.npz  (821 s)  BLER16: R2-ours-G=0.33 R3-bigamp=0.47 R4-scvamp=0.62 M-ours-gmm32=0.17 R5-genie=0.00
183/448 done    D2_C2_S2_Nr8_T16_Tp4_dft_snr12_skip0_n40.npz  (823 s)  BLER16: R2-ours-G=0.00 R3-bigamp=0.07 R4-scvamp=0.05 M-ours-gmm32=0.00 R5-genie=0.00
184/448 done    D2_C2_S2_Nr8_T16_Tp4_dft_snr6_skip80_n40.npz  (831 s)  BLER16: R2-ours-G=0.05 R3-bigamp=0.05 R4-scvamp=0.15 M-ours-gmm32=0.00 R5-genie=0.00
185/448 done    D2_C2_S2_Nr8_T16_Tp4_dft_snr15_skip360_n40.npz  (834 s)  BLER16: R2-ours-G=0.00 R3-bigamp=0.03 R4-scvamp=0.03 M-ours-gmm32=0.00 R5-genie=0.00
186/448 done    D2_C2_S2_Nr8_T16_Tp4_dft_snr3_skip280_n40.npz  (834 s)  BLER16: R2-ours-G=0.05 R3-bigamp=0.10 R4-scvamp=0.28 M-ours-gmm32=0.03 R5-genie=0.03
187/448 done    D2_C2_S2_Nr8_T16_Tp4_dft_snr6_skip40_n40.npz  (834 s)  BLER16: R2-ours-G=0.03 R3-bigamp=0.05 R4-scvamp=0.12 M-ours-gmm32=0.03 R5-genie=0.00
188/448 done    D2_C2_S2_Nr8_T16_Tp4_dft_snr-3_skip80_n40.npz  (834 s)  BLER16: R2-ours-G=0.38 R3-bigamp=0.68 R4-scvamp=0.65 M-ours-gmm32=0.33 R5-genie=0.07
189/448 done    D2_C2_S2_Nr8_T16_Tp4_dft_snr-3_skip440_n40.npz  (849 s)  BLER16: R2-ours-G=0.33 R3-bigamp=0.55 R4-scvamp=0.55 M-ours-gmm32=0.33 R5-genie=0.07
190/448 done    D2_C2_S2_Nr8_T16_Tp4_dft_snr0_skip320_n40.npz  (852 s)  BLER16: R2-ours-G=0.15 R3-bigamp=0.30 R4-scvamp=0.35 M-ours-gmm32=0.12 R5-genie=0.00
191/448 done    D2_C2_S2_Nr8_T16_Tp4_dft_snr-3_skip40_n40.npz  (871 s)  BLER16: R2-ours-G=0.28 R3-bigamp=0.42 R4-scvamp=0.55 M-ours-gmm32=0.33 R5-genie=0.03
192/448 done    D2_C2_S2_Nr8_T16_Tp4_dft_snr-3_skip400_n40.npz  (889 s)  BLER16: R2-ours-G=0.35 R3-bigamp=0.55 R4-scvamp=0.55 M-ours-gmm32=0.33 R5-genie=0.05
193/448 done    D2_C2_S2_Nr8_T16_Tp4_dft_snr9_skip1240_n40.npz  (613 s)  BLER16: R2-ours-G=0.03 R3-bigamp=0.05 R4-scvamp=0.07 M-ours-gmm32=0.00 R5-genie=0.00
194/448 done    D2_C2_S2_Nr8_T16_Tp4_dft_snr0_skip1160_n40.npz  (644 s)  BLER16: R2-ours-G=0.10 R3-bigamp=0.12 R4-scvamp=0.35 M-ours-gmm32=0.05 R5-genie=0.00
195/448 done    D2_C2_S2_Nr8_T16_Tp4_dft_snr15_skip1120_n40.npz  (654 s)  BLER16: R2-ours-G=0.00 R3-bigamp=0.07 R4-scvamp=0.03 M-ours-gmm32=0.00 R5-genie=0.00
196/448 done    D2_C2_S2_Nr8_T16_Tp4_dft_snr-3_skip1280_n40.npz  (643 s)  BLER16: R2-ours-G=0.53 R3-bigamp=0.75 R4-scvamp=0.70 M-ours-gmm32=0.38 R5-genie=0.12
197/448 done    D2_C2_S2_Nr8_T16_Tp4_dft_snr9_skip1120_n40.npz  (660 s)  BLER16: R2-ours-G=0.00 R3-bigamp=0.05 R4-scvamp=0.03 M-ours-gmm32=0.00 R5-genie=0.00
198/448 done    D2_C2_S2_Nr8_T16_Tp4_dft_snr12_skip1120_n40.npz  (661 s)  BLER16: R2-ours-G=0.03 R3-bigamp=0.10 R4-scvamp=0.03 M-ours-gmm32=0.03 R5-genie=0.00
199/448 done    D2_C2_S2_Nr8_T16_Tp4_dft_snr15_skip1080_n40.npz  (673 s)  BLER16: R2-ours-G=0.00 R3-bigamp=0.05 R4-scvamp=0.05 M-ours-gmm32=0.00 R5-genie=0.00
200/448 done    D2_C2_S2_Nr8_T16_Tp4_dft_snr6_skip1120_n40.npz  (672 s)  BLER16: R2-ours-G=0.00 R3-bigamp=0.03 R4-scvamp=0.00 M-ours-gmm32=0.00 R5-genie=0.00
201/448 done    D2_C2_S2_Nr8_T16_Tp4_dft_snr12_skip1200_n40.npz  (661 s)  BLER16: R2-ours-G=0.00 R3-bigamp=0.05 R4-scvamp=0.03 M-ours-gmm32=0.00 R5-genie=0.00
202/448 done    D2_C2_S2_Nr8_T16_Tp4_dft_snr12_skip1160_n40.npz  (667 s)  BLER16: R2-ours-G=0.03 R3-bigamp=0.05 R4-scvamp=0.03 M-ours-gmm32=0.00 R5-genie=0.00
203/448 done    D2_C2_S2_Nr8_T16_Tp4_dft_snr15_skip1200_n40.npz  (661 s)  BLER16: R2-ours-G=0.00 R3-bigamp=0.10 R4-scvamp=0.03 M-ours-gmm32=0.00 R5-genie=0.00
204/448 done    D2_C2_S2_Nr8_T16_Tp4_dft_snr3_skip1240_n40.npz  (662 s)  BLER16: R2-ours-G=0.05 R3-bigamp=0.05 R4-scvamp=0.15 M-ours-gmm32=0.00 R5-genie=0.00
205/448 done    D2_C2_S2_Nr8_T16_Tp4_dft_snr3_skip1120_n40.npz  (677 s)  BLER16: R2-ours-G=0.00 R3-bigamp=0.05 R4-scvamp=0.07 M-ours-gmm32=0.00 R5-genie=0.00
206/448 done    D2_C2_S2_Nr8_T16_Tp4_dft_snr15_skip1160_n40.npz  (669 s)  BLER16: R2-ours-G=0.00 R3-bigamp=0.05 R4-scvamp=0.03 M-ours-gmm32=0.00 R5-genie=0.00
207/448 done    D2_C2_S2_Nr8_T16_Tp4_dft_snr0_skip1200_n40.npz  (669 s)  BLER16: R2-ours-G=0.10 R3-bigamp=0.17 R4-scvamp=0.30 M-ours-gmm32=0.12 R5-genie=0.00
208/448 done    D2_C2_S2_Nr8_T16_Tp4_dft_snr9_skip1200_n40.npz  (669 s)  BLER16: R2-ours-G=0.03 R3-bigamp=0.00 R4-scvamp=0.07 M-ours-gmm32=0.03 R5-genie=0.00
209/448 done    D2_C2_S2_Nr8_T16_Tp4_dft_snr3_skip1280_n40.npz  (664 s)  BLER16: R2-ours-G=0.03 R3-bigamp=0.10 R4-scvamp=0.15 M-ours-gmm32=0.00 R5-genie=0.00
210/448 done    D2_C2_S2_Nr8_T16_Tp4_dft_snr15_skip1240_n40.npz  (665 s)  BLER16: R2-ours-G=0.03 R3-bigamp=0.05 R4-scvamp=0.07 M-ours-gmm32=0.03 R5-genie=0.00
211/448 done    D2_C2_S2_Nr8_T16_Tp4_dft_snr12_skip1280_n40.npz  (664 s)  BLER16: R2-ours-G=0.03 R3-bigamp=0.03 R4-scvamp=0.05 M-ours-gmm32=0.03 R5-genie=0.00
212/448 done    D2_C2_S2_Nr8_T16_Tp4_dft_snr6_skip1280_n40.npz  (667 s)  BLER16: R2-ours-G=0.00 R3-bigamp=0.00 R4-scvamp=0.05 M-ours-gmm32=0.00 R5-genie=0.00
213/448 done    D2_C2_S2_Nr8_T16_Tp4_dft_snr15_skip1400_n40.npz  (661 s)  BLER16: R2-ours-G=0.00 R3-bigamp=0.03 R4-scvamp=0.03 M-ours-gmm32=0.00 R5-genie=0.00
214/448 done    D2_C2_S2_Nr8_T16_Tp4_dft_snr9_skip1080_n40.npz  (721 s)  BLER16: R2-ours-G=0.00 R3-bigamp=0.05 R4-scvamp=0.07 M-ours-gmm32=0.00 R5-genie=0.00
215/448 done    D2_C2_S2_Nr8_T16_Tp4_dft_snr6_skip1240_n40.npz  (674 s)  BLER16: R2-ours-G=0.03 R3-bigamp=0.03 R4-scvamp=0.05 M-ours-gmm32=0.00 R5-genie=0.00
216/448 done    D2_C2_S2_Nr8_T16_Tp4_dft_snr12_skip1360_n40.npz  (668 s)  BLER16: R2-ours-G=0.00 R3-bigamp=0.03 R4-scvamp=0.03 M-ours-gmm32=0.00 R5-genie=0.00
217/448 done    D2_C2_S2_Nr8_T16_Tp4_dft_snr12_skip1400_n40.npz  (666 s)  BLER16: R2-ours-G=0.03 R3-bigamp=0.07 R4-scvamp=0.05 M-ours-gmm32=0.03 R5-genie=0.00
218/448 done    D2_C2_S2_Nr8_T16_Tp4_dft_snr3_skip1400_n40.npz  (671 s)  BLER16: R2-ours-G=0.03 R3-bigamp=0.07 R4-scvamp=0.12 M-ours-gmm32=0.00 R5-genie=0.00
219/448 done    D2_C2_S2_Nr8_T16_Tp4_dft_snr0_skip1120_n40.npz  (695 s)  BLER16: R2-ours-G=0.12 R3-bigamp=0.35 R4-scvamp=0.33 M-ours-gmm32=0.10 R5-genie=0.00
220/448 done    D2_C2_S2_Nr8_T16_Tp4_dft_snr9_skip1400_n40.npz  (672 s)  BLER16: R2-ours-G=0.00 R3-bigamp=0.03 R4-scvamp=0.00 M-ours-gmm32=0.00 R5-genie=0.00
221/448 done    D2_C2_S2_Nr8_T16_Tp4_dft_snr9_skip1280_n40.npz  (680 s)  BLER16: R2-ours-G=0.05 R3-bigamp=0.10 R4-scvamp=0.07 M-ours-gmm32=0.03 R5-genie=0.00
222/448 done    D2_C2_S2_Nr8_T16_Tp4_dft_snr15_skip1320_n40.npz  (676 s)  BLER16: R2-ours-G=0.00 R3-bigamp=0.03 R4-scvamp=0.03 M-ours-gmm32=0.00 R5-genie=0.00
223/448 done    D2_C2_S2_Nr8_T16_Tp4_dft_snr6_skip1520_n40.npz  (665 s)  BLER16: R2-ours-G=0.05 R3-bigamp=0.03 R4-scvamp=0.15 M-ours-gmm32=0.00 R5-genie=0.00
224/448 done    D2_C2_S2_Nr8_T16_Tp4_dft_snr12_skip1480_n40.npz  (669 s)  BLER16: R2-ours-G=0.00 R3-bigamp=0.05 R4-scvamp=0.03 M-ours-gmm32=0.00 R5-genie=0.00
225/448 done    D2_C2_S2_Nr8_T16_Tp4_dft_snr9_skip1360_n40.npz  (677 s)  BLER16: R2-ours-G=0.00 R3-bigamp=0.07 R4-scvamp=0.07 M-ours-gmm32=0.03 R5-genie=0.00
226/448 done    D2_C2_S2_Nr8_T16_Tp4_dft_snr15_skip1360_n40.npz  (678 s)  BLER16: R2-ours-G=0.00 R3-bigamp=0.05 R4-scvamp=0.05 M-ours-gmm32=0.00 R5-genie=0.00
227/448 done    D2_C2_S2_Nr8_T16_Tp4_dft_snr0_skip1320_n40.npz  (682 s)  BLER16: R2-ours-G=0.07 R3-bigamp=0.28 R4-scvamp=0.28 M-ours-gmm32=0.07 R5-genie=0.00
228/448 done    D2_C2_S2_Nr8_T16_Tp4_dft_snr6_skip1480_n40.npz  (673 s)  BLER16: R2-ours-G=0.00 R3-bigamp=0.00 R4-scvamp=0.15 M-ours-gmm32=0.00 R5-genie=0.00
229/448 done    D2_C2_S2_Nr8_T16_Tp4_dft_snr3_skip1160_n40.npz  (696 s)  BLER16: R2-ours-G=0.03 R3-bigamp=0.05 R4-scvamp=0.15 M-ours-gmm32=0.00 R5-genie=0.00
230/448 done    D2_C2_S2_Nr8_T16_Tp4_dft_snr9_skip1440_n40.npz  (676 s)  BLER16: R2-ours-G=0.03 R3-bigamp=0.03 R4-scvamp=0.05 M-ours-gmm32=0.00 R5-genie=0.00
231/448 done    D2_C2_S2_Nr8_T16_Tp4_dft_snr3_skip1600_n40.npz  (665 s)  BLER16: R2-ours-G=0.03 R3-bigamp=0.03 R4-scvamp=0.10 M-ours-gmm32=0.03 R5-genie=0.00
232/448 done    D2_C2_S2_Nr8_T16_Tp4_dft_snr12_skip1520_n40.npz  (671 s)  BLER16: R2-ours-G=0.00 R3-bigamp=0.12 R4-scvamp=0.05 M-ours-gmm32=0.00 R5-genie=0.00
233/448 done    D2_C2_S2_Nr8_T16_Tp4_dft_snr12_skip1240_n40.npz  (690 s)  BLER16: R2-ours-G=0.03 R3-bigamp=0.10 R4-scvamp=0.05 M-ours-gmm32=0.03 R5-genie=0.00
234/448 done    D2_C2_S2_Nr8_T16_Tp4_dft_snr15_skip1520_n40.npz  (672 s)  BLER16: R2-ours-G=0.03 R3-bigamp=0.03 R4-scvamp=0.03 M-ours-gmm32=0.00 R5-genie=0.00
235/448 done    D2_C2_S2_Nr8_T16_Tp4_dft_snr3_skip1360_n40.npz  (683 s)  BLER16: R2-ours-G=0.00 R3-bigamp=0.05 R4-scvamp=0.07 M-ours-gmm32=0.00 R5-genie=0.00
236/448 done    D2_C2_S2_Nr8_T16_Tp4_dft_snr6_skip1360_n40.npz  (684 s)  BLER16: R2-ours-G=0.00 R3-bigamp=0.00 R4-scvamp=0.07 M-ours-gmm32=0.00 R5-genie=0.00
237/448 done    D2_C2_S2_Nr8_T16_Tp4_dft_snr0_skip1600_n40.npz  (669 s)  BLER16: R2-ours-G=0.07 R3-bigamp=0.17 R4-scvamp=0.25 M-ours-gmm32=0.07 R5-genie=0.00
238/448 done    D2_C2_S2_Nr8_T16_Tp4_dft_snr9_skip1560_n40.npz  (674 s)  BLER16: R2-ours-G=0.00 R3-bigamp=0.05 R4-scvamp=0.15 M-ours-gmm32=0.00 R5-genie=0.00
239/448 done    D2_C2_S2_Nr8_T16_Tp4_dft_snr0_skip1240_n40.npz  (696 s)  BLER16: R2-ours-G=0.07 R3-bigamp=0.15 R4-scvamp=0.33 M-ours-gmm32=0.03 R5-genie=0.00
240/448 done    D2_C2_S2_Nr8_T16_Tp4_dft_snr0_skip1400_n40.npz  (686 s)  BLER16: R2-ours-G=0.10 R3-bigamp=0.20 R4-scvamp=0.28 M-ours-gmm32=0.10 R5-genie=0.03
241/448 done    D2_C2_S2_Nr8_T16_Tp4_dft_snr0_skip1560_n40.npz  (674 s)  BLER16: R2-ours-G=0.10 R3-bigamp=0.23 R4-scvamp=0.28 M-ours-gmm32=0.05 R5-genie=0.00
242/448 done    D2_C2_S2_Nr8_T16_Tp4_dft_snr15_skip1560_n40.npz  (674 s)  BLER16: R2-ours-G=0.00 R3-bigamp=0.07 R4-scvamp=0.03 M-ours-gmm32=0.00 R5-genie=0.00
243/448 done    D2_C2_S2_Nr8_T16_Tp4_dft_snr15_skip1440_n40.npz  (682 s)  BLER16: R2-ours-G=0.00 R3-bigamp=0.12 R4-scvamp=0.05 M-ours-gmm32=0.00 R5-genie=0.00
244/448 done    D2_C2_S2_Nr8_T16_Tp4_dft_snr3_skip1320_n40.npz  (691 s)  BLER16: R2-ours-G=0.00 R3-bigamp=0.07 R4-scvamp=0.07 M-ours-gmm32=0.00 R5-genie=0.00
245/448 done    D2_C2_S2_Nr8_T16_Tp4_dft_snr3_skip1560_n40.npz  (679 s)  BLER16: R2-ours-G=0.03 R3-bigamp=0.10 R4-scvamp=0.17 M-ours-gmm32=0.03 R5-genie=0.00
246/448 done    D2_C2_S2_Nr8_T16_Tp4_dft_snr6_skip1160_n40.npz  (707 s)  BLER16: R2-ours-G=0.03 R3-bigamp=0.10 R4-scvamp=0.10 M-ours-gmm32=0.03 R5-genie=0.00
247/448 done    D2_C2_S2_Nr8_T16_Tp4_dft_snr3_skip1640_n40.npz  (669 s)  BLER16: R2-ours-G=0.05 R3-bigamp=0.15 R4-scvamp=0.20 M-ours-gmm32=0.05 R5-genie=0.00
248/448 done    D2_C2_S2_Nr8_T16_Tp4_dft_snr9_skip1640_n40.npz  (667 s)  BLER16: R2-ours-G=0.00 R3-bigamp=0.05 R4-scvamp=0.03 M-ours-gmm32=0.00 R5-genie=0.00
249/448 done    D2_C2_S2_Nr8_T16_Tp4_dft_snr12_skip1560_n40.npz  (678 s)  BLER16: R2-ours-G=0.00 R3-bigamp=0.05 R4-scvamp=0.00 M-ours-gmm32=0.00 R5-genie=0.00
250/448 done    D2_C2_S2_Nr8_T16_Tp4_dft_snr12_skip1440_n40.npz  (687 s)  BLER16: R2-ours-G=0.03 R3-bigamp=0.05 R4-scvamp=0.05 M-ours-gmm32=0.03 R5-genie=0.03
251/448 done    D2_C2_S2_Nr8_T16_Tp4_dft_snr9_skip1720_n40.npz  (658 s)  BLER16: R2-ours-G=0.03 R3-bigamp=0.05 R4-scvamp=0.05 M-ours-gmm32=0.03 R5-genie=0.00
252/448 done    D2_C2_S2_Nr8_T16_Tp4_dft_snr9_skip1480_n40.npz  (687 s)  BLER16: R2-ours-G=0.00 R3-bigamp=0.05 R4-scvamp=0.07 M-ours-gmm32=0.00 R5-genie=0.00
253/448 done    D2_C2_S2_Nr8_T16_Tp4_dft_snr12_skip1320_n40.npz  (696 s)  BLER16: R2-ours-G=0.03 R3-bigamp=0.10 R4-scvamp=0.10 M-ours-gmm32=0.03 R5-genie=0.00
254/448 done    D2_C2_S2_Nr8_T16_Tp4_dft_snr3_skip1680_n40.npz  (665 s)  BLER16: R2-ours-G=0.00 R3-bigamp=0.07 R4-scvamp=0.10 M-ours-gmm32=0.03 R5-genie=0.00
255/448 done    D2_C2_S2_Nr8_T16_Tp4_dft_snr15_skip1480_n40.npz  (688 s)  BLER16: R2-ours-G=0.00 R3-bigamp=0.05 R4-scvamp=0.10 M-ours-gmm32=0.00 R5-genie=0.00
256/448 done    D2_C2_S2_Nr8_T16_Tp4_dft_snr6_skip1200_n40.npz  (710 s)  BLER16: R2-ours-G=0.05 R3-bigamp=0.17 R4-scvamp=0.10 M-ours-gmm32=0.03 R5-genie=0.00
257/448 done    D2_C2_S2_Nr8_T16_Tp4_dft_snr6_skip1640_n40.npz  (674 s)  BLER16: R2-ours-G=0.00 R3-bigamp=0.00 R4-scvamp=0.05 M-ours-gmm32=0.00 R5-genie=0.00
258/448 done    D2_C2_S2_Nr8_T16_Tp4_dft_snr6_skip1320_n40.npz  (701 s)  BLER16: R2-ours-G=0.03 R3-bigamp=0.05 R4-scvamp=0.10 M-ours-gmm32=0.03 R5-genie=0.00
259/448 done    D2_C2_S2_Nr8_T16_Tp4_dft_snr6_skip1680_n40.npz  (670 s)  BLER16: R2-ours-G=0.00 R3-bigamp=0.05 R4-scvamp=0.10 M-ours-gmm32=0.00 R5-genie=0.00
260/448 done    D2_C2_S2_Nr8_T16_Tp4_dft_snr6_skip1560_n40.npz  (688 s)  BLER16: R2-ours-G=0.05 R3-bigamp=0.10 R4-scvamp=0.15 M-ours-gmm32=0.05 R5-genie=0.00
261/448 done    D2_C2_S2_Nr8_T16_Tp4_dft_snr6_skip1400_n40.npz  (700 s)  BLER16: R2-ours-G=0.03 R3-bigamp=0.00 R4-scvamp=0.05 M-ours-gmm32=0.00 R5-genie=0.00
262/448 done    D2_C2_S2_Nr8_T16_Tp4_dft_snr9_skip1320_n40.npz  (705 s)  BLER16: R2-ours-G=0.00 R3-bigamp=0.03 R4-scvamp=0.05 M-ours-gmm32=0.00 R5-genie=0.00
263/448 done    D2_C2_S2_Nr8_T16_Tp4_dft_snr12_skip1680_n40.npz  (674 s)  BLER16: R2-ours-G=0.00 R3-bigamp=0.00 R4-scvamp=0.00 M-ours-gmm32=0.00 R5-genie=0.00
264/448 done    D2_C2_S2_Nr8_T16_Tp4_dft_snr-3_skip1120_n40.npz  (727 s)  BLER16: R2-ours-G=0.28 R3-bigamp=0.55 R4-scvamp=0.62 M-ours-gmm32=0.20 R5-genie=0.05
265/448 done    D2_C2_S2_Nr8_T16_Tp4_dft_snr12_skip1720_n40.npz  (670 s)  BLER16: R2-ours-G=0.03 R3-bigamp=0.12 R4-scvamp=0.10 M-ours-gmm32=0.05 R5-genie=0.00
266/448 done    D2_C2_S2_Nr8_T16_Tp4_dft_snr12_skip1760_n40.npz  (669 s)  BLER16: R2-ours-G=0.00 R3-bigamp=0.05 R4-scvamp=0.00 M-ours-gmm32=0.00 R5-genie=0.00
267/448 done    D2_C2_S2_Nr8_T16_Tp4_dft_snr15_skip1600_n40.npz  (688 s)  BLER16: R2-ours-G=0.00 R3-bigamp=0.05 R4-scvamp=0.03 M-ours-gmm32=0.00 R5-genie=0.00
268/448 done    D2_C2_S2_Nr8_T16_Tp4_dft_snr6_skip1080_n40.npz  (767 s)  BLER16: R2-ours-G=0.00 R3-bigamp=0.05 R4-scvamp=0.07 M-ours-gmm32=0.00 R5-genie=0.03
269/448 done    D2_C2_S2_Nr8_T16_Tp4_dft_snr0_skip1520_n40.npz  (699 s)  BLER16: R2-ours-G=0.15 R3-bigamp=0.23 R4-scvamp=0.38 M-ours-gmm32=0.12 R5-genie=0.00
270/448 done    D2_C2_S2_Nr8_T16_Tp4_dft_snr0_skip1440_n40.npz  (706 s)  BLER16: R2-ours-G=0.17 R3-bigamp=0.38 R4-scvamp=0.33 M-ours-gmm32=0.15 R5-genie=0.00
271/448 done    D2_C2_S2_Nr8_T16_Tp4_dft_snr15_skip1640_n40.npz  (683 s)  BLER16: R2-ours-G=0.00 R3-bigamp=0.07 R4-scvamp=0.03 M-ours-gmm32=0.03 R5-genie=0.00
272/448 done    D2_C2_S2_Nr8_T16_Tp4_dft_snr15_skip1280_n40.npz  (715 s)  BLER16: R2-ours-G=0.00 R3-bigamp=0.05 R4-scvamp=0.05 M-ours-gmm32=0.00 R5-genie=0.00
273/448 done    D2_C2_S2_Nr8_T16_Tp4_dft_snr12_skip1640_n40.npz  (685 s)  BLER16: R2-ours-G=0.03 R3-bigamp=0.05 R4-scvamp=0.05 M-ours-gmm32=0.00 R5-genie=0.00
274/448 done    D2_C2_S2_Nr8_T16_Tp4_dft_snr0_skip1760_n40.npz  (674 s)  BLER16: R2-ours-G=0.20 R3-bigamp=0.23 R4-scvamp=0.35 M-ours-gmm32=0.15 R5-genie=0.05
275/448 done    D2_C2_S2_Nr8_T16_Tp4_dft_snr6_skip1720_n40.npz  (676 s)  BLER16: R2-ours-G=0.07 R3-bigamp=0.07 R4-scvamp=0.10 M-ours-gmm32=0.07 R5-genie=0.03
276/448 done    D2_C2_S2_Nr8_T16_Tp4_dft_snr3_skip1440_n40.npz  (707 s)  BLER16: R2-ours-G=0.05 R3-bigamp=0.12 R4-scvamp=0.12 M-ours-gmm32=0.05 R5-genie=0.00
277/448 done    D2_C2_S2_Nr8_T16_Tp4_dft_snr9_skip1800_n40.npz  (668 s)  BLER16: R2-ours-G=0.03 R3-bigamp=0.07 R4-scvamp=0.10 M-ours-gmm32=0.00 R5-genie=0.00
278/448 done    D2_C2_S2_Nr8_T16_Tp4_dft_snr-3_skip1600_n40.npz  (697 s)  BLER16: R2-ours-G=0.28 R3-bigamp=0.55 R4-scvamp=0.55 M-ours-gmm32=0.25 R5-genie=0.00
279/448 done    D2_C2_S2_Nr8_T16_Tp4_dft_snr3_skip1200_n40.npz  (728 s)  BLER16: R2-ours-G=0.03 R3-bigamp=0.07 R4-scvamp=0.17 M-ours-gmm32=0.00 R5-genie=0.00
280/448 done    D2_C2_S2_Nr8_T16_Tp4_dft_snr0_skip1480_n40.npz  (708 s)  BLER16: R2-ours-G=0.25 R3-bigamp=0.30 R4-scvamp=0.33 M-ours-gmm32=0.15 R5-genie=0.00
281/448 done    D2_C2_S2_Nr8_T16_Tp4_dft_snr6_skip1920_n40.npz  (656 s)  BLER16: R2-ours-G=0.03 R3-bigamp=0.05 R4-scvamp=0.07 M-ours-gmm32=0.05 R5-genie=0.03
282/448 done    D2_C2_S2_Nr8_T16_Tp4_dft_snr9_skip1600_n40.npz  (697 s)  BLER16: R2-ours-G=0.03 R3-bigamp=0.07 R4-scvamp=0.10 M-ours-gmm32=0.03 R5-genie=0.00
283/448 done    D2_C2_S2_Nr8_T16_Tp4_dft_snr9_skip1160_n40.npz  (732 s)  BLER16: R2-ours-G=0.00 R3-bigamp=0.03 R4-scvamp=0.05 M-ours-gmm32=0.00 R5-genie=0.00
284/448 done    D2_C2_S2_Nr8_T16_Tp4_dft_snr6_skip1760_n40.npz  (679 s)  BLER16: R2-ours-G=0.03 R3-bigamp=0.07 R4-scvamp=0.07 M-ours-gmm32=0.00 R5-genie=0.00
285/448 done    D2_C2_S2_Nr8_T16_Tp4_dft_snr-3_skip1320_n40.npz  (722 s)  BLER16: R2-ours-G=0.25 R3-bigamp=0.53 R4-scvamp=0.57 M-ours-gmm32=0.20 R5-genie=0.00
286/448 done    D2_C2_S2_Nr8_T16_Tp4_dft_snr3_skip1840_n40.npz  (671 s)  BLER16: R2-ours-G=0.03 R3-bigamp=0.05 R4-scvamp=0.07 M-ours-gmm32=0.00 R5-genie=0.00
287/448 done    D2_C2_S2_Nr8_T16_Tp4_dft_snr0_skip1640_n40.npz  (701 s)  BLER16: R2-ours-G=0.12 R3-bigamp=0.33 R4-scvamp=0.23 M-ours-gmm32=0.10 R5-genie=0.03
288/448 done    D2_C2_S2_Nr8_T16_Tp4_dft_snr3_skip1920_n40.npz  (664 s)  BLER16: R2-ours-G=0.05 R3-bigamp=0.10 R4-scvamp=0.17 M-ours-gmm32=0.05 R5-genie=0.00
289/448 done    D2_C2_S2_Nr8_T16_Tp4_dft_snr15_skip1880_n40.npz  (668 s)  BLER16: R2-ours-G=0.00 R3-bigamp=0.03 R4-scvamp=0.07 M-ours-gmm32=0.00 R5-genie=0.00
290/448 done    D2_C2_S2_Nr8_T16_Tp4_dft_snr0_skip1680_n40.npz  (696 s)  BLER16: R2-ours-G=0.12 R3-bigamp=0.23 R4-scvamp=0.38 M-ours-gmm32=0.12 R5-genie=0.00
291/448 done    D2_C2_S2_Nr8_T16_Tp4_dft_snr-3_skip1200_n40.npz  (738 s)  BLER16: R2-ours-G=0.38 R3-bigamp=0.55 R4-scvamp=0.62 M-ours-gmm32=0.35 R5-genie=0.03
292/448 done    D2_C2_S2_Nr8_T16_Tp4_dft_snr9_skip1760_n40.npz  (687 s)  BLER16: R2-ours-G=0.03 R3-bigamp=0.05 R4-scvamp=0.12 M-ours-gmm32=0.03 R5-genie=0.00
293/448 done    D2_C2_S2_Nr8_T16_Tp4_dft_snr15_skip1840_n40.npz  (676 s)  BLER16: R2-ours-G=0.03 R3-bigamp=0.07 R4-scvamp=0.07 M-ours-gmm32=0.00 R5-genie=0.00
294/448 done    D2_C2_S2_Nr8_T16_Tp4_dft_snr0_skip1720_n40.npz  (692 s)  BLER16: R2-ours-G=0.15 R3-bigamp=0.30 R4-scvamp=0.40 M-ours-gmm32=0.17 R5-genie=0.00
295/448 done    D2_C2_S2_Nr8_T16_Tp4_dft_snr-3_skip1240_n40.npz  (738 s)  BLER16: R2-ours-G=0.30 R3-bigamp=0.47 R4-scvamp=0.55 M-ours-gmm32=0.17 R5-genie=0.03
296/448 done    D2_C2_S2_Nr8_T16_Tp4_dft_snr15_skip1720_n40.npz  (692 s)  BLER16: R2-ours-G=0.03 R3-bigamp=0.00 R4-scvamp=0.03 M-ours-gmm32=0.00 R5-genie=0.00
297/448 done    D2_C2_S2_Nr8_T16_Tp4_dft_snr15_skip1920_n40.npz  (666 s)  BLER16: R2-ours-G=0.00 R3-bigamp=0.05 R4-scvamp=0.03 M-ours-gmm32=0.00 R5-genie=0.00
298/448 done    D2_C2_S2_Nr8_T16_Tp4_dft_snr0_skip1280_n40.npz  (736 s)  BLER16: R2-ours-G=0.05 R3-bigamp=0.17 R4-scvamp=0.35 M-ours-gmm32=0.05 R5-genie=0.00
299/448 done    D2_C2_S2_Nr8_T16_Tp4_dft_snr0_skip1800_n40.npz  (688 s)  BLER16: R2-ours-G=0.07 R3-bigamp=0.28 R4-scvamp=0.25 M-ours-gmm32=0.05 R5-genie=0.00
300/448 done    D2_C2_S2_Nr8_T16_Tp4_dft_snr0_skip1840_n40.npz  (683 s)  BLER16: R2-ours-G=0.03 R3-bigamp=0.12 R4-scvamp=0.25 M-ours-gmm32=0.03 R5-genie=0.00
301/448 done    D2_C2_S2_Nr8_T16_Tp4_dft_snr6_skip1440_n40.npz  (727 s)  BLER16: R2-ours-G=0.03 R3-bigamp=0.03 R4-scvamp=0.05 M-ours-gmm32=0.03 R5-genie=0.00
302/448 done    D2_C2_S2_Nr8_T16_Tp4_dft_snr6_skip1960_n40.npz  (666 s)  BLER16: R2-ours-G=0.00 R3-bigamp=0.05 R4-scvamp=0.12 M-ours-gmm32=0.00 R5-genie=0.00
303/448 done    D2_C2_S2_Nr8_T16_Tp4_dft_snr12_skip1920_n40.npz  (669 s)  BLER16: R2-ours-G=0.00 R3-bigamp=0.12 R4-scvamp=0.07 M-ours-gmm32=0.00 R5-genie=0.00
304/448 done    D2_C2_S2_Nr8_T16_Tp4_dft_snr12_skip1880_n40.npz  (679 s)  BLER16: R2-ours-G=0.00 R3-bigamp=0.03 R4-scvamp=0.03 M-ours-gmm32=0.00 R5-genie=0.00
305/448 done    D2_C2_S2_Nr8_T16_Tp4_dft_snr-3_skip1160_n40.npz  (752 s)  BLER16: R2-ours-G=0.30 R3-bigamp=0.50 R4-scvamp=0.60 M-ours-gmm32=0.20 R5-genie=0.05
306/448 done    D2_C2_S2_Nr8_T16_Tp4_dft_snr9_skip1920_n40.npz  (676 s)  BLER16: R2-ours-G=0.05 R3-bigamp=0.05 R4-scvamp=0.07 M-ours-gmm32=0.05 R5-genie=0.00
307/448 done    D2_C2_S2_Nr8_T16_Tp4_dft_snr6_skip1800_n40.npz  (694 s)  BLER16: R2-ours-G=0.00 R3-bigamp=0.10 R4-scvamp=0.12 M-ours-gmm32=0.03 R5-genie=0.00
308/448 done    D2_C2_S2_Nr8_T16_Tp4_dft_snr-3_skip1400_n40.npz  (737 s)  BLER16: R2-ours-G=0.38 R3-bigamp=0.57 R4-scvamp=0.72 M-ours-gmm32=0.35 R5-genie=0.07
309/448 done    D2_C2_S2_Nr8_T16_Tp4_dft_snr15_skip1960_n40.npz  (670 s)  BLER16: R2-ours-G=0.00 R3-bigamp=0.03 R4-scvamp=0.05 M-ours-gmm32=0.00 R5-genie=0.00
310/448 done    D2_C2_S2_Nr8_T16_Tp4_dft_snr6_skip2000_n40.npz  (668 s)  BLER16: R2-ours-G=0.00 R3-bigamp=0.00 R4-scvamp=0.07 M-ours-gmm32=0.00 R5-genie=0.00
311/448 done    D2_C2_S2_Nr8_T16_Tp4_dft_snr9_skip1520_n40.npz  (731 s)  BLER16: R2-ours-G=0.00 R3-bigamp=0.05 R4-scvamp=0.05 M-ours-gmm32=0.03 R5-genie=0.00
312/448 done    D2_C2_S2_Nr8_T16_Tp4_dft_snr-3_skip1480_n40.npz  (736 s)  BLER16: R2-ours-G=0.33 R3-bigamp=0.40 R4-scvamp=0.57 M-ours-gmm32=0.20 R5-genie=0.00
313/448 done    D2_C2_S2_Nr8_T16_Tp4_dft_snr3_skip2000_n40.npz  (671 s)  BLER16: R2-ours-G=0.07 R3-bigamp=0.05 R4-scvamp=0.23 M-ours-gmm32=0.03 R5-genie=0.03
314/448 done    D2_C2_S2_Nr8_T16_Tp4_dft_snr9_skip1680_n40.npz  (714 s)  BLER16: R2-ours-G=0.00 R3-bigamp=0.03 R4-scvamp=0.05 M-ours-gmm32=0.00 R5-genie=0.00
315/448 done    D2_C2_S2_Nr8_T16_Tp4_dft_snr3_skip1520_n40.npz  (735 s)  BLER16: R2-ours-G=0.00 R3-bigamp=0.15 R4-scvamp=0.23 M-ours-gmm32=0.00 R5-genie=0.00
316/448 done    D2_C2_S2_Nr8_T16_Tp4_dft_snr-3_skip1520_n40.npz  (737 s)  BLER16: R2-ours-G=0.38 R3-bigamp=0.62 R4-scvamp=0.65 M-ours-gmm32=0.30 R5-genie=0.00
317/448 done    D2_C2_S2_Nr8_T16_Tp4_dft_snr3_skip1480_n40.npz  (739 s)  BLER16: R2-ours-G=0.00 R3-bigamp=0.07 R4-scvamp=0.15 M-ours-gmm32=0.00 R5-genie=0.00
318/448 done    D2_C2_S2_Nr8_T16_Tp4_dft_snr9_skip1880_n40.npz  (692 s)  BLER16: R2-ours-G=0.00 R3-bigamp=0.03 R4-scvamp=0.10 M-ours-gmm32=0.00 R5-genie=0.00
319/448 done    D2_C2_S2_Nr8_T16_Tp4_dft_snr12_skip2040_n40.npz  (663 s)  BLER16: R2-ours-G=0.00 R3-bigamp=0.03 R4-scvamp=0.05 M-ours-gmm32=0.00 R5-genie=0.00
320/448 done    D2_C2_S2_Nr8_T16_Tp4_dft_snr0_skip1360_n40.npz  (748 s)  BLER16: R2-ours-G=0.10 R3-bigamp=0.23 R4-scvamp=0.23 M-ours-gmm32=0.07 R5-genie=0.03
321/448 done    D2_C2_S2_Nr8_T16_Tp4_dft_snr-3_skip1360_n40.npz  (748 s)  BLER16: R2-ours-G=0.33 R3-bigamp=0.42 R4-scvamp=0.47 M-ours-gmm32=0.28 R5-genie=0.05
322/448 done    D2_C2_S2_Nr8_T16_Tp4_dft_snr15_skip2040_n40.npz  (661 s)  BLER16: R2-ours-G=0.00 R3-bigamp=0.10 R4-scvamp=0.05 M-ours-gmm32=0.03 R5-genie=0.00
323/448 done    D2_C2_S2_Nr8_T16_Tp4_dft_snr-3_skip1440_n40.npz  (744 s)  BLER16: R2-ours-G=0.12 R3-bigamp=0.45 R4-scvamp=0.55 M-ours-gmm32=0.12 R5-genie=0.00
324/448 done    D2_C2_S2_Nr8_T16_Tp4_dft_snr9_skip2000_n40.npz  (675 s)  BLER16: R2-ours-G=0.03 R3-bigamp=0.07 R4-scvamp=0.10 M-ours-gmm32=0.00 R5-genie=0.00
325/448 done    D2_C2_S2_Nr8_T16_Tp4_dft_snr-3_skip1640_n40.npz  (729 s)  BLER16: R2-ours-G=0.35 R3-bigamp=0.53 R4-scvamp=0.57 M-ours-gmm32=0.38 R5-genie=0.05
326/448 done    D2_C2_S2_Nr8_T16_Tp4_dft_snr9_skip2040_n40.npz  (669 s)  BLER16: R2-ours-G=0.05 R3-bigamp=0.10 R4-scvamp=0.10 M-ours-gmm32=0.03 R5-genie=0.00
327/448 done    D2_C2_S2_Nr8_T16_Tp4_dft_snr0_skip1920_n40.npz  (694 s)  BLER16: R2-ours-G=0.07 R3-bigamp=0.10 R4-scvamp=0.30 M-ours-gmm32=0.07 R5-genie=0.00
328/448 done    D2_C2_S2_Nr8_T16_Tp4_dft_snr6_skip1840_n40.npz  (704 s)  BLER16: R2-ours-G=0.00 R3-bigamp=0.03 R4-scvamp=0.10 M-ours-gmm32=0.00 R5-genie=0.00
329/448 done    D2_C2_S2_Nr8_T16_Tp4_dft_snr0_skip2040_n40.npz  (678 s)  BLER16: R2-ours-G=0.07 R3-bigamp=0.25 R4-scvamp=0.33 M-ours-gmm32=0.05 R5-genie=0.00
330/448 done    D2_C2_S2_Nr8_T16_Tp4_dft_snr0_skip2000_n40.npz  (684 s)  BLER16: R2-ours-G=0.12 R3-bigamp=0.20 R4-scvamp=0.28 M-ours-gmm32=0.03 R5-genie=0.00
331/448 done    D2_C2_S2_Nr8_T16_Tp4_dft_snr12_skip2000_n40.npz  (683 s)  BLER16: R2-ours-G=0.03 R3-bigamp=0.15 R4-scvamp=0.07 M-ours-gmm32=0.03 R5-genie=0.00
332/448 done    D2_C2_S2_Nr8_T16_Tp4_dft_snr12_skip1840_n40.npz  (706 s)  BLER16: R2-ours-G=0.00 R3-bigamp=0.03 R4-scvamp=0.03 M-ours-gmm32=0.00 R5-genie=0.00
333/448 done    D2_C2_S2_Nr8_T16_Tp4_dft_snr9_skip1960_n40.npz  (690 s)  BLER16: R2-ours-G=0.00 R3-bigamp=0.00 R4-scvamp=0.03 M-ours-gmm32=0.00 R5-genie=0.00
334/448 done    D2_C2_S2_Nr8_T16_Tp4_dft_snr3_skip1760_n40.npz  (720 s)  BLER16: R2-ours-G=0.07 R3-bigamp=0.12 R4-scvamp=0.25 M-ours-gmm32=0.00 R5-genie=0.03
335/448 done    D2_C2_S2_Nr8_T16_Tp4_dft_snr3_skip1880_n40.npz  (707 s)  BLER16: R2-ours-G=0.05 R3-bigamp=0.07 R4-scvamp=0.12 M-ours-gmm32=0.05 R5-genie=0.00
336/448 done    D2_C2_S2_Nr8_T16_Tp4_dft_snr3_skip1960_n40.npz  (695 s)  BLER16: R2-ours-G=0.03 R3-bigamp=0.03 R4-scvamp=0.12 M-ours-gmm32=0.00 R5-genie=0.00
337/448 done    D2_C2_S2_Nr8_T16_Tp4_dft_snr3_skip1800_n40.npz  (719 s)  BLER16: R2-ours-G=0.07 R3-bigamp=0.15 R4-scvamp=0.20 M-ours-gmm32=0.05 R5-genie=0.00
338/448 done    D2_C2_S2_Nr8_T16_Tp4_dft_snr6_skip1880_n40.npz  (710 s)  BLER16: R2-ours-G=0.05 R3-bigamp=0.10 R4-scvamp=0.12 M-ours-gmm32=0.05 R5-genie=0.00
339/448 done    D2_C2_S2_Nr8_T16_Tp4_dft_snr0_skip1880_n40.npz  (711 s)  BLER16: R2-ours-G=0.15 R3-bigamp=0.20 R4-scvamp=0.42 M-ours-gmm32=0.07 R5-genie=0.03
340/448 done    D2_C2_S2_Nr8_T16_Tp4_dft_snr15_skip1760_n40.npz  (725 s)  BLER16: R2-ours-G=0.03 R3-bigamp=0.07 R4-scvamp=0.07 M-ours-gmm32=0.00 R5-genie=0.00
341/448 done    D2_C2_S2_Nr8_T16_Tp4_dft_snr12_skip1080_n40.npz  (803 s)  BLER16: R2-ours-G=0.03 R3-bigamp=0.05 R4-scvamp=0.03 M-ours-gmm32=0.03 R5-genie=0.00
342/448 done    D2_C2_S2_Nr8_T16_Tp4_dft_snr6_skip1600_n40.npz  (750 s)  BLER16: R2-ours-G=0.05 R3-bigamp=0.03 R4-scvamp=0.03 M-ours-gmm32=0.05 R5-genie=0.00
343/448 done    D2_C2_S2_Nr8_T16_Tp4_dft_snr3_skip1720_n40.npz  (734 s)  BLER16: R2-ours-G=0.05 R3-bigamp=0.05 R4-scvamp=0.23 M-ours-gmm32=0.03 R5-genie=0.03
344/448 done    D2_C2_S2_Nr8_T16_Tp4_dft_snr6_skip2080_n40.npz  (669 s)  BLER16: R2-ours-G=0.03 R3-bigamp=0.05 R4-scvamp=0.07 M-ours-gmm32=0.00 R5-genie=0.00
345/448 done    D2_C2_S2_Nr8_T16_Tp4_dft_snr15_skip1800_n40.npz  (725 s)  BLER16: R2-ours-G=0.00 R3-bigamp=0.07 R4-scvamp=0.00 M-ours-gmm32=0.00 R5-genie=0.00
346/448 done    D2_C2_S2_Nr8_T16_Tp4_dft_snr9_skip1840_n40.npz  (722 s)  BLER16: R2-ours-G=0.00 R3-bigamp=0.00 R4-scvamp=0.05 M-ours-gmm32=0.00 R5-genie=0.00
347/448 done    D2_C2_S2_Nr8_T16_Tp4_dft_snr3_skip2120_n40.npz  (655 s)  BLER16: R2-ours-G=0.07 R3-bigamp=0.10 R4-scvamp=0.15 M-ours-gmm32=0.05 R5-genie=0.03
348/448 done    D2_C2_S2_Nr8_T16_Tp4_dft_snr15_skip2000_n40.npz  (703 s)  BLER16: R2-ours-G=0.00 R3-bigamp=0.07 R4-scvamp=0.05 M-ours-gmm32=0.00 R5-genie=0.00
349/448 done    D2_C2_S2_Nr8_T16_Tp4_dft_snr3_skip2080_n40.npz  (681 s)  BLER16: R2-ours-G=0.00 R3-bigamp=0.05 R4-scvamp=0.15 M-ours-gmm32=0.00 R5-genie=0.00
350/448 done    D2_C2_S2_Nr8_T16_Tp4_dft_snr12_skip1600_n40.npz  (760 s)  BLER16: R2-ours-G=0.00 R3-bigamp=0.00 R4-scvamp=0.00 M-ours-gmm32=0.00 R5-genie=0.00
351/448 done    D2_C2_S2_Nr8_T16_Tp4_dft_snr15_skip1680_n40.npz  (745 s)  BLER16: R2-ours-G=0.00 R3-bigamp=0.05 R4-scvamp=0.03 M-ours-gmm32=0.00 R5-genie=0.00
352/448 done    D2_C2_S2_Nr8_T16_Tp4_dft_snr-3_skip1720_n40.npz  (746 s)  BLER16: R2-ours-G=0.15 R3-bigamp=0.35 R4-scvamp=0.42 M-ours-gmm32=0.12 R5-genie=0.07
353/448 done    D2_C2_S2_Nr8_T16_Tp4_dft_snr12_skip1960_n40.npz  (713 s)  BLER16: R2-ours-G=0.03 R3-bigamp=0.07 R4-scvamp=0.03 M-ours-gmm32=0.03 R5-genie=0.00
354/448 done    D2_C2_S2_Nr8_T16_Tp4_dft_snr6_skip2040_n40.npz  (700 s)  BLER16: R2-ours-G=0.00 R3-bigamp=0.05 R4-scvamp=0.05 M-ours-gmm32=0.00 R5-genie=0.00
355/448 done    D2_C2_S2_Nr8_T16_Tp4_dft_snr9_skip2080_n40.npz  (675 s)  BLER16: R2-ours-G=0.00 R3-bigamp=0.07 R4-scvamp=0.10 M-ours-gmm32=0.00 R5-genie=0.00
356/448 done    D2_C2_S2_Nr8_T16_Tp4_dft_snr12_skip1800_n40.npz  (735 s)  BLER16: R2-ours-G=0.00 R3-bigamp=0.03 R4-scvamp=0.00 M-ours-gmm32=0.00 R5-genie=0.00
357/448 done    D2_C2_S2_Nr8_T16_Tp4_dft_snr9_skip2120_n40.npz  (656 s)  BLER16: R2-ours-G=0.03 R3-bigamp=0.03 R4-scvamp=0.07 M-ours-gmm32=0.00 R5-genie=0.00
358/448 done    D2_C2_S2_Nr8_T16_Tp4_dft_snr-3_skip1760_n40.npz  (748 s)  BLER16: R2-ours-G=0.33 R3-bigamp=0.50 R4-scvamp=0.55 M-ours-gmm32=0.38 R5-genie=0.05
359/448 done    D2_C2_S2_Nr8_T16_Tp4_dft_snr0_skip2080_n40.npz  (691 s)  BLER16: R2-ours-G=0.15 R3-bigamp=0.33 R4-scvamp=0.40 M-ours-gmm32=0.07 R5-genie=0.03
360/448 done    D2_C2_S2_Nr8_T16_Tp4_dft_snr-3_skip1920_n40.npz  (730 s)  BLER16: R2-ours-G=0.38 R3-bigamp=0.55 R4-scvamp=0.55 M-ours-gmm32=0.28 R5-genie=0.03
361/448 done    D2_C2_S2_Nr8_T16_Tp4_dft_snr0_skip2120_n40.npz  (670 s)  BLER16: R2-ours-G=0.03 R3-bigamp=0.10 R4-scvamp=0.23 M-ours-gmm32=0.05 R5-genie=0.00
362/448 done    D2_C2_S2_Nr8_T16_Tp4_dft_snr-3_skip2000_n40.npz  (719 s)  BLER16: R2-ours-G=0.23 R3-bigamp=0.42 R4-scvamp=0.55 M-ours-gmm32=0.20 R5-genie=0.03
363/448 done    D2_C2_S2_Nr8_T16_Tp4_dft_snr0_skip2160_n40.npz  (657 s)  BLER16: R2-ours-G=0.07 R3-bigamp=0.10 R4-scvamp=0.30 M-ours-gmm32=0.05 R5-genie=0.03
364/448 done    D2_C2_S2_Nr8_T16_Tp4_dft_snr3_skip2160_n40.npz  (646 s)  BLER16: R2-ours-G=0.03 R3-bigamp=0.12 R4-scvamp=0.15 M-ours-gmm32=0.03 R5-genie=0.00
365/448 done    D2_C2_S2_Nr8_T16_Tp4_dft_snr-3_skip2120_n40.npz  (685 s)  BLER16: R2-ours-G=0.25 R3-bigamp=0.35 R4-scvamp=0.40 M-ours-gmm32=0.17 R5-genie=0.00
366/448 done    D2_C2_S2_Nr8_T16_Tp4_dft_snr12_skip2080_n40.npz  (687 s)  BLER16: R2-ours-G=0.00 R3-bigamp=0.05 R4-scvamp=0.05 M-ours-gmm32=0.00 R5-genie=0.00
367/448 done    D2_C2_S2_Nr8_T16_Tp4_dft_snr6_skip2120_n40.npz  (675 s)  BLER16: R2-ours-G=0.07 R3-bigamp=0.12 R4-scvamp=0.17 M-ours-gmm32=0.05 R5-genie=0.03
368/448 done    D2_C2_S2_Nr8_T16_Tp4_dft_snr3_skip2040_n40.npz  (720 s)  BLER16: R2-ours-G=0.07 R3-bigamp=0.05 R4-scvamp=0.17 M-ours-gmm32=0.05 R5-genie=0.05
369/448 done    D2_C2_S2_Nr8_T16_Tp4_dft_snr-3_skip1960_n40.npz  (734 s)  BLER16: R2-ours-G=0.25 R3-bigamp=0.53 R4-scvamp=0.60 M-ours-gmm32=0.25 R5-genie=0.00
370/448 done    D2_C2_S2_Nr8_T16_Tp4_dft_snr-3_skip2080_n40.npz  (711 s)  BLER16: R2-ours-G=0.38 R3-bigamp=0.50 R4-scvamp=0.70 M-ours-gmm32=0.33 R5-genie=0.05
371/448 done    D2_C2_S2_Nr8_T16_Tp4_dft_snr-3_skip1880_n40.npz  (749 s)  BLER16: R2-ours-G=0.42 R3-bigamp=0.70 R4-scvamp=0.75 M-ours-gmm32=0.35 R5-genie=0.00
372/448 done    D2_C2_S2_Nr8_T16_Tp4_dft_snr9_skip2160_n40.npz  (632 s)  BLER16: R2-ours-G=0.00 R3-bigamp=0.05 R4-scvamp=0.03 M-ours-gmm32=0.03 R5-genie=0.00
373/448 done    D2_C2_S2_Nr8_T16_Tp4_dft_snr12_skip2120_n40.npz  (671 s)  BLER16: R2-ours-G=0.00 R3-bigamp=0.03 R4-scvamp=0.03 M-ours-gmm32=0.00 R5-genie=0.00
374/448 done    D2_C2_S2_Nr8_T16_Tp4_dft_snr15_skip2120_n40.npz  (675 s)  BLER16: R2-ours-G=0.03 R3-bigamp=0.07 R4-scvamp=0.10 M-ours-gmm32=0.03 R5-genie=0.00
375/448 done    D2_C2_S2_Nr8_T16_Tp4_dft_snr15_skip2080_n40.npz  (703 s)  BLER16: R2-ours-G=0.00 R3-bigamp=0.03 R4-scvamp=0.03 M-ours-gmm32=0.00 R5-genie=0.00
376/448 done    D2_C2_S2_Nr8_T16_Tp4_dft_snr-3_skip1840_n40.npz  (765 s)  BLER16: R2-ours-G=0.42 R3-bigamp=0.55 R4-scvamp=0.75 M-ours-gmm32=0.35 R5-genie=0.05
377/448 done    D2_C2_S2_Nr8_T16_Tp4_dft_snr-3_skip1560_n40.npz  (802 s)  BLER16: R2-ours-G=0.35 R3-bigamp=0.53 R4-scvamp=0.62 M-ours-gmm32=0.28 R5-genie=0.05
378/448 done    D2_C2_S2_Nr8_T16_Tp4_dft_snr-3_skip2040_n40.npz  (743 s)  BLER16: R2-ours-G=0.28 R3-bigamp=0.57 R4-scvamp=0.53 M-ours-gmm32=0.28 R5-genie=0.00
379/448 done    D2_C2_S2_Nr8_T16_Tp4_dft_snr12_skip2160_n40.npz  (636 s)  BLER16: R2-ours-G=0.03 R3-bigamp=0.10 R4-scvamp=0.07 M-ours-gmm32=0.03 R5-genie=0.00
380/448 done    D2_C2_S2_Nr8_T16_Tp4_dft_snr0_skip1960_n40.npz  (762 s)  BLER16: R2-ours-G=0.07 R3-bigamp=0.17 R4-scvamp=0.30 M-ours-gmm32=0.07 R5-genie=0.00
381/448 done    D2_C2_S2_Nr8_T16_Tp4_dft_snr-3_skip1800_n40.npz  (788 s)  BLER16: R2-ours-G=0.47 R3-bigamp=0.62 R4-scvamp=0.70 M-ours-gmm32=0.45 R5-genie=0.05
382/448 done    D2_C2_S2_Nr8_T16_Tp4_dft_snr-3_skip1680_n40.npz  (806 s)  BLER16: R2-ours-G=0.47 R3-bigamp=0.65 R4-scvamp=0.70 M-ours-gmm32=0.35 R5-genie=0.05
383/448 done    D2_C2_S2_Nr8_T16_Tp4_dft_snr6_skip2160_n40.npz  (687 s)  BLER16: R2-ours-G=0.00 R3-bigamp=0.00 R4-scvamp=0.07 M-ours-gmm32=0.00 R5-genie=0.00
384/448 done    D2_C2_S2_Nr8_T16_Tp4_dft_snr-3_skip2160_n40.npz  (727 s)  BLER16: R2-ours-G=0.35 R3-bigamp=0.55 R4-scvamp=0.68 M-ours-gmm32=0.30 R5-genie=0.05
385/448 done    D2_C2_S2_Nr8_T16_Tp4_dft_snr15_skip2160_n40.npz  (360 s)  BLER16: R2-ours-G=0.03 R3-bigamp=0.07 R4-scvamp=0.05 M-ours-gmm32=0.03 R5-genie=0.00
386/448 done    D2_C2_S2_Nr8_T16_Tp4_dft_snr15_skip2240_n40.npz  (321 s)  BLER16: R2-ours-G=0.00 R3-bigamp=0.07 R4-scvamp=0.03 M-ours-gmm32=0.00 R5-genie=0.00
387/448 done    D2_C2_S2_Nr8_T16_Tp4_dft_snr12_skip2200_n40.npz  (337 s)  BLER16: R2-ours-G=0.00 R3-bigamp=0.03 R4-scvamp=0.10 M-ours-gmm32=0.00 R5-genie=0.00
388/448 done    D2_C2_S2_Nr8_T16_Tp4_dft_snr6_skip2240_n40.npz  (332 s)  BLER16: R2-ours-G=0.00 R3-bigamp=0.07 R4-scvamp=0.17 M-ours-gmm32=0.03 R5-genie=0.00
389/448 done    D2_C2_S2_Nr8_T16_Tp4_dft_snr9_skip2240_n40.npz  (330 s)  BLER16: R2-ours-G=0.05 R3-bigamp=0.07 R4-scvamp=0.12 M-ours-gmm32=0.03 R5-genie=0.00
390/448 done    D2_C2_S2_Nr8_T16_Tp4_dft_snr0_skip2280_n40.npz  (328 s)  BLER16: R2-ours-G=0.10 R3-bigamp=0.25 R4-scvamp=0.25 M-ours-gmm32=0.07 R5-genie=0.03
391/448 done    D2_C2_S2_Nr8_T16_Tp4_dft_snr0_skip2240_n40.npz  (336 s)  BLER16: R2-ours-G=0.07 R3-bigamp=0.07 R4-scvamp=0.33 M-ours-gmm32=0.03 R5-genie=0.00
392/448 done    D2_C2_S2_Nr8_T16_Tp4_dft_snr9_skip2280_n40.npz  (326 s)  BLER16: R2-ours-G=0.00 R3-bigamp=0.07 R4-scvamp=0.05 M-ours-gmm32=0.00 R5-genie=0.00
393/448 done    D2_C2_S2_Nr8_T16_Tp4_dft_snr15_skip2200_n40.npz  (338 s)  BLER16: R2-ours-G=0.00 R3-bigamp=0.07 R4-scvamp=0.05 M-ours-gmm32=0.00 R5-genie=0.00
394/448 done    D2_C2_S2_Nr8_T16_Tp4_dft_snr6_skip2280_n40.npz  (329 s)  BLER16: R2-ours-G=0.00 R3-bigamp=0.00 R4-scvamp=0.07 M-ours-gmm32=0.00 R5-genie=0.00
395/448 done    D2_C2_S2_Nr8_T16_Tp4_dft_snr0_skip2200_n40.npz  (353 s)  BLER16: R2-ours-G=0.10 R3-bigamp=0.17 R4-scvamp=0.23 M-ours-gmm32=0.05 R5-genie=0.03
396/448 done    D2_C2_S2_Nr8_T16_Tp4_dft_snr3_skip2200_n40.npz  (354 s)  BLER16: R2-ours-G=0.05 R3-bigamp=0.05 R4-scvamp=0.12 M-ours-gmm32=0.00 R5-genie=0.00
397/448 done    D2_C2_S2_Nr8_T16_Tp4_dft_snr15_skip2320_n40.npz  (317 s)  BLER16: R2-ours-G=0.00 R3-bigamp=0.07 R4-scvamp=0.03 M-ours-gmm32=0.00 R5-genie=0.00
398/448 done    D2_C2_S2_Nr8_T16_Tp4_dft_snr3_skip2240_n40.npz  (341 s)  BLER16: R2-ours-G=0.03 R3-bigamp=0.10 R4-scvamp=0.12 M-ours-gmm32=0.00 R5-genie=0.00
399/448 done    D2_C2_S2_Nr8_T16_Tp4_dft_snr9_skip2200_n40.npz  (352 s)  BLER16: R2-ours-G=0.00 R3-bigamp=0.05 R4-scvamp=0.03 M-ours-gmm32=0.03 R5-genie=0.00
400/448 done    D2_C2_S2_Nr8_T16_Tp4_dft_snr6_skip2200_n40.npz  (356 s)  BLER16: R2-ours-G=0.00 R3-bigamp=0.05 R4-scvamp=0.03 M-ours-gmm32=0.00 R5-genie=0.00
401/448 done    D2_C2_S2_Nr8_T16_Tp4_dft_snr3_skip2320_n40.npz  (326 s)  BLER16: R2-ours-G=0.07 R3-bigamp=0.03 R4-scvamp=0.10 M-ours-gmm32=0.03 R5-genie=0.00
402/448 done    D2_C2_S2_Nr8_T16_Tp4_dft_snr15_skip2360_n40.npz  (317 s)  BLER16: R2-ours-G=0.00 R3-bigamp=0.05 R4-scvamp=0.12 M-ours-gmm32=0.00 R5-genie=0.00
403/448 done    D2_C2_S2_Nr8_T16_Tp4_dft_snr15_skip2280_n40.npz  (331 s)  BLER16: R2-ours-G=0.00 R3-bigamp=0.05 R4-scvamp=0.07 M-ours-gmm32=0.00 R5-genie=0.00
404/448 done    D2_C2_S2_Nr8_T16_Tp4_dft_snr9_skip2360_n40.npz  (319 s)  BLER16: R2-ours-G=0.00 R3-bigamp=0.07 R4-scvamp=0.05 M-ours-gmm32=0.00 R5-genie=0.00
405/448 done    D2_C2_S2_Nr8_T16_Tp4_dft_snr0_skip2320_n40.npz  (329 s)  BLER16: R2-ours-G=0.10 R3-bigamp=0.12 R4-scvamp=0.30 M-ours-gmm32=0.07 R5-genie=0.00
406/448 done    D2_C2_S2_Nr8_T16_Tp4_dft_snr0_skip2440_n40.npz  (313 s)  BLER16: R2-ours-G=0.10 R3-bigamp=0.20 R4-scvamp=0.28 M-ours-gmm32=0.07 R5-genie=0.03
407/448 done    D2_C2_S2_Nr8_T16_Tp4_dft_snr15_skip2440_n40.npz  (311 s)  BLER16: R2-ours-G=0.05 R3-bigamp=0.10 R4-scvamp=0.05 M-ours-gmm32=0.05 R5-genie=0.00
408/448 done    D2_C2_S2_Nr8_T16_Tp4_dft_snr12_skip2240_n40.npz  (343 s)  BLER16: R2-ours-G=0.00 R3-bigamp=0.07 R4-scvamp=0.05 M-ours-gmm32=0.00 R5-genie=0.00
409/448 done    D2_C2_S2_Nr8_T16_Tp4_dft_snr12_skip2480_n40.npz  (307 s)  BLER16: R2-ours-G=0.00 R3-bigamp=0.03 R4-scvamp=0.03 M-ours-gmm32=0.00 R5-genie=0.00
410/448 done    D2_C2_S2_Nr8_T16_Tp4_dft_snr6_skip2480_n40.npz  (308 s)  BLER16: R2-ours-G=0.05 R3-bigamp=0.15 R4-scvamp=0.10 M-ours-gmm32=0.00 R5-genie=0.00
411/448 done    D2_C2_S2_Nr8_T16_Tp4_dft_snr9_skip2440_n40.npz  (313 s)  BLER16: R2-ours-G=0.00 R3-bigamp=0.05 R4-scvamp=0.05 M-ours-gmm32=0.00 R5-genie=0.00
412/448 done    D2_C2_S2_Nr8_T16_Tp4_dft_snr12_skip2280_n40.npz  (335 s)  BLER16: R2-ours-G=0.05 R3-bigamp=0.12 R4-scvamp=0.10 M-ours-gmm32=0.07 R5-genie=0.03
413/448 done    D2_C2_S2_Nr8_T16_Tp4_dft_snr12_skip2520_n40.npz  (305 s)  BLER16: R2-ours-G=0.00 R3-bigamp=0.07 R4-scvamp=0.07 M-ours-gmm32=0.00 R5-genie=0.00
414/448 done    D2_C2_S2_Nr8_T16_Tp4_dft_snr9_skip2520_n40.npz  (306 s)  BLER16: R2-ours-G=0.05 R3-bigamp=0.10 R4-scvamp=0.12 M-ours-gmm32=0.03 R5-genie=0.03
415/448 done    D2_C2_S2_Nr8_T16_Tp4_dft_snr-3_skip2200_n40.npz  (374 s)  BLER16: R2-ours-G=0.33 R3-bigamp=0.50 R4-scvamp=0.65 M-ours-gmm32=0.20 R5-genie=0.07
416/448 done    D2_C2_S2_Nr8_T16_Tp4_dft_snr3_skip2480_n40.npz  (310 s)  BLER16: R2-ours-G=0.03 R3-bigamp=0.03 R4-scvamp=0.17 M-ours-gmm32=0.03 R5-genie=0.03
417/448 done    D2_C2_S2_Nr8_T16_Tp4_dft_snr3_skip2400_n40.npz  (320 s)  BLER16: R2-ours-G=0.05 R3-bigamp=0.12 R4-scvamp=0.23 M-ours-gmm32=0.00 R5-genie=0.00
418/448 done    D2_C2_S2_Nr8_T16_Tp4_dft_snr12_skip2400_n40.npz  (319 s)  BLER16: R2-ours-G=0.03 R3-bigamp=0.03 R4-scvamp=0.07 M-ours-gmm32=0.03 R5-genie=0.00
419/448 done    D2_C2_S2_Nr8_T16_Tp4_dft_snr9_skip2400_n40.npz  (319 s)  BLER16: R2-ours-G=0.00 R3-bigamp=0.03 R4-scvamp=0.12 M-ours-gmm32=0.00 R5-genie=0.00
420/448 done    D2_C2_S2_Nr8_T16_Tp4_dft_snr0_skip2520_n40.npz  (309 s)  BLER16: R2-ours-G=0.15 R3-bigamp=0.28 R4-scvamp=0.33 M-ours-gmm32=0.12 R5-genie=0.00
421/448 done    D2_C2_S2_Nr8_T16_Tp4_dft_snr3_skip2280_n40.npz  (344 s)  BLER16: R2-ours-G=0.07 R3-bigamp=0.07 R4-scvamp=0.12 M-ours-gmm32=0.05 R5-genie=0.00
422/448 done    D2_C2_S2_Nr8_T16_Tp4_dft_snr0_skip2360_n40.npz  (328 s)  BLER16: R2-ours-G=0.05 R3-bigamp=0.07 R4-scvamp=0.25 M-ours-gmm32=0.03 R5-genie=0.03
423/448 done    D2_C2_S2_Nr8_T16_Tp4_dft_snr9_skip2320_n40.npz  (330 s)  BLER16: R2-ours-G=0.03 R3-bigamp=0.00 R4-scvamp=0.03 M-ours-gmm32=0.03 R5-genie=0.00
424/448 done    D2_C2_S2_Nr8_T16_Tp4_dft_snr12_skip2440_n40.npz  (318 s)  BLER16: R2-ours-G=0.00 R3-bigamp=0.05 R4-scvamp=0.00 M-ours-gmm32=0.00 R5-genie=0.00
425/448 done    D2_C2_S2_Nr8_T16_Tp4_dft_snr15_skip2400_n40.npz  (321 s)  BLER16: R2-ours-G=0.00 R3-bigamp=0.10 R4-scvamp=0.03 M-ours-gmm32=0.00 R5-genie=0.00
426/448 done    D2_C2_S2_Nr8_T16_Tp4_dft_snr6_skip2440_n40.npz  (318 s)  BLER16: R2-ours-G=0.03 R3-bigamp=0.10 R4-scvamp=0.10 M-ours-gmm32=0.05 R5-genie=0.03
427/448 done    D2_C2_S2_Nr8_T16_Tp4_dft_snr0_skip2480_n40.npz  (317 s)  BLER16: R2-ours-G=0.15 R3-bigamp=0.25 R4-scvamp=0.33 M-ours-gmm32=0.10 R5-genie=0.05
428/448 done    D2_C2_S2_Nr8_T16_Tp4_dft_snr6_skip2400_n40.npz  (323 s)  BLER16: R2-ours-G=0.00 R3-bigamp=0.03 R4-scvamp=0.05 M-ours-gmm32=0.00 R5-genie=0.00
429/448 done    D2_C2_S2_Nr8_T16_Tp4_dft_snr12_skip2320_n40.npz  (331 s)  BLER16: R2-ours-G=0.00 R3-bigamp=0.03 R4-scvamp=0.03 M-ours-gmm32=0.00 R5-genie=0.00
430/448 done    D2_C2_S2_Nr8_T16_Tp4_dft_snr12_skip2360_n40.npz  (328 s)  BLER16: R2-ours-G=0.00 R3-bigamp=0.03 R4-scvamp=0.05 M-ours-gmm32=0.00 R5-genie=0.00
431/448 done    D2_C2_S2_Nr8_T16_Tp4_dft_snr6_skip2520_n40.npz  (314 s)  BLER16: R2-ours-G=0.00 R3-bigamp=0.00 R4-scvamp=0.07 M-ours-gmm32=0.00 R5-genie=0.00
432/448 done    D2_C2_S2_Nr8_T16_Tp4_dft_snr3_skip2440_n40.npz  (322 s)  BLER16: R2-ours-G=0.05 R3-bigamp=0.05 R4-scvamp=0.10 M-ours-gmm32=0.07 R5-genie=0.00
433/448 done    D2_C2_S2_Nr8_T16_Tp4_dft_snr15_skip2520_n40.npz  (312 s)  BLER16: R2-ours-G=0.03 R3-bigamp=0.05 R4-scvamp=0.03 M-ours-gmm32=0.00 R5-genie=0.00
434/448 done    D2_C2_S2_Nr8_T16_Tp4_dft_snr6_skip2320_n40.npz  (336 s)  BLER16: R2-ours-G=0.07 R3-bigamp=0.15 R4-scvamp=0.10 M-ours-gmm32=0.03 R5-genie=0.00
435/448 done    D2_C2_S2_Nr8_T16_Tp4_dft_snr15_skip2480_n40.npz  (318 s)  BLER16: R2-ours-G=0.00 R3-bigamp=0.03 R4-scvamp=0.05 M-ours-gmm32=0.00 R5-genie=0.00
436/448 done    D2_C2_S2_Nr8_T16_Tp4_dft_snr6_skip2360_n40.npz  (335 s)  BLER16: R2-ours-G=0.03 R3-bigamp=0.03 R4-scvamp=0.15 M-ours-gmm32=0.00 R5-genie=0.00
437/448 done    D2_C2_S2_Nr8_T16_Tp4_dft_snr9_skip2480_n40.npz  (321 s)  BLER16: R2-ours-G=0.03 R3-bigamp=0.07 R4-scvamp=0.10 M-ours-gmm32=0.00 R5-genie=0.00
438/448 done    D2_C2_S2_Nr8_T16_Tp4_dft_snr3_skip2520_n40.npz  (320 s)  BLER16: R2-ours-G=0.00 R3-bigamp=0.03 R4-scvamp=0.05 M-ours-gmm32=0.00 R5-genie=0.03
439/448 done    D2_C2_S2_Nr8_T16_Tp4_dft_snr0_skip2400_n40.npz  (333 s)  BLER16: R2-ours-G=0.12 R3-bigamp=0.23 R4-scvamp=0.33 M-ours-gmm32=0.10 R5-genie=0.03
440/448 done    D2_C2_S2_Nr8_T16_Tp4_dft_snr3_skip2360_n40.npz  (339 s)  BLER16: R2-ours-G=0.05 R3-bigamp=0.10 R4-scvamp=0.10 M-ours-gmm32=0.03 R5-genie=0.00
441/448 done    D2_C2_S2_Nr8_T16_Tp4_dft_snr-3_skip2240_n40.npz  (365 s)  BLER16: R2-ours-G=0.20 R3-bigamp=0.42 R4-scvamp=0.53 M-ours-gmm32=0.10 R5-genie=0.03
442/448 done    D2_C2_S2_Nr8_T16_Tp4_dft_snr-3_skip2440_n40.npz  (333 s)  BLER16: R2-ours-G=0.30 R3-bigamp=0.60 R4-scvamp=0.65 M-ours-gmm32=0.23 R5-genie=0.03
443/448 done    D2_C2_S2_Nr8_T16_Tp4_dft_snr-3_skip2400_n40.npz  (337 s)  BLER16: R2-ours-G=0.42 R3-bigamp=0.57 R4-scvamp=0.70 M-ours-gmm32=0.30 R5-genie=0.05
444/448 done    D2_C2_S2_Nr8_T16_Tp4_dft_snr-3_skip2280_n40.npz  (363 s)  BLER16: R2-ours-G=0.30 R3-bigamp=0.53 R4-scvamp=0.60 M-ours-gmm32=0.35 R5-genie=0.05
445/448 done    D2_C2_S2_Nr8_T16_Tp4_dft_snr-3_skip2320_n40.npz  (354 s)  BLER16: R2-ours-G=0.28 R3-bigamp=0.53 R4-scvamp=0.50 M-ours-gmm32=0.25 R5-genie=0.05
446/448 done    D2_C2_S2_Nr8_T16_Tp4_dft_snr-3_skip2520_n40.npz  (333 s)  BLER16: R2-ours-G=0.40 R3-bigamp=0.60 R4-scvamp=0.57 M-ours-gmm32=0.17 R5-genie=0.05
447/448 done    D2_C2_S2_Nr8_T16_Tp4_dft_snr-3_skip2480_n40.npz  (337 s)  BLER16: R2-ours-G=0.28 R3-bigamp=0.40 R4-scvamp=0.53 M-ours-gmm32=0.23 R5-genie=0.03
448/448 done    D2_C2_S2_Nr8_T16_Tp4_dft_snr-3_skip2360_n40.npz  (354 s)  BLER16: R2-ours-G=0.35 R3-bigamp=0.55 R4-scvamp=0.65 M-ours-gmm32=0.33 R5-genie=0.05
[run] finished in 29.0 min -> python runner.py analysis --testbed D2 --tag B4e4k
# date        : 2026-09-22 18:35:52 KST
# git commit  : e1be3b3
# versions    : python 3.12.14  numpy 2.5.2  scipy 1.18.1  torch 2.14.0+cu130 (cuda_available=True)
# device      : CPU (192 cores) | dtype: complex128 / float64 | deterministic: yes (fixed seeds, no GPU in the receiver)
# testbed     : D2
# seed rule   : default_rng([20260926, TBID[testbed], PID[prior], Nr, T, Tp, int(snr)+100])  (trials of a point = ONE stream)
# code        : rate-1/2 conv (133,171)_8 nu=6 terminated, QPSK, outer iterations = 16 for EVERY arm
# Demo/ hashes: t2_route_a.py=95a5408901ec125c  t2_trellis.py=31cd0ee9c68e972b  t2_gmm.py=d064e58c7510c769
# arm list with per-arm notes (06_SPEC §5):
#   R3-bigamp     : BiG-AMP prior: i.i.d. CN(0,1/Nr) -- correlated prior not supported by Table III (structural limitation)
#   R4-llr        : same, Module B mode='llr' (the paper's 'LLR Turbo' ablation)
#   R4-scvamp     : channel estimation = classical APP-LMMSE (no LOO); only the Onsager extrinsic interface follows arXiv:2604.19061
#   R0-pilot      : 1-PASS arm -- reported at iteration index 0 ('R0-pilot (@1)'); 'pilot_C (@16)' is the
#                   SAME receiver's 16-iteration trajectory, printed for context only.
#   M-ours-*      : differ from R2-ours-G in Module H and nothing else (test M2); Module H, K and the clip
#                   rule are in the run header of conf/results/ and in the raw meta of each point.
# fit/training cost (GMM EM wall-clock) is a column of table A and is never left blank.
# aggregates KEEP failed and diverged blocks; where a subset mean is printed, the full-set mean is beside it.
# Stage C arms present in this run (10_SPEC §3b / §3c) -- the pre-registered Stage A/B verdicts are
# UNCHANGED by this file and M-ours-dscore stays BLOCKED in the pre-registered table:
#   M-ours-dscore-C-V0  : Stage C V0 (PRIMARY) -- learned prior at N', D-14 MATRIX site, pre-registered score wiring, unchanged
#   M-ours-dscore-C-V1  : Stage C V1 -- V0 + (F1) symmetric-PSD projection of the D-14 site (ScorePrior(psd_project=True))
#   M-ours-dscore-C-V4  : Stage C V4 -- D-14 matrix site REPLACED by the D-13 belief scalarisation (hsite=scalar, scal=belief); POST-HOC registered, observed in the H4 diagnostic BEFORE registration (10_SPEC §3c)
#   M-ours-dscore-C-V4b : Stage C V4b -- as V4 but scal=site instead of scal=belief (10_SPEC §3c, "동일하되 scal=site. 부수 보고용"); registered with V4, wired only on 2026-09-21 after an audit found it had been dropped
#   M-ours-bstar-scalar : Stage C CONTROL (10_SPEC §3c, MANDATORY) -- the b* GMM through V4's EXACT wiring: if scalarisation also helps the GMM, the gain belongs to the SITE, not to the learned prior
# 
# training budget (N_train, channel samples) of EVERY arm -- 10_SPEC A3.  The GMM arms and the learned arms are only equal-budget when their N_train below are EQUAL; read the numbers, not the arm names.  The GMM re-fit at N'=1.6e5 may not have finished when this table was written.
# per-arm training budget (arms absent from the raw files are simply not listed):
#   R0-pilot            : N_train=40000 -- the ONE channel set (GMM EM fit / its sample covariance Chat)
#   R1-turbo            : N_train=40000 -- the ONE channel set (GMM EM fit / its sample covariance Chat)
#   R2-ours-G           : N_train=40000 -- the ONE channel set (GMM EM fit / its sample covariance Chat)
#   R3-bigamp           : N_train=0 -- i.i.d. CN(0,1/Nr) prior, fits nothing
#   R4-llr              : N_train=40000 -- the ONE channel set (GMM EM fit / its sample covariance Chat)
#   R4-scvamp           : N_train=40000 -- the ONE channel set (GMM EM fit / its sample covariance Chat)
#   M-ours-gmm32        : N_train=40000 -- the ONE channel set (GMM EM fit / its sample covariance Chat)
#   M-ours-bstar        : N_train=40000 -- the ONE channel set (GMM EM fit / its sample covariance Chat)
#   M-ours-dscore-C-V0  : N_train=40000  rung=D2SX40000  ckpt=/home/HTJ/t2/conf/ckpt/d2sx_N40000_a1.pt  gate: NO GATE RECORD mentions d2sx_N40000_a1.pt -- UNVERIFIED here.  (GA-GD are measurable on D1 only, 10_SPEC §5: a D2 re-train is qualified by its D1 sibling's gate row, which this string cannot prove.)
#   M-ours-dscore-C-V1  : N_train=40000  rung=D2SX40000  ckpt=/home/HTJ/t2/conf/ckpt/d2sx_N40000_a1.pt  gate: NO GATE RECORD mentions d2sx_N40000_a1.pt -- UNVERIFIED here.  (GA-GD are measurable on D1 only, 10_SPEC §5: a D2 re-train is qualified by its D1 sibling's gate row, which this string cannot prove.)
#   M-ours-dscore-C-V4  : N_train=40000  rung=D2SX40000  ckpt=/home/HTJ/t2/conf/ckpt/d2sx_N40000_a1.pt  gate: NO GATE RECORD mentions d2sx_N40000_a1.pt -- UNVERIFIED here.  (GA-GD are measurable on D1 only, 10_SPEC §5: a D2 re-train is qualified by its D1 sibling's gate row, which this string cannot prove.)
#   M-ours-dscore-C-V4b : N_train=40000 -- unclassified arm, quoting the point's channel-set size
#   M-ours-bstar-scalar : N_train=40000 -- the ONE channel set (GMM EM fit / its sample covariance Chat)
#   R5-genie            : N_train=n/a -- genie: the true H is given
#   dscore_status       : ABSENT -- no GATE-PASSING checkpoint (04_SPEC §5 gates GA-GD): no gate-passing checkpoint for D2; recorded PASS rows: none (searched conf/results/gate_D2.txt and LADDER.md)
#   stagec_ckpt         : /home/HTJ/t2/conf/ckpt/d2sx_N40000_a1.pt
#   stagec_gate         : NO GATE RECORD mentions d2sx_N40000_a1.pt -- UNVERIFIED here.  (GA-GD are measurable on D1 only, 10_SPEC §5: a D2 re-train is qualified by its D1 sibling's gate row, which this string cannot prove.)
#   stagec_status       : built from explicit ckpt /home/HTJ/t2/conf/ckpt/d2sx_N40000_a1.pt -- caller override, NOT verified against the gate record here (recorded PASS rows: none) | V1 (psd_project=True): built from explicit ckpt /home/HTJ/t2/conf/ckpt/d2sx_N40000_a1.pt -- caller override, NOT verified against the gate record here (recorded PASS rows: none)
# cell C2: 8x4 T=16 Tp=4 prior S2  SNR grid ['-3', '+0', '+3', '+6', '+9', '+12', '+15'] dB  n=2560 per point  outer iterations=16  b*=kron
#   run params as recorded in the raw file: beta=0.7  dtype=complex128/float64  iters=16  n=40  seed=20260926  skip=0  snr=-3.0  t_in=5
# ====================================================================================================
# CLAIM TESTBED -- sparse specular; conditional Gaussianity broken (see T2d). Upper bound = genie only.
# ====================================================================================================

============================== TABLE A -- per-cell arm comparison (08_SPEC §1) ==============================
cell entry = BLER (95% Wilson CI) / BER / NMSE_H  at the arm's reporting iteration
reporting iteration: @16 for every arm except R0-pilot, which is the 1-PASS arm and is read @1;
'pilot_C (@16)' is the SAME receiver's 16-iteration trajectory, printed for context only.

--- cell C2 (8x4, T=16, Tp=4, K=42)  prior S2  testbed D2   n per SNR: [2560, 2560, 2560, 2560, 2560, 2560, 2560]   b* = kron
  arms absent from the raw files (see 01_RULES §6 -- BLOCKED / FAILED-VERIFICATION): ['M-ours-dscore']
  arm                              SNR -3 dB                            SNR +0 dB                            SNR +3 dB                            SNR +6 dB                            SNR +9 dB                            SNR +12 dB                           SNR +15 dB             
  R0-pilot (@1)       0.750(0.733,0.766) 2.3e-01 3.19e-01  0.389(0.370,0.408) 1.1e-01 1.92e-01  0.181(0.166,0.196) 5.0e-02 1.09e-01  0.101(0.090,0.113) 2.7e-02 5.83e-02  0.064(0.056,0.075) 1.7e-02 3.00e-02  0.047(0.039,0.056) 1.3e-02 1.53e-02  0.036(0.030,0.044) 9.1e-03 7.78e-03 
  pilot_C (@16)       0.478(0.459,0.497) 1.6e-01 3.19e-01  0.131(0.119,0.145) 4.6e-02 1.92e-01  0.041(0.034,0.050) 1.6e-02 1.09e-01  0.025(0.020,0.032) 9.8e-03 5.83e-02  0.013(0.010,0.019) 4.8e-03 3.00e-02  0.012(0.009,0.017) 4.6e-03 1.53e-02  0.005(0.003,0.009) 2.2e-03 7.78e-03 
  R1-turbo            0.543(0.524,0.563) 1.9e-01 2.01e-01  0.212(0.197,0.228) 7.2e-02 7.14e-02  0.081(0.071,0.092) 2.9e-02 3.55e-02  0.040(0.033,0.048) 1.5e-02 1.81e-02  0.024(0.019,0.031) 9.1e-03 9.01e-03  0.017(0.013,0.023) 6.7e-03 4.51e-03  0.008(0.005,0.013) 3.3e-03 2.27e-03 
  R2-ours-G           0.327(0.309,0.345) 1.2e-01 1.37e-01  0.102(0.091,0.115) 3.9e-02 6.81e-02  0.038(0.032,0.046) 1.5e-02 3.49e-02  0.023(0.018,0.029) 9.7e-03 1.80e-02  0.011(0.008,0.016) 4.0e-03 8.95e-03  0.011(0.008,0.016) 5.0e-03 4.50e-03  0.006(0.004,0.010) 2.6e-03 2.27e-03 
  R3-bigamp           0.543(0.524,0.563) 2.0e-01 3.58e-01  0.211(0.195,0.227) 8.0e-02 1.66e-01  0.080(0.070,0.091) 3.1e-02 7.40e-02  0.053(0.045,0.062) 2.2e-02 3.13e-02  0.051(0.043,0.060) 2.1e-02 1.29e-02  0.057(0.049,0.067) 2.5e-02 5.67e-03  0.055(0.047,0.065) 2.5e-02 2.62e-03 
  R4-llr              0.870(0.857,0.883) 5.0e-01 3.72e-01  0.836(0.821,0.849) 6.5e-01 1.41e+00  0.595(0.576,0.614) 5.1e-01 1.18e+00  0.401(0.382,0.420) 3.5e-01 2.23e-02  0.275(0.258,0.293) 2.4e-01 1.01e-02  0.196(0.182,0.212) 1.7e-01 4.85e-03  0.170(0.155,0.185) 1.5e-01 2.42e-03 
  R4-scvamp           0.610(0.591,0.628) 2.2e-01 2.35e-01  0.308(0.290,0.326) 1.1e-01 7.51e-02  0.150(0.137,0.164) 5.2e-02 3.65e-02  0.096(0.085,0.108) 3.2e-02 1.85e-02  0.070(0.061,0.080) 2.3e-02 9.15e-03  0.048(0.040,0.057) 1.7e-02 4.55e-03  0.037(0.030,0.045) 1.2e-02 2.29e-03 
  M-ours-gmm32        0.267(0.250,0.284) 1.0e-01 1.09e-01  0.086(0.076,0.098) 3.2e-02 5.65e-02  0.027(0.021,0.034) 1.0e-02 2.94e-02  0.017(0.012,0.023) 6.3e-03 1.54e-02  0.009(0.006,0.014) 4.2e-03 7.82e-03  0.010(0.007,0.014) 3.1e-03 4.08e-03  0.005(0.003,0.008) 1.9e-03 2.08e-03 
  M-ours-bstar        0.248(0.232,0.265) 9.3e-02 9.93e-02  0.067(0.058,0.077) 2.4e-02 5.06e-02  0.021(0.016,0.027) 8.2e-03 2.71e-02  0.013(0.010,0.019) 4.9e-03 1.45e-02  0.006(0.004,0.010) 2.5e-03 7.49e-03  0.007(0.004,0.011) 2.1e-03 3.95e-03  0.004(0.002,0.007) 1.6e-03 2.02e-03 
  M-ours-dscore-C-V0  0.741(0.724,0.758) 3.4e-01 2.33e-01  0.828(0.813,0.842) 3.8e-01 4.71e-01  0.936(0.926,0.945) 4.3e-01 1.29e+00  0.893(0.881,0.905) 4.2e-01 1.54e+00  0.807(0.792,0.822) 3.6e-01 8.11e-01  0.666(0.647,0.684) 2.9e-01 4.85e-01  0.362(0.344,0.381) 1.5e-01 9.21e-02 
  M-ours-dscore-C-V1  0.145(0.131,0.159) 5.2e-02 5.40e-02  0.033(0.027,0.041) 1.2e-02 2.54e-02  0.009(0.006,0.014) 3.7e-03 1.27e-02  0.007(0.004,0.011) 2.2e-03 6.55e-03  0.003(0.002,0.006) 1.2e-03 3.40e-03  0.003(0.002,0.006) 1.1e-03 1.82e-03  0.002(0.001,0.004) 6.4e-04 9.88e-04 
  M-ours-dscore-C-V4  0.154(0.141,0.169) 5.4e-02 5.26e-02  0.039(0.032,0.047) 1.3e-02 2.41e-02  0.009(0.006,0.014) 3.8e-03 1.19e-02  0.007(0.004,0.011) 2.3e-03 6.23e-03  0.003(0.001,0.006) 9.1e-04 3.23e-03  0.004(0.002,0.007) 1.0e-03 1.73e-03  0.002(0.001,0.005) 6.8e-04 9.48e-04 
  M-ours-dscore-C-V4b 0.156(0.142,0.170) 5.6e-02 5.66e-02  0.042(0.035,0.050) 1.5e-02 2.54e-02  0.011(0.008,0.016) 3.9e-03 1.25e-02  0.007(0.004,0.011) 2.1e-03 6.48e-03  0.002(0.001,0.005) 8.6e-04 3.33e-03  0.004(0.002,0.008) 1.2e-03 1.81e-03  0.002(0.001,0.005) 7.2e-04 9.80e-04 
  M-ours-bstar-scalar 0.259(0.242,0.276) 9.7e-02 9.99e-02  0.077(0.068,0.088) 2.7e-02 5.09e-02  0.026(0.021,0.033) 9.5e-03 2.71e-02  0.014(0.011,0.020) 5.4e-03 1.44e-02  0.009(0.006,0.014) 3.3e-03 7.43e-03  0.007(0.005,0.012) 2.6e-03 3.86e-03  0.005(0.003,0.008) 1.9e-03 1.98e-03 
  R5-genie              0.034(0.028,0.042) 1.1e-02 nan       0.010(0.007,0.015) 3.8e-03 nan       0.005(0.003,0.008) 1.5e-03 nan       0.004(0.002,0.007) 1.3e-03 nan       0.001(0.000,0.003) 2.8e-04 nan       0.001(0.000,0.003) 1.7e-04 nan       0.001(0.000,0.003) 3.9e-04 nan    

  per-point detail rows (exp_0921 convention M-1: BLER@1/@2/@8/@16, BER@16, NMSE median all / success-only, rescued/lost 2->16, tauL@1, failure-class %):
   SNR -3 dB
    R0-pilot             n=2560 BLER@1/@2/@8/@16 = 0.750 0.628 0.490 0.478 [0.459,0.497]  BER@16=1.64e-01  NMSE med@1/@16=0.3187/0.3187 ok=0.3025  resc/lost(2->16)=391/7  tauL@1=1.041  fail% stuck/cyc2/other=30.7/1.6/15.5
    R1-turbo             n=2560 BLER@1/@2/@8/@16 = 0.750 0.602 0.545 0.543 [0.524,0.563]  BER@16=1.91e-01  NMSE med@1/@16=0.3187/0.2006 ok=0.1176  resc/lost(2->16)=150/0  tauL@1=1.041  fail% stuck/cyc2/other=52.7/0.0/1.6
    R2-ours-G            n=2560 BLER@1/@2/@8/@16 = 0.750 0.550 0.362 0.327 [0.309,0.345]  BER@16=1.24e-01  NMSE med@1/@16=0.3187/0.1368 ok=0.1188  resc/lost(2->16)=573/1  tauL@1=1.041  fail% stuck/cyc2/other=8.6/6.0/18.1
    R3-bigamp            n=2560 BLER@1/@2/@8/@16 = 0.801 0.665 0.557 0.543 [0.524,0.563]  BER@16=2.01e-01  NMSE med@1/@16=0.4004/0.3576 ok=0.2954  resc/lost(2->16)=317/6  tauL@1=1.705  fail% stuck/cyc2/other=41.9/3.4/9.1
    R4-llr               n=2560 BLER@1/@2/@8/@16 = 0.758 0.662 0.870 0.870 [0.857,0.883]  BER@16=4.99e-01  NMSE med@1/@16=0.2330/0.3724 ok=0.1197  resc/lost(2->16)=41/573  tauL@1=0.702  fail% stuck/cyc2/other=41.6/43.5/2.0
    R4-scvamp            n=2560 BLER@1/@2/@8/@16 = 0.758 0.650 0.610 0.610 [0.591,0.628]  BER@16=2.17e-01  NMSE med@1/@16=0.2330/0.2345 ok=0.1177  resc/lost(2->16)=102/0  tauL@1=0.702  fail% stuck/cyc2/other=58.7/0.4/1.9
    M-ours-gmm32         n=2560 BLER@1/@2/@8/@16 = 0.719 0.495 0.296 0.267 [0.250,0.284]  BER@16=1.02e-01  NMSE med@1/@16=0.2617/0.1093 ok=0.0976  resc/lost(2->16)=586/3  tauL@1=1.182  fail% stuck/cyc2/other=7.0/3.7/16.1
    M-ours-bstar         n=2560 BLER@1/@2/@8/@16 = 0.724 0.463 0.272 0.248 [0.232,0.265]  BER@16=9.32e-02  NMSE med@1/@16=0.2342/0.0993 ok=0.0885  resc/lost(2->16)=550/1  tauL@1=1.423  fail% stuck/cyc2/other=7.8/3.5/13.5
    M-ours-dscore-C-V0   n=2560 BLER@1/@2/@8/@16 = 0.676 0.752 0.766 0.741 [0.724,0.758]  BER@16=3.38e-01  NMSE med@1/@16=0.2191/0.2332 ok=0.0686  resc/lost(2->16)=231/204  tauL@1=1.075  fail% stuck/cyc2/other=1.3/4.9/67.9
    M-ours-dscore-C-V1   n=2560 BLER@1/@2/@8/@16 = 0.570 0.319 0.171 0.145 [0.131,0.159]  BER@16=5.24e-02  NMSE med@1/@16=0.1688/0.0540 ok=0.0495  resc/lost(2->16)=447/0  tauL@1=1.232  fail% stuck/cyc2/other=4.3/1.5/8.7
    M-ours-dscore-C-V4   n=2560 BLER@1/@2/@8/@16 = 0.564 0.323 0.173 0.154 [0.141,0.169]  BER@16=5.42e-02  NMSE med@1/@16=0.1682/0.0526 ok=0.0476  resc/lost(2->16)=431/0  tauL@1=1.162  fail% stuck/cyc2/other=6.5/1.0/7.9
    M-ours-dscore-C-V4b  n=2560 BLER@1/@2/@8/@16 = 0.564 0.330 0.180 0.156 [0.142,0.170]  BER@16=5.64e-02  NMSE med@1/@16=0.1682/0.0566 ok=0.0509  resc/lost(2->16)=447/1  tauL@1=1.162  fail% stuck/cyc2/other=5.7/1.2/8.7
    M-ours-bstar-scalar  n=2560 BLER@1/@2/@8/@16 = 0.725 0.461 0.282 0.259 [0.242,0.276]  BER@16=9.66e-02  NMSE med@1/@16=0.2351/0.0999 ok=0.0883  resc/lost(2->16)=517/1  tauL@1=1.301  fail% stuck/cyc2/other=10.6/1.9/13.4
    R5-genie             n=2560 BLER@1/@2/@8/@16 = 0.225 0.102 0.043 0.034 [0.028,0.042]  BER@16=1.14e-02  NMSE med@1/@16=nan/nan ok=nan  resc/lost(2->16)=175/0  tauL@1=0.771  fail% stuck/cyc2/other=1.4/0.2/1.8
   SNR +0 dB
    R0-pilot             n=2560 BLER@1/@2/@8/@16 = 0.389 0.242 0.149 0.131 [0.119,0.145]  BER@16=4.65e-02  NMSE med@1/@16=0.1925/0.1925 ok=0.1908  resc/lost(2->16)=284/0  tauL@1=0.623  fail% stuck/cyc2/other=3.0/0.7/9.5
    R1-turbo             n=2560 BLER@1/@2/@8/@16 = 0.389 0.265 0.217 0.212 [0.197,0.228]  BER@16=7.18e-02  NMSE med@1/@16=0.1925/0.0714 ok=0.0657  resc/lost(2->16)=135/0  tauL@1=0.623  fail% stuck/cyc2/other=19.0/0.0/2.2
    R2-ours-G            n=2560 BLER@1/@2/@8/@16 = 0.389 0.216 0.116 0.102 [0.091,0.115]  BER@16=3.89e-02  NMSE med@1/@16=0.1925/0.0681 ok=0.0658  resc/lost(2->16)=290/0  tauL@1=0.623  fail% stuck/cyc2/other=2.0/2.1/6.2
    R3-bigamp            n=2560 BLER@1/@2/@8/@16 = 0.411 0.286 0.218 0.211 [0.195,0.227]  BER@16=8.04e-02  NMSE med@1/@16=0.2367/0.1655 ok=0.1570  resc/lost(2->16)=194/0  tauL@1=0.576  fail% stuck/cyc2/other=9.7/1.5/9.8
    R4-llr               n=2560 BLER@1/@2/@8/@16 = 0.444 0.339 0.836 0.836 [0.821,0.849]  BER@16=6.48e-01  NMSE med@1/@16=0.0877/1.4147 ok=0.0650  resc/lost(2->16)=38/1308  tauL@1=0.409  fail% stuck/cyc2/other=11.7/67.9/4.0
    R4-scvamp            n=2560 BLER@1/@2/@8/@16 = 0.444 0.339 0.309 0.308 [0.290,0.326]  BER@16=1.07e-01  NMSE med@1/@16=0.0877/0.0751 ok=0.0656  resc/lost(2->16)=79/0  tauL@1=0.409  fail% stuck/cyc2/other=28.7/1.0/1.1
    M-ours-gmm32         n=2560 BLER@1/@2/@8/@16 = 0.357 0.191 0.098 0.086 [0.076,0.098]  BER@16=3.23e-02  NMSE med@1/@16=0.1561/0.0565 ok=0.0546  resc/lost(2->16)=268/0  tauL@1=0.728  fail% stuck/cyc2/other=2.1/1.1/5.5
    M-ours-bstar         n=2560 BLER@1/@2/@8/@16 = 0.341 0.170 0.080 0.067 [0.058,0.077]  BER@16=2.44e-02  NMSE med@1/@16=0.1381/0.0506 ok=0.0493  resc/lost(2->16)=265/0  tauL@1=0.884  fail% stuck/cyc2/other=1.7/0.9/4.0
    M-ours-dscore-C-V0   n=2560 BLER@1/@2/@8/@16 = 0.570 0.793 0.857 0.828 [0.813,0.842]  BER@16=3.81e-01  NMSE med@1/@16=0.3283/0.4707 ok=0.0610  resc/lost(2->16)=162/253  tauL@1=0.381  fail% stuck/cyc2/other=0.4/7.3/75.1
    M-ours-dscore-C-V1   n=2560 BLER@1/@2/@8/@16 = 0.243 0.111 0.042 0.033 [0.027,0.041]  BER@16=1.21e-02  NMSE med@1/@16=0.0903/0.0254 ok=0.0248  resc/lost(2->16)=198/0  tauL@1=0.763  fail% stuck/cyc2/other=0.7/0.5/2.1
    M-ours-dscore-C-V4   n=2560 BLER@1/@2/@8/@16 = 0.241 0.109 0.044 0.039 [0.032,0.047]  BER@16=1.33e-02  NMSE med@1/@16=0.0883/0.0241 ok=0.0233  resc/lost(2->16)=181/0  tauL@1=0.718  fail% stuck/cyc2/other=2.0/0.4/1.5
    M-ours-dscore-C-V4b  n=2560 BLER@1/@2/@8/@16 = 0.241 0.113 0.050 0.042 [0.035,0.050]  BER@16=1.51e-02  NMSE med@1/@16=0.0883/0.0254 ok=0.0246  resc/lost(2->16)=181/0  tauL@1=0.718  fail% stuck/cyc2/other=1.9/0.4/1.9
    M-ours-bstar-scalar  n=2560 BLER@1/@2/@8/@16 = 0.337 0.172 0.090 0.077 [0.068,0.088]  BER@16=2.72e-02  NMSE med@1/@16=0.1384/0.0509 ok=0.0492  resc/lost(2->16)=243/0  tauL@1=0.812  fail% stuck/cyc2/other=2.8/0.5/4.5
    R5-genie             n=2560 BLER@1/@2/@8/@16 = 0.095 0.038 0.013 0.010 [0.007,0.015]  BER@16=3.84e-03  NMSE med@1/@16=nan/nan ok=nan  resc/lost(2->16)=72/0  tauL@1=0.527  fail% stuck/cyc2/other=0.4/0.1/0.6
   SNR +3 dB
    R0-pilot             n=2560 BLER@1/@2/@8/@16 = 0.181 0.100 0.050 0.041 [0.034,0.050]  BER@16=1.58e-02  NMSE med@1/@16=0.1090/0.1090 ok=0.1088  resc/lost(2->16)=151/0  tauL@1=0.399  fail% stuck/cyc2/other=0.8/0.6/2.7
    R1-turbo             n=2560 BLER@1/@2/@8/@16 = 0.181 0.105 0.082 0.081 [0.071,0.092]  BER@16=2.86e-02  NMSE med@1/@16=0.1090/0.0355 ok=0.0345  resc/lost(2->16)=63/0  tauL@1=0.399  fail% stuck/cyc2/other=6.5/0.0/1.6
    R2-ours-G            n=2560 BLER@1/@2/@8/@16 = 0.181 0.088 0.045 0.038 [0.032,0.046]  BER@16=1.46e-02  NMSE med@1/@16=0.1090/0.0349 ok=0.0346  resc/lost(2->16)=127/0  tauL@1=0.399  fail% stuck/cyc2/other=0.9/0.5/2.3
    R3-bigamp            n=2560 BLER@1/@2/@8/@16 = 0.196 0.133 0.091 0.080 [0.070,0.091]  BER@16=3.13e-02  NMSE med@1/@16=0.1255/0.0740 ok=0.0725  resc/lost(2->16)=135/0  tauL@1=0.277  fail% stuck/cyc2/other=2.3/0.6/5.1
    R4-llr               n=2560 BLER@1/@2/@8/@16 = 0.241 0.156 0.597 0.595 [0.576,0.614]  BER@16=5.15e-01  NMSE med@1/@16=0.0388/1.1816 ok=0.0349  resc/lost(2->16)=51/1176  tauL@1=0.258  fail% stuck/cyc2/other=2.0/54.6/3.0
    R4-scvamp            n=2560 BLER@1/@2/@8/@16 = 0.241 0.171 0.150 0.150 [0.137,0.164]  BER@16=5.20e-02  NMSE med@1/@16=0.0388/0.0365 ok=0.0346  resc/lost(2->16)=54/1  tauL@1=0.258  fail% stuck/cyc2/other=12.5/1.0/1.5
    M-ours-gmm32         n=2560 BLER@1/@2/@8/@16 = 0.154 0.074 0.034 0.027 [0.021,0.034]  BER@16=1.03e-02  NMSE med@1/@16=0.0884/0.0294 ok=0.0291  resc/lost(2->16)=120/0  tauL@1=0.468  fail% stuck/cyc2/other=0.5/0.5/1.7
    M-ours-bstar         n=2560 BLER@1/@2/@8/@16 = 0.137 0.056 0.025 0.021 [0.016,0.027]  BER@16=8.19e-03  NMSE med@1/@16=0.0793/0.0271 ok=0.0269  resc/lost(2->16)=90/0  tauL@1=0.560  fail% stuck/cyc2/other=0.6/0.2/1.2
    M-ours-dscore-C-V0   n=2560 BLER@1/@2/@8/@16 = 0.609 0.886 0.957 0.936 [0.926,0.945]  BER@16=4.35e-01  NMSE med@1/@16=3.3063/1.2899 ok=0.2697  resc/lost(2->16)=102/229  tauL@1=0.065  fail% stuck/cyc2/other=0.3/7.0/86.3
    M-ours-dscore-C-V1   n=2560 BLER@1/@2/@8/@16 = 0.089 0.029 0.011 0.009 [0.006,0.014]  BER@16=3.75e-03  NMSE med@1/@16=0.0468/0.0127 ok=0.0127  resc/lost(2->16)=51/0  tauL@1=0.495  fail% stuck/cyc2/other=0.3/0.1/0.5
    M-ours-dscore-C-V4   n=2560 BLER@1/@2/@8/@16 = 0.085 0.030 0.012 0.009 [0.006,0.014]  BER@16=3.78e-03  NMSE med@1/@16=0.0445/0.0119 ok=0.0118  resc/lost(2->16)=54/0  tauL@1=0.471  fail% stuck/cyc2/other=0.5/0.0/0.4
    M-ours-dscore-C-V4b  n=2560 BLER@1/@2/@8/@16 = 0.085 0.031 0.012 0.011 [0.008,0.016]  BER@16=3.94e-03  NMSE med@1/@16=0.0445/0.0125 ok=0.0124  resc/lost(2->16)=51/0  tauL@1=0.471  fail% stuck/cyc2/other=0.6/0.1/0.4
    M-ours-bstar-scalar  n=2560 BLER@1/@2/@8/@16 = 0.142 0.060 0.030 0.026 [0.021,0.033]  BER@16=9.53e-03  NMSE med@1/@16=0.0804/0.0271 ok=0.0269  resc/lost(2->16)=87/0  tauL@1=0.517  fail% stuck/cyc2/other=0.9/0.3/1.4
    R5-genie             n=2560 BLER@1/@2/@8/@16 = 0.044 0.012 0.005 0.005 [0.003,0.008]  BER@16=1.53e-03  NMSE med@1/@16=nan/nan ok=nan  resc/lost(2->16)=18/0  tauL@1=0.387  fail% stuck/cyc2/other=0.2/0.0/0.3
   SNR +6 dB
    R0-pilot             n=2560 BLER@1/@2/@8/@16 = 0.101 0.057 0.031 0.025 [0.020,0.032]  BER@16=9.83e-03  NMSE med@1/@16=0.0583/0.0583 ok=0.0584  resc/lost(2->16)=81/0  tauL@1=0.280  fail% stuck/cyc2/other=0.5/0.5/1.6
    R1-turbo             n=2560 BLER@1/@2/@8/@16 = 0.101 0.063 0.042 0.040 [0.033,0.048]  BER@16=1.49e-02  NMSE med@1/@16=0.0583/0.0181 ok=0.0179  resc/lost(2->16)=59/0  tauL@1=0.280  fail% stuck/cyc2/other=2.5/0.0/1.4
    R2-ours-G            n=2560 BLER@1/@2/@8/@16 = 0.101 0.054 0.027 0.023 [0.018,0.029]  BER@16=9.66e-03  NMSE med@1/@16=0.0583/0.0180 ok=0.0179  resc/lost(2->16)=81/0  tauL@1=0.280  fail% stuck/cyc2/other=0.4/0.4/1.4
    R3-bigamp            n=2560 BLER@1/@2/@8/@16 = 0.136 0.093 0.061 0.053 [0.045,0.062]  BER@16=2.23e-02  NMSE med@1/@16=0.0589/0.0313 ok=0.0309  resc/lost(2->16)=104/0  tauL@1=0.162  fail% stuck/cyc2/other=0.5/0.5/4.3
    R4-llr               n=2560 BLER@1/@2/@8/@16 = 0.152 0.091 0.402 0.401 [0.382,0.420]  BER@16=3.52e-01  NMSE med@1/@16=0.0190/0.0223 ok=0.0179  resc/lost(2->16)=30/823  tauL@1=0.181  fail% stuck/cyc2/other=0.2/37.1/2.7
    R4-scvamp            n=2560 BLER@1/@2/@8/@16 = 0.152 0.108 0.096 0.096 [0.085,0.108]  BER@16=3.23e-02  NMSE med@1/@16=0.0190/0.0185 ok=0.0179  resc/lost(2->16)=31/0  tauL@1=0.181  fail% stuck/cyc2/other=7.3/1.2/1.1
    M-ours-gmm32         n=2560 BLER@1/@2/@8/@16 = 0.093 0.039 0.018 0.017 [0.012,0.023]  BER@16=6.31e-03  NMSE med@1/@16=0.0481/0.0154 ok=0.0153  resc/lost(2->16)=58/0  tauL@1=0.325  fail% stuck/cyc2/other=0.4/0.3/1.0
    M-ours-bstar         n=2560 BLER@1/@2/@8/@16 = 0.080 0.031 0.014 0.013 [0.010,0.019]  BER@16=4.87e-03  NMSE med@1/@16=0.0438/0.0145 ok=0.0144  resc/lost(2->16)=46/0  tauL@1=0.383  fail% stuck/cyc2/other=0.4/0.1/0.9
    M-ours-dscore-C-V0   n=2560 BLER@1/@2/@8/@16 = 0.803 0.854 0.916 0.893 [0.881,0.905]  BER@16=4.15e-01  NMSE med@1/@16=10.1657/1.5383 ok=0.2926  resc/lost(2->16)=154/254  tauL@1=0.013  fail% stuck/cyc2/other=0.4/8.0/81.0
    M-ours-dscore-C-V1   n=2560 BLER@1/@2/@8/@16 = 0.046 0.016 0.007 0.007 [0.004,0.011]  BER@16=2.19e-03  NMSE med@1/@16=0.0234/0.0066 ok=0.0065  resc/lost(2->16)=23/0  tauL@1=0.369  fail% stuck/cyc2/other=0.3/0.0/0.4
    M-ours-dscore-C-V4   n=2560 BLER@1/@2/@8/@16 = 0.047 0.017 0.007 0.007 [0.004,0.011]  BER@16=2.28e-03  NMSE med@1/@16=0.0217/0.0062 ok=0.0062  resc/lost(2->16)=26/0  tauL@1=0.350  fail% stuck/cyc2/other=0.5/0.0/0.2
    M-ours-dscore-C-V4b  n=2560 BLER@1/@2/@8/@16 = 0.047 0.017 0.007 0.007 [0.004,0.011]  BER@16=2.08e-03  NMSE med@1/@16=0.0217/0.0065 ok=0.0065  resc/lost(2->16)=26/0  tauL@1=0.350  fail% stuck/cyc2/other=0.4/0.0/0.2
    M-ours-bstar-scalar  n=2560 BLER@1/@2/@8/@16 = 0.079 0.032 0.016 0.014 [0.011,0.020]  BER@16=5.37e-03  NMSE med@1/@16=0.0438/0.0144 ok=0.0143  resc/lost(2->16)=46/0  tauL@1=0.357  fail% stuck/cyc2/other=0.7/0.2/0.6
    R5-genie             n=2560 BLER@1/@2/@8/@16 = 0.032 0.007 0.004 0.004 [0.002,0.007]  BER@16=1.32e-03  NMSE med@1/@16=nan/nan ok=nan  resc/lost(2->16)=10/0  tauL@1=0.283  fail% stuck/cyc2/other=0.1/0.0/0.2
   SNR +9 dB
    R0-pilot             n=2560 BLER@1/@2/@8/@16 = 0.064 0.034 0.017 0.013 [0.010,0.019]  BER@16=4.81e-03  NMSE med@1/@16=0.0300/0.0300 ok=0.0300  resc/lost(2->16)=54/0  tauL@1=0.201  fail% stuck/cyc2/other=0.2/0.5/0.6
    R1-turbo             n=2560 BLER@1/@2/@8/@16 = 0.064 0.036 0.025 0.024 [0.019,0.031]  BER@16=9.14e-03  NMSE med@1/@16=0.0300/0.0090 ok=0.0089  resc/lost(2->16)=31/0  tauL@1=0.201  fail% stuck/cyc2/other=1.8/0.1/0.6
    R2-ours-G            n=2560 BLER@1/@2/@8/@16 = 0.064 0.030 0.014 0.011 [0.008,0.016]  BER@16=4.05e-03  NMSE med@1/@16=0.0300/0.0090 ok=0.0089  resc/lost(2->16)=49/0  tauL@1=0.201  fail% stuck/cyc2/other=0.1/0.4/0.6
    R3-bigamp            n=2560 BLER@1/@2/@8/@16 = 0.107 0.072 0.055 0.051 [0.043,0.060]  BER@16=2.09e-02  NMSE med@1/@16=0.0238/0.0129 ok=0.0127  resc/lost(2->16)=55/0  tauL@1=0.111  fail% stuck/cyc2/other=0.4/0.4/4.4
    R4-llr               n=2560 BLER@1/@2/@8/@16 = 0.104 0.066 0.276 0.275 [0.258,0.293]  BER@16=2.41e-01  NMSE med@1/@16=0.0093/0.0101 ok=0.0089  resc/lost(2->16)=25/561  tauL@1=0.130  fail% stuck/cyc2/other=0.1/25.9/1.6
    R4-scvamp            n=2560 BLER@1/@2/@8/@16 = 0.104 0.077 0.070 0.070 [0.061,0.080]  BER@16=2.31e-02  NMSE med@1/@16=0.0093/0.0092 ok=0.0089  resc/lost(2->16)=17/0  tauL@1=0.130  fail% stuck/cyc2/other=5.2/1.3/0.5
    M-ours-gmm32         n=2560 BLER@1/@2/@8/@16 = 0.059 0.027 0.011 0.009 [0.006,0.014]  BER@16=4.20e-03  NMSE med@1/@16=0.0252/0.0078 ok=0.0078  resc/lost(2->16)=45/0  tauL@1=0.227  fail% stuck/cyc2/other=0.1/0.0/0.8
    M-ours-bstar         n=2560 BLER@1/@2/@8/@16 = 0.051 0.021 0.007 0.006 [0.004,0.010]  BER@16=2.53e-03  NMSE med@1/@16=0.0237/0.0075 ok=0.0075  resc/lost(2->16)=39/0  tauL@1=0.263  fail% stuck/cyc2/other=0.1/0.1/0.4
    M-ours-dscore-C-V0   n=2560 BLER@1/@2/@8/@16 = 0.864 0.779 0.841 0.807 [0.792,0.822]  BER@16=3.63e-01  NMSE med@1/@16=10.1181/0.8110 ok=0.2592  resc/lost(2->16)=262/334  tauL@1=0.006  fail% stuck/cyc2/other=0.6/8.0/72.1
    M-ours-dscore-C-V1   n=2560 BLER@1/@2/@8/@16 = 0.028 0.007 0.003 0.003 [0.002,0.006]  BER@16=1.23e-03  NMSE med@1/@16=0.0113/0.0034 ok=0.0034  resc/lost(2->16)=11/0  tauL@1=0.254  fail% stuck/cyc2/other=0.0/0.1/0.2
    M-ours-dscore-C-V4   n=2560 BLER@1/@2/@8/@16 = 0.029 0.007 0.003 0.003 [0.001,0.006]  BER@16=9.11e-04  NMSE med@1/@16=0.0107/0.0032 ok=0.0032  resc/lost(2->16)=12/0  tauL@1=0.239  fail% stuck/cyc2/other=0.1/0.0/0.2
    M-ours-dscore-C-V4b  n=2560 BLER@1/@2/@8/@16 = 0.029 0.008 0.002 0.002 [0.001,0.005]  BER@16=8.65e-04  NMSE med@1/@16=0.0107/0.0033 ok=0.0033  resc/lost(2->16)=14/0  tauL@1=0.239  fail% stuck/cyc2/other=0.1/0.0/0.1
    M-ours-bstar-scalar  n=2560 BLER@1/@2/@8/@16 = 0.054 0.023 0.011 0.009 [0.006,0.014]  BER@16=3.29e-03  NMSE med@1/@16=0.0235/0.0074 ok=0.0074  resc/lost(2->16)=34/0  tauL@1=0.246  fail% stuck/cyc2/other=0.5/0.1/0.4
    R5-genie             n=2560 BLER@1/@2/@8/@16 = 0.022 0.004 0.001 0.001 [0.000,0.003]  BER@16=2.79e-04  NMSE med@1/@16=nan/nan ok=nan  resc/lost(2->16)=7/0  tauL@1=0.189  fail% stuck/cyc2/other=0.0/0.0/0.0
   SNR +12 dB
    R0-pilot             n=2560 BLER@1/@2/@8/@16 = 0.047 0.026 0.015 0.012 [0.009,0.017]  BER@16=4.60e-03  NMSE med@1/@16=0.0153/0.0153 ok=0.0153  resc/lost(2->16)=36/0  tauL@1=0.147  fail% stuck/cyc2/other=0.1/0.3/0.8
    R1-turbo             n=2560 BLER@1/@2/@8/@16 = 0.047 0.028 0.018 0.017 [0.013,0.023]  BER@16=6.72e-03  NMSE med@1/@16=0.0153/0.0045 ok=0.0045  resc/lost(2->16)=28/0  tauL@1=0.147  fail% stuck/cyc2/other=1.1/0.0/0.6
    R2-ours-G            n=2560 BLER@1/@2/@8/@16 = 0.047 0.026 0.014 0.011 [0.008,0.016]  BER@16=5.04e-03  NMSE med@1/@16=0.0153/0.0045 ok=0.0045  resc/lost(2->16)=37/0  tauL@1=0.147  fail% stuck/cyc2/other=0.2/0.2/0.7
    R3-bigamp            n=2560 BLER@1/@2/@8/@16 = 0.099 0.067 0.058 0.057 [0.049,0.067]  BER@16=2.54e-02  NMSE med@1/@16=0.0099/0.0057 ok=0.0056  resc/lost(2->16)=27/3  tauL@1=0.083  fail% stuck/cyc2/other=0.1/0.8/4.9
    R4-llr               n=2560 BLER@1/@2/@8/@16 = 0.078 0.048 0.196 0.196 [0.182,0.212]  BER@16=1.74e-01  NMSE med@1/@16=0.0046/0.0049 ok=0.0045  resc/lost(2->16)=19/400  tauL@1=0.094  fail% stuck/cyc2/other=0.1/18.7/0.9
    R4-scvamp            n=2560 BLER@1/@2/@8/@16 = 0.078 0.056 0.048 0.048 [0.040,0.057]  BER@16=1.72e-02  NMSE med@1/@16=0.0046/0.0046 ok=0.0045  resc/lost(2->16)=22/0  tauL@1=0.094  fail% stuck/cyc2/other=3.6/0.7/0.4
    M-ours-gmm32         n=2560 BLER@1/@2/@8/@16 = 0.040 0.021 0.011 0.010 [0.007,0.014]  BER@16=3.14e-03  NMSE med@1/@16=0.0133/0.0041 ok=0.0041  resc/lost(2->16)=28/0  tauL@1=0.160  fail% stuck/cyc2/other=0.1/0.2/0.6
    M-ours-bstar         n=2560 BLER@1/@2/@8/@16 = 0.036 0.015 0.007 0.007 [0.004,0.011]  BER@16=2.06e-03  NMSE med@1/@16=0.0125/0.0039 ok=0.0039  resc/lost(2->16)=21/0  tauL@1=0.184  fail% stuck/cyc2/other=0.2/0.1/0.4
    M-ours-dscore-C-V0   n=2560 BLER@1/@2/@8/@16 = 0.807 0.682 0.699 0.666 [0.647,0.684]  BER@16=2.94e-01  NMSE med@1/@16=6.2244/0.4855 ok=0.2135  resc/lost(2->16)=395/352  tauL@1=0.005  fail% stuck/cyc2/other=0.6/6.7/59.3
    M-ours-dscore-C-V1   n=2560 BLER@1/@2/@8/@16 = 0.018 0.007 0.004 0.003 [0.002,0.006]  BER@16=1.10e-03  NMSE med@1/@16=0.0059/0.0018 ok=0.0018  resc/lost(2->16)=11/0  tauL@1=0.167  fail% stuck/cyc2/other=0.1/0.0/0.2
    M-ours-dscore-C-V4   n=2560 BLER@1/@2/@8/@16 = 0.019 0.008 0.004 0.004 [0.002,0.007]  BER@16=1.03e-03  NMSE med@1/@16=0.0056/0.0017 ok=0.0017  resc/lost(2->16)=10/0  tauL@1=0.158  fail% stuck/cyc2/other=0.2/0.1/0.2
    M-ours-dscore-C-V4b  n=2560 BLER@1/@2/@8/@16 = 0.019 0.008 0.004 0.004 [0.002,0.008]  BER@16=1.18e-03  NMSE med@1/@16=0.0056/0.0018 ok=0.0018  resc/lost(2->16)=10/0  tauL@1=0.158  fail% stuck/cyc2/other=0.2/0.0/0.2
    M-ours-bstar-scalar  n=2560 BLER@1/@2/@8/@16 = 0.036 0.017 0.008 0.007 [0.005,0.012]  BER@16=2.61e-03  NMSE med@1/@16=0.0124/0.0039 ok=0.0038  resc/lost(2->16)=24/0  tauL@1=0.170  fail% stuck/cyc2/other=0.3/0.1/0.4
    R5-genie             n=2560 BLER@1/@2/@8/@16 = 0.015 0.004 0.001 0.001 [0.000,0.003]  BER@16=1.67e-04  NMSE med@1/@16=nan/nan ok=nan  resc/lost(2->16)=8/0  tauL@1=0.123  fail% stuck/cyc2/other=0.1/0.0/0.0
   SNR +15 dB
    R0-pilot             n=2560 BLER@1/@2/@8/@16 = 0.036 0.012 0.007 0.005 [0.003,0.009]  BER@16=2.23e-03  NMSE med@1/@16=0.0078/0.0078 ok=0.0078  resc/lost(2->16)=16/0  tauL@1=0.105  fail% stuck/cyc2/other=0.0/0.0/0.5
    R1-turbo             n=2560 BLER@1/@2/@8/@16 = 0.036 0.013 0.009 0.008 [0.005,0.013]  BER@16=3.31e-03  NMSE med@1/@16=0.0078/0.0023 ok=0.0023  resc/lost(2->16)=12/0  tauL@1=0.105  fail% stuck/cyc2/other=0.4/0.1/0.3
    R2-ours-G            n=2560 BLER@1/@2/@8/@16 = 0.036 0.011 0.007 0.006 [0.004,0.010]  BER@16=2.60e-03  NMSE med@1/@16=0.0078/0.0023 ok=0.0023  resc/lost(2->16)=12/0  tauL@1=0.105  fail% stuck/cyc2/other=0.0/0.2/0.4
    R3-bigamp            n=2560 BLER@1/@2/@8/@16 = 0.105 0.075 0.058 0.055 [0.047,0.065]  BER@16=2.48e-02  NMSE med@1/@16=0.0048/0.0026 ok=0.0026  resc/lost(2->16)=50/1  tauL@1=0.071  fail% stuck/cyc2/other=0.2/0.9/4.5
    R4-llr               n=2560 BLER@1/@2/@8/@16 = 0.067 0.036 0.170 0.170 [0.155,0.185]  BER@16=1.51e-01  NMSE med@1/@16=0.0023/0.0024 ok=0.0023  resc/lost(2->16)=11/353  tauL@1=0.065  fail% stuck/cyc2/other=0.2/16.0/0.8
    R4-scvamp            n=2560 BLER@1/@2/@8/@16 = 0.067 0.044 0.037 0.037 [0.030,0.045]  BER@16=1.22e-02  NMSE med@1/@16=0.0023/0.0023 ok=0.0023  resc/lost(2->16)=18/0  tauL@1=0.065  fail% stuck/cyc2/other=3.1/0.4/0.2
    M-ours-gmm32         n=2560 BLER@1/@2/@8/@16 = 0.033 0.012 0.005 0.005 [0.003,0.008]  BER@16=1.90e-03  NMSE med@1/@16=0.0069/0.0021 ok=0.0021  resc/lost(2->16)=19/0  tauL@1=0.109  fail% stuck/cyc2/other=0.1/0.1/0.2
    M-ours-bstar         n=2560 BLER@1/@2/@8/@16 = 0.029 0.010 0.005 0.004 [0.002,0.007]  BER@16=1.57e-03  NMSE med@1/@16=0.0065/0.0020 ok=0.0020  resc/lost(2->16)=16/0  tauL@1=0.123  fail% stuck/cyc2/other=0.1/0.0/0.3
    M-ours-dscore-C-V0   n=2560 BLER@1/@2/@8/@16 = 0.725 0.545 0.408 0.362 [0.344,0.381]  BER@16=1.53e-01  NMSE med@1/@16=3.5978/0.0921 ok=0.0014  resc/lost(2->16)=672/205  tauL@1=0.003  fail% stuck/cyc2/other=1.1/4.2/30.9
    M-ours-dscore-C-V1   n=2560 BLER@1/@2/@8/@16 = 0.015 0.003 0.002 0.002 [0.001,0.004]  BER@16=6.42e-04  NMSE med@1/@16=0.0031/0.0010 ok=0.0010  resc/lost(2->16)=4/0  tauL@1=0.110  fail% stuck/cyc2/other=0.0/0.0/0.1
    M-ours-dscore-C-V4   n=2560 BLER@1/@2/@8/@16 = 0.015 0.003 0.002 0.002 [0.001,0.005]  BER@16=6.79e-04  NMSE med@1/@16=0.0030/0.0009 ok=0.0009  resc/lost(2->16)=3/0  tauL@1=0.103  fail% stuck/cyc2/other=0.1/0.0/0.1
    M-ours-dscore-C-V4b  n=2560 BLER@1/@2/@8/@16 = 0.015 0.004 0.002 0.002 [0.001,0.005]  BER@16=7.16e-04  NMSE med@1/@16=0.0030/0.0010 ok=0.0010  resc/lost(2->16)=4/0  tauL@1=0.103  fail% stuck/cyc2/other=0.1/0.0/0.1
    M-ours-bstar-scalar  n=2560 BLER@1/@2/@8/@16 = 0.030 0.011 0.005 0.005 [0.003,0.008]  BER@16=1.89e-03  NMSE med@1/@16=0.0064/0.0020 ok=0.0020  resc/lost(2->16)=15/0  tauL@1=0.114  fail% stuck/cyc2/other=0.1/0.2/0.2
    R5-genie             n=2560 BLER@1/@2/@8/@16 = 0.009 0.002 0.001 0.001 [0.000,0.003]  BER@16=3.91e-04  NMSE med@1/@16=nan/nan ok=nan  resc/lost(2->16)=4/0  tauL@1=0.075  fail% stuck/cyc2/other=0.0/0.0/0.0

  SNR@BLER 0.1 (log-linear interpolation; '<=x' already below at the lowest grid point, '>x' never reached)
  and the SNR@0.1 gain over R2-ours-G with a 90% PAIRED bootstrap CI (same resampled trials for both arms).
  SIGN CONVENTION (spelled out the same way as table B, so it cannot be read inverted): the number is
  SNR@0.1(this arm) MINUS SNR@0.1(R2-ours-G).  + dB = this arm needs MORE SNR than R2-ours-G to reach
  BLER 0.1;  - dB = it needs LESS.
    arm                  SNR@0.1   SNR@0.1 gap (this arm minus R2-ours-G)
    R0-pilot (@1)           6.05   +5.98 dB  [90% paired bootstrap +5.45, +6.59; censored replicates 0%]
    pilot_C (@16)           0.71   +0.64 dB  [90% paired bootstrap +0.44, +0.84; censored replicates 0%]
    R1-turbo                2.34   +2.27 dB  [90% paired bootstrap +1.94, +2.65; censored replicates 0%]
    R2-ours-G               0.07   -- (reference)
    R3-bigamp               2.31   +2.24 dB  [90% paired bootstrap +1.90, +2.62; censored replicates 0%]
    R4-llr                 >  15   >= +14.93 dB (R4-llr never reaches 0.1 on the grid)
    R4-scvamp               5.71   +5.64 dB  [90% paired bootstrap +5.04, +6.36; censored replicates 0%]
    M-ours-gmm32           -0.39   -0.46 dB  [90% paired bootstrap -0.65, -0.26; censored replicates 0%]
    M-ours-bstar           -0.92   -0.99 dB  [90% paired bootstrap -1.18, -0.80; censored replicates 0%]
    M-ours-dscore-C-V0     >  15   >= +14.93 dB (M-ours-dscore-C-V0 never reaches 0.1 on the grid)
    M-ours-dscore-C-V1     -2.25   -2.32 dB  [90% paired bootstrap -2.58, -2.07; censored replicates 0%]
    M-ours-dscore-C-V4     -2.06   -2.13 dB  [90% paired bootstrap -2.39, -1.88; censored replicates 0%]
    M-ours-dscore-C-V4b    -1.99   -2.06 dB  [90% paired bootstrap -2.31, -1.81; censored replicates 0%]
    M-ours-bstar-scalar    -0.64   -0.71 dB  [90% paired bootstrap -0.90, -0.50; censored replicates 0%]
    R5-genie              <=  -3   n/a (<=  -3 vs 0.07) — extend the SNR grid

  failure classes at @16, as a fraction of ALL blocks (exp_0921 operational definition; diverged = the arm's own flag, raised = the arm threw on that block (runner.py '<arm>|failed'); diverged AND raised blocks are KEPT in every mean above, a raised block counting as a block error):
    arm  [stuck/cyc2/other/diverged/raised]              -3 dB                           +0 dB                           +3 dB                           +6 dB                           +9 dB                           +12 dB                          +15 dB             
    R0-pilot (@1)                                         n/a                             n/a                             n/a                             n/a                             n/a                             n/a                             n/a                 (1-pass arm: no trajectory to classify)
    pilot_C (@16)                            0.307/0.016/0.155/n/a  /0.000   0.030/0.007/0.095/n/a  /0.000   0.008/0.006/0.027/n/a  /0.000   0.005/0.005/0.016/n/a  /0.000   0.002/0.005/0.006/n/a  /0.000   0.001/0.003/0.008/n/a  /0.000   0.000/0.000/0.005/n/a  /0.000  
    R1-turbo                                 0.527/0.000/0.016/n/a  /0.000   0.190/0.000/0.022/n/a  /0.000   0.065/0.000/0.016/n/a  /0.000   0.025/0.000/0.014/n/a  /0.000   0.018/0.001/0.006/n/a  /0.000   0.011/0.000/0.006/n/a  /0.000   0.004/0.001/0.003/n/a  /0.000  
    R2-ours-G                                0.086/0.060/0.181/n/a  /0.000   0.020/0.021/0.062/n/a  /0.000   0.009/0.005/0.023/n/a  /0.000   0.004/0.004/0.014/n/a  /0.000   0.001/0.004/0.006/n/a  /0.000   0.002/0.002/0.007/n/a  /0.000   0.000/0.002/0.004/n/a  /0.000  
    R3-bigamp                                0.419/0.034/0.091/0.000/0.000   0.097/0.015/0.098/0.000/0.000   0.023/0.006/0.051/0.000/0.000   0.005/0.005/0.043/0.000/0.000   0.004/0.004/0.044/0.000/0.000   0.001/0.008/0.049/0.000/0.000   0.002/0.009/0.045/0.000/0.000  
    R4-llr                                   0.416/0.435/0.020/0.000/0.000   0.117/0.679/0.040/0.000/0.000   0.020/0.546/0.030/0.000/0.000   0.002/0.371/0.027/0.000/0.000   0.001/0.259/0.016/0.000/0.000   0.001/0.187/0.009/0.000/0.000   0.002/0.160/0.008/0.000/0.000  
    R4-scvamp                                0.587/0.004/0.019/0.000/0.000   0.287/0.010/0.011/0.000/0.000   0.125/0.010/0.015/0.000/0.000   0.073/0.013/0.011/0.000/0.000   0.052/0.013/0.005/0.000/0.000   0.036/0.007/0.004/0.000/0.000   0.031/0.004/0.002/0.000/0.000  
    M-ours-gmm32                             0.070/0.037/0.161/n/a  /0.000   0.021/0.011/0.055/n/a  /0.000   0.005/0.005/0.017/n/a  /0.000   0.004/0.003/0.010/n/a  /0.000   0.001/0.000/0.008/n/a  /0.000   0.001/0.002/0.006/n/a  /0.000   0.001/0.001/0.002/n/a  /0.000  
    M-ours-bstar                             0.078/0.035/0.135/n/a  /0.000   0.017/0.009/0.040/n/a  /0.000   0.006/0.002/0.013/n/a  /0.000   0.004/0.001/0.009/n/a  /0.000   0.001/0.001/0.004/n/a  /0.000   0.002/0.001/0.004/n/a  /0.000   0.001/0.000/0.003/n/a  /0.000  
    M-ours-dscore-C-V0                       0.013/0.049/0.679/n/a  /0.000   0.004/0.073/0.751/n/a  /0.000   0.003/0.070/0.863/n/a  /0.000   0.004/0.080/0.810/n/a  /0.000   0.006/0.080/0.721/n/a  /0.000   0.006/0.067/0.593/n/a  /0.000   0.011/0.042/0.309/n/a  /0.000  
    M-ours-dscore-C-V1                       0.043/0.015/0.087/n/a  /0.000   0.007/0.005/0.021/n/a  /0.000   0.003/0.001/0.005/n/a  /0.000   0.003/0.000/0.004/n/a  /0.000   0.000/0.001/0.002/n/a  /0.000   0.001/0.000/0.002/n/a  /0.000   0.000/0.000/0.001/n/a  /0.000  
    M-ours-dscore-C-V4                       0.065/0.010/0.079/n/a  /0.000   0.020/0.004/0.015/n/a  /0.000   0.005/0.000/0.004/n/a  /0.000   0.005/0.000/0.002/n/a  /0.000   0.001/0.000/0.002/n/a  /0.000   0.002/0.001/0.002/n/a  /0.000   0.001/0.000/0.001/n/a  /0.000  
    M-ours-dscore-C-V4b                      0.057/0.012/0.087/n/a  /0.000   0.019/0.004/0.019/n/a  /0.000   0.006/0.001/0.004/n/a  /0.000   0.004/0.000/0.002/n/a  /0.000   0.001/0.000/0.001/n/a  /0.000   0.002/0.000/0.002/n/a  /0.000   0.001/0.000/0.001/n/a  /0.000  
    M-ours-bstar-scalar                      0.106/0.019/0.134/n/a  /0.000   0.028/0.005/0.045/n/a  /0.000   0.009/0.003/0.014/n/a  /0.000   0.007/0.002/0.006/n/a  /0.000   0.005/0.001/0.004/n/a  /0.000   0.003/0.001/0.004/n/a  /0.000   0.001/0.002/0.002/n/a  /0.000  
    R5-genie                                 0.014/0.002/0.018/n/a  /0.000   0.004/0.001/0.006/n/a  /0.000   0.002/0.000/0.003/n/a  /0.000   0.001/0.000/0.002/n/a  /0.000   0.000/0.000/0.000/n/a  /0.000   0.001/0.000/0.000/n/a  /0.000   0.000/0.000/0.000/n/a  /0.000  

  clip firing rates, mean over trials x iterations (tauL = variance-floor clip of the detector site, alphaD = alpha^D clip to [eps, 1-eps]):
    arm                             -3 dB             +0 dB             +3 dB             +6 dB             +9 dB            +12 dB            +15 dB
    R0-pilot              0.0000/0.1333     0.0003/0.7532     0.0019/0.9172     0.0018/0.9549     0.0008/0.9756     0.0008/0.9824     0.0004/0.9885  
    R1-turbo              0.0000/0.5846     0.0005/0.8389     0.0016/0.9332     0.0017/0.9618     0.0008/0.9790     0.0004/0.9845     0.0002/0.9902  
    R2-ours-G             0.0000/0.5045     0.0005/0.8146     0.0024/0.9248     0.0013/0.9580     0.0008/0.9771     0.0009/0.9825     0.0003/0.9893  
    R3-bigamp             0.0000/0.0000     0.0000/0.0000     0.0000/0.0000     0.0000/0.0000     0.0000/0.0000     0.0000/0.0000     0.0000/0.0000  
    R4-llr                0.3030/0.0000     0.5032/0.0000     0.6326/0.0000     0.6876/0.0000     0.7206/0.0000     0.7397/0.0000     0.7457/0.0000  
    R4-scvamp             0.2342/0.5177     0.3024/0.7223     0.3482/0.8563     0.3658/0.9171     0.3771/0.9493     0.3784/0.9637     0.3773/0.9724  
    M-ours-gmm32          0.0000/0.5639     0.0006/0.8333     0.0011/0.9308     0.0008/0.9626     0.0010/0.9777     0.0004/0.9848     0.0002/0.9903  
    M-ours-bstar          0.0000/0.5812     0.0004/0.8432     0.0005/0.9353     0.0004/0.9647     0.0003/0.9801     0.0003/0.9863     0.0002/0.9903  
    M-ours-dscore-C-V0    0.1076/0.4281     0.1028/0.4206     0.0985/0.4216     0.0692/0.4811     0.0472/0.5957     0.0307/0.7343     0.0143/0.8563  
    M-ours-dscore-C-V1    0.0000/0.7068     0.0001/0.8900     0.0004/0.9564     0.0001/0.9759     0.0001/0.9862     0.0001/0.9906     0.0000/0.9936  
    M-ours-dscore-C-V4    0.0000/0.7166     0.0002/0.8937     0.0002/0.9585     0.0001/0.9768     0.0001/0.9873     0.0001/0.9909     0.0000/0.9937  
    M-ours-dscore-C-V4b   0.0000/0.7089     0.0001/0.8894     0.0000/0.9585     0.0001/0.9769     0.0000/0.9872     0.0000/0.9908     0.0000/0.9937  
    M-ours-bstar-scalar   0.0000/0.5936     0.0002/0.8449     0.0010/0.9353     0.0004/0.9654     0.0004/0.9799     0.0003/0.9870     0.0002/0.9902  
    R5-genie              0.0000/0.8718     0.0000/0.9481     0.0000/0.9771     0.0000/0.9832     0.0000/0.9908     0.0000/0.9931     0.0000/0.9945  

  NMSE_H@16 median, WITH and WITHOUT the failed blocks (08_SPEC §5: both versions, never only one):
    arm                                   -3 dB                   +0 dB                   +3 dB                   +6 dB                   +9 dB                  +12 dB                  +15 dB     [all blocks / success-only]
    R0-pilot                3.187e-01/3.025e-01     1.925e-01/1.908e-01     1.090e-01/1.088e-01     5.835e-02/5.835e-02     3.002e-02/3.002e-02     1.529e-02/1.529e-02     7.783e-03/7.784e-03
    R1-turbo                2.006e-01/1.176e-01     7.143e-02/6.568e-02     3.549e-02/3.449e-02     1.805e-02/1.789e-02     9.010e-03/8.933e-03     4.506e-03/4.479e-03     2.273e-03/2.265e-03
    R2-ours-G               1.368e-01/1.188e-01     6.812e-02/6.575e-02     3.494e-02/3.455e-02     1.797e-02/1.786e-02     8.953e-03/8.929e-03     4.501e-03/4.481e-03     2.268e-03/2.264e-03
    R3-bigamp               3.576e-01/2.954e-01     1.655e-01/1.570e-01     7.403e-02/7.253e-02     3.130e-02/3.087e-02     1.292e-02/1.273e-02     5.669e-03/5.562e-03     2.619e-03/2.572e-03
    R4-llr                  3.724e-01/1.197e-01     1.415e+00/6.505e-02     1.182e+00/3.486e-02     2.233e-02/1.790e-02     1.007e-02/8.947e-03     4.851e-03/4.501e-03     2.423e-03/2.273e-03
    R4-scvamp               2.345e-01/1.177e-01     7.513e-02/6.563e-02     3.649e-02/3.457e-02     1.850e-02/1.789e-02     9.153e-03/8.946e-03     4.554e-03/4.490e-03     2.295e-03/2.264e-03
    M-ours-gmm32            1.093e-01/9.762e-02     5.647e-02/5.459e-02     2.941e-02/2.911e-02     1.545e-02/1.534e-02     7.825e-03/7.811e-03     4.075e-03/4.062e-03     2.083e-03/2.079e-03
    M-ours-bstar            9.934e-02/8.848e-02     5.062e-02/4.934e-02     2.712e-02/2.692e-02     1.454e-02/1.444e-02     7.489e-03/7.462e-03     3.947e-03/3.927e-03     2.017e-03/2.013e-03
    M-ours-dscore-C-V0      2.332e-01/6.860e-02     4.707e-01/6.097e-02     1.290e+00/2.697e-01     1.538e+00/2.926e-01     8.110e-01/2.592e-01     4.855e-01/2.135e-01     9.208e-02/1.425e-03
    M-ours-dscore-C-V1      5.401e-02/4.949e-02     2.542e-02/2.482e-02     1.275e-02/1.266e-02     6.553e-03/6.530e-03     3.399e-03/3.387e-03     1.822e-03/1.820e-03     9.877e-04/9.856e-04
    M-ours-dscore-C-V4      5.258e-02/4.758e-02     2.408e-02/2.333e-02     1.191e-02/1.181e-02     6.232e-03/6.191e-03     3.226e-03/3.220e-03     1.734e-03/1.731e-03     9.479e-04/9.473e-04
    M-ours-dscore-C-V4b     5.656e-02/5.092e-02     2.541e-02/2.458e-02     1.253e-02/1.241e-02     6.477e-03/6.463e-03     3.334e-03/3.327e-03     1.811e-03/1.808e-03     9.796e-04/9.785e-04
    M-ours-bstar-scalar     9.987e-02/8.833e-02     5.086e-02/4.923e-02     2.710e-02/2.686e-02     1.436e-02/1.427e-02     7.426e-03/7.404e-03     3.855e-03/3.847e-03     1.976e-03/1.973e-03
    R5-genie                            nan/nan                 nan/nan                 nan/nan                 nan/nan                 nan/nan                 nan/nan                 nan/nan

  fit / training cost (GMM EM wall-clock, seconds; 01_RULES §5 -- not hidden, 'n/a' where there is no fit):
    R0-pilot                  n/a s
    R1-turbo                  n/a s
    R2-ours-G                 n/a s
    R3-bigamp                 n/a s
    R4-llr                    n/a s
    R4-scvamp                 n/a s
    M-ours-gmm32           6584.7 s
    M-ours-bstar         268913.7 s
    M-ours-dscore-C-V0     3982.2 s
    M-ours-dscore-C-V1     3982.2 s
    M-ours-dscore-C-V4     3982.2 s
    M-ours-dscore-C-V4b       n/a s
    M-ours-bstar-scalar  268913.7 s
    R5-genie                  n/a s

============================== TABLE B -- paired comparisons (08_SPEC §2) ==============================
Only the pairs listed in 08_SPEC §2 are computed; all-pairs is not done (multiple-comparison problem).
Sign test is paired per block (same channel/noise realisation, 06_SPEC §2). 'a:b' = only-first-fails : only-second-fails.
POWER GUARD (R6/R7, pre-registered): >= 3 decision points AND >= 6 discordant pairs at >= 2 of them,
otherwise UNDECIDED is printed and no significance call is made.
The decision SNRs of a pair are anchored on its BASELINE member (exp_0925's pre-registered rule; never on one
of our arms, which would let our own arm choose where it is evaluated). The anchor arm is printed on every row.

--- cell C2  prior S2  testbed D2   SNR grid ['-3', '+0', '+3', '+6', '+9', '+12', '+15']
  R1-turbo -> R2-ours-G        [decision-point anchor arm: R1-turbo]
    decision SNRs ['+0', '+3', '+6'] (anchor R1-turbo: |log10(BLER@16 of R1-turbo / 0.1)| smallest, BLER in [0.005, 0.9])
    sign test @16: +0 dB 283:2 p=1.3e-81  +3 dB 109:0 p=3.1e-33  +6 dB 45:1 p=1.3e-12   pooled 437:3 p=1e-125
    power guard: 3 decision points, 3 with >= 6 discordant pairs -> POWERED
    two-sided sign test at p < .05: second arm fewer failures at 3/3 points, first arm fewer failures at 0/3 points -> significant
    SNR@0.1 gap (R1-turbo minus R2-ours-G): +2.27 dB  [90% paired bootstrap +1.94, +2.65; censored replicates 0%]
  R2-ours-G -> M-ours-gmm32        [decision-point anchor arm: R2-ours-G]
    decision SNRs ['-3', '+0', '+3'] (anchor R2-ours-G: |log10(BLER@16 of R2-ours-G / 0.1)| smallest, BLER in [0.005, 0.9])
    sign test @16: -3 dB 224:70 p=6e-20  +0 dB 84:43 p=0.00035  +3 dB 48:19 p=0.00052   pooled 356:132 p=8.4e-25
    power guard: 3 decision points, 3 with >= 6 discordant pairs -> POWERED
    two-sided sign test at p < .05: second arm fewer failures at 3/3 points, first arm fewer failures at 0/3 points -> significant
    SNR@0.1 gap (R2-ours-G minus M-ours-gmm32): +0.46 dB  [90% paired bootstrap +0.26, +0.65; censored replicates 0%]
  R2-ours-G -> M-ours-bstar        [decision-point anchor arm: R2-ours-G]
    decision SNRs ['-3', '+0', '+3'] (anchor R2-ours-G: |log10(BLER@16 of R2-ours-G / 0.1)| smallest, BLER in [0.005, 0.9])
    sign test @16: -3 dB 270:68 p=1.3e-29  +0 dB 115:24 p=1.9e-15  +3 dB 55:10 p=1.2e-08   pooled 440:102 p=5.4e-51
    power guard: 3 decision points, 3 with >= 6 discordant pairs -> POWERED
    two-sided sign test at p < .05: second arm fewer failures at 3/3 points, first arm fewer failures at 0/3 points -> significant
    SNR@0.1 gap (R2-ours-G minus M-ours-bstar): +0.99 dB  [90% paired bootstrap +0.80, +1.18; censored replicates 0%]
  R2-ours-G -> R4-scvamp        [decision-point anchor arm: R2-ours-G]
    decision SNRs ['-3', '+0', '+3'] (anchor R2-ours-G: |log10(BLER@16 of R2-ours-G / 0.1)| smallest, BLER in [0.005, 0.9])
    sign test @16: -3 dB 6:730 p=1.2e-207  +0 dB 4:530 p=1.2e-151  +3 dB 2:288 p=4.2e-83   pooled 12:1548 p=0
    power guard: 3 decision points, 3 with >= 6 discordant pairs -> POWERED
    two-sided sign test at p < .05: second arm fewer failures at 0/3 points, first arm fewer failures at 3/3 points -> significant
    SNR@0.1 gap (R2-ours-G minus R4-scvamp): -5.64 dB  [90% paired bootstrap -6.36, -5.04; censored replicates 0%]
  R4-llr -> R4-scvamp        [decision-point anchor arm: R4-llr]
    decision SNRs ['+9', '+12', '+15'] (anchor R4-llr: |log10(BLER@16 of R4-llr / 0.1)| smallest, BLER in [0.005, 0.9])
    sign test @16: +9 dB 566:40 p=5.3e-120  +12 dB 407:26 p=3.9e-89  +15 dB 357:18 p=6.1e-83   pooled 1330:84 p=5e-289
    power guard: 3 decision points, 3 with >= 6 discordant pairs -> POWERED
    two-sided sign test at p < .05: second arm fewer failures at 3/3 points, first arm fewer failures at 0/3 points -> significant
    SNR@0.1 gap (R4-llr minus R4-scvamp): >= +9.29 dB (R4-llr never reaches 0.1 on the grid)
  R2-ours-G -> R3-bigamp        [decision-point anchor arm: R2-ours-G]
    decision SNRs ['-3', '+0', '+3'] (anchor R2-ours-G: |log10(BLER@16 of R2-ours-G / 0.1)| smallest, BLER in [0.005, 0.9])
    sign test @16: -3 dB 58:612 p=1.2e-117  +0 dB 33:310 p=1.4e-57  +3 dB 28:135 p=5.2e-18   pooled 119:1057 p=1.9e-188
    power guard: 3 decision points, 3 with >= 6 discordant pairs -> POWERED
    two-sided sign test at p < .05: second arm fewer failures at 0/3 points, first arm fewer failures at 3/3 points -> significant
    SNR@0.1 gap (R2-ours-G minus R3-bigamp): -2.24 dB  [90% paired bootstrap -2.62, -1.90; censored replicates 0%]
  M-ours-gmm32 -> R5-genie        [decision-point anchor arm: R5-genie]
    decision SNRs ['-3', '+0'] (anchor R5-genie: |log10(BLER@16 of R5-genie / 0.1)| smallest, BLER in [0.005, 0.9])
    sign test @16: -3 dB 605:9 p=9.6e-166  +0 dB 197:2 p=5e-56   pooled 802:11 p=8.9e-221
    power guard: 2 decision points (needs 3), discordant-pair counts [614, 199] (needs >= 6 at >= 2) -> UNDECIDED
    UNDECIDED -- no significance call is made (08_SPEC §2). Raise n or extend the SNR grid.
    SNR@0.1 gap (M-ours-gmm32 minus R5-genie): >= +2.61 dB (R5-genie is already below 0.1 at the lowest grid SNR)
  M-ours-bstar -> R5-genie        [decision-point anchor arm: R5-genie]
    decision SNRs ['-3', '+0'] (anchor R5-genie: |log10(BLER@16 of R5-genie / 0.1)| smallest, BLER in [0.005, 0.9])
    sign test @16: -3 dB 556:8 p=8.1e-153  +0 dB 147:2 p=3.1e-41   pooled 703:10 p=4.1e-193
    power guard: 2 decision points (needs 3), discordant-pair counts [564, 149] (needs >= 6 at >= 2) -> UNDECIDED
    UNDECIDED -- no significance call is made (08_SPEC §2). Raise n or extend the SNR grid.
    SNR@0.1 gap (M-ours-bstar minus R5-genie): >= +2.08 dB (R5-genie is already below 0.1 at the lowest grid SNR)
  R2-ours-G -> M-ours-dscore-C-V0        [decision-point anchor arm: R2-ours-G]
    decision SNRs ['-3', '+0', '+3'] (anchor R2-ours-G: |log10(BLER@16 of R2-ours-G / 0.1)| smallest, BLER in [0.005, 0.9])
    sign test @16: -3 dB 95:1155 p=4.5e-232  +0 dB 5:1863 p=0  +3 dB 2:2300 p=0   pooled 102:5318 p=0
    power guard: 3 decision points, 3 with >= 6 discordant pairs -> POWERED
    two-sided sign test at p < .05: second arm fewer failures at 0/3 points, first arm fewer failures at 3/3 points -> significant
    SNR@0.1 gap (R2-ours-G minus M-ours-dscore-C-V0): n/a (0.07 vs >  15) — extend the SNR grid
  R2-ours-G -> M-ours-dscore-C-V1        [decision-point anchor arm: R2-ours-G]
    decision SNRs ['-3', '+0', '+3'] (anchor R2-ours-G: |log10(BLER@16 of R2-ours-G / 0.1)| smallest, BLER in [0.005, 0.9])
    sign test @16: -3 dB 510:43 p=2e-102  +0 dB 188:11 p=9.7e-43  +3 dB 82:8 p=1.4e-16   pooled 780:62 p=5.5e-159
    power guard: 3 decision points, 3 with >= 6 discordant pairs -> POWERED
    two-sided sign test at p < .05: second arm fewer failures at 3/3 points, first arm fewer failures at 0/3 points -> significant
    SNR@0.1 gap (R2-ours-G minus M-ours-dscore-C-V1): +2.32 dB  [90% paired bootstrap +2.07, +2.58; censored replicates 0%]
  R2-ours-G -> M-ours-dscore-C-V4        [decision-point anchor arm: R2-ours-G]
    decision SNRs ['-3', '+0', '+3'] (anchor R2-ours-G: |log10(BLER@16 of R2-ours-G / 0.1)| smallest, BLER in [0.005, 0.9])
    sign test @16: -3 dB 500:58 p=9.6e-89  +0 dB 190:27 p=2.3e-31  +3 dB 81:7 p=4.5e-17   pooled 771:92 p=2.5e-134
    power guard: 3 decision points, 3 with >= 6 discordant pairs -> POWERED
    two-sided sign test at p < .05: second arm fewer failures at 3/3 points, first arm fewer failures at 0/3 points -> significant
    SNR@0.1 gap (R2-ours-G minus M-ours-dscore-C-V4): +2.13 dB  [90% paired bootstrap +1.88, +2.39; censored replicates 0%]
  R2-ours-G -> M-ours-dscore-C-V4b        [decision-point anchor arm: R2-ours-G]
    decision SNRs ['-3', '+0', '+3'] (anchor R2-ours-G: |log10(BLER@16 of R2-ours-G / 0.1)| smallest, BLER in [0.005, 0.9])
    sign test @16: -3 dB 492:54 p=1.8e-89  +0 dB 176:21 p=1.1e-31  +3 dB 79:9 p=4.2e-15   pooled 747:84 p=1.1e-133
    power guard: 3 decision points, 3 with >= 6 discordant pairs -> POWERED
    two-sided sign test at p < .05: second arm fewer failures at 3/3 points, first arm fewer failures at 0/3 points -> significant
    SNR@0.1 gap (R2-ours-G minus M-ours-dscore-C-V4b): +2.06 dB  [90% paired bootstrap +1.81, +2.31; censored replicates 0%]
  R2-ours-G -> M-ours-bstar-scalar        [decision-point anchor arm: R2-ours-G]
    decision SNRs ['-3', '+0', '+3'] (anchor R2-ours-G: |log10(BLER@16 of R2-ours-G / 0.1)| smallest, BLER in [0.005, 0.9])
    sign test @16: -3 dB 273:99 p=6.1e-20  +0 dB 107:43 p=1.8e-07  +3 dB 45:14 p=6.5e-05   pooled 425:156 p=9.2e-30
    power guard: 3 decision points, 3 with >= 6 discordant pairs -> POWERED
    two-sided sign test at p < .05: second arm fewer failures at 3/3 points, first arm fewer failures at 0/3 points -> significant
    SNR@0.1 gap (R2-ours-G minus M-ours-bstar-scalar): +0.71 dB  [90% paired bootstrap +0.50, +0.90; censored replicates 0%]
  M-ours-bstar -> M-ours-dscore-C-V0        [decision-point anchor arm: M-ours-bstar]
    decision SNRs ['-3', '+0', '+3'] (anchor M-ours-bstar: |log10(BLER@16 of M-ours-bstar / 0.1)| smallest, BLER in [0.005, 0.9])
    sign test @16: -3 dB 57:1319 p=7.7e-313  +0 dB 3:1952 p=0  +3 dB 0:2343 p=0   pooled 60:5614 p=0
    power guard: 3 decision points, 3 with >= 6 discordant pairs -> POWERED
    two-sided sign test at p < .05: second arm fewer failures at 0/3 points, first arm fewer failures at 3/3 points -> significant
    SNR@0.1 gap (M-ours-bstar minus M-ours-dscore-C-V0): n/a (-0.92 vs >  15) — extend the SNR grid
  M-ours-bstar -> M-ours-dscore-C-V1        [decision-point anchor arm: M-ours-bstar]
    decision SNRs ['-3', '+0', '+3'] (anchor M-ours-bstar: |log10(BLER@16 of M-ours-bstar / 0.1)| smallest, BLER in [0.005, 0.9])
    sign test @16: -3 dB 318:53 p=3.5e-47  +0 dB 104:18 p=6.8e-16  +3 dB 37:8 p=1.5e-05   pooled 459:79 p=3.9e-66
    power guard: 3 decision points, 3 with >= 6 discordant pairs -> POWERED
    two-sided sign test at p < .05: second arm fewer failures at 3/3 points, first arm fewer failures at 0/3 points -> significant
    SNR@0.1 gap (M-ours-bstar minus M-ours-dscore-C-V1): +1.33 dB  [90% paired bootstrap +1.14, +1.53; censored replicates 0%]
  M-ours-bstar -> M-ours-dscore-C-V4        [decision-point anchor arm: M-ours-bstar]
    decision SNRs ['-3', '+0', '+3'] (anchor M-ours-bstar: |log10(BLER@16 of M-ours-bstar / 0.1)| smallest, BLER in [0.005, 0.9])
    sign test @16: -3 dB 302:62 p=5.3e-39  +0 dB 101:29 p=1.6e-10  +3 dB 35:6 p=4.9e-06   pooled 438:97 p=9.9e-53
    power guard: 3 decision points, 3 with >= 6 discordant pairs -> POWERED
    two-sided sign test at p < .05: second arm fewer failures at 3/3 points, first arm fewer failures at 0/3 points -> significant
    SNR@0.1 gap (M-ours-bstar minus M-ours-dscore-C-V4): +1.14 dB  [90% paired bootstrap +0.95, +1.34; censored replicates 0%]
  M-ours-bstar -> M-ours-dscore-C-V4b        [decision-point anchor arm: M-ours-bstar]
    decision SNRs ['-3', '+0', '+3'] (anchor M-ours-bstar: |log10(BLER@16 of M-ours-bstar / 0.1)| smallest, BLER in [0.005, 0.9])
    sign test @16: -3 dB 300:64 p=1.2e-37  +0 dB 93:29 p=5.2e-09  +3 dB 36:11 p=0.00035   pooled 429:104 p=7.3e-48
    power guard: 3 decision points, 3 with >= 6 discordant pairs -> POWERED
    two-sided sign test at p < .05: second arm fewer failures at 3/3 points, first arm fewer failures at 0/3 points -> significant
    SNR@0.1 gap (M-ours-bstar minus M-ours-dscore-C-V4b): +1.07 dB  [90% paired bootstrap +0.88, +1.26; censored replicates 0%]
  M-ours-bstar -> M-ours-bstar-scalar        [decision-point anchor arm: M-ours-bstar]
    decision SNRs ['-3', '+0', '+3'] (anchor M-ours-bstar: |log10(BLER@16 of M-ours-bstar / 0.1)| smallest, BLER in [0.005, 0.9])
    sign test @16: -3 dB 67:95 p=0.034  +0 dB 26:53 p=0.0032  +3 dB 8:22 p=0.016   pooled 101:170 p=3.3e-05
    power guard: 3 decision points, 3 with >= 6 discordant pairs -> POWERED
    two-sided sign test at p < .05: second arm fewer failures at 0/3 points, first arm fewer failures at 3/3 points -> significant
    SNR@0.1 gap (M-ours-bstar minus M-ours-bstar-scalar): -0.28 dB  [90% paired bootstrap -0.45, -0.15; censored replicates 0%]
  M-ours-dscore-C-V0 -> R5-genie        [decision-point anchor arm: R5-genie]
    decision SNRs ['-3', '+0'] (anchor R5-genie: |log10(BLER@16 of R5-genie / 0.1)| smallest, BLER in [0.005, 0.9])
    sign test @16: -3 dB 1810:0 p=0  +0 dB 2095:1 p=0   pooled 3905:1 p=0
    power guard: 2 decision points (needs 3), discordant-pair counts [1810, 2096] (needs >= 6 at >= 2) -> UNDECIDED
    UNDECIDED -- no significance call is made (08_SPEC §2). Raise n or extend the SNR grid.
    SNR@0.1 gap (M-ours-dscore-C-V0 minus R5-genie): n/a (>  15 vs <=  -3) — extend the SNR grid
  M-ours-dscore-C-V1 -> R5-genie        [decision-point anchor arm: R5-genie]
    decision SNRs ['-3', '+0'] (anchor R5-genie: |log10(BLER@16 of R5-genie / 0.1)| smallest, BLER in [0.005, 0.9])
    sign test @16: -3 dB 296:13 p=5.8e-71  +0 dB 61:2 p=4.4e-16   pooled 357:15 p=4.5e-86
    power guard: 2 decision points (needs 3), discordant-pair counts [309, 63] (needs >= 6 at >= 2) -> UNDECIDED
    UNDECIDED -- no significance call is made (08_SPEC §2). Raise n or extend the SNR grid.
    SNR@0.1 gap (M-ours-dscore-C-V1 minus R5-genie): >= +0.75 dB (R5-genie is already below 0.1 at the lowest grid SNR)
  M-ours-dscore-C-V4 -> R5-genie        [decision-point anchor arm: R5-genie]
    decision SNRs ['-3', '+0'] (anchor R5-genie: |log10(BLER@16 of R5-genie / 0.1)| smallest, BLER in [0.005, 0.9])
    sign test @16: -3 dB 319:11 p=1e-79  +0 dB 75:2 p=4e-20   pooled 394:13 p=7e-99
    power guard: 2 decision points (needs 3), discordant-pair counts [330, 77] (needs >= 6 at >= 2) -> UNDECIDED
    UNDECIDED -- no significance call is made (08_SPEC §2). Raise n or extend the SNR grid.
    SNR@0.1 gap (M-ours-dscore-C-V4 minus R5-genie): >= +0.94 dB (R5-genie is already below 0.1 at the lowest grid SNR)
  M-ours-dscore-C-V4b -> R5-genie        [decision-point anchor arm: R5-genie]
    decision SNRs ['-3', '+0'] (anchor R5-genie: |log10(BLER@16 of R5-genie / 0.1)| smallest, BLER in [0.005, 0.9])
    sign test @16: -3 dB 322:10 p=9.2e-82  +0 dB 84:3 p=1.4e-21   pooled 406:13 p=2.5e-102
    power guard: 2 decision points (needs 3), discordant-pair counts [332, 87] (needs >= 6 at >= 2) -> UNDECIDED
    UNDECIDED -- no significance call is made (08_SPEC §2). Raise n or extend the SNR grid.
    SNR@0.1 gap (M-ours-dscore-C-V4b minus R5-genie): >= +1.01 dB (R5-genie is already below 0.1 at the lowest grid SNR)
  M-ours-bstar-scalar -> R5-genie        [decision-point anchor arm: R5-genie]
    decision SNRs ['-3', '+0'] (anchor R5-genie: |log10(BLER@16 of R5-genie / 0.1)| smallest, BLER in [0.005, 0.9])
    sign test @16: -3 dB 583:7 p=2.4e-162  +0 dB 175:3 p=4.9e-48   pooled 758:10 p=2.4e-209
    power guard: 2 decision points (needs 3), discordant-pair counts [590, 178] (needs >= 6 at >= 2) -> UNDECIDED
    UNDECIDED -- no significance call is made (08_SPEC §2). Raise n or extend the SNR grid.
    SNR@0.1 gap (M-ours-bstar-scalar minus R5-genie): >= +2.36 dB (R5-genie is already below 0.1 at the lowest grid SNR)

============================== TABLE C -- cross-Tp goodput envelope (08_SPEC §3) ==============================

--- prior S2: cells C1 and C2 are not both present (C1: 0 points, C2: 7 points) -> envelope not computed

============================== TABLE D -- training quality, independent of BLER (08_SPEC §3.5) ==============================
D2: GB' = held-out denoising NMSE of the GMM prior vs the diffusion prior on the SAME sigma_t grid. This is a comparison one stage BEFORE BLER and stands on its own.

  [GB' held-out denoising NMSE, GMM vs diffusion]  source: /home/HTJ/t2/conf/results/gate_D2.txt
    # date        : 2026-09-21 07:49:41 KST
    # git commit  : 86e43ef
    # versions    : python 3.12.14  numpy 2.5.2  scipy 1.18.1  torch 2.14.0+cu130 (cuda_available=True)
    # device      : CPU (192 cores) | dtype: complex128 / float64 | deterministic: yes (fixed seeds, no GPU in the receiver)
    # testbed     : D2
    # seed rule   : default_rng([20260926, TBID[testbed], PID[prior], Nr, T, Tp, int(snr)+100])  (trials of a point = ONE stream)
    # code        : rate-1/2 conv (133,171)_8 nu=6 terminated, QPSK, outer iterations = 16 for EVERY arm
    # Demo/ hashes: t2_route_a.py=95a5408901ec125c  t2_trellis.py=31cd0ee9c68e972b  t2_gmm.py=d064e58c7510c769
    # content     : GB' (04_SPEC §6) -- held-out denoising NMSE of the GMM prior vs the diffusion prior
    #               on the SAME frozen D2 sigma grid.  REPORT ONLY: never used to select anything.
    # *** The diffusion model here did NOT pass the D1 gates (best GC 0.2241 vs 0.15 over 959 trials).
    #     It is NOT an arm in any BLER table; M-ours-dscore stays BLOCKED on both testbeds. ***
    # architecture: copied verbatim from the best-D1-gate-score configuration, NOT re-searched (04_SPEC §6)
    #               {'arch': 'dit', 'param': 'vp', 'domain': 'angle', 'lr': 0.002238046051591068, 'ema': 0.999, 'batch': 256, 'emb': 256, 'width': 64, 'depth': 6, 'heads': 8, 'patch': 1}
    # GMM b*      : kron (kron K=512), selected by validation log-likelihood only
    
    # ====================================================================================================
    # CLAIM TESTBED -- sparse specular; conditional Gaussianity broken (see T2d). Upper bound = genie only.
    # ====================================================================================================
    
      k       sigma          nu     nmse_gmm    nmse_diff   diff/gmm
      0  3.3062e-02  2.1862e-03  1.96957e-03  1.16549e-03     0.5917
      1  3.9212e-02  3.0751e-03  2.73720e-03  1.56801e-03     0.5729
      2  4.6505e-02  4.3255e-03  3.79984e-03  2.11633e-03     0.5570
      3  5.5155e-02  6.0842e-03  5.27361e-03  2.86655e-03     0.5436
      4  6.5414e-02  8.5579e-03  7.31878e-03  3.89394e-03     0.5320
      5  7.7581e-02  1.2038e-02  1.01162e-02  5.30787e-03     0.5247
      6  9.2011e-02  1.6932e-02  1.39474e-02  7.25836e-03     0.5204
      7  1.0912e-01  2.3816e-02  1.91830e-02  9.98491e-03     0.5205
      8  1.2942e-01  3.3500e-02  2.62568e-02  1.38006e-02     0.5256
      9  1.5349e-01  4.7121e-02  3.58583e-02  1.91536e-02     0.5341
     10  1.8204e-01  6.6280e-02  4.86677e-02  2.66213e-02     0.5470
     11  2.1590e-01  9.3229e-02  6.55153e-02  3.67515e-02     0.5610
     12  2.5606e-01  1.3114e-01  8.72491e-02  5.07014e-02     0.5811
     13  3.0369e-01  1.8445e-01  1.15346e-01  6.98788e-02     0.6058
     14  3.6018e-01  2.5945e-01  1.50367e-01  9.62760e-02     0.6403
     15  4.2717e-01  3.6495e-01  1.94292e-01  1.31876e-01     0.6788
     16  5.0662e-01  5.1333e-01  2.47904e-01  1.79593e-01     0.7244
     17  6.0085e-01  7.2205e-01  3.12058e-01  2.42089e-01     0.7758
     18  7.1261e-01  1.0156e+00  3.86964e-01  3.21072e-01     0.8297
     19  8.4516e-01  1.4286e+00  4.71370e-01  4.13908e-01     0.8781
    
    summary: {'testbed': 'D2', 'prior': 'S2', 'n_eval': 512, 'Nr': 8, 'Nt': 4, 'worst_excess': -0.12190518636709069, 'note': "GB' is REPORT-ONLY (04_SPEC §6); arm selection was fixed by the D1 gates"}

  GMM fit table on D2, including the DEGRADATION RELATIVE TO D1 -- the second piece of evidence that the testbed actually broke conditional Gaussianity (08_SPEC §3.5):

  [GMM fits on D2, per K, vs D1]  source: /home/HTJ/t2/conf/results/gmm_fit_D2.txt
    # date        : 2026-09-20 14:27:54 KST
    # git commit  : 3f81778
    # versions    : python 3.12.14  numpy 2.5.2  scipy 1.18.1  torch 2.14.0+cu130 (cuda_available=True)
    # device      : CPU (192 cores) | dtype: complex128 / float64 | deterministic: yes (fixed seeds, no GPU in the receiver)
    # testbed     : D2
    # seed rule   : default_rng([20260926, TBID[testbed], PID[prior], Nr, T, Tp, int(snr)+100])  (trials of a point = ONE stream)
    # code        : rate-1/2 conv (133,171)_8 nu=6 terminated, QPSK, outer iterations = 16 for EVERY arm
    # Demo/ hashes: t2_route_a.py=95a5408901ec125c  t2_trellis.py=31cd0ee9c68e972b  t2_gmm.py=d064e58c7510c769
    # content     : conf/05_SPEC_testbed_D2.md §4 -- GMM re-fit on D2 (prior S2), K (16, 32, 64, 128, 256, 512) x {full, kron} x kappa (0, 16, 64, 256) x restarts, ntrain 10000, n_val = n_test = 5000
    # selection   : VALIDATION log-likelihood only.  BLER is never consulted (01_RULES §5).
    # D1 fits     : /home/HTJ/t2/Demo/exp_0925_fits (prior S, K (16, 32, 64)) -- reused verbatim, see DECISIONS
    # ====================================================================================================
    # CLAIM TESTBED -- sparse specular; conditional Gaussianity broken (see T2d). Upper bound = genie only.
    # ====================================================================================================
    
    Nr = 4 x Nt = 4
      fam      K  kappa   ll_train     ll_val      gap    ll_test   -gauss  reseed   EM min
      full    16      0    -26.196    -26.875    0.679    -26.876    6.844       0      2.3
      full    32      0    -23.934    -25.354    1.421    -25.346    8.374       0      4.6
      full    64      0    -22.261    -25.140    2.880    -25.093    8.627       0      5.4
      full   128      0    -21.174    -26.825    5.651    -26.704    7.017       0      6.1
      full   256     16    -26.269    -28.036    1.767    -27.950    5.771    3935      4.2
      full   512     16    -26.238    -28.039    1.801    -28.031    5.689   14363      7.8
      kron    16      0    -27.615    -27.776    0.161    -27.600    6.121       0      2.2
      kron    32      0    -26.027    -26.419    0.392    -26.246    7.475       0      5.3
      kron    64      0    -24.666    -25.386    0.720    -25.215    8.506       0     11.1
      kron   128      0    -23.442    -24.709    1.268    -24.482    9.239       0     19.1
      kron   256      0    -22.154    -24.207    2.053    -24.058    9.663       0     32.0
      kron   512      0    -21.254    -24.133    2.879    -23.941    9.779     970     22.7
      b* (validation log-likelihood) = kron K=512   ll_val -24.133
    
      degradation relative to D1 (05_SPEC §4)
      Absolute log-likelihoods of two DIFFERENT distributions are not comparable, so the
      comparable quantity is what the mixture buys over the Gaussian sample-covariance prior
      on the same held-out set:  G := ll_test(GMM) - ll_test(Gaussian)  [nat/sample].
      fam      K     G(D2)     G(D1)     D2-D1   gap(D2)   gap(D1)    KL(D1)
      full    16     6.844     3.276     3.569     0.679     0.477     0.291
      full    32     8.374     3.245     5.129     1.421     0.270     0.321
      full    64     8.627     3.239     5.388     2.880     0.321     0.327
      full   128     7.017       nan       nan     5.651       nan       nan
      full   256     5.771       nan       nan     1.767       nan       nan
      full   512     5.689       nan       nan     1.801       nan       nan
      kron    16     6.121     3.504     2.617     0.161     0.096     0.062
      kron    32     7.475     3.511     3.963     0.392     0.128     0.055
      kron    64     8.506     3.500     5.006     0.720     0.174     0.067
      kron   128     9.239       nan       nan     1.268       nan       nan
      kron   256     9.663       nan       nan     2.053       nan       nan
      kron   512     9.779       nan       nan     2.879       nan       nan
      KL(D1) = KL(true || fit) on the D1 test set [nat/sample]; D2 has no closed-form true
      density, so no KL column exists there (05_SPEC §3).
    
    Nr = 8 x Nt = 4
      fam      K  kappa   ll_train     ll_val      gap    ll_test   -gauss  reseed   EM min
      full    16      0    -37.734    -39.932    2.198    -39.346   26.281       0      6.4
      full    32      0    -32.768    -37.921    5.154    -37.272   28.355       0      8.1
      full    64      0    -30.647    -40.448    9.801    -39.997   25.630       0      9.4
      full   128      0    -32.167    -50.113   17.946    -49.492   16.135     103      8.3
      full   256      0    -33.390    -47.350   13.960    -46.941   18.685    2802      6.9
      full   512      0    -31.645    -38.853    7.208    -38.201   27.426   23891     16.3
      kron    16      0    -38.958    -39.574    0.617    -38.927   26.699       0      3.8
      kron    32      0    -32.368    -33.556    1.188    -32.878   32.749       0      8.7
      kron    64      0    -26.935    -29.015    2.080    -28.518   37.109       0     21.4
      kron   128      0    -22.557    -26.116    3.559    -25.820   39.807       0     58.1
      kron   256      0    -18.080    -23.936    5.856    -23.666   41.961       0     48.4
      kron   512      0    -14.339    -23.473    9.134    -23.144   42.482    1655     42.1
      b* (validation log-likelihood) = kron K=512   ll_val -23.473
    
      degradation relative to D1 (05_SPEC §4)
      Absolute log-likelihoods of two DIFFERENT distributions are not comparable, so the
      comparable quantity is what the mixture buys over the Gaussian sample-covariance prior
      on the same held-out set:  G := ll_test(GMM) - ll_test(Gaussian)  [nat/sample].
      fam      K     G(D2)     G(D1)     D2-D1   gap(D2)   gap(D1)    KL(D1)
      full    16    26.281     8.173    18.107     2.198     1.786     1.302
      full    32    28.355     8.106    20.248     5.154     1.517     1.369
      full    64    25.630     8.121    17.509     9.801     1.587     1.355
      full   128    16.135       nan       nan    17.946       nan       nan
      full   256    18.685       nan       nan    13.960       nan       nan
      full   512    27.426       nan       nan     7.208       nan       nan
      kron    16    26.699     9.233    17.466     0.617     0.082     0.242
      kron    32    32.749     9.277    23.471     1.188     0.261     0.198
      kron    64    37.109     9.188    27.920     2.080     0.497     0.287
      kron   128    39.807       nan       nan     3.559       nan       nan
      kron   256    41.961       nan       nan     5.856       nan       nan
      kron   512    42.482       nan       nan     9.134       nan       nan
      KL(D1) = KL(true || fit) on the D1 test set [nat/sample]; D2 has no closed-form true
      density, so no KL column exists there (05_SPEC §3).

