[run] M-ours-dscore: ABSENT -- no GATE-PASSING checkpoint (04_SPEC §5 gates GA-GD): no gate-passing checkpoint for D2; recorded PASS rows: none (searched conf/results/gate_D2.txt and LADDER.md)
[run] M-ours-dscore is NOT in this run.  The reason is written to every raw file as 'meta|dscore_status', so analysis.py reports its slot as BLOCKED / FAILED-VERIFICATION instead of quietly printing a table without it (01_RULES §6).
[run] Stage C arms ON (10_SPEC §3b/§3c): M-ours-dscore-C-{V0,V1,V4} + the mandatory GMM control M-ours-bstar-scalar, from /home/HTJ/t2/conf/ckpt/d2sx_N160000_a1.pt
[run] Stage C gate record: NO GATE RECORD mentions d2sx_N160000_a1.pt -- UNVERIFIED here.  (GA-GD are measurable on D1 only, 10_SPEC §5: a D2 re-train is qualified by its D1 sibling's gate row, which this string cannot prove.)
[run] D2 7 points x n=2560 -> 448 tasks on 192 workers (prior S2, cells ['C2'], chunk 40) -> /home/HTJ/t2/conf/raw_B16e4
1/448 done    D2_C2_S2_Nr8_T16_Tp4_dft_snr12_skip80_n40.npz  (508 s)  BLER16: R2-ours-G=0.03 R3-bigamp=0.00 R4-scvamp=0.05 M-ours-gmm32=0.03 R5-genie=0.00
2/448 done    D2_C2_S2_Nr8_T16_Tp4_dft_snr9_skip280_n40.npz  (517 s)  BLER16: R2-ours-G=0.00 R3-bigamp=0.07 R4-scvamp=0.07 M-ours-gmm32=0.03 R5-genie=0.00
3/448 done    D2_C2_S2_Nr8_T16_Tp4_dft_snr15_skip280_n40.npz  (537 s)  BLER16: R2-ours-G=0.00 R3-bigamp=0.03 R4-scvamp=0.00 M-ours-gmm32=0.00 R5-genie=0.00
4/448 done    D2_C2_S2_Nr8_T16_Tp4_dft_snr12_skip560_n40.npz  (543 s)  BLER16: R2-ours-G=0.00 R3-bigamp=0.05 R4-scvamp=0.07 M-ours-gmm32=0.00 R5-genie=0.00
5/448 done    D2_C2_S2_Nr8_T16_Tp4_dft_snr9_skip120_n40.npz  (557 s)  BLER16: R2-ours-G=0.03 R3-bigamp=0.12 R4-scvamp=0.20 M-ours-gmm32=0.00 R5-genie=0.00
6/448 done    D2_C2_S2_Nr8_T16_Tp4_dft_snr3_skip600_n40.npz  (561 s)  BLER16: R2-ours-G=0.05 R3-bigamp=0.10 R4-scvamp=0.12 M-ours-gmm32=0.05 R5-genie=0.03
7/448 done    D2_C2_S2_Nr8_T16_Tp4_dft_snr0_skip40_n40.npz  (562 s)  BLER16: R2-ours-G=0.10 R3-bigamp=0.25 R4-scvamp=0.25 M-ours-gmm32=0.10 R5-genie=0.00
8/448 done    D2_C2_S2_Nr8_T16_Tp4_dft_snr12_skip320_n40.npz  (562 s)  BLER16: R2-ours-G=0.00 R3-bigamp=0.05 R4-scvamp=0.07 M-ours-gmm32=0.03 R5-genie=0.00
9/448 done    D2_C2_S2_Nr8_T16_Tp4_dft_snr3_skip280_n40.npz  (564 s)  BLER16: R2-ours-G=0.05 R3-bigamp=0.10 R4-scvamp=0.25 M-ours-gmm32=0.05 R5-genie=0.03
10/448 done    D2_C2_S2_Nr8_T16_Tp4_dft_snr15_skip360_n40.npz  (567 s)  BLER16: R2-ours-G=0.00 R3-bigamp=0.03 R4-scvamp=0.03 M-ours-gmm32=0.00 R5-genie=0.00
11/448 done    D2_C2_S2_Nr8_T16_Tp4_dft_snr9_skip920_n40.npz  (571 s)  BLER16: R2-ours-G=0.00 R3-bigamp=0.07 R4-scvamp=0.05 M-ours-gmm32=0.00 R5-genie=0.00
12/448 done    D2_C2_S2_Nr8_T16_Tp4_dft_snr12_skip240_n40.npz  (571 s)  BLER16: R2-ours-G=0.00 R3-bigamp=0.07 R4-scvamp=0.07 M-ours-gmm32=0.00 R5-genie=0.00
13/448 done    D2_C2_S2_Nr8_T16_Tp4_dft_snr0_skip200_n40.npz  (573 s)  BLER16: R2-ours-G=0.10 R3-bigamp=0.23 R4-scvamp=0.25 M-ours-gmm32=0.05 R5-genie=0.00
14/448 done    D2_C2_S2_Nr8_T16_Tp4_dft_snr12_skip680_n40.npz  (573 s)  BLER16: R2-ours-G=0.03 R3-bigamp=0.10 R4-scvamp=0.07 M-ours-gmm32=0.05 R5-genie=0.00
15/448 done    D2_C2_S2_Nr8_T16_Tp4_dft_snr0_skip280_n40.npz  (573 s)  BLER16: R2-ours-G=0.05 R3-bigamp=0.15 R4-scvamp=0.23 M-ours-gmm32=0.03 R5-genie=0.00
16/448 done    D2_C2_S2_Nr8_T16_Tp4_dft_snr9_skip240_n40.npz  (576 s)  BLER16: R2-ours-G=0.00 R3-bigamp=0.00 R4-scvamp=0.07 M-ours-gmm32=0.00 R5-genie=0.00
17/448 done    D2_C2_S2_Nr8_T16_Tp4_dft_snr3_skip240_n40.npz  (578 s)  BLER16: R2-ours-G=0.05 R3-bigamp=0.12 R4-scvamp=0.15 M-ours-gmm32=0.03 R5-genie=0.00
18/448 done    D2_C2_S2_Nr8_T16_Tp4_dft_snr3_skip80_n40.npz  (578 s)  BLER16: R2-ours-G=0.07 R3-bigamp=0.10 R4-scvamp=0.17 M-ours-gmm32=0.07 R5-genie=0.00
19/448 done    D2_C2_S2_Nr8_T16_Tp4_dft_snr6_skip80_n40.npz  (581 s)  BLER16: R2-ours-G=0.05 R3-bigamp=0.05 R4-scvamp=0.15 M-ours-gmm32=0.05 R5-genie=0.00
20/448 done    D2_C2_S2_Nr8_T16_Tp4_dft_snr6_skip640_n40.npz  (581 s)  BLER16: R2-ours-G=0.05 R3-bigamp=0.12 R4-scvamp=0.12 M-ours-gmm32=0.05 R5-genie=0.00
21/448 done    D2_C2_S2_Nr8_T16_Tp4_dft_snr12_skip0_n40.npz  (582 s)  BLER16: R2-ours-G=0.00 R3-bigamp=0.07 R4-scvamp=0.05 M-ours-gmm32=0.03 R5-genie=0.00
22/448 done    D2_C2_S2_Nr8_T16_Tp4_dft_snr15_skip840_n40.npz  (585 s)  BLER16: R2-ours-G=0.00 R3-bigamp=0.03 R4-scvamp=0.03 M-ours-gmm32=0.00 R5-genie=0.00
23/448 done    D2_C2_S2_Nr8_T16_Tp4_dft_snr15_skip640_n40.npz  (585 s)  BLER16: R2-ours-G=0.00 R3-bigamp=0.10 R4-scvamp=0.05 M-ours-gmm32=0.00 R5-genie=0.00
24/448 done    D2_C2_S2_Nr8_T16_Tp4_dft_snr12_skip400_n40.npz  (586 s)  BLER16: R2-ours-G=0.03 R3-bigamp=0.03 R4-scvamp=0.10 M-ours-gmm32=0.00 R5-genie=0.00
25/448 done    D2_C2_S2_Nr8_T16_Tp4_dft_snr3_skip360_n40.npz  (586 s)  BLER16: R2-ours-G=0.07 R3-bigamp=0.12 R4-scvamp=0.17 M-ours-gmm32=0.05 R5-genie=0.00
26/448 done    D2_C2_S2_Nr8_T16_Tp4_dft_snr0_skip320_n40.npz  (588 s)  BLER16: R2-ours-G=0.12 R3-bigamp=0.30 R4-scvamp=0.35 M-ours-gmm32=0.17 R5-genie=0.00
27/448 done    D2_C2_S2_Nr8_T16_Tp4_dft_snr9_skip440_n40.npz  (589 s)  BLER16: R2-ours-G=0.00 R3-bigamp=0.00 R4-scvamp=0.00 M-ours-gmm32=0.00 R5-genie=0.00
28/448 done    D2_C2_S2_Nr8_T16_Tp4_dft_snr9_skip0_n40.npz  (589 s)  BLER16: R2-ours-G=0.00 R3-bigamp=0.00 R4-scvamp=0.05 M-ours-gmm32=0.00 R5-genie=0.00
29/448 done    D2_C2_S2_Nr8_T16_Tp4_dft_snr6_skip40_n40.npz  (590 s)  BLER16: R2-ours-G=0.03 R3-bigamp=0.05 R4-scvamp=0.12 M-ours-gmm32=0.03 R5-genie=0.00
30/448 done    D2_C2_S2_Nr8_T16_Tp4_dft_snr6_skip360_n40.npz  (593 s)  BLER16: R2-ours-G=0.00 R3-bigamp=0.07 R4-scvamp=0.12 M-ours-gmm32=0.00 R5-genie=0.00
31/448 done    D2_C2_S2_Nr8_T16_Tp4_dft_snr15_skip800_n40.npz  (593 s)  BLER16: R2-ours-G=0.00 R3-bigamp=0.07 R4-scvamp=0.03 M-ours-gmm32=0.00 R5-genie=0.00
32/448 done    D2_C2_S2_Nr8_T16_Tp4_dft_snr12_skip280_n40.npz  (593 s)  BLER16: R2-ours-G=0.00 R3-bigamp=0.03 R4-scvamp=0.07 M-ours-gmm32=0.00 R5-genie=0.00
33/448 done    D2_C2_S2_Nr8_T16_Tp4_dft_snr15_skip320_n40.npz  (594 s)  BLER16: R2-ours-G=0.00 R3-bigamp=0.05 R4-scvamp=0.07 M-ours-gmm32=0.00 R5-genie=0.00
34/448 done    D2_C2_S2_Nr8_T16_Tp4_dft_snr12_skip360_n40.npz  (594 s)  BLER16: R2-ours-G=0.00 R3-bigamp=0.10 R4-scvamp=0.03 M-ours-gmm32=0.00 R5-genie=0.00
35/448 done    D2_C2_S2_Nr8_T16_Tp4_dft_snr6_skip520_n40.npz  (594 s)  BLER16: R2-ours-G=0.05 R3-bigamp=0.05 R4-scvamp=0.17 M-ours-gmm32=0.00 R5-genie=0.00
36/448 done    D2_C2_S2_Nr8_T16_Tp4_dft_snr6_skip600_n40.npz  (595 s)  BLER16: R2-ours-G=0.05 R3-bigamp=0.05 R4-scvamp=0.12 M-ours-gmm32=0.05 R5-genie=0.00
37/448 done    D2_C2_S2_Nr8_T16_Tp4_dft_snr12_skip40_n40.npz  (597 s)  BLER16: R2-ours-G=0.00 R3-bigamp=0.07 R4-scvamp=0.07 M-ours-gmm32=0.00 R5-genie=0.00
38/448 done    D2_C2_S2_Nr8_T16_Tp4_dft_snr6_skip400_n40.npz  (596 s)  BLER16: R2-ours-G=0.05 R3-bigamp=0.12 R4-scvamp=0.10 M-ours-gmm32=0.07 R5-genie=0.05
39/448 done    D2_C2_S2_Nr8_T16_Tp4_dft_snr3_skip120_n40.npz  (596 s)  BLER16: R2-ours-G=0.05 R3-bigamp=0.03 R4-scvamp=0.07 M-ours-gmm32=0.07 R5-genie=0.00
40/448 done    D2_C2_S2_Nr8_T16_Tp4_dft_snr3_skip520_n40.npz  (597 s)  BLER16: R2-ours-G=0.05 R3-bigamp=0.12 R4-scvamp=0.20 M-ours-gmm32=0.05 R5-genie=0.00
41/448 done    D2_C2_S2_Nr8_T16_Tp4_dft_snr3_skip440_n40.npz  (597 s)  BLER16: R2-ours-G=0.10 R3-bigamp=0.15 R4-scvamp=0.17 M-ours-gmm32=0.07 R5-genie=0.03
42/448 done    D2_C2_S2_Nr8_T16_Tp4_dft_snr3_skip720_n40.npz  (598 s)  BLER16: R2-ours-G=0.05 R3-bigamp=0.07 R4-scvamp=0.23 M-ours-gmm32=0.03 R5-genie=0.00
43/448 done    D2_C2_S2_Nr8_T16_Tp4_dft_snr6_skip280_n40.npz  (598 s)  BLER16: R2-ours-G=0.05 R3-bigamp=0.03 R4-scvamp=0.10 M-ours-gmm32=0.00 R5-genie=0.00
44/448 done    D2_C2_S2_Nr8_T16_Tp4_dft_snr6_skip240_n40.npz  (598 s)  BLER16: R2-ours-G=0.00 R3-bigamp=0.10 R4-scvamp=0.07 M-ours-gmm32=0.00 R5-genie=0.00
45/448 done    D2_C2_S2_Nr8_T16_Tp4_dft_snr3_skip680_n40.npz  (600 s)  BLER16: R2-ours-G=0.00 R3-bigamp=0.03 R4-scvamp=0.10 M-ours-gmm32=0.00 R5-genie=0.00
46/448 done    D2_C2_S2_Nr8_T16_Tp4_dft_snr3_skip480_n40.npz  (600 s)  BLER16: R2-ours-G=0.05 R3-bigamp=0.07 R4-scvamp=0.10 M-ours-gmm32=0.05 R5-genie=0.00
47/448 done    D2_C2_S2_Nr8_T16_Tp4_dft_snr15_skip680_n40.npz  (600 s)  BLER16: R2-ours-G=0.00 R3-bigamp=0.03 R4-scvamp=0.05 M-ours-gmm32=0.00 R5-genie=0.00
48/448 done    D2_C2_S2_Nr8_T16_Tp4_dft_snr12_skip640_n40.npz  (601 s)  BLER16: R2-ours-G=0.03 R3-bigamp=0.05 R4-scvamp=0.05 M-ours-gmm32=0.03 R5-genie=0.00
49/448 done    D2_C2_S2_Nr8_T16_Tp4_dft_snr12_skip960_n40.npz  (601 s)  BLER16: R2-ours-G=0.00 R3-bigamp=0.07 R4-scvamp=0.00 M-ours-gmm32=0.00 R5-genie=0.00
50/448 done    D2_C2_S2_Nr8_T16_Tp4_dft_snr12_skip600_n40.npz  (602 s)  BLER16: R2-ours-G=0.03 R3-bigamp=0.12 R4-scvamp=0.05 M-ours-gmm32=0.03 R5-genie=0.00
51/448 done    D2_C2_S2_Nr8_T16_Tp4_dft_snr0_skip120_n40.npz  (602 s)  BLER16: R2-ours-G=0.15 R3-bigamp=0.35 R4-scvamp=0.30 M-ours-gmm32=0.20 R5-genie=0.00
52/448 done    D2_C2_S2_Nr8_T16_Tp4_dft_snr15_skip880_n40.npz  (603 s)  BLER16: R2-ours-G=0.00 R3-bigamp=0.03 R4-scvamp=0.03 M-ours-gmm32=0.00 R5-genie=0.00
53/448 done    D2_C2_S2_Nr8_T16_Tp4_dft_snr15_skip520_n40.npz  (603 s)  BLER16: R2-ours-G=0.03 R3-bigamp=0.03 R4-scvamp=0.03 M-ours-gmm32=0.03 R5-genie=0.00
54/448 done    D2_C2_S2_Nr8_T16_Tp4_dft_snr15_skip240_n40.npz  (603 s)  BLER16: R2-ours-G=0.00 R3-bigamp=0.05 R4-scvamp=0.03 M-ours-gmm32=0.00 R5-genie=0.00
55/448 done    D2_C2_S2_Nr8_T16_Tp4_dft_snr12_skip200_n40.npz  (603 s)  BLER16: R2-ours-G=0.00 R3-bigamp=0.05 R4-scvamp=0.05 M-ours-gmm32=0.00 R5-genie=0.00
56/448 done    D2_C2_S2_Nr8_T16_Tp4_dft_snr9_skip560_n40.npz  (604 s)  BLER16: R2-ours-G=0.00 R3-bigamp=0.10 R4-scvamp=0.10 M-ours-gmm32=0.00 R5-genie=0.00
57/448 done    D2_C2_S2_Nr8_T16_Tp4_dft_snr6_skip1000_n40.npz  (604 s)  BLER16: R2-ours-G=0.03 R3-bigamp=0.03 R4-scvamp=0.10 M-ours-gmm32=0.03 R5-genie=0.00
58/448 done    D2_C2_S2_Nr8_T16_Tp4_dft_snr9_skip880_n40.npz  (606 s)  BLER16: R2-ours-G=0.00 R3-bigamp=0.05 R4-scvamp=0.05 M-ours-gmm32=0.00 R5-genie=0.00
59/448 done    D2_C2_S2_Nr8_T16_Tp4_dft_snr9_skip680_n40.npz  (608 s)  BLER16: R2-ours-G=0.00 R3-bigamp=0.03 R4-scvamp=0.10 M-ours-gmm32=0.03 R5-genie=0.00
60/448 done    D2_C2_S2_Nr8_T16_Tp4_dft_snr6_skip160_n40.npz  (610 s)  BLER16: R2-ours-G=0.00 R3-bigamp=0.03 R4-scvamp=0.10 M-ours-gmm32=0.00 R5-genie=0.00
61/448 done    D2_C2_S2_Nr8_T16_Tp4_dft_snr9_skip80_n40.npz  (610 s)  BLER16: R2-ours-G=0.00 R3-bigamp=0.03 R4-scvamp=0.03 M-ours-gmm32=0.00 R5-genie=0.00
62/448 done    D2_C2_S2_Nr8_T16_Tp4_dft_snr0_skip480_n40.npz  (611 s)  BLER16: R2-ours-G=0.12 R3-bigamp=0.23 R4-scvamp=0.42 M-ours-gmm32=0.10 R5-genie=0.00
63/448 done    D2_C2_S2_Nr8_T16_Tp4_dft_snr6_skip720_n40.npz  (611 s)  BLER16: R2-ours-G=0.03 R3-bigamp=0.12 R4-scvamp=0.17 M-ours-gmm32=0.03 R5-genie=0.03
64/448 done    D2_C2_S2_Nr8_T16_Tp4_dft_snr0_skip440_n40.npz  (611 s)  BLER16: R2-ours-G=0.07 R3-bigamp=0.12 R4-scvamp=0.50 M-ours-gmm32=0.12 R5-genie=0.00
65/448 done    D2_C2_S2_Nr8_T16_Tp4_dft_snr6_skip120_n40.npz  (611 s)  BLER16: R2-ours-G=0.03 R3-bigamp=0.00 R4-scvamp=0.03 M-ours-gmm32=0.03 R5-genie=0.00
66/448 done    D2_C2_S2_Nr8_T16_Tp4_dft_snr12_skip920_n40.npz  (612 s)  BLER16: R2-ours-G=0.00 R3-bigamp=0.00 R4-scvamp=0.00 M-ours-gmm32=0.00 R5-genie=0.00
67/448 done    D2_C2_S2_Nr8_T16_Tp4_dft_snr6_skip1040_n40.npz  (612 s)  BLER16: R2-ours-G=0.03 R3-bigamp=0.05 R4-scvamp=0.07 M-ours-gmm32=0.03 R5-genie=0.00
68/448 done    D2_C2_S2_Nr8_T16_Tp4_dft_snr6_skip480_n40.npz  (613 s)  BLER16: R2-ours-G=0.03 R3-bigamp=0.00 R4-scvamp=0.05 M-ours-gmm32=0.03 R5-genie=0.00
69/448 done    D2_C2_S2_Nr8_T16_Tp4_dft_snr15_skip760_n40.npz  (614 s)  BLER16: R2-ours-G=0.00 R3-bigamp=0.05 R4-scvamp=0.05 M-ours-gmm32=0.00 R5-genie=0.00
70/448 done    D2_C2_S2_Nr8_T16_Tp4_dft_snr12_skip480_n40.npz  (614 s)  BLER16: R2-ours-G=0.00 R3-bigamp=0.03 R4-scvamp=0.03 M-ours-gmm32=0.00 R5-genie=0.00
71/448 done    D2_C2_S2_Nr8_T16_Tp4_dft_snr3_skip160_n40.npz  (614 s)  BLER16: R2-ours-G=0.03 R3-bigamp=0.05 R4-scvamp=0.10 M-ours-gmm32=0.03 R5-genie=0.00
72/448 done    D2_C2_S2_Nr8_T16_Tp4_dft_snr9_skip400_n40.npz  (614 s)  BLER16: R2-ours-G=0.00 R3-bigamp=0.07 R4-scvamp=0.00 M-ours-gmm32=0.00 R5-genie=0.00
73/448 done    D2_C2_S2_Nr8_T16_Tp4_dft_snr3_skip560_n40.npz  (615 s)  BLER16: R2-ours-G=0.03 R3-bigamp=0.07 R4-scvamp=0.15 M-ours-gmm32=0.03 R5-genie=0.00
74/448 done    D2_C2_S2_Nr8_T16_Tp4_dft_snr9_skip840_n40.npz  (615 s)  BLER16: R2-ours-G=0.00 R3-bigamp=0.07 R4-scvamp=0.05 M-ours-gmm32=0.00 R5-genie=0.00
75/448 done    D2_C2_S2_Nr8_T16_Tp4_dft_snr0_skip400_n40.npz  (616 s)  BLER16: R2-ours-G=0.07 R3-bigamp=0.33 R4-scvamp=0.25 M-ours-gmm32=0.07 R5-genie=0.05
76/448 done    D2_C2_S2_Nr8_T16_Tp4_dft_snr6_skip840_n40.npz  (617 s)  BLER16: R2-ours-G=0.00 R3-bigamp=0.00 R4-scvamp=0.07 M-ours-gmm32=0.00 R5-genie=0.00
77/448 done    D2_C2_S2_Nr8_T16_Tp4_dft_snr15_skip200_n40.npz  (618 s)  BLER16: R2-ours-G=0.03 R3-bigamp=0.07 R4-scvamp=0.05 M-ours-gmm32=0.00 R5-genie=0.00
78/448 done    D2_C2_S2_Nr8_T16_Tp4_dft_snr9_skip40_n40.npz  (618 s)  BLER16: R2-ours-G=0.00 R3-bigamp=0.00 R4-scvamp=0.00 M-ours-gmm32=0.00 R5-genie=0.00
79/448 done    D2_C2_S2_Nr8_T16_Tp4_dft_snr3_skip1000_n40.npz  (619 s)  BLER16: R2-ours-G=0.00 R3-bigamp=0.05 R4-scvamp=0.12 M-ours-gmm32=0.05 R5-genie=0.00
80/448 done    D2_C2_S2_Nr8_T16_Tp4_dft_snr6_skip920_n40.npz  (619 s)  BLER16: R2-ours-G=0.00 R3-bigamp=0.00 R4-scvamp=0.07 M-ours-gmm32=0.00 R5-genie=0.00
81/448 done    D2_C2_S2_Nr8_T16_Tp4_dft_snr3_skip320_n40.npz  (620 s)  BLER16: R2-ours-G=0.00 R3-bigamp=0.10 R4-scvamp=0.12 M-ours-gmm32=0.05 R5-genie=0.00
82/448 done    D2_C2_S2_Nr8_T16_Tp4_dft_snr12_skip440_n40.npz  (623 s)  BLER16: R2-ours-G=0.00 R3-bigamp=0.05 R4-scvamp=0.05 M-ours-gmm32=0.00 R5-genie=0.00
83/448 done    D2_C2_S2_Nr8_T16_Tp4_dft_snr15_skip400_n40.npz  (624 s)  BLER16: R2-ours-G=0.00 R3-bigamp=0.07 R4-scvamp=0.03 M-ours-gmm32=0.03 R5-genie=0.00
84/448 done    D2_C2_S2_Nr8_T16_Tp4_dft_snr12_skip840_n40.npz  (624 s)  BLER16: R2-ours-G=0.03 R3-bigamp=0.07 R4-scvamp=0.07 M-ours-gmm32=0.00 R5-genie=0.00
85/448 done    D2_C2_S2_Nr8_T16_Tp4_dft_snr6_skip200_n40.npz  (625 s)  BLER16: R2-ours-G=0.03 R3-bigamp=0.03 R4-scvamp=0.05 M-ours-gmm32=0.03 R5-genie=0.00
86/448 done    D2_C2_S2_Nr8_T16_Tp4_dft_snr-3_skip560_n40.npz  (627 s)  BLER16: R2-ours-G=0.30 R3-bigamp=0.68 R4-scvamp=0.70 M-ours-gmm32=0.30 R5-genie=0.03
87/448 done    D2_C2_S2_Nr8_T16_Tp4_dft_snr0_skip1080_n40.npz  (629 s)  BLER16: R2-ours-G=0.12 R3-bigamp=0.20 R4-scvamp=0.25 M-ours-gmm32=0.10 R5-genie=0.00
88/448 done    D2_C2_S2_Nr8_T16_Tp4_dft_snr6_skip760_n40.npz  (629 s)  BLER16: R2-ours-G=0.03 R3-bigamp=0.07 R4-scvamp=0.12 M-ours-gmm32=0.03 R5-genie=0.00
89/448 done    D2_C2_S2_Nr8_T16_Tp4_dft_snr0_skip800_n40.npz  (629 s)  BLER16: R2-ours-G=0.03 R3-bigamp=0.17 R4-scvamp=0.17 M-ours-gmm32=0.03 R5-genie=0.00
90/448 done    D2_C2_S2_Nr8_T16_Tp4_dft_snr0_skip360_n40.npz  (630 s)  BLER16: R2-ours-G=0.03 R3-bigamp=0.15 R4-scvamp=0.23 M-ours-gmm32=0.03 R5-genie=0.00
91/448 done    D2_C2_S2_Nr8_T16_Tp4_dft_snr6_skip560_n40.npz  (630 s)  BLER16: R2-ours-G=0.03 R3-bigamp=0.07 R4-scvamp=0.07 M-ours-gmm32=0.03 R5-genie=0.00
92/448 done    D2_C2_S2_Nr8_T16_Tp4_dft_snr15_skip0_n40.npz  (630 s)  BLER16: R2-ours-G=0.00 R3-bigamp=0.05 R4-scvamp=0.00 M-ours-gmm32=0.00 R5-genie=0.00
93/448 done    D2_C2_S2_Nr8_T16_Tp4_dft_snr15_skip160_n40.npz  (631 s)  BLER16: R2-ours-G=0.00 R3-bigamp=0.05 R4-scvamp=0.05 M-ours-gmm32=0.00 R5-genie=0.00
94/448 done    D2_C2_S2_Nr8_T16_Tp4_dft_snr0_skip1000_n40.npz  (632 s)  BLER16: R2-ours-G=0.10 R3-bigamp=0.20 R4-scvamp=0.35 M-ours-gmm32=0.03 R5-genie=0.00
95/448 done    D2_C2_S2_Nr8_T16_Tp4_dft_snr12_skip120_n40.npz  (632 s)  BLER16: R2-ours-G=0.00 R3-bigamp=0.03 R4-scvamp=0.07 M-ours-gmm32=0.00 R5-genie=0.00
96/448 done    D2_C2_S2_Nr8_T16_Tp4_dft_snr6_skip440_n40.npz  (633 s)  BLER16: R2-ours-G=0.03 R3-bigamp=0.03 R4-scvamp=0.12 M-ours-gmm32=0.03 R5-genie=0.00
97/448 done    D2_C2_S2_Nr8_T16_Tp4_dft_snr12_skip160_n40.npz  (633 s)  BLER16: R2-ours-G=0.07 R3-bigamp=0.15 R4-scvamp=0.12 M-ours-gmm32=0.00 R5-genie=0.00
98/448 done    D2_C2_S2_Nr8_T16_Tp4_dft_snr-3_skip400_n40.npz  (634 s)  BLER16: R2-ours-G=0.35 R3-bigamp=0.55 R4-scvamp=0.55 M-ours-gmm32=0.35 R5-genie=0.05
99/448 done    D2_C2_S2_Nr8_T16_Tp4_dft_snr9_skip480_n40.npz  (634 s)  BLER16: R2-ours-G=0.03 R3-bigamp=0.07 R4-scvamp=0.03 M-ours-gmm32=0.03 R5-genie=0.00
100/448 done    D2_C2_S2_Nr8_T16_Tp4_dft_snr0_skip1040_n40.npz  (634 s)  BLER16: R2-ours-G=0.03 R3-bigamp=0.20 R4-scvamp=0.33 M-ours-gmm32=0.05 R5-genie=0.00
101/448 done    D2_C2_S2_Nr8_T16_Tp4_dft_snr12_skip800_n40.npz  (635 s)  BLER16: R2-ours-G=0.00 R3-bigamp=0.05 R4-scvamp=0.05 M-ours-gmm32=0.00 R5-genie=0.00
102/448 done    D2_C2_S2_Nr8_T16_Tp4_dft_snr3_skip880_n40.npz  (635 s)  BLER16: R2-ours-G=0.00 R3-bigamp=0.00 R4-scvamp=0.10 M-ours-gmm32=0.03 R5-genie=0.00
103/448 done    D2_C2_S2_Nr8_T16_Tp4_dft_snr0_skip720_n40.npz  (636 s)  BLER16: R2-ours-G=0.07 R3-bigamp=0.17 R4-scvamp=0.28 M-ours-gmm32=0.07 R5-genie=0.03
104/448 done    D2_C2_S2_Nr8_T16_Tp4_dft_snr9_skip800_n40.npz  (636 s)  BLER16: R2-ours-G=0.00 R3-bigamp=0.05 R4-scvamp=0.07 M-ours-gmm32=0.00 R5-genie=0.00
105/448 done    D2_C2_S2_Nr8_T16_Tp4_dft_snr6_skip880_n40.npz  (637 s)  BLER16: R2-ours-G=0.00 R3-bigamp=0.07 R4-scvamp=0.07 M-ours-gmm32=0.03 R5-genie=0.00
106/448 done    D2_C2_S2_Nr8_T16_Tp4_dft_snr6_skip320_n40.npz  (637 s)  BLER16: R2-ours-G=0.00 R3-bigamp=0.05 R4-scvamp=0.15 M-ours-gmm32=0.00 R5-genie=0.00
107/448 done    D2_C2_S2_Nr8_T16_Tp4_dft_snr6_skip960_n40.npz  (637 s)  BLER16: R2-ours-G=0.03 R3-bigamp=0.00 R4-scvamp=0.07 M-ours-gmm32=0.00 R5-genie=0.00
108/448 done    D2_C2_S2_Nr8_T16_Tp4_dft_snr9_skip320_n40.npz  (637 s)  BLER16: R2-ours-G=0.00 R3-bigamp=0.03 R4-scvamp=0.03 M-ours-gmm32=0.00 R5-genie=0.00
109/448 done    D2_C2_S2_Nr8_T16_Tp4_dft_snr15_skip560_n40.npz  (638 s)  BLER16: R2-ours-G=0.03 R3-bigamp=0.05 R4-scvamp=0.03 M-ours-gmm32=0.03 R5-genie=0.00
110/448 done    D2_C2_S2_Nr8_T16_Tp4_dft_snr15_skip1040_n40.npz  (638 s)  BLER16: R2-ours-G=0.00 R3-bigamp=0.05 R4-scvamp=0.03 M-ours-gmm32=0.00 R5-genie=0.00
111/448 done    D2_C2_S2_Nr8_T16_Tp4_dft_snr9_skip1000_n40.npz  (637 s)  BLER16: R2-ours-G=0.03 R3-bigamp=0.10 R4-scvamp=0.17 M-ours-gmm32=0.00 R5-genie=0.00
112/448 done    D2_C2_S2_Nr8_T16_Tp4_dft_snr12_skip520_n40.npz  (638 s)  BLER16: R2-ours-G=0.03 R3-bigamp=0.03 R4-scvamp=0.05 M-ours-gmm32=0.00 R5-genie=0.00
113/448 done    D2_C2_S2_Nr8_T16_Tp4_dft_snr12_skip1000_n40.npz  (639 s)  BLER16: R2-ours-G=0.03 R3-bigamp=0.03 R4-scvamp=0.07 M-ours-gmm32=0.05 R5-genie=0.00
114/448 done    D2_C2_S2_Nr8_T16_Tp4_dft_snr3_skip1080_n40.npz  (639 s)  BLER16: R2-ours-G=0.03 R3-bigamp=0.15 R4-scvamp=0.20 M-ours-gmm32=0.03 R5-genie=0.00
115/448 done    D2_C2_S2_Nr8_T16_Tp4_dft_snr15_skip720_n40.npz  (639 s)  BLER16: R2-ours-G=0.03 R3-bigamp=0.05 R4-scvamp=0.07 M-ours-gmm32=0.00 R5-genie=0.03
116/448 done    D2_C2_S2_Nr8_T16_Tp4_dft_snr3_skip640_n40.npz  (641 s)  BLER16: R2-ours-G=0.00 R3-bigamp=0.15 R4-scvamp=0.20 M-ours-gmm32=0.03 R5-genie=0.00
117/448 done    D2_C2_S2_Nr8_T16_Tp4_dft_snr12_skip760_n40.npz  (642 s)  BLER16: R2-ours-G=0.00 R3-bigamp=0.00 R4-scvamp=0.05 M-ours-gmm32=0.00 R5-genie=0.00
118/448 done    D2_C2_S2_Nr8_T16_Tp4_dft_snr0_skip760_n40.npz  (642 s)  BLER16: R2-ours-G=0.20 R3-bigamp=0.30 R4-scvamp=0.42 M-ours-gmm32=0.20 R5-genie=0.03
119/448 done    D2_C2_S2_Nr8_T16_Tp4_dft_snr15_skip440_n40.npz  (643 s)  BLER16: R2-ours-G=0.00 R3-bigamp=0.03 R4-scvamp=0.00 M-ours-gmm32=0.00 R5-genie=0.00
120/448 done    D2_C2_S2_Nr8_T16_Tp4_dft_snr6_skip680_n40.npz  (644 s)  BLER16: R2-ours-G=0.00 R3-bigamp=0.07 R4-scvamp=0.12 M-ours-gmm32=0.00 R5-genie=0.00
121/448 done    D2_C2_S2_Nr8_T16_Tp4_dft_snr9_skip720_n40.npz  (644 s)  BLER16: R2-ours-G=0.00 R3-bigamp=0.00 R4-scvamp=0.03 M-ours-gmm32=0.00 R5-genie=0.00
122/448 done    D2_C2_S2_Nr8_T16_Tp4_dft_snr9_skip960_n40.npz  (645 s)  BLER16: R2-ours-G=0.03 R3-bigamp=0.03 R4-scvamp=0.07 M-ours-gmm32=0.03 R5-genie=0.00
123/448 done    D2_C2_S2_Nr8_T16_Tp4_dft_snr3_skip960_n40.npz  (646 s)  BLER16: R2-ours-G=0.05 R3-bigamp=0.10 R4-scvamp=0.17 M-ours-gmm32=0.07 R5-genie=0.00
124/448 done    D2_C2_S2_Nr8_T16_Tp4_dft_snr3_skip0_n40.npz  (647 s)  BLER16: R2-ours-G=0.03 R3-bigamp=0.15 R4-scvamp=0.30 M-ours-gmm32=0.03 R5-genie=0.00
125/448 done    D2_C2_S2_Nr8_T16_Tp4_dft_snr-3_skip280_n40.npz  (648 s)  BLER16: R2-ours-G=0.40 R3-bigamp=0.62 R4-scvamp=0.57 M-ours-gmm32=0.35 R5-genie=0.00
126/448 done    D2_C2_S2_Nr8_T16_Tp4_dft_snr0_skip560_n40.npz  (648 s)  BLER16: R2-ours-G=0.15 R3-bigamp=0.33 R4-scvamp=0.38 M-ours-gmm32=0.10 R5-genie=0.00
127/448 done    D2_C2_S2_Nr8_T16_Tp4_dft_snr6_skip800_n40.npz  (649 s)  BLER16: R2-ours-G=0.05 R3-bigamp=0.12 R4-scvamp=0.20 M-ours-gmm32=0.03 R5-genie=0.03
128/448 done    D2_C2_S2_Nr8_T16_Tp4_dft_snr9_skip200_n40.npz  (649 s)  BLER16: R2-ours-G=0.00 R3-bigamp=0.07 R4-scvamp=0.15 M-ours-gmm32=0.00 R5-genie=0.00
129/448 done    D2_C2_S2_Nr8_T16_Tp4_dft_snr0_skip680_n40.npz  (650 s)  BLER16: R2-ours-G=0.10 R3-bigamp=0.15 R4-scvamp=0.23 M-ours-gmm32=0.10 R5-genie=0.03
130/448 done    D2_C2_S2_Nr8_T16_Tp4_dft_snr-3_skip360_n40.npz  (652 s)  BLER16: R2-ours-G=0.17 R3-bigamp=0.55 R4-scvamp=0.55 M-ours-gmm32=0.12 R5-genie=0.00
131/448 done    D2_C2_S2_Nr8_T16_Tp4_dft_snr3_skip1040_n40.npz  (652 s)  BLER16: R2-ours-G=0.07 R3-bigamp=0.07 R4-scvamp=0.10 M-ours-gmm32=0.05 R5-genie=0.00
132/448 done    D2_C2_S2_Nr8_T16_Tp4_dft_snr-3_skip40_n40.npz  (655 s)  BLER16: R2-ours-G=0.28 R3-bigamp=0.42 R4-scvamp=0.53 M-ours-gmm32=0.28 R5-genie=0.03
133/448 done    D2_C2_S2_Nr8_T16_Tp4_dft_snr0_skip600_n40.npz  (657 s)  BLER16: R2-ours-G=0.10 R3-bigamp=0.15 R4-scvamp=0.17 M-ours-gmm32=0.07 R5-genie=0.00
134/448 done    D2_C2_S2_Nr8_T16_Tp4_dft_snr6_skip0_n40.npz  (658 s)  BLER16: R2-ours-G=0.03 R3-bigamp=0.05 R4-scvamp=0.05 M-ours-gmm32=0.00 R5-genie=0.00
135/448 done    D2_C2_S2_Nr8_T16_Tp4_dft_snr0_skip0_n40.npz  (660 s)  BLER16: R2-ours-G=0.15 R3-bigamp=0.25 R4-scvamp=0.38 M-ours-gmm32=0.10 R5-genie=0.03
136/448 done    D2_C2_S2_Nr8_T16_Tp4_dft_snr15_skip40_n40.npz  (661 s)  BLER16: R2-ours-G=0.00 R3-bigamp=0.12 R4-scvamp=0.05 M-ours-gmm32=0.00 R5-genie=0.00
137/448 done    D2_C2_S2_Nr8_T16_Tp4_dft_snr-3_skip120_n40.npz  (661 s)  BLER16: R2-ours-G=0.40 R3-bigamp=0.47 R4-scvamp=0.65 M-ours-gmm32=0.35 R5-genie=0.00
138/448 done    D2_C2_S2_Nr8_T16_Tp4_dft_snr3_skip840_n40.npz  (662 s)  BLER16: R2-ours-G=0.07 R3-bigamp=0.07 R4-scvamp=0.17 M-ours-gmm32=0.05 R5-genie=0.00
139/448 done    D2_C2_S2_Nr8_T16_Tp4_dft_snr-3_skip160_n40.npz  (665 s)  BLER16: R2-ours-G=0.35 R3-bigamp=0.57 R4-scvamp=0.60 M-ours-gmm32=0.28 R5-genie=0.00
140/448 done    D2_C2_S2_Nr8_T16_Tp4_dft_snr15_skip120_n40.npz  (665 s)  BLER16: R2-ours-G=0.00 R3-bigamp=0.03 R4-scvamp=0.00 M-ours-gmm32=0.00 R5-genie=0.00
141/448 done    D2_C2_S2_Nr8_T16_Tp4_dft_snr0_skip80_n40.npz  (666 s)  BLER16: R2-ours-G=0.17 R3-bigamp=0.25 R4-scvamp=0.35 M-ours-gmm32=0.15 R5-genie=0.00
142/448 done    D2_C2_S2_Nr8_T16_Tp4_dft_snr-3_skip520_n40.npz  (667 s)  BLER16: R2-ours-G=0.28 R3-bigamp=0.50 R4-scvamp=0.60 M-ours-gmm32=0.23 R5-genie=0.00
143/448 done    D2_C2_S2_Nr8_T16_Tp4_dft_snr12_skip1040_n40.npz  (669 s)  BLER16: R2-ours-G=0.03 R3-bigamp=0.10 R4-scvamp=0.05 M-ours-gmm32=0.00 R5-genie=0.00
144/448 done    D2_C2_S2_Nr8_T16_Tp4_dft_snr9_skip1040_n40.npz  (671 s)  BLER16: R2-ours-G=0.00 R3-bigamp=0.00 R4-scvamp=0.10 M-ours-gmm32=0.00 R5-genie=0.00
145/448 done    D2_C2_S2_Nr8_T16_Tp4_dft_snr15_skip960_n40.npz  (672 s)  BLER16: R2-ours-G=0.00 R3-bigamp=0.03 R4-scvamp=0.00 M-ours-gmm32=0.00 R5-genie=0.00
146/448 done    D2_C2_S2_Nr8_T16_Tp4_dft_snr3_skip800_n40.npz  (672 s)  BLER16: R2-ours-G=0.03 R3-bigamp=0.05 R4-scvamp=0.05 M-ours-gmm32=0.03 R5-genie=0.00
147/448 done    D2_C2_S2_Nr8_T16_Tp4_dft_snr3_skip760_n40.npz  (673 s)  BLER16: R2-ours-G=0.05 R3-bigamp=0.12 R4-scvamp=0.15 M-ours-gmm32=0.03 R5-genie=0.03
148/448 done    D2_C2_S2_Nr8_T16_Tp4_dft_snr3_skip920_n40.npz  (674 s)  BLER16: R2-ours-G=0.00 R3-bigamp=0.05 R4-scvamp=0.12 M-ours-gmm32=0.03 R5-genie=0.00
149/448 done    D2_C2_S2_Nr8_T16_Tp4_dft_snr0_skip960_n40.npz  (680 s)  BLER16: R2-ours-G=0.10 R3-bigamp=0.12 R4-scvamp=0.25 M-ours-gmm32=0.07 R5-genie=0.05
150/448 done    D2_C2_S2_Nr8_T16_Tp4_dft_snr0_skip880_n40.npz  (681 s)  BLER16: R2-ours-G=0.10 R3-bigamp=0.20 R4-scvamp=0.33 M-ours-gmm32=0.10 R5-genie=0.05
151/448 done    D2_C2_S2_Nr8_T16_Tp4_dft_snr9_skip360_n40.npz  (682 s)  BLER16: R2-ours-G=0.03 R3-bigamp=0.07 R4-scvamp=0.07 M-ours-gmm32=0.00 R5-genie=0.00
152/448 done    D2_C2_S2_Nr8_T16_Tp4_dft_snr-3_skip760_n40.npz  (683 s)  BLER16: R2-ours-G=0.38 R3-bigamp=0.68 R4-scvamp=0.68 M-ours-gmm32=0.30 R5-genie=0.05
153/448 done    D2_C2_S2_Nr8_T16_Tp4_dft_snr9_skip160_n40.npz  (684 s)  BLER16: R2-ours-G=0.00 R3-bigamp=0.03 R4-scvamp=0.05 M-ours-gmm32=0.03 R5-genie=0.00
154/448 done    D2_C2_S2_Nr8_T16_Tp4_dft_snr15_skip600_n40.npz  (684 s)  BLER16: R2-ours-G=0.00 R3-bigamp=0.03 R4-scvamp=0.00 M-ours-gmm32=0.00 R5-genie=0.03
155/448 done    D2_C2_S2_Nr8_T16_Tp4_dft_snr9_skip520_n40.npz  (684 s)  BLER16: R2-ours-G=0.00 R3-bigamp=0.10 R4-scvamp=0.07 M-ours-gmm32=0.03 R5-genie=0.00
156/448 done    D2_C2_S2_Nr8_T16_Tp4_dft_snr0_skip520_n40.npz  (686 s)  BLER16: R2-ours-G=0.07 R3-bigamp=0.12 R4-scvamp=0.25 M-ours-gmm32=0.05 R5-genie=0.00
157/448 done    D2_C2_S2_Nr8_T16_Tp4_dft_snr-3_skip800_n40.npz  (688 s)  BLER16: R2-ours-G=0.23 R3-bigamp=0.55 R4-scvamp=0.65 M-ours-gmm32=0.15 R5-genie=0.00
158/448 done    D2_C2_S2_Nr8_T16_Tp4_dft_snr-3_skip320_n40.npz  (690 s)  BLER16: R2-ours-G=0.10 R3-bigamp=0.53 R4-scvamp=0.55 M-ours-gmm32=0.10 R5-genie=0.00
159/448 done    D2_C2_S2_Nr8_T16_Tp4_dft_snr15_skip920_n40.npz  (690 s)  BLER16: R2-ours-G=0.00 R3-bigamp=0.05 R4-scvamp=0.00 M-ours-gmm32=0.00 R5-genie=0.00
160/448 done    D2_C2_S2_Nr8_T16_Tp4_dft_snr12_skip720_n40.npz  (692 s)  BLER16: R2-ours-G=0.00 R3-bigamp=0.10 R4-scvamp=0.05 M-ours-gmm32=0.00 R5-genie=0.00
161/448 done    D2_C2_S2_Nr8_T16_Tp4_dft_snr-3_skip440_n40.npz  (692 s)  BLER16: R2-ours-G=0.35 R3-bigamp=0.55 R4-scvamp=0.57 M-ours-gmm32=0.30 R5-genie=0.07
162/448 done    D2_C2_S2_Nr8_T16_Tp4_dft_snr9_skip600_n40.npz  (692 s)  BLER16: R2-ours-G=0.05 R3-bigamp=0.15 R4-scvamp=0.12 M-ours-gmm32=0.07 R5-genie=0.03
163/448 done    D2_C2_S2_Nr8_T16_Tp4_dft_snr-3_skip480_n40.npz  (694 s)  BLER16: R2-ours-G=0.30 R3-bigamp=0.40 R4-scvamp=0.50 M-ours-gmm32=0.23 R5-genie=0.05
164/448 done    D2_C2_S2_Nr8_T16_Tp4_dft_snr0_skip240_n40.npz  (696 s)  BLER16: R2-ours-G=0.10 R3-bigamp=0.17 R4-scvamp=0.47 M-ours-gmm32=0.05 R5-genie=0.03
165/448 done    D2_C2_S2_Nr8_T16_Tp4_dft_snr-3_skip80_n40.npz  (697 s)  BLER16: R2-ours-G=0.38 R3-bigamp=0.68 R4-scvamp=0.65 M-ours-gmm32=0.33 R5-genie=0.07
166/448 done    D2_C2_S2_Nr8_T16_Tp4_dft_snr-3_skip1040_n40.npz  (698 s)  BLER16: R2-ours-G=0.40 R3-bigamp=0.57 R4-scvamp=0.62 M-ours-gmm32=0.35 R5-genie=0.00
167/448 done    D2_C2_S2_Nr8_T16_Tp4_dft_snr-3_skip840_n40.npz  (699 s)  BLER16: R2-ours-G=0.47 R3-bigamp=0.60 R4-scvamp=0.70 M-ours-gmm32=0.33 R5-genie=0.03
168/448 done    D2_C2_S2_Nr8_T16_Tp4_dft_snr15_skip1000_n40.npz  (701 s)  BLER16: R2-ours-G=0.00 R3-bigamp=0.07 R4-scvamp=0.03 M-ours-gmm32=0.00 R5-genie=0.00
169/448 done    D2_C2_S2_Nr8_T16_Tp4_dft_snr-3_skip600_n40.npz  (701 s)  BLER16: R2-ours-G=0.20 R3-bigamp=0.53 R4-scvamp=0.53 M-ours-gmm32=0.23 R5-genie=0.00
170/448 done    D2_C2_S2_Nr8_T16_Tp4_dft_snr-3_skip960_n40.npz  (708 s)  BLER16: R2-ours-G=0.28 R3-bigamp=0.50 R4-scvamp=0.70 M-ours-gmm32=0.20 R5-genie=0.03
171/448 done    D2_C2_S2_Nr8_T16_Tp4_dft_snr-3_skip240_n40.npz  (708 s)  BLER16: R2-ours-G=0.17 R3-bigamp=0.40 R4-scvamp=0.60 M-ours-gmm32=0.17 R5-genie=0.00
172/448 done    D2_C2_S2_Nr8_T16_Tp4_dft_snr15_skip80_n40.npz  (709 s)  BLER16: R2-ours-G=0.00 R3-bigamp=0.07 R4-scvamp=0.03 M-ours-gmm32=0.00 R5-genie=0.00
173/448 done    D2_C2_S2_Nr8_T16_Tp4_dft_snr-3_skip1000_n40.npz  (709 s)  BLER16: R2-ours-G=0.42 R3-bigamp=0.50 R4-scvamp=0.57 M-ours-gmm32=0.40 R5-genie=0.05
174/448 done    D2_C2_S2_Nr8_T16_Tp4_dft_snr-3_skip0_n40.npz  (711 s)  BLER16: R2-ours-G=0.42 R3-bigamp=0.75 R4-scvamp=0.72 M-ours-gmm32=0.33 R5-genie=0.07
175/448 done    D2_C2_S2_Nr8_T16_Tp4_dft_snr3_skip200_n40.npz  (712 s)  BLER16: R2-ours-G=0.03 R3-bigamp=0.05 R4-scvamp=0.20 M-ours-gmm32=0.05 R5-genie=0.00
176/448 done    D2_C2_S2_Nr8_T16_Tp4_dft_snr-3_skip640_n40.npz  (713 s)  BLER16: R2-ours-G=0.33 R3-bigamp=0.47 R4-scvamp=0.60 M-ours-gmm32=0.17 R5-genie=0.00
177/448 done    D2_C2_S2_Nr8_T16_Tp4_dft_snr3_skip400_n40.npz  (715 s)  BLER16: R2-ours-G=0.05 R3-bigamp=0.07 R4-scvamp=0.15 M-ours-gmm32=0.00 R5-genie=0.00
178/448 done    D2_C2_S2_Nr8_T16_Tp4_dft_snr9_skip640_n40.npz  (720 s)  BLER16: R2-ours-G=0.00 R3-bigamp=0.05 R4-scvamp=0.07 M-ours-gmm32=0.03 R5-genie=0.00
179/448 done    D2_C2_S2_Nr8_T16_Tp4_dft_snr0_skip160_n40.npz  (722 s)  BLER16: R2-ours-G=0.12 R3-bigamp=0.25 R4-scvamp=0.28 M-ours-gmm32=0.10 R5-genie=0.00
180/448 done    D2_C2_S2_Nr8_T16_Tp4_dft_snr3_skip40_n40.npz  (722 s)  BLER16: R2-ours-G=0.00 R3-bigamp=0.03 R4-scvamp=0.20 M-ours-gmm32=0.03 R5-genie=0.00
181/448 done    D2_C2_S2_Nr8_T16_Tp4_dft_snr-3_skip1080_n40.npz  (724 s)  BLER16: R2-ours-G=0.33 R3-bigamp=0.57 R4-scvamp=0.60 M-ours-gmm32=0.23 R5-genie=0.07
182/448 done    D2_C2_S2_Nr8_T16_Tp4_dft_snr-3_skip720_n40.npz  (730 s)  BLER16: R2-ours-G=0.20 R3-bigamp=0.57 R4-scvamp=0.57 M-ours-gmm32=0.12 R5-genie=0.03
183/448 done    D2_C2_S2_Nr8_T16_Tp4_dft_snr-3_skip920_n40.npz  (737 s)  BLER16: R2-ours-G=0.50 R3-bigamp=0.78 R4-scvamp=0.75 M-ours-gmm32=0.47 R5-genie=0.07
184/448 done    D2_C2_S2_Nr8_T16_Tp4_dft_snr15_skip480_n40.npz  (738 s)  BLER16: R2-ours-G=0.00 R3-bigamp=0.05 R4-scvamp=0.00 M-ours-gmm32=0.00 R5-genie=0.00
185/448 done    D2_C2_S2_Nr8_T16_Tp4_dft_snr9_skip760_n40.npz  (739 s)  BLER16: R2-ours-G=0.00 R3-bigamp=0.05 R4-scvamp=0.05 M-ours-gmm32=0.03 R5-genie=0.00
186/448 done    D2_C2_S2_Nr8_T16_Tp4_dft_snr0_skip640_n40.npz  (751 s)  BLER16: R2-ours-G=0.07 R3-bigamp=0.17 R4-scvamp=0.35 M-ours-gmm32=0.07 R5-genie=0.00
187/448 done    D2_C2_S2_Nr8_T16_Tp4_dft_snr-3_skip680_n40.npz  (756 s)  BLER16: R2-ours-G=0.40 R3-bigamp=0.65 R4-scvamp=0.60 M-ours-gmm32=0.23 R5-genie=0.05
188/448 done    D2_C2_S2_Nr8_T16_Tp4_dft_snr-3_skip880_n40.npz  (761 s)  BLER16: R2-ours-G=0.30 R3-bigamp=0.50 R4-scvamp=0.60 M-ours-gmm32=0.17 R5-genie=0.03
189/448 done    D2_C2_S2_Nr8_T16_Tp4_dft_snr0_skip920_n40.npz  (763 s)  BLER16: R2-ours-G=0.05 R3-bigamp=0.15 R4-scvamp=0.23 M-ours-gmm32=0.05 R5-genie=0.00
190/448 done    D2_C2_S2_Nr8_T16_Tp4_dft_snr0_skip840_n40.npz  (766 s)  BLER16: R2-ours-G=0.10 R3-bigamp=0.25 R4-scvamp=0.28 M-ours-gmm32=0.12 R5-genie=0.00
191/448 done    D2_C2_S2_Nr8_T16_Tp4_dft_snr12_skip880_n40.npz  (767 s)  BLER16: R2-ours-G=0.00 R3-bigamp=0.03 R4-scvamp=0.00 M-ours-gmm32=0.00 R5-genie=0.00
192/448 done    D2_C2_S2_Nr8_T16_Tp4_dft_snr-3_skip200_n40.npz  (809 s)  BLER16: R2-ours-G=0.47 R3-bigamp=0.65 R4-scvamp=0.72 M-ours-gmm32=0.40 R5-genie=0.07
193/448 done    D2_C2_S2_Nr8_T16_Tp4_dft_snr6_skip1080_n40.npz  (535 s)  BLER16: R2-ours-G=0.00 R3-bigamp=0.05 R4-scvamp=0.07 M-ours-gmm32=0.00 R5-genie=0.03
194/448 done    D2_C2_S2_Nr8_T16_Tp4_dft_snr9_skip1080_n40.npz  (549 s)  BLER16: R2-ours-G=0.00 R3-bigamp=0.05 R4-scvamp=0.07 M-ours-gmm32=0.00 R5-genie=0.00
195/448 done    D2_C2_S2_Nr8_T16_Tp4_dft_snr15_skip1080_n40.npz  (553 s)  BLER16: R2-ours-G=0.00 R3-bigamp=0.05 R4-scvamp=0.03 M-ours-gmm32=0.00 R5-genie=0.00
196/448 done    D2_C2_S2_Nr8_T16_Tp4_dft_snr12_skip1080_n40.npz  (567 s)  BLER16: R2-ours-G=0.03 R3-bigamp=0.05 R4-scvamp=0.03 M-ours-gmm32=0.03 R5-genie=0.00
197/448 done    D2_C2_S2_Nr8_T16_Tp4_dft_snr12_skip1120_n40.npz  (550 s)  BLER16: R2-ours-G=0.00 R3-bigamp=0.10 R4-scvamp=0.05 M-ours-gmm32=0.03 R5-genie=0.00
198/448 done    D2_C2_S2_Nr8_T16_Tp4_dft_snr15_skip1120_n40.npz  (546 s)  BLER16: R2-ours-G=0.00 R3-bigamp=0.07 R4-scvamp=0.03 M-ours-gmm32=0.00 R5-genie=0.00
199/448 done    D2_C2_S2_Nr8_T16_Tp4_dft_snr6_skip1120_n40.npz  (560 s)  BLER16: R2-ours-G=0.00 R3-bigamp=0.03 R4-scvamp=0.00 M-ours-gmm32=0.00 R5-genie=0.00
200/448 done    D2_C2_S2_Nr8_T16_Tp4_dft_snr12_skip1160_n40.npz  (547 s)  BLER16: R2-ours-G=0.03 R3-bigamp=0.05 R4-scvamp=0.05 M-ours-gmm32=0.00 R5-genie=0.00
201/448 done    D2_C2_S2_Nr8_T16_Tp4_dft_snr6_skip1160_n40.npz  (551 s)  BLER16: R2-ours-G=0.03 R3-bigamp=0.10 R4-scvamp=0.10 M-ours-gmm32=0.03 R5-genie=0.00
202/448 done    D2_C2_S2_Nr8_T16_Tp4_dft_snr0_skip1200_n40.npz  (544 s)  BLER16: R2-ours-G=0.07 R3-bigamp=0.17 R4-scvamp=0.33 M-ours-gmm32=0.10 R5-genie=0.00
203/448 done    D2_C2_S2_Nr8_T16_Tp4_dft_snr9_skip1120_n40.npz  (562 s)  BLER16: R2-ours-G=0.00 R3-bigamp=0.05 R4-scvamp=0.03 M-ours-gmm32=0.00 R5-genie=0.00
204/448 done    D2_C2_S2_Nr8_T16_Tp4_dft_snr9_skip1320_n40.npz  (534 s)  BLER16: R2-ours-G=0.00 R3-bigamp=0.03 R4-scvamp=0.05 M-ours-gmm32=0.03 R5-genie=0.00
205/448 done    D2_C2_S2_Nr8_T16_Tp4_dft_snr3_skip1200_n40.npz  (550 s)  BLER16: R2-ours-G=0.03 R3-bigamp=0.07 R4-scvamp=0.17 M-ours-gmm32=0.00 R5-genie=0.00
206/448 done    D2_C2_S2_Nr8_T16_Tp4_dft_snr9_skip1160_n40.npz  (558 s)  BLER16: R2-ours-G=0.00 R3-bigamp=0.03 R4-scvamp=0.05 M-ours-gmm32=0.00 R5-genie=0.00
207/448 done    D2_C2_S2_Nr8_T16_Tp4_dft_snr3_skip1120_n40.npz  (573 s)  BLER16: R2-ours-G=0.03 R3-bigamp=0.05 R4-scvamp=0.10 M-ours-gmm32=0.03 R5-genie=0.00
208/448 done    D2_C2_S2_Nr8_T16_Tp4_dft_snr3_skip1160_n40.npz  (564 s)  BLER16: R2-ours-G=0.03 R3-bigamp=0.05 R4-scvamp=0.12 M-ours-gmm32=0.03 R5-genie=0.00
209/448 done    D2_C2_S2_Nr8_T16_Tp4_dft_snr12_skip1240_n40.npz  (550 s)  BLER16: R2-ours-G=0.03 R3-bigamp=0.10 R4-scvamp=0.05 M-ours-gmm32=0.03 R5-genie=0.00
210/448 done    D2_C2_S2_Nr8_T16_Tp4_dft_snr15_skip1160_n40.npz  (566 s)  BLER16: R2-ours-G=0.00 R3-bigamp=0.05 R4-scvamp=0.03 M-ours-gmm32=0.00 R5-genie=0.00
211/448 done    D2_C2_S2_Nr8_T16_Tp4_dft_snr15_skip1240_n40.npz  (554 s)  BLER16: R2-ours-G=0.03 R3-bigamp=0.05 R4-scvamp=0.07 M-ours-gmm32=0.03 R5-genie=0.00
212/448 done    D2_C2_S2_Nr8_T16_Tp4_dft_snr15_skip1320_n40.npz  (547 s)  BLER16: R2-ours-G=0.00 R3-bigamp=0.03 R4-scvamp=0.03 M-ours-gmm32=0.00 R5-genie=0.00
213/448 done    D2_C2_S2_Nr8_T16_Tp4_dft_snr15_skip1280_n40.npz  (552 s)  BLER16: R2-ours-G=0.00 R3-bigamp=0.05 R4-scvamp=0.05 M-ours-gmm32=0.00 R5-genie=0.00
214/448 done    D2_C2_S2_Nr8_T16_Tp4_dft_snr3_skip1280_n40.npz  (554 s)  BLER16: R2-ours-G=0.03 R3-bigamp=0.10 R4-scvamp=0.12 M-ours-gmm32=0.00 R5-genie=0.00
215/448 done    D2_C2_S2_Nr8_T16_Tp4_dft_snr9_skip1360_n40.npz  (546 s)  BLER16: R2-ours-G=0.03 R3-bigamp=0.07 R4-scvamp=0.07 M-ours-gmm32=0.03 R5-genie=0.00
216/448 done    D2_C2_S2_Nr8_T16_Tp4_dft_snr9_skip1280_n40.npz  (553 s)  BLER16: R2-ours-G=0.05 R3-bigamp=0.10 R4-scvamp=0.07 M-ours-gmm32=0.03 R5-genie=0.00
217/448 done    D2_C2_S2_Nr8_T16_Tp4_dft_snr6_skip1240_n40.npz  (559 s)  BLER16: R2-ours-G=0.03 R3-bigamp=0.03 R4-scvamp=0.05 M-ours-gmm32=0.00 R5-genie=0.00
218/448 done    D2_C2_S2_Nr8_T16_Tp4_dft_snr15_skip1200_n40.npz  (564 s)  BLER16: R2-ours-G=0.00 R3-bigamp=0.10 R4-scvamp=0.03 M-ours-gmm32=0.00 R5-genie=0.00
219/448 done    D2_C2_S2_Nr8_T16_Tp4_dft_snr12_skip1200_n40.npz  (565 s)  BLER16: R2-ours-G=0.00 R3-bigamp=0.05 R4-scvamp=0.00 M-ours-gmm32=0.00 R5-genie=0.00
220/448 done    D2_C2_S2_Nr8_T16_Tp4_dft_snr6_skip1200_n40.npz  (567 s)  BLER16: R2-ours-G=0.05 R3-bigamp=0.17 R4-scvamp=0.12 M-ours-gmm32=0.03 R5-genie=0.00
221/448 done    D2_C2_S2_Nr8_T16_Tp4_dft_snr3_skip1240_n40.npz  (567 s)  BLER16: R2-ours-G=0.03 R3-bigamp=0.05 R4-scvamp=0.15 M-ours-gmm32=0.00 R5-genie=0.00
222/448 done    D2_C2_S2_Nr8_T16_Tp4_dft_snr9_skip1240_n40.npz  (564 s)  BLER16: R2-ours-G=0.03 R3-bigamp=0.05 R4-scvamp=0.07 M-ours-gmm32=0.05 R5-genie=0.00
223/448 done    D2_C2_S2_Nr8_T16_Tp4_dft_snr6_skip1280_n40.npz  (562 s)  BLER16: R2-ours-G=0.00 R3-bigamp=0.00 R4-scvamp=0.05 M-ours-gmm32=0.00 R5-genie=0.00
224/448 done    D2_C2_S2_Nr8_T16_Tp4_dft_snr3_skip1320_n40.npz  (561 s)  BLER16: R2-ours-G=0.00 R3-bigamp=0.07 R4-scvamp=0.07 M-ours-gmm32=0.03 R5-genie=0.00
225/448 done    D2_C2_S2_Nr8_T16_Tp4_dft_snr6_skip1320_n40.npz  (561 s)  BLER16: R2-ours-G=0.03 R3-bigamp=0.05 R4-scvamp=0.10 M-ours-gmm32=0.00 R5-genie=0.00
226/448 done    D2_C2_S2_Nr8_T16_Tp4_dft_snr0_skip1240_n40.npz  (572 s)  BLER16: R2-ours-G=0.07 R3-bigamp=0.15 R4-scvamp=0.33 M-ours-gmm32=0.07 R5-genie=0.00
227/448 done    D2_C2_S2_Nr8_T16_Tp4_dft_snr12_skip1320_n40.npz  (562 s)  BLER16: R2-ours-G=0.03 R3-bigamp=0.10 R4-scvamp=0.10 M-ours-gmm32=0.03 R5-genie=0.00
228/448 done    D2_C2_S2_Nr8_T16_Tp4_dft_snr3_skip1400_n40.npz  (558 s)  BLER16: R2-ours-G=0.03 R3-bigamp=0.07 R4-scvamp=0.12 M-ours-gmm32=0.03 R5-genie=0.00
229/448 done    D2_C2_S2_Nr8_T16_Tp4_dft_snr9_skip1200_n40.npz  (577 s)  BLER16: R2-ours-G=0.03 R3-bigamp=0.00 R4-scvamp=0.07 M-ours-gmm32=0.00 R5-genie=0.00
230/448 done    D2_C2_S2_Nr8_T16_Tp4_dft_snr12_skip1280_n40.npz  (567 s)  BLER16: R2-ours-G=0.03 R3-bigamp=0.03 R4-scvamp=0.05 M-ours-gmm32=0.03 R5-genie=0.00
231/448 done    D2_C2_S2_Nr8_T16_Tp4_dft_snr12_skip1360_n40.npz  (564 s)  BLER16: R2-ours-G=0.00 R3-bigamp=0.03 R4-scvamp=0.03 M-ours-gmm32=0.00 R5-genie=0.00
232/448 done    D2_C2_S2_Nr8_T16_Tp4_dft_snr9_skip1440_n40.npz  (556 s)  BLER16: R2-ours-G=0.03 R3-bigamp=0.03 R4-scvamp=0.05 M-ours-gmm32=0.03 R5-genie=0.00
233/448 done    D2_C2_S2_Nr8_T16_Tp4_dft_snr6_skip1360_n40.npz  (566 s)  BLER16: R2-ours-G=0.00 R3-bigamp=0.00 R4-scvamp=0.07 M-ours-gmm32=0.00 R5-genie=0.00
234/448 done    D2_C2_S2_Nr8_T16_Tp4_dft_snr9_skip1480_n40.npz  (556 s)  BLER16: R2-ours-G=0.00 R3-bigamp=0.05 R4-scvamp=0.07 M-ours-gmm32=0.00 R5-genie=0.00
235/448 done    D2_C2_S2_Nr8_T16_Tp4_dft_snr0_skip1320_n40.npz  (573 s)  BLER16: R2-ours-G=0.07 R3-bigamp=0.28 R4-scvamp=0.28 M-ours-gmm32=0.07 R5-genie=0.00
236/448 done    D2_C2_S2_Nr8_T16_Tp4_dft_snr9_skip1400_n40.npz  (567 s)  BLER16: R2-ours-G=0.00 R3-bigamp=0.03 R4-scvamp=0.00 M-ours-gmm32=0.00 R5-genie=0.00
237/448 done    D2_C2_S2_Nr8_T16_Tp4_dft_snr0_skip1280_n40.npz  (582 s)  BLER16: R2-ours-G=0.07 R3-bigamp=0.17 R4-scvamp=0.38 M-ours-gmm32=0.05 R5-genie=0.00
238/448 done    D2_C2_S2_Nr8_T16_Tp4_dft_snr6_skip1560_n40.npz  (552 s)  BLER16: R2-ours-G=0.05 R3-bigamp=0.10 R4-scvamp=0.15 M-ours-gmm32=0.03 R5-genie=0.00
239/448 done    D2_C2_S2_Nr8_T16_Tp4_dft_snr12_skip1560_n40.npz  (548 s)  BLER16: R2-ours-G=0.00 R3-bigamp=0.05 R4-scvamp=0.00 M-ours-gmm32=0.00 R5-genie=0.00
240/448 done    D2_C2_S2_Nr8_T16_Tp4_dft_snr6_skip1440_n40.npz  (566 s)  BLER16: R2-ours-G=0.03 R3-bigamp=0.03 R4-scvamp=0.05 M-ours-gmm32=0.03 R5-genie=0.00
241/448 done    D2_C2_S2_Nr8_T16_Tp4_dft_snr9_skip1560_n40.npz  (551 s)  BLER16: R2-ours-G=0.00 R3-bigamp=0.05 R4-scvamp=0.15 M-ours-gmm32=0.00 R5-genie=0.00
242/448 done    D2_C2_S2_Nr8_T16_Tp4_dft_snr12_skip1480_n40.npz  (564 s)  BLER16: R2-ours-G=0.00 R3-bigamp=0.05 R4-scvamp=0.03 M-ours-gmm32=0.00 R5-genie=0.00
243/448 done    D2_C2_S2_Nr8_T16_Tp4_dft_snr15_skip1520_n40.npz  (561 s)  BLER16: R2-ours-G=0.03 R3-bigamp=0.03 R4-scvamp=0.03 M-ours-gmm32=0.00 R5-genie=0.00
244/448 done    D2_C2_S2_Nr8_T16_Tp4_dft_snr-3_skip1160_n40.npz  (610 s)  BLER16: R2-ours-G=0.33 R3-bigamp=0.50 R4-scvamp=0.60 M-ours-gmm32=0.15 R5-genie=0.05
245/448 done    D2_C2_S2_Nr8_T16_Tp4_dft_snr0_skip1440_n40.npz  (571 s)  BLER16: R2-ours-G=0.15 R3-bigamp=0.38 R4-scvamp=0.33 M-ours-gmm32=0.07 R5-genie=0.00
246/448 done    D2_C2_S2_Nr8_T16_Tp4_dft_snr0_skip1400_n40.npz  (579 s)  BLER16: R2-ours-G=0.10 R3-bigamp=0.20 R4-scvamp=0.25 M-ours-gmm32=0.10 R5-genie=0.03
247/448 done    D2_C2_S2_Nr8_T16_Tp4_dft_snr15_skip1360_n40.npz  (579 s)  BLER16: R2-ours-G=0.00 R3-bigamp=0.05 R4-scvamp=0.05 M-ours-gmm32=0.00 R5-genie=0.00
248/448 done    D2_C2_S2_Nr8_T16_Tp4_dft_snr0_skip1360_n40.npz  (582 s)  BLER16: R2-ours-G=0.10 R3-bigamp=0.23 R4-scvamp=0.28 M-ours-gmm32=0.10 R5-genie=0.03
249/448 done    D2_C2_S2_Nr8_T16_Tp4_dft_snr3_skip1520_n40.npz  (565 s)  BLER16: R2-ours-G=0.00 R3-bigamp=0.15 R4-scvamp=0.20 M-ours-gmm32=0.07 R5-genie=0.00
250/448 done    D2_C2_S2_Nr8_T16_Tp4_dft_snr12_skip1400_n40.npz  (575 s)  BLER16: R2-ours-G=0.03 R3-bigamp=0.07 R4-scvamp=0.05 M-ours-gmm32=0.03 R5-genie=0.00
251/448 done    D2_C2_S2_Nr8_T16_Tp4_dft_snr12_skip1600_n40.npz  (552 s)  BLER16: R2-ours-G=0.00 R3-bigamp=0.00 R4-scvamp=0.00 M-ours-gmm32=0.00 R5-genie=0.00
252/448 done    D2_C2_S2_Nr8_T16_Tp4_dft_snr3_skip1480_n40.npz  (571 s)  BLER16: R2-ours-G=0.00 R3-bigamp=0.07 R4-scvamp=0.15 M-ours-gmm32=0.03 R5-genie=0.00
253/448 done    D2_C2_S2_Nr8_T16_Tp4_dft_snr15_skip1400_n40.npz  (579 s)  BLER16: R2-ours-G=0.00 R3-bigamp=0.03 R4-scvamp=0.03 M-ours-gmm32=0.00 R5-genie=0.00
254/448 done    D2_C2_S2_Nr8_T16_Tp4_dft_snr15_skip1440_n40.npz  (581 s)  BLER16: R2-ours-G=0.00 R3-bigamp=0.12 R4-scvamp=0.05 M-ours-gmm32=0.00 R5-genie=0.00
255/448 done    D2_C2_S2_Nr8_T16_Tp4_dft_snr3_skip1640_n40.npz  (560 s)  BLER16: R2-ours-G=0.07 R3-bigamp=0.15 R4-scvamp=0.17 M-ours-gmm32=0.03 R5-genie=0.00
256/448 done    D2_C2_S2_Nr8_T16_Tp4_dft_snr3_skip1440_n40.npz  (583 s)  BLER16: R2-ours-G=0.05 R3-bigamp=0.12 R4-scvamp=0.10 M-ours-gmm32=0.05 R5-genie=0.00
257/448 done    D2_C2_S2_Nr8_T16_Tp4_dft_snr0_skip1120_n40.npz  (634 s)  BLER16: R2-ours-G=0.12 R3-bigamp=0.35 R4-scvamp=0.33 M-ours-gmm32=0.10 R5-genie=0.00
258/448 done    D2_C2_S2_Nr8_T16_Tp4_dft_snr3_skip1560_n40.npz  (573 s)  BLER16: R2-ours-G=0.03 R3-bigamp=0.10 R4-scvamp=0.17 M-ours-gmm32=0.05 R5-genie=0.00
259/448 done    D2_C2_S2_Nr8_T16_Tp4_dft_snr15_skip1800_n40.npz  (546 s)  BLER16: R2-ours-G=0.00 R3-bigamp=0.07 R4-scvamp=0.00 M-ours-gmm32=0.00 R5-genie=0.00
260/448 done    D2_C2_S2_Nr8_T16_Tp4_dft_snr9_skip1640_n40.npz  (563 s)  BLER16: R2-ours-G=0.00 R3-bigamp=0.05 R4-scvamp=0.03 M-ours-gmm32=0.00 R5-genie=0.00
261/448 done    D2_C2_S2_Nr8_T16_Tp4_dft_snr6_skip1520_n40.npz  (583 s)  BLER16: R2-ours-G=0.05 R3-bigamp=0.03 R4-scvamp=0.15 M-ours-gmm32=0.00 R5-genie=0.00
262/448 done    D2_C2_S2_Nr8_T16_Tp4_dft_snr0_skip1600_n40.npz  (573 s)  BLER16: R2-ours-G=0.07 R3-bigamp=0.17 R4-scvamp=0.20 M-ours-gmm32=0.07 R5-genie=0.00
263/448 done    D2_C2_S2_Nr8_T16_Tp4_dft_snr12_skip1720_n40.npz  (564 s)  BLER16: R2-ours-G=0.05 R3-bigamp=0.12 R4-scvamp=0.10 M-ours-gmm32=0.05 R5-genie=0.00
264/448 done    D2_C2_S2_Nr8_T16_Tp4_dft_snr0_skip1480_n40.npz  (590 s)  BLER16: R2-ours-G=0.23 R3-bigamp=0.30 R4-scvamp=0.33 M-ours-gmm32=0.12 R5-genie=0.00
265/448 done    D2_C2_S2_Nr8_T16_Tp4_dft_snr12_skip1520_n40.npz  (585 s)  BLER16: R2-ours-G=0.00 R3-bigamp=0.12 R4-scvamp=0.05 M-ours-gmm32=0.00 R5-genie=0.00
266/448 done    D2_C2_S2_Nr8_T16_Tp4_dft_snr0_skip1560_n40.npz  (585 s)  BLER16: R2-ours-G=0.07 R3-bigamp=0.23 R4-scvamp=0.28 M-ours-gmm32=0.05 R5-genie=0.00
267/448 done    D2_C2_S2_Nr8_T16_Tp4_dft_snr6_skip1640_n40.npz  (575 s)  BLER16: R2-ours-G=0.00 R3-bigamp=0.00 R4-scvamp=0.05 M-ours-gmm32=0.00 R5-genie=0.00
268/448 done    D2_C2_S2_Nr8_T16_Tp4_dft_snr6_skip1480_n40.npz  (595 s)  BLER16: R2-ours-G=0.03 R3-bigamp=0.00 R4-scvamp=0.15 M-ours-gmm32=0.00 R5-genie=0.00
269/448 done    D2_C2_S2_Nr8_T16_Tp4_dft_snr3_skip1680_n40.npz  (572 s)  BLER16: R2-ours-G=0.05 R3-bigamp=0.07 R4-scvamp=0.10 M-ours-gmm32=0.03 R5-genie=0.00
270/448 done    D2_C2_S2_Nr8_T16_Tp4_dft_snr0_skip1840_n40.npz  (557 s)  BLER16: R2-ours-G=0.03 R3-bigamp=0.12 R4-scvamp=0.25 M-ours-gmm32=0.03 R5-genie=0.00
271/448 done    D2_C2_S2_Nr8_T16_Tp4_dft_snr9_skip1760_n40.npz  (568 s)  BLER16: R2-ours-G=0.03 R3-bigamp=0.05 R4-scvamp=0.12 M-ours-gmm32=0.03 R5-genie=0.00
272/448 done    D2_C2_S2_Nr8_T16_Tp4_dft_snr12_skip1800_n40.npz  (563 s)  BLER16: R2-ours-G=0.00 R3-bigamp=0.03 R4-scvamp=0.00 M-ours-gmm32=0.00 R5-genie=0.00
273/448 done    D2_C2_S2_Nr8_T16_Tp4_dft_snr-3_skip1240_n40.npz  (625 s)  BLER16: R2-ours-G=0.30 R3-bigamp=0.47 R4-scvamp=0.57 M-ours-gmm32=0.17 R5-genie=0.03
274/448 done    D2_C2_S2_Nr8_T16_Tp4_dft_snr3_skip1600_n40.npz  (584 s)  BLER16: R2-ours-G=0.05 R3-bigamp=0.03 R4-scvamp=0.10 M-ours-gmm32=0.03 R5-genie=0.00
275/448 done    D2_C2_S2_Nr8_T16_Tp4_dft_snr6_skip1680_n40.npz  (579 s)  BLER16: R2-ours-G=0.00 R3-bigamp=0.05 R4-scvamp=0.10 M-ours-gmm32=0.00 R5-genie=0.00
276/448 done    D2_C2_S2_Nr8_T16_Tp4_dft_snr15_skip1840_n40.npz  (555 s)  BLER16: R2-ours-G=0.03 R3-bigamp=0.07 R4-scvamp=0.07 M-ours-gmm32=0.03 R5-genie=0.00
277/448 done    D2_C2_S2_Nr8_T16_Tp4_dft_snr15_skip1640_n40.npz  (582 s)  BLER16: R2-ours-G=0.00 R3-bigamp=0.07 R4-scvamp=0.03 M-ours-gmm32=0.03 R5-genie=0.00
278/448 done    D2_C2_S2_Nr8_T16_Tp4_dft_snr15_skip1560_n40.npz  (588 s)  BLER16: R2-ours-G=0.00 R3-bigamp=0.07 R4-scvamp=0.03 M-ours-gmm32=0.00 R5-genie=0.00
279/448 done    D2_C2_S2_Nr8_T16_Tp4_dft_snr9_skip1520_n40.npz  (598 s)  BLER16: R2-ours-G=0.00 R3-bigamp=0.05 R4-scvamp=0.05 M-ours-gmm32=0.03 R5-genie=0.00
280/448 done    D2_C2_S2_Nr8_T16_Tp4_dft_snr12_skip1440_n40.npz  (606 s)  BLER16: R2-ours-G=0.03 R3-bigamp=0.05 R4-scvamp=0.05 M-ours-gmm32=0.03 R5-genie=0.03
281/448 done    D2_C2_S2_Nr8_T16_Tp4_dft_snr9_skip1880_n40.npz  (552 s)  BLER16: R2-ours-G=0.00 R3-bigamp=0.03 R4-scvamp=0.10 M-ours-gmm32=0.00 R5-genie=0.00
282/448 done    D2_C2_S2_Nr8_T16_Tp4_dft_snr9_skip1720_n40.npz  (581 s)  BLER16: R2-ours-G=0.03 R3-bigamp=0.05 R4-scvamp=0.05 M-ours-gmm32=0.03 R5-genie=0.00
283/448 done    D2_C2_S2_Nr8_T16_Tp4_dft_snr0_skip1800_n40.npz  (573 s)  BLER16: R2-ours-G=0.07 R3-bigamp=0.28 R4-scvamp=0.25 M-ours-gmm32=0.05 R5-genie=0.00
284/448 done    D2_C2_S2_Nr8_T16_Tp4_dft_snr-3_skip1120_n40.npz  (666 s)  BLER16: R2-ours-G=0.28 R3-bigamp=0.55 R4-scvamp=0.62 M-ours-gmm32=0.33 R5-genie=0.05
285/448 done    D2_C2_S2_Nr8_T16_Tp4_dft_snr0_skip1160_n40.npz  (651 s)  BLER16: R2-ours-G=0.12 R3-bigamp=0.12 R4-scvamp=0.38 M-ours-gmm32=0.05 R5-genie=0.00
286/448 done    D2_C2_S2_Nr8_T16_Tp4_dft_snr6_skip1400_n40.npz  (619 s)  BLER16: R2-ours-G=0.03 R3-bigamp=0.00 R4-scvamp=0.05 M-ours-gmm32=0.00 R5-genie=0.00
287/448 done    D2_C2_S2_Nr8_T16_Tp4_dft_snr0_skip1520_n40.npz  (607 s)  BLER16: R2-ours-G=0.15 R3-bigamp=0.23 R4-scvamp=0.38 M-ours-gmm32=0.10 R5-genie=0.00
288/448 done    D2_C2_S2_Nr8_T16_Tp4_dft_snr6_skip1600_n40.npz  (594 s)  BLER16: R2-ours-G=0.05 R3-bigamp=0.03 R4-scvamp=0.03 M-ours-gmm32=0.03 R5-genie=0.00
289/448 done    D2_C2_S2_Nr8_T16_Tp4_dft_snr-3_skip1200_n40.npz  (644 s)  BLER16: R2-ours-G=0.38 R3-bigamp=0.55 R4-scvamp=0.65 M-ours-gmm32=0.28 R5-genie=0.03
290/448 done    D2_C2_S2_Nr8_T16_Tp4_dft_snr6_skip1800_n40.npz  (576 s)  BLER16: R2-ours-G=0.00 R3-bigamp=0.10 R4-scvamp=0.12 M-ours-gmm32=0.03 R5-genie=0.00
291/448 done    D2_C2_S2_Nr8_T16_Tp4_dft_snr0_skip1640_n40.npz  (593 s)  BLER16: R2-ours-G=0.15 R3-bigamp=0.33 R4-scvamp=0.25 M-ours-gmm32=0.10 R5-genie=0.03
292/448 done    D2_C2_S2_Nr8_T16_Tp4_dft_snr3_skip1800_n40.npz  (578 s)  BLER16: R2-ours-G=0.07 R3-bigamp=0.15 R4-scvamp=0.20 M-ours-gmm32=0.07 R5-genie=0.00
293/448 done    D2_C2_S2_Nr8_T16_Tp4_dft_snr-3_skip1280_n40.npz  (633 s)  BLER16: R2-ours-G=0.55 R3-bigamp=0.75 R4-scvamp=0.70 M-ours-gmm32=0.40 R5-genie=0.12
294/448 done    D2_C2_S2_Nr8_T16_Tp4_dft_snr-3_skip1320_n40.npz  (630 s)  BLER16: R2-ours-G=0.25 R3-bigamp=0.53 R4-scvamp=0.57 M-ours-gmm32=0.15 R5-genie=0.00
295/448 done    D2_C2_S2_Nr8_T16_Tp4_dft_snr15_skip1480_n40.npz  (613 s)  BLER16: R2-ours-G=0.00 R3-bigamp=0.05 R4-scvamp=0.10 M-ours-gmm32=0.00 R5-genie=0.00
296/448 done    D2_C2_S2_Nr8_T16_Tp4_dft_snr-3_skip1520_n40.npz  (613 s)  BLER16: R2-ours-G=0.35 R3-bigamp=0.62 R4-scvamp=0.68 M-ours-gmm32=0.35 R5-genie=0.00
297/448 done    D2_C2_S2_Nr8_T16_Tp4_dft_snr12_skip1680_n40.npz  (593 s)  BLER16: R2-ours-G=0.00 R3-bigamp=0.00 R4-scvamp=0.00 M-ours-gmm32=0.00 R5-genie=0.00
298/448 done    D2_C2_S2_Nr8_T16_Tp4_dft_snr12_skip1760_n40.npz  (590 s)  BLER16: R2-ours-G=0.00 R3-bigamp=0.05 R4-scvamp=0.00 M-ours-gmm32=0.00 R5-genie=0.00
299/448 done    D2_C2_S2_Nr8_T16_Tp4_dft_snr9_skip1840_n40.npz  (575 s)  BLER16: R2-ours-G=0.00 R3-bigamp=0.00 R4-scvamp=0.05 M-ours-gmm32=0.00 R5-genie=0.00
300/448 done    D2_C2_S2_Nr8_T16_Tp4_dft_snr0_skip1880_n40.npz  (573 s)  BLER16: R2-ours-G=0.15 R3-bigamp=0.20 R4-scvamp=0.45 M-ours-gmm32=0.12 R5-genie=0.03
301/448 done    D2_C2_S2_Nr8_T16_Tp4_dft_snr3_skip1840_n40.npz  (581 s)  BLER16: R2-ours-G=0.03 R3-bigamp=0.05 R4-scvamp=0.12 M-ours-gmm32=0.00 R5-genie=0.00
302/448 done    D2_C2_S2_Nr8_T16_Tp4_dft_snr-3_skip1440_n40.npz  (627 s)  BLER16: R2-ours-G=0.12 R3-bigamp=0.45 R4-scvamp=0.55 M-ours-gmm32=0.07 R5-genie=0.00
303/448 done    D2_C2_S2_Nr8_T16_Tp4_dft_snr15_skip1720_n40.npz  (598 s)  BLER16: R2-ours-G=0.03 R3-bigamp=0.00 R4-scvamp=0.03 M-ours-gmm32=0.00 R5-genie=0.00
304/448 done    D2_C2_S2_Nr8_T16_Tp4_dft_snr6_skip1720_n40.npz  (602 s)  BLER16: R2-ours-G=0.07 R3-bigamp=0.07 R4-scvamp=0.10 M-ours-gmm32=0.05 R5-genie=0.03
305/448 done    D2_C2_S2_Nr8_T16_Tp4_dft_snr15_skip1960_n40.npz  (553 s)  BLER16: R2-ours-G=0.00 R3-bigamp=0.03 R4-scvamp=0.05 M-ours-gmm32=0.00 R5-genie=0.00
306/448 done    D2_C2_S2_Nr8_T16_Tp4_dft_snr15_skip1600_n40.npz  (612 s)  BLER16: R2-ours-G=0.00 R3-bigamp=0.05 R4-scvamp=0.03 M-ours-gmm32=0.00 R5-genie=0.00
307/448 done    D2_C2_S2_Nr8_T16_Tp4_dft_snr-3_skip1480_n40.npz  (631 s)  BLER16: R2-ours-G=0.33 R3-bigamp=0.40 R4-scvamp=0.60 M-ours-gmm32=0.20 R5-genie=0.00
308/448 done    D2_C2_S2_Nr8_T16_Tp4_dft_snr9_skip1680_n40.npz  (608 s)  BLER16: R2-ours-G=0.00 R3-bigamp=0.03 R4-scvamp=0.05 M-ours-gmm32=0.00 R5-genie=0.00
309/448 done    D2_C2_S2_Nr8_T16_Tp4_dft_snr9_skip1920_n40.npz  (566 s)  BLER16: R2-ours-G=0.05 R3-bigamp=0.05 R4-scvamp=0.07 M-ours-gmm32=0.03 R5-genie=0.00
310/448 done    D2_C2_S2_Nr8_T16_Tp4_dft_snr9_skip1800_n40.npz  (599 s)  BLER16: R2-ours-G=0.03 R3-bigamp=0.07 R4-scvamp=0.07 M-ours-gmm32=0.03 R5-genie=0.00
311/448 done    D2_C2_S2_Nr8_T16_Tp4_dft_snr9_skip2000_n40.npz  (555 s)  BLER16: R2-ours-G=0.03 R3-bigamp=0.07 R4-scvamp=0.10 M-ours-gmm32=0.00 R5-genie=0.00
312/448 done    D2_C2_S2_Nr8_T16_Tp4_dft_snr-3_skip1600_n40.npz  (621 s)  BLER16: R2-ours-G=0.28 R3-bigamp=0.55 R4-scvamp=0.57 M-ours-gmm32=0.25 R5-genie=0.00
313/448 done    D2_C2_S2_Nr8_T16_Tp4_dft_snr9_skip1960_n40.npz  (566 s)  BLER16: R2-ours-G=0.00 R3-bigamp=0.00 R4-scvamp=0.03 M-ours-gmm32=0.00 R5-genie=0.00
314/448 done    D2_C2_S2_Nr8_T16_Tp4_dft_snr15_skip1680_n40.npz  (614 s)  BLER16: R2-ours-G=0.00 R3-bigamp=0.05 R4-scvamp=0.03 M-ours-gmm32=0.00 R5-genie=0.00
315/448 done    D2_C2_S2_Nr8_T16_Tp4_dft_snr12_skip1960_n40.npz  (566 s)  BLER16: R2-ours-G=0.03 R3-bigamp=0.07 R4-scvamp=0.03 M-ours-gmm32=0.03 R5-genie=0.00
316/448 done    D2_C2_S2_Nr8_T16_Tp4_dft_snr3_skip1360_n40.npz  (655 s)  BLER16: R2-ours-G=0.00 R3-bigamp=0.05 R4-scvamp=0.07 M-ours-gmm32=0.00 R5-genie=0.00
317/448 done    D2_C2_S2_Nr8_T16_Tp4_dft_snr-3_skip1400_n40.npz  (655 s)  BLER16: R2-ours-G=0.40 R3-bigamp=0.57 R4-scvamp=0.72 M-ours-gmm32=0.38 R5-genie=0.07
318/448 done    D2_C2_S2_Nr8_T16_Tp4_dft_snr15_skip1760_n40.npz  (613 s)  BLER16: R2-ours-G=0.03 R3-bigamp=0.07 R4-scvamp=0.07 M-ours-gmm32=0.00 R5-genie=0.00
319/448 done    D2_C2_S2_Nr8_T16_Tp4_dft_snr6_skip2040_n40.npz  (558 s)  BLER16: R2-ours-G=0.00 R3-bigamp=0.05 R4-scvamp=0.05 M-ours-gmm32=0.00 R5-genie=0.00
320/448 done    D2_C2_S2_Nr8_T16_Tp4_dft_snr3_skip2000_n40.npz  (568 s)  BLER16: R2-ours-G=0.10 R3-bigamp=0.05 R4-scvamp=0.23 M-ours-gmm32=0.07 R5-genie=0.03
321/448 done    D2_C2_S2_Nr8_T16_Tp4_dft_snr0_skip1720_n40.npz  (623 s)  BLER16: R2-ours-G=0.15 R3-bigamp=0.30 R4-scvamp=0.40 M-ours-gmm32=0.15 R5-genie=0.00
322/448 done    D2_C2_S2_Nr8_T16_Tp4_dft_snr6_skip1960_n40.npz  (576 s)  BLER16: R2-ours-G=0.00 R3-bigamp=0.05 R4-scvamp=0.12 M-ours-gmm32=0.00 R5-genie=0.00
323/448 done    D2_C2_S2_Nr8_T16_Tp4_dft_snr15_skip2000_n40.npz  (564 s)  BLER16: R2-ours-G=0.00 R3-bigamp=0.07 R4-scvamp=0.05 M-ours-gmm32=0.00 R5-genie=0.00
324/448 done    D2_C2_S2_Nr8_T16_Tp4_dft_snr9_skip1600_n40.npz  (630 s)  BLER16: R2-ours-G=0.03 R3-bigamp=0.07 R4-scvamp=0.10 M-ours-gmm32=0.03 R5-genie=0.00
325/448 done    D2_C2_S2_Nr8_T16_Tp4_dft_snr3_skip1760_n40.npz  (619 s)  BLER16: R2-ours-G=0.07 R3-bigamp=0.12 R4-scvamp=0.20 M-ours-gmm32=0.07 R5-genie=0.03
326/448 done    D2_C2_S2_Nr8_T16_Tp4_dft_snr6_skip2000_n40.npz  (570 s)  BLER16: R2-ours-G=0.00 R3-bigamp=0.00 R4-scvamp=0.07 M-ours-gmm32=0.00 R5-genie=0.00
327/448 done    D2_C2_S2_Nr8_T16_Tp4_dft_snr0_skip1680_n40.npz  (626 s)  BLER16: R2-ours-G=0.12 R3-bigamp=0.23 R4-scvamp=0.35 M-ours-gmm32=0.10 R5-genie=0.00
328/448 done    D2_C2_S2_Nr8_T16_Tp4_dft_snr3_skip1880_n40.npz  (600 s)  BLER16: R2-ours-G=0.05 R3-bigamp=0.07 R4-scvamp=0.12 M-ours-gmm32=0.05 R5-genie=0.00
329/448 done    D2_C2_S2_Nr8_T16_Tp4_dft_snr6_skip1920_n40.npz  (594 s)  BLER16: R2-ours-G=0.03 R3-bigamp=0.05 R4-scvamp=0.10 M-ours-gmm32=0.03 R5-genie=0.03
330/448 done    D2_C2_S2_Nr8_T16_Tp4_dft_snr12_skip1920_n40.npz  (588 s)  BLER16: R2-ours-G=0.00 R3-bigamp=0.12 R4-scvamp=0.07 M-ours-gmm32=0.00 R5-genie=0.00
331/448 done    D2_C2_S2_Nr8_T16_Tp4_dft_snr0_skip2040_n40.npz  (570 s)  BLER16: R2-ours-G=0.07 R3-bigamp=0.25 R4-scvamp=0.30 M-ours-gmm32=0.05 R5-genie=0.00
332/448 done    D2_C2_S2_Nr8_T16_Tp4_dft_snr6_skip1880_n40.npz  (604 s)  BLER16: R2-ours-G=0.05 R3-bigamp=0.10 R4-scvamp=0.15 M-ours-gmm32=0.05 R5-genie=0.00
333/448 done    D2_C2_S2_Nr8_T16_Tp4_dft_snr3_skip1920_n40.npz  (597 s)  BLER16: R2-ours-G=0.05 R3-bigamp=0.10 R4-scvamp=0.20 M-ours-gmm32=0.05 R5-genie=0.00
334/448 done    D2_C2_S2_Nr8_T16_Tp4_dft_snr12_skip2000_n40.npz  (575 s)  BLER16: R2-ours-G=0.03 R3-bigamp=0.15 R4-scvamp=0.07 M-ours-gmm32=0.03 R5-genie=0.00
335/448 done    D2_C2_S2_Nr8_T16_Tp4_dft_snr6_skip1760_n40.npz  (632 s)  BLER16: R2-ours-G=0.03 R3-bigamp=0.07 R4-scvamp=0.10 M-ours-gmm32=0.03 R5-genie=0.00
336/448 done    D2_C2_S2_Nr8_T16_Tp4_dft_snr12_skip1880_n40.npz  (608 s)  BLER16: R2-ours-G=0.00 R3-bigamp=0.03 R4-scvamp=0.03 M-ours-gmm32=0.00 R5-genie=0.00
337/448 done    D2_C2_S2_Nr8_T16_Tp4_dft_snr12_skip1640_n40.npz  (642 s)  BLER16: R2-ours-G=0.03 R3-bigamp=0.05 R4-scvamp=0.05 M-ours-gmm32=0.00 R5-genie=0.00
338/448 done    D2_C2_S2_Nr8_T16_Tp4_dft_snr0_skip1760_n40.npz  (636 s)  BLER16: R2-ours-G=0.17 R3-bigamp=0.23 R4-scvamp=0.35 M-ours-gmm32=0.12 R5-genie=0.05
339/448 done    D2_C2_S2_Nr8_T16_Tp4_dft_snr0_skip1960_n40.npz  (595 s)  BLER16: R2-ours-G=0.10 R3-bigamp=0.17 R4-scvamp=0.30 M-ours-gmm32=0.10 R5-genie=0.00
340/448 done    D2_C2_S2_Nr8_T16_Tp4_dft_snr-3_skip1800_n40.npz  (632 s)  BLER16: R2-ours-G=0.47 R3-bigamp=0.62 R4-scvamp=0.70 M-ours-gmm32=0.33 R5-genie=0.05
341/448 done    D2_C2_S2_Nr8_T16_Tp4_dft_snr0_skip2080_n40.npz  (570 s)  BLER16: R2-ours-G=0.15 R3-bigamp=0.33 R4-scvamp=0.40 M-ours-gmm32=0.05 R5-genie=0.03
342/448 done    D2_C2_S2_Nr8_T16_Tp4_dft_snr12_skip1840_n40.npz  (622 s)  BLER16: R2-ours-G=0.00 R3-bigamp=0.03 R4-scvamp=0.03 M-ours-gmm32=0.00 R5-genie=0.00
343/448 done    D2_C2_S2_Nr8_T16_Tp4_dft_snr0_skip1920_n40.npz  (611 s)  BLER16: R2-ours-G=0.07 R3-bigamp=0.10 R4-scvamp=0.30 M-ours-gmm32=0.03 R5-genie=0.00
344/448 done    D2_C2_S2_Nr8_T16_Tp4_dft_snr15_skip1880_n40.npz  (614 s)  BLER16: R2-ours-G=0.00 R3-bigamp=0.03 R4-scvamp=0.07 M-ours-gmm32=0.00 R5-genie=0.00
345/448 done    D2_C2_S2_Nr8_T16_Tp4_dft_snr15_skip2040_n40.npz  (577 s)  BLER16: R2-ours-G=0.03 R3-bigamp=0.10 R4-scvamp=0.05 M-ours-gmm32=0.00 R5-genie=0.00
346/448 done    D2_C2_S2_Nr8_T16_Tp4_dft_snr6_skip1840_n40.npz  (629 s)  BLER16: R2-ours-G=0.00 R3-bigamp=0.03 R4-scvamp=0.10 M-ours-gmm32=0.00 R5-genie=0.00
347/448 done    D2_C2_S2_Nr8_T16_Tp4_dft_snr3_skip2040_n40.npz  (587 s)  BLER16: R2-ours-G=0.07 R3-bigamp=0.05 R4-scvamp=0.17 M-ours-gmm32=0.03 R5-genie=0.05
348/448 done    D2_C2_S2_Nr8_T16_Tp4_dft_snr9_skip2120_n40.npz  (549 s)  BLER16: R2-ours-G=0.03 R3-bigamp=0.03 R4-scvamp=0.07 M-ours-gmm32=0.00 R5-genie=0.00
349/448 done    D2_C2_S2_Nr8_T16_Tp4_dft_snr15_skip1920_n40.npz  (609 s)  BLER16: R2-ours-G=0.00 R3-bigamp=0.05 R4-scvamp=0.03 M-ours-gmm32=0.00 R5-genie=0.00
350/448 done    D2_C2_S2_Nr8_T16_Tp4_dft_snr-3_skip1560_n40.npz  (669 s)  BLER16: R2-ours-G=0.30 R3-bigamp=0.53 R4-scvamp=0.62 M-ours-gmm32=0.23 R5-genie=0.05
351/448 done    D2_C2_S2_Nr8_T16_Tp4_dft_snr6_skip2080_n40.npz  (580 s)  BLER16: R2-ours-G=0.03 R3-bigamp=0.05 R4-scvamp=0.07 M-ours-gmm32=0.00 R5-genie=0.00
352/448 done    D2_C2_S2_Nr8_T16_Tp4_dft_snr6_skip2160_n40.npz  (528 s)  BLER16: R2-ours-G=0.00 R3-bigamp=0.00 R4-scvamp=0.07 M-ours-gmm32=0.00 R5-genie=0.00
353/448 done    D2_C2_S2_Nr8_T16_Tp4_dft_snr3_skip2080_n40.npz  (583 s)  BLER16: R2-ours-G=0.00 R3-bigamp=0.05 R4-scvamp=0.15 M-ours-gmm32=0.00 R5-genie=0.00
354/448 done    D2_C2_S2_Nr8_T16_Tp4_dft_snr0_skip2000_n40.npz  (603 s)  BLER16: R2-ours-G=0.10 R3-bigamp=0.20 R4-scvamp=0.28 M-ours-gmm32=0.07 R5-genie=0.00
355/448 done    D2_C2_S2_Nr8_T16_Tp4_dft_snr-3_skip1880_n40.npz  (633 s)  BLER16: R2-ours-G=0.42 R3-bigamp=0.70 R4-scvamp=0.75 M-ours-gmm32=0.38 R5-genie=0.00
356/448 done    D2_C2_S2_Nr8_T16_Tp4_dft_snr-3_skip1680_n40.npz  (660 s)  BLER16: R2-ours-G=0.50 R3-bigamp=0.65 R4-scvamp=0.70 M-ours-gmm32=0.35 R5-genie=0.05
357/448 done    D2_C2_S2_Nr8_T16_Tp4_dft_snr12_skip2040_n40.npz  (588 s)  BLER16: R2-ours-G=0.00 R3-bigamp=0.03 R4-scvamp=0.05 M-ours-gmm32=0.00 R5-genie=0.00
358/448 done    D2_C2_S2_Nr8_T16_Tp4_dft_snr15_skip2080_n40.npz  (576 s)  BLER16: R2-ours-G=0.00 R3-bigamp=0.03 R4-scvamp=0.03 M-ours-gmm32=0.00 R5-genie=0.00
359/448 done    D2_C2_S2_Nr8_T16_Tp4_dft_snr15_skip2120_n40.npz  (548 s)  BLER16: R2-ours-G=0.03 R3-bigamp=0.07 R4-scvamp=0.10 M-ours-gmm32=0.03 R5-genie=0.00
360/448 done    D2_C2_S2_Nr8_T16_Tp4_dft_snr9_skip2040_n40.npz  (592 s)  BLER16: R2-ours-G=0.05 R3-bigamp=0.10 R4-scvamp=0.10 M-ours-gmm32=0.05 R5-genie=0.00
361/448 done    D2_C2_S2_Nr8_T16_Tp4_dft_snr-3_skip1760_n40.npz  (659 s)  BLER16: R2-ours-G=0.35 R3-bigamp=0.50 R4-scvamp=0.55 M-ours-gmm32=0.28 R5-genie=0.05
362/448 done    D2_C2_S2_Nr8_T16_Tp4_dft_snr3_skip1720_n40.npz  (664 s)  BLER16: R2-ours-G=0.05 R3-bigamp=0.05 R4-scvamp=0.23 M-ours-gmm32=0.03 R5-genie=0.03
363/448 done    D2_C2_S2_Nr8_T16_Tp4_dft_snr-3_skip1920_n40.npz  (631 s)  BLER16: R2-ours-G=0.40 R3-bigamp=0.55 R4-scvamp=0.55 M-ours-gmm32=0.33 R5-genie=0.03
364/448 done    D2_C2_S2_Nr8_T16_Tp4_dft_snr-3_skip2040_n40.npz  (605 s)  BLER16: R2-ours-G=0.28 R3-bigamp=0.57 R4-scvamp=0.53 M-ours-gmm32=0.23 R5-genie=0.00
365/448 done    D2_C2_S2_Nr8_T16_Tp4_dft_snr3_skip2120_n40.npz  (573 s)  BLER16: R2-ours-G=0.07 R3-bigamp=0.10 R4-scvamp=0.17 M-ours-gmm32=0.03 R5-genie=0.03
366/448 done    D2_C2_S2_Nr8_T16_Tp4_dft_snr12_skip2080_n40.npz  (585 s)  BLER16: R2-ours-G=0.00 R3-bigamp=0.05 R4-scvamp=0.05 M-ours-gmm32=0.00 R5-genie=0.00
367/448 done    D2_C2_S2_Nr8_T16_Tp4_dft_snr0_skip2160_n40.npz  (547 s)  BLER16: R2-ours-G=0.07 R3-bigamp=0.10 R4-scvamp=0.30 M-ours-gmm32=0.05 R5-genie=0.03
368/448 done    D2_C2_S2_Nr8_T16_Tp4_dft_snr-3_skip1360_n40.npz  (708 s)  BLER16: R2-ours-G=0.33 R3-bigamp=0.42 R4-scvamp=0.47 M-ours-gmm32=0.28 R5-genie=0.05
369/448 done    D2_C2_S2_Nr8_T16_Tp4_dft_snr-3_skip1720_n40.npz  (674 s)  BLER16: R2-ours-G=0.15 R3-bigamp=0.35 R4-scvamp=0.42 M-ours-gmm32=0.12 R5-genie=0.07
370/448 done    D2_C2_S2_Nr8_T16_Tp4_dft_snr0_skip2120_n40.npz  (588 s)  BLER16: R2-ours-G=0.03 R3-bigamp=0.10 R4-scvamp=0.20 M-ours-gmm32=0.05 R5-genie=0.00
371/448 done    D2_C2_S2_Nr8_T16_Tp4_dft_snr12_skip2120_n40.npz  (576 s)  BLER16: R2-ours-G=0.00 R3-bigamp=0.03 R4-scvamp=0.03 M-ours-gmm32=0.00 R5-genie=0.00
372/448 done    D2_C2_S2_Nr8_T16_Tp4_dft_snr3_skip1960_n40.npz  (632 s)  BLER16: R2-ours-G=0.03 R3-bigamp=0.03 R4-scvamp=0.12 M-ours-gmm32=0.03 R5-genie=0.00
373/448 done    D2_C2_S2_Nr8_T16_Tp4_dft_snr-3_skip1960_n40.npz  (634 s)  BLER16: R2-ours-G=0.28 R3-bigamp=0.53 R4-scvamp=0.60 M-ours-gmm32=0.28 R5-genie=0.00
374/448 done    D2_C2_S2_Nr8_T16_Tp4_dft_snr-3_skip2160_n40.npz  (563 s)  BLER16: R2-ours-G=0.33 R3-bigamp=0.55 R4-scvamp=0.68 M-ours-gmm32=0.30 R5-genie=0.05
375/448 done    D2_C2_S2_Nr8_T16_Tp4_dft_snr-3_skip1640_n40.npz  (689 s)  BLER16: R2-ours-G=0.35 R3-bigamp=0.53 R4-scvamp=0.57 M-ours-gmm32=0.38 R5-genie=0.05
376/448 done    D2_C2_S2_Nr8_T16_Tp4_dft_snr9_skip2080_n40.npz  (609 s)  BLER16: R2-ours-G=0.00 R3-bigamp=0.07 R4-scvamp=0.10 M-ours-gmm32=0.00 R5-genie=0.00
377/448 done    D2_C2_S2_Nr8_T16_Tp4_dft_snr-3_skip2120_n40.npz  (605 s)  BLER16: R2-ours-G=0.20 R3-bigamp=0.35 R4-scvamp=0.38 M-ours-gmm32=0.17 R5-genie=0.00
378/448 done    D2_C2_S2_Nr8_T16_Tp4_dft_snr6_skip2120_n40.npz  (591 s)  BLER16: R2-ours-G=0.07 R3-bigamp=0.12 R4-scvamp=0.17 M-ours-gmm32=0.03 R5-genie=0.03
379/448 done    D2_C2_S2_Nr8_T16_Tp4_dft_snr9_skip2160_n40.npz  (570 s)  BLER16: R2-ours-G=0.00 R3-bigamp=0.05 R4-scvamp=0.03 M-ours-gmm32=0.00 R5-genie=0.00
380/448 done    D2_C2_S2_Nr8_T16_Tp4_dft_snr-3_skip1840_n40.npz  (684 s)  BLER16: R2-ours-G=0.42 R3-bigamp=0.55 R4-scvamp=0.75 M-ours-gmm32=0.35 R5-genie=0.05
381/448 done    D2_C2_S2_Nr8_T16_Tp4_dft_snr-3_skip2000_n40.npz  (651 s)  BLER16: R2-ours-G=0.23 R3-bigamp=0.42 R4-scvamp=0.60 M-ours-gmm32=0.17 R5-genie=0.03
382/448 done    D2_C2_S2_Nr8_T16_Tp4_dft_snr-3_skip2080_n40.npz  (637 s)  BLER16: R2-ours-G=0.38 R3-bigamp=0.50 R4-scvamp=0.70 M-ours-gmm32=0.30 R5-genie=0.05
383/448 done    D2_C2_S2_Nr8_T16_Tp4_dft_snr3_skip2160_n40.npz  (585 s)  BLER16: R2-ours-G=0.03 R3-bigamp=0.12 R4-scvamp=0.15 M-ours-gmm32=0.03 R5-genie=0.00
384/448 done    D2_C2_S2_Nr8_T16_Tp4_dft_snr12_skip2160_n40.npz  (555 s)  BLER16: R2-ours-G=0.03 R3-bigamp=0.10 R4-scvamp=0.07 M-ours-gmm32=0.03 R5-genie=0.00
385/448 done    D2_C2_S2_Nr8_T16_Tp4_dft_snr15_skip2160_n40.npz  (359 s)  BLER16: R2-ours-G=0.03 R3-bigamp=0.07 R4-scvamp=0.05 M-ours-gmm32=0.00 R5-genie=0.00
386/448 done    D2_C2_S2_Nr8_T16_Tp4_dft_snr9_skip2200_n40.npz  (302 s)  BLER16: R2-ours-G=0.03 R3-bigamp=0.05 R4-scvamp=0.03 M-ours-gmm32=0.03 R5-genie=0.00
387/448 done    D2_C2_S2_Nr8_T16_Tp4_dft_snr12_skip2200_n40.npz  (301 s)  BLER16: R2-ours-G=0.00 R3-bigamp=0.03 R4-scvamp=0.10 M-ours-gmm32=0.00 R5-genie=0.00
388/448 done    D2_C2_S2_Nr8_T16_Tp4_dft_snr12_skip2240_n40.npz  (295 s)  BLER16: R2-ours-G=0.00 R3-bigamp=0.07 R4-scvamp=0.05 M-ours-gmm32=0.00 R5-genie=0.00
389/448 done    D2_C2_S2_Nr8_T16_Tp4_dft_snr3_skip2200_n40.npz  (326 s)  BLER16: R2-ours-G=0.05 R3-bigamp=0.05 R4-scvamp=0.12 M-ours-gmm32=0.03 R5-genie=0.00
390/448 done    D2_C2_S2_Nr8_T16_Tp4_dft_snr0_skip2320_n40.npz  (280 s)  BLER16: R2-ours-G=0.10 R3-bigamp=0.12 R4-scvamp=0.30 M-ours-gmm32=0.07 R5-genie=0.00
391/448 done    D2_C2_S2_Nr8_T16_Tp4_dft_snr15_skip2200_n40.npz  (308 s)  BLER16: R2-ours-G=0.00 R3-bigamp=0.07 R4-scvamp=0.05 M-ours-gmm32=0.00 R5-genie=0.00
392/448 done    D2_C2_S2_Nr8_T16_Tp4_dft_snr15_skip2240_n40.npz  (298 s)  BLER16: R2-ours-G=0.00 R3-bigamp=0.07 R4-scvamp=0.03 M-ours-gmm32=0.00 R5-genie=0.00
393/448 done    D2_C2_S2_Nr8_T16_Tp4_dft_snr6_skip2280_n40.npz  (288 s)  BLER16: R2-ours-G=0.00 R3-bigamp=0.00 R4-scvamp=0.07 M-ours-gmm32=0.00 R5-genie=0.00
394/448 done    D2_C2_S2_Nr8_T16_Tp4_dft_snr6_skip2200_n40.npz  (319 s)  BLER16: R2-ours-G=0.00 R3-bigamp=0.05 R4-scvamp=0.03 M-ours-gmm32=0.00 R5-genie=0.00
395/448 done    D2_C2_S2_Nr8_T16_Tp4_dft_snr12_skip2320_n40.npz  (287 s)  BLER16: R2-ours-G=0.00 R3-bigamp=0.03 R4-scvamp=0.03 M-ours-gmm32=0.00 R5-genie=0.00
396/448 done    D2_C2_S2_Nr8_T16_Tp4_dft_snr0_skip2200_n40.npz  (344 s)  BLER16: R2-ours-G=0.10 R3-bigamp=0.17 R4-scvamp=0.23 M-ours-gmm32=0.05 R5-genie=0.03
397/448 done    D2_C2_S2_Nr8_T16_Tp4_dft_snr3_skip2240_n40.npz  (314 s)  BLER16: R2-ours-G=0.03 R3-bigamp=0.10 R4-scvamp=0.12 M-ours-gmm32=0.03 R5-genie=0.00
398/448 done    D2_C2_S2_Nr8_T16_Tp4_dft_snr15_skip2320_n40.npz  (285 s)  BLER16: R2-ours-G=0.00 R3-bigamp=0.07 R4-scvamp=0.03 M-ours-gmm32=0.00 R5-genie=0.00
399/448 done    D2_C2_S2_Nr8_T16_Tp4_dft_snr0_skip2240_n40.npz  (316 s)  BLER16: R2-ours-G=0.05 R3-bigamp=0.07 R4-scvamp=0.33 M-ours-gmm32=0.10 R5-genie=0.00
400/448 done    D2_C2_S2_Nr8_T16_Tp4_dft_snr9_skip2240_n40.npz  (309 s)  BLER16: R2-ours-G=0.05 R3-bigamp=0.07 R4-scvamp=0.10 M-ours-gmm32=0.00 R5-genie=0.00
401/448 done    D2_C2_S2_Nr8_T16_Tp4_dft_snr3_skip2440_n40.npz  (265 s)  BLER16: R2-ours-G=0.00 R3-bigamp=0.05 R4-scvamp=0.12 M-ours-gmm32=0.03 R5-genie=0.00
402/448 done    D2_C2_S2_Nr8_T16_Tp4_dft_snr-3_skip2200_n40.npz  (377 s)  BLER16: R2-ours-G=0.35 R3-bigamp=0.50 R4-scvamp=0.65 M-ours-gmm32=0.15 R5-genie=0.07
403/448 done    D2_C2_S2_Nr8_T16_Tp4_dft_snr6_skip2440_n40.npz  (266 s)  BLER16: R2-ours-G=0.03 R3-bigamp=0.10 R4-scvamp=0.10 M-ours-gmm32=0.05 R5-genie=0.03
404/448 done    D2_C2_S2_Nr8_T16_Tp4_dft_snr15_skip2280_n40.npz  (295 s)  BLER16: R2-ours-G=0.00 R3-bigamp=0.05 R4-scvamp=0.07 M-ours-gmm32=0.00 R5-genie=0.00
405/448 done    D2_C2_S2_Nr8_T16_Tp4_dft_snr6_skip2240_n40.npz  (311 s)  BLER16: R2-ours-G=0.03 R3-bigamp=0.07 R4-scvamp=0.17 M-ours-gmm32=0.00 R5-genie=0.00
406/448 done    D2_C2_S2_Nr8_T16_Tp4_dft_snr6_skip2400_n40.npz  (278 s)  BLER16: R2-ours-G=0.00 R3-bigamp=0.03 R4-scvamp=0.05 M-ours-gmm32=0.00 R5-genie=0.00
407/448 done    D2_C2_S2_Nr8_T16_Tp4_dft_snr15_skip2360_n40.npz  (285 s)  BLER16: R2-ours-G=0.00 R3-bigamp=0.05 R4-scvamp=0.12 M-ours-gmm32=0.00 R5-genie=0.00
408/448 done    D2_C2_S2_Nr8_T16_Tp4_dft_snr9_skip2360_n40.npz  (287 s)  BLER16: R2-ours-G=0.00 R3-bigamp=0.07 R4-scvamp=0.05 M-ours-gmm32=0.00 R5-genie=0.00
409/448 done    D2_C2_S2_Nr8_T16_Tp4_dft_snr9_skip2400_n40.npz  (280 s)  BLER16: R2-ours-G=0.00 R3-bigamp=0.03 R4-scvamp=0.12 M-ours-gmm32=0.00 R5-genie=0.00
410/448 done    D2_C2_S2_Nr8_T16_Tp4_dft_snr9_skip2280_n40.npz  (301 s)  BLER16: R2-ours-G=0.00 R3-bigamp=0.07 R4-scvamp=0.07 M-ours-gmm32=0.00 R5-genie=0.00
411/448 done    D2_C2_S2_Nr8_T16_Tp4_dft_snr3_skip2280_n40.npz  (305 s)  BLER16: R2-ours-G=0.07 R3-bigamp=0.07 R4-scvamp=0.12 M-ours-gmm32=0.05 R5-genie=0.00
412/448 done    D2_C2_S2_Nr8_T16_Tp4_dft_snr3_skip2320_n40.npz  (300 s)  BLER16: R2-ours-G=0.07 R3-bigamp=0.03 R4-scvamp=0.10 M-ours-gmm32=0.07 R5-genie=0.00
413/448 done    D2_C2_S2_Nr8_T16_Tp4_dft_snr3_skip2360_n40.npz  (292 s)  BLER16: R2-ours-G=0.03 R3-bigamp=0.10 R4-scvamp=0.10 M-ours-gmm32=0.00 R5-genie=0.00
414/448 done    D2_C2_S2_Nr8_T16_Tp4_dft_snr0_skip2440_n40.npz  (274 s)  BLER16: R2-ours-G=0.07 R3-bigamp=0.20 R4-scvamp=0.25 M-ours-gmm32=0.10 R5-genie=0.03
415/448 done    D2_C2_S2_Nr8_T16_Tp4_dft_snr6_skip2360_n40.npz  (292 s)  BLER16: R2-ours-G=0.03 R3-bigamp=0.03 R4-scvamp=0.15 M-ours-gmm32=0.00 R5-genie=0.00
416/448 done    D2_C2_S2_Nr8_T16_Tp4_dft_snr0_skip2400_n40.npz  (288 s)  BLER16: R2-ours-G=0.10 R3-bigamp=0.23 R4-scvamp=0.33 M-ours-gmm32=0.07 R5-genie=0.03
417/448 done    D2_C2_S2_Nr8_T16_Tp4_dft_snr6_skip2320_n40.npz  (301 s)  BLER16: R2-ours-G=0.05 R3-bigamp=0.15 R4-scvamp=0.10 M-ours-gmm32=0.05 R5-genie=0.00
418/448 done    D2_C2_S2_Nr8_T16_Tp4_dft_snr12_skip2360_n40.npz  (291 s)  BLER16: R2-ours-G=0.00 R3-bigamp=0.03 R4-scvamp=0.05 M-ours-gmm32=0.00 R5-genie=0.00
419/448 done    D2_C2_S2_Nr8_T16_Tp4_dft_snr0_skip2520_n40.npz  (268 s)  BLER16: R2-ours-G=0.17 R3-bigamp=0.28 R4-scvamp=0.33 M-ours-gmm32=0.07 R5-genie=0.00
420/448 done    D2_C2_S2_Nr8_T16_Tp4_dft_snr9_skip2320_n40.npz  (303 s)  BLER16: R2-ours-G=0.03 R3-bigamp=0.00 R4-scvamp=0.03 M-ours-gmm32=0.03 R5-genie=0.00
421/448 done    D2_C2_S2_Nr8_T16_Tp4_dft_snr12_skip2280_n40.npz  (306 s)  BLER16: R2-ours-G=0.07 R3-bigamp=0.12 R4-scvamp=0.10 M-ours-gmm32=0.07 R5-genie=0.03
422/448 done    D2_C2_S2_Nr8_T16_Tp4_dft_snr12_skip2440_n40.npz  (276 s)  BLER16: R2-ours-G=0.00 R3-bigamp=0.05 R4-scvamp=0.00 M-ours-gmm32=0.00 R5-genie=0.00
423/448 done    D2_C2_S2_Nr8_T16_Tp4_dft_snr-3_skip2240_n40.npz  (331 s)  BLER16: R2-ours-G=0.17 R3-bigamp=0.42 R4-scvamp=0.53 M-ours-gmm32=0.12 R5-genie=0.03
424/448 done    D2_C2_S2_Nr8_T16_Tp4_dft_snr12_skip2520_n40.npz  (263 s)  BLER16: R2-ours-G=0.00 R3-bigamp=0.07 R4-scvamp=0.07 M-ours-gmm32=0.00 R5-genie=0.00
425/448 done    D2_C2_S2_Nr8_T16_Tp4_dft_snr12_skip2480_n40.npz  (274 s)  BLER16: R2-ours-G=0.00 R3-bigamp=0.03 R4-scvamp=0.03 M-ours-gmm32=0.00 R5-genie=0.00
426/448 done    D2_C2_S2_Nr8_T16_Tp4_dft_snr12_skip2400_n40.npz  (287 s)  BLER16: R2-ours-G=0.03 R3-bigamp=0.03 R4-scvamp=0.07 M-ours-gmm32=0.00 R5-genie=0.00
427/448 done    D2_C2_S2_Nr8_T16_Tp4_dft_snr15_skip2400_n40.npz  (287 s)  BLER16: R2-ours-G=0.00 R3-bigamp=0.10 R4-scvamp=0.03 M-ours-gmm32=0.00 R5-genie=0.00
428/448 done    D2_C2_S2_Nr8_T16_Tp4_dft_snr3_skip2480_n40.npz  (276 s)  BLER16: R2-ours-G=0.03 R3-bigamp=0.03 R4-scvamp=0.17 M-ours-gmm32=0.03 R5-genie=0.03
429/448 done    D2_C2_S2_Nr8_T16_Tp4_dft_snr0_skip2360_n40.npz  (300 s)  BLER16: R2-ours-G=0.03 R3-bigamp=0.07 R4-scvamp=0.28 M-ours-gmm32=0.03 R5-genie=0.03
430/448 done    D2_C2_S2_Nr8_T16_Tp4_dft_snr0_skip2280_n40.npz  (315 s)  BLER16: R2-ours-G=0.10 R3-bigamp=0.25 R4-scvamp=0.28 M-ours-gmm32=0.07 R5-genie=0.03
431/448 done    D2_C2_S2_Nr8_T16_Tp4_dft_snr9_skip2440_n40.npz  (282 s)  BLER16: R2-ours-G=0.00 R3-bigamp=0.05 R4-scvamp=0.05 M-ours-gmm32=0.03 R5-genie=0.00
432/448 done    D2_C2_S2_Nr8_T16_Tp4_dft_snr9_skip2480_n40.npz  (277 s)  BLER16: R2-ours-G=0.03 R3-bigamp=0.07 R4-scvamp=0.10 M-ours-gmm32=0.03 R5-genie=0.00
433/448 done    D2_C2_S2_Nr8_T16_Tp4_dft_snr15_skip2520_n40.npz  (266 s)  BLER16: R2-ours-G=0.03 R3-bigamp=0.05 R4-scvamp=0.03 M-ours-gmm32=0.00 R5-genie=0.00
434/448 done    D2_C2_S2_Nr8_T16_Tp4_dft_snr3_skip2520_n40.npz  (275 s)  BLER16: R2-ours-G=0.00 R3-bigamp=0.03 R4-scvamp=0.05 M-ours-gmm32=0.00 R5-genie=0.03
435/448 done    D2_C2_S2_Nr8_T16_Tp4_dft_snr-3_skip2520_n40.npz  (278 s)  BLER16: R2-ours-G=0.40 R3-bigamp=0.60 R4-scvamp=0.57 M-ours-gmm32=0.20 R5-genie=0.05
436/448 done    D2_C2_S2_Nr8_T16_Tp4_dft_snr-3_skip2400_n40.npz  (299 s)  BLER16: R2-ours-G=0.45 R3-bigamp=0.57 R4-scvamp=0.70 M-ours-gmm32=0.38 R5-genie=0.05
437/448 done    D2_C2_S2_Nr8_T16_Tp4_dft_snr6_skip2520_n40.npz  (272 s)  BLER16: R2-ours-G=0.00 R3-bigamp=0.00 R4-scvamp=0.07 M-ours-gmm32=0.00 R5-genie=0.00
438/448 done    D2_C2_S2_Nr8_T16_Tp4_dft_snr6_skip2480_n40.npz  (280 s)  BLER16: R2-ours-G=0.03 R3-bigamp=0.15 R4-scvamp=0.12 M-ours-gmm32=0.03 R5-genie=0.00
439/448 done    D2_C2_S2_Nr8_T16_Tp4_dft_snr3_skip2400_n40.npz  (297 s)  BLER16: R2-ours-G=0.07 R3-bigamp=0.12 R4-scvamp=0.20 M-ours-gmm32=0.00 R5-genie=0.00
440/448 done    D2_C2_S2_Nr8_T16_Tp4_dft_snr9_skip2520_n40.npz  (271 s)  BLER16: R2-ours-G=0.07 R3-bigamp=0.10 R4-scvamp=0.12 M-ours-gmm32=0.03 R5-genie=0.03
441/448 done    D2_C2_S2_Nr8_T16_Tp4_dft_snr-3_skip2360_n40.npz  (309 s)  BLER16: R2-ours-G=0.35 R3-bigamp=0.55 R4-scvamp=0.68 M-ours-gmm32=0.25 R5-genie=0.05
442/448 done    D2_C2_S2_Nr8_T16_Tp4_dft_snr15_skip2440_n40.npz  (287 s)  BLER16: R2-ours-G=0.05 R3-bigamp=0.10 R4-scvamp=0.05 M-ours-gmm32=0.05 R5-genie=0.00
443/448 done    D2_C2_S2_Nr8_T16_Tp4_dft_snr0_skip2480_n40.npz  (286 s)  BLER16: R2-ours-G=0.15 R3-bigamp=0.25 R4-scvamp=0.33 M-ours-gmm32=0.12 R5-genie=0.05
444/448 done    D2_C2_S2_Nr8_T16_Tp4_dft_snr15_skip2480_n40.npz  (286 s)  BLER16: R2-ours-G=0.00 R3-bigamp=0.03 R4-scvamp=0.05 M-ours-gmm32=0.00 R5-genie=0.00
445/448 done    D2_C2_S2_Nr8_T16_Tp4_dft_snr-3_skip2320_n40.npz  (322 s)  BLER16: R2-ours-G=0.28 R3-bigamp=0.53 R4-scvamp=0.47 M-ours-gmm32=0.25 R5-genie=0.05
446/448 done    D2_C2_S2_Nr8_T16_Tp4_dft_snr-3_skip2440_n40.npz  (298 s)  BLER16: R2-ours-G=0.30 R3-bigamp=0.60 R4-scvamp=0.65 M-ours-gmm32=0.33 R5-genie=0.03
447/448 done    D2_C2_S2_Nr8_T16_Tp4_dft_snr-3_skip2280_n40.npz  (336 s)  BLER16: R2-ours-G=0.30 R3-bigamp=0.53 R4-scvamp=0.57 M-ours-gmm32=0.35 R5-genie=0.05
448/448 done    D2_C2_S2_Nr8_T16_Tp4_dft_snr-3_skip2480_n40.npz  (312 s)  BLER16: R2-ours-G=0.30 R3-bigamp=0.40 R4-scvamp=0.53 M-ours-gmm32=0.23 R5-genie=0.03
[run] finished in 25.0 min -> python runner.py analysis --testbed D2 --tag B16e4
# date        : 2026-09-22 14:57:02 KST
# git commit  : 8562e40
# versions    : python 3.12.14  numpy 2.5.2  scipy 1.18.1  torch 2.14.0+cu130 (cuda_available=True)
# device      : CPU (192 cores) | dtype: complex128 / float64 | deterministic: yes (fixed seeds, no GPU in the receiver)
# testbed     : D2
# seed rule   : default_rng([20260926, TBID[testbed], PID[prior], Nr, T, Tp, int(snr)+100])  (trials of a point = ONE stream)
# code        : rate-1/2 conv (133,171)_8 nu=6 terminated, QPSK, outer iterations = 16 for EVERY arm
# Demo/ hashes: t2_route_a.py=95a5408901ec125c  t2_trellis.py=31cd0ee9c68e972b  t2_gmm.py=d064e58c7510c769
# arm list with per-arm notes (06_SPEC §5):
#   R3-bigamp     : BiG-AMP prior: i.i.d. CN(0,1/Nr) -- correlated prior not supported by Table III (structural limitation)
#   R4-llr        : same, Module B mode='llr' (the paper's 'LLR Turbo' ablation)
#   R4-scvamp     : channel estimation = classical APP-LMMSE (no LOO); only the Onsager extrinsic interface follows arXiv:2604.19061
#   R0-pilot      : 1-PASS arm -- reported at iteration index 0 ('R0-pilot (@1)'); 'pilot_C (@16)' is the
#                   SAME receiver's 16-iteration trajectory, printed for context only.
#   M-ours-*      : differ from R2-ours-G in Module H and nothing else (test M2); Module H, K and the clip
#                   rule are in the run header of conf/results/ and in the raw meta of each point.
# fit/training cost (GMM EM wall-clock) is a column of table A and is never left blank.
# aggregates KEEP failed and diverged blocks; where a subset mean is printed, the full-set mean is beside it.
# Stage C arms present in this run (10_SPEC §3b / §3c) -- the pre-registered Stage A/B verdicts are
# UNCHANGED by this file and M-ours-dscore stays BLOCKED in the pre-registered table:
#   M-ours-dscore-C-V0  : Stage C V0 (PRIMARY) -- learned prior at N', D-14 MATRIX site, pre-registered score wiring, unchanged
#   M-ours-dscore-C-V1  : Stage C V1 -- V0 + (F1) symmetric-PSD projection of the D-14 site (ScorePrior(psd_project=True))
#   M-ours-dscore-C-V4  : Stage C V4 -- D-14 matrix site REPLACED by the D-13 belief scalarisation (hsite=scalar, scal=belief); POST-HOC registered, observed in the H4 diagnostic BEFORE registration (10_SPEC §3c)
#   M-ours-dscore-C-V4b : Stage C V4b -- as V4 but scal=site instead of scal=belief (10_SPEC §3c, "동일하되 scal=site. 부수 보고용"); registered with V4, wired only on 2026-09-21 after an audit found it had been dropped
#   M-ours-bstar-scalar : Stage C CONTROL (10_SPEC §3c, MANDATORY) -- the b* GMM through V4's EXACT wiring: if scalarisation also helps the GMM, the gain belongs to the SITE, not to the learned prior
# 
# training budget (N_train, channel samples) of EVERY arm -- 10_SPEC A3.  The GMM arms and the learned arms are only equal-budget when their N_train below are EQUAL; read the numbers, not the arm names.  The GMM re-fit at N'=1.6e5 may not have finished when this table was written.
# per-arm training budget (arms absent from the raw files are simply not listed):
#   R0-pilot            : N_train=160000 -- the ONE channel set (GMM EM fit / its sample covariance Chat)
#   R1-turbo            : N_train=160000 -- the ONE channel set (GMM EM fit / its sample covariance Chat)
#   R2-ours-G           : N_train=160000 -- the ONE channel set (GMM EM fit / its sample covariance Chat)
#   R3-bigamp           : N_train=0 -- i.i.d. CN(0,1/Nr) prior, fits nothing
#   R4-llr              : N_train=160000 -- the ONE channel set (GMM EM fit / its sample covariance Chat)
#   R4-scvamp           : N_train=160000 -- the ONE channel set (GMM EM fit / its sample covariance Chat)
#   M-ours-gmm32        : N_train=160000 -- the ONE channel set (GMM EM fit / its sample covariance Chat)
#   M-ours-bstar        : N_train=160000 -- the ONE channel set (GMM EM fit / its sample covariance Chat)
#   M-ours-dscore-C-V0  : N_train=160000  rung=D2SX160000  ckpt=/home/HTJ/t2/conf/ckpt/d2sx_N160000_a1.pt  gate: NO GATE RECORD mentions d2sx_N160000_a1.pt -- UNVERIFIED here.  (GA-GD are measurable on D1 only, 10_SPEC §5: a D2 re-train is qualified by its D1 sibling's gate row, which this string cannot prove.)
#   M-ours-dscore-C-V1  : N_train=160000  rung=D2SX160000  ckpt=/home/HTJ/t2/conf/ckpt/d2sx_N160000_a1.pt  gate: NO GATE RECORD mentions d2sx_N160000_a1.pt -- UNVERIFIED here.  (GA-GD are measurable on D1 only, 10_SPEC §5: a D2 re-train is qualified by its D1 sibling's gate row, which this string cannot prove.)
#   M-ours-dscore-C-V4  : N_train=160000  rung=D2SX160000  ckpt=/home/HTJ/t2/conf/ckpt/d2sx_N160000_a1.pt  gate: NO GATE RECORD mentions d2sx_N160000_a1.pt -- UNVERIFIED here.  (GA-GD are measurable on D1 only, 10_SPEC §5: a D2 re-train is qualified by its D1 sibling's gate row, which this string cannot prove.)
#   M-ours-dscore-C-V4b : N_train=160000 -- unclassified arm, quoting the point's channel-set size
#   M-ours-bstar-scalar : N_train=160000 -- the ONE channel set (GMM EM fit / its sample covariance Chat)
#   R5-genie            : N_train=n/a -- genie: the true H is given
#   dscore_status       : ABSENT -- no GATE-PASSING checkpoint (04_SPEC §5 gates GA-GD): no gate-passing checkpoint for D2; recorded PASS rows: none (searched conf/results/gate_D2.txt and LADDER.md)
#   stagec_ckpt         : /home/HTJ/t2/conf/ckpt/d2sx_N160000_a1.pt
#   stagec_gate         : NO GATE RECORD mentions d2sx_N160000_a1.pt -- UNVERIFIED here.  (GA-GD are measurable on D1 only, 10_SPEC §5: a D2 re-train is qualified by its D1 sibling's gate row, which this string cannot prove.)
#   stagec_status       : built from explicit ckpt /home/HTJ/t2/conf/ckpt/d2sx_N160000_a1.pt -- caller override, NOT verified against the gate record here (recorded PASS rows: none) | V1 (psd_project=True): built from explicit ckpt /home/HTJ/t2/conf/ckpt/d2sx_N160000_a1.pt -- caller override, NOT verified against the gate record here (recorded PASS rows: none)
# cell C2: 8x4 T=16 Tp=4 prior S2  SNR grid ['-3', '+0', '+3', '+6', '+9', '+12', '+15'] dB  n=2560 per point  outer iterations=16  b*=kron
#   run params as recorded in the raw file: beta=0.7  dtype=complex128/float64  iters=16  n=40  seed=20260926  skip=0  snr=-3.0  t_in=5
# ====================================================================================================
# CLAIM TESTBED -- sparse specular; conditional Gaussianity broken (see T2d). Upper bound = genie only.
# ====================================================================================================

============================== TABLE A -- per-cell arm comparison (08_SPEC §1) ==============================
cell entry = BLER (95% Wilson CI) / BER / NMSE_H  at the arm's reporting iteration
reporting iteration: @16 for every arm except R0-pilot, which is the 1-PASS arm and is read @1;
'pilot_C (@16)' is the SAME receiver's 16-iteration trajectory, printed for context only.

--- cell C2 (8x4, T=16, Tp=4, K=42)  prior S2  testbed D2   n per SNR: [2560, 2560, 2560, 2560, 2560, 2560, 2560]   b* = kron
  arms absent from the raw files (see 01_RULES §6 -- BLOCKED / FAILED-VERIFICATION): ['M-ours-dscore']
  arm                              SNR -3 dB                            SNR +0 dB                            SNR +3 dB                            SNR +6 dB                            SNR +9 dB                            SNR +12 dB                           SNR +15 dB             
  R0-pilot (@1)       0.749(0.732,0.766) 2.3e-01 3.18e-01  0.388(0.369,0.407) 1.1e-01 1.92e-01  0.180(0.166,0.196) 5.0e-02 1.09e-01  0.100(0.089,0.113) 2.7e-02 5.83e-02  0.064(0.056,0.075) 1.7e-02 3.00e-02  0.047(0.040,0.056) 1.3e-02 1.53e-02  0.036(0.030,0.044) 9.1e-03 7.78e-03 
  pilot_C (@16)       0.477(0.457,0.496) 1.6e-01 3.18e-01  0.133(0.120,0.147) 4.7e-02 1.92e-01  0.041(0.034,0.049) 1.6e-02 1.09e-01  0.025(0.019,0.031) 9.2e-03 5.83e-02  0.014(0.010,0.019) 5.3e-03 3.00e-02  0.011(0.008,0.016) 4.2e-03 1.53e-02  0.005(0.003,0.009) 2.3e-03 7.78e-03 
  R1-turbo            0.543(0.523,0.562) 1.9e-01 2.01e-01  0.211(0.196,0.227) 7.2e-02 7.14e-02  0.080(0.070,0.091) 2.8e-02 3.55e-02  0.039(0.033,0.048) 1.4e-02 1.81e-02  0.024(0.019,0.031) 9.0e-03 9.00e-03  0.018(0.013,0.023) 7.0e-03 4.51e-03  0.008(0.005,0.013) 3.2e-03 2.27e-03 
  R2-ours-G           0.328(0.310,0.346) 1.2e-01 1.37e-01  0.102(0.091,0.114) 3.8e-02 6.81e-02  0.038(0.031,0.046) 1.4e-02 3.49e-02  0.022(0.017,0.029) 9.2e-03 1.80e-02  0.012(0.009,0.017) 4.9e-03 8.96e-03  0.011(0.008,0.016) 4.7e-03 4.50e-03  0.006(0.004,0.010) 2.5e-03 2.27e-03 
  R3-bigamp           0.543(0.524,0.563) 2.0e-01 3.58e-01  0.211(0.195,0.227) 8.0e-02 1.66e-01  0.080(0.070,0.091) 3.1e-02 7.40e-02  0.053(0.045,0.062) 2.2e-02 3.13e-02  0.051(0.043,0.060) 2.1e-02 1.29e-02  0.057(0.049,0.067) 2.5e-02 5.67e-03  0.055(0.047,0.065) 2.5e-02 2.62e-03 
  R4-llr              0.866(0.852,0.879) 5.0e-01 3.72e-01  0.832(0.817,0.846) 6.5e-01 1.41e+00  0.600(0.580,0.618) 5.2e-01 1.20e+00  0.399(0.380,0.418) 3.5e-01 2.23e-02  0.274(0.257,0.292) 2.4e-01 1.01e-02  0.194(0.179,0.210) 1.7e-01 4.84e-03  0.171(0.157,0.186) 1.5e-01 2.43e-03 
  R4-scvamp           0.610(0.591,0.628) 2.2e-01 2.33e-01  0.305(0.288,0.323) 1.1e-01 7.51e-02  0.149(0.136,0.163) 5.1e-02 3.65e-02  0.098(0.087,0.110) 3.3e-02 1.85e-02  0.070(0.060,0.080) 2.4e-02 9.16e-03  0.048(0.041,0.057) 1.8e-02 4.55e-03  0.037(0.030,0.045) 1.3e-02 2.29e-03 
  M-ours-gmm32        0.264(0.247,0.281) 9.8e-02 1.09e-01  0.084(0.073,0.095) 3.2e-02 5.58e-02  0.034(0.027,0.041) 1.3e-02 2.94e-02  0.015(0.011,0.021) 5.7e-03 1.53e-02  0.012(0.008,0.017) 5.0e-03 7.90e-03  0.009(0.006,0.014) 3.8e-03 4.05e-03  0.004(0.002,0.007) 1.6e-03 2.08e-03 
  M-ours-bstar        0.253(0.236,0.270) 9.4e-02 1.00e-01  0.075(0.065,0.085) 2.8e-02 5.07e-02  0.024(0.019,0.030) 8.7e-03 2.71e-02  0.012(0.008,0.017) 4.5e-03 1.46e-02  0.009(0.006,0.014) 3.7e-03 7.47e-03  0.008(0.005,0.012) 2.7e-03 3.92e-03  0.003(0.001,0.006) 1.0e-03 2.00e-03 
  M-ours-dscore-C-V0  0.593(0.573,0.611) 2.6e-01 1.36e-01  0.845(0.830,0.858) 3.9e-01 2.26e-01  0.953(0.944,0.960) 4.5e-01 1.12e+00  0.948(0.939,0.956) 4.5e-01 2.24e+00  0.909(0.897,0.919) 4.2e-01 1.47e+00  0.817(0.801,0.831) 3.7e-01 6.93e-01  0.446(0.427,0.466) 1.9e-01 1.84e-01 
  M-ours-dscore-C-V1  0.145(0.132,0.159) 5.3e-02 5.47e-02  0.034(0.028,0.042) 1.2e-02 2.57e-02  0.011(0.008,0.016) 4.1e-03 1.30e-02  0.006(0.004,0.010) 2.2e-03 6.43e-03  0.003(0.001,0.006) 1.0e-03 3.12e-03  0.002(0.001,0.005) 4.5e-04 1.64e-03  0.001(0.000,0.003) 3.1e-04 8.83e-04 
  M-ours-dscore-C-V4  0.154(0.140,0.168) 5.4e-02 5.23e-02  0.037(0.031,0.046) 1.3e-02 2.34e-02  0.008(0.005,0.013) 2.7e-03 1.13e-02  0.006(0.004,0.010) 2.0e-03 5.65e-03  0.003(0.002,0.006) 1.0e-03 2.88e-03  0.002(0.001,0.005) 8.1e-04 1.54e-03  0.002(0.001,0.004) 3.6e-04 8.46e-04 
  M-ours-dscore-C-V4b 0.161(0.148,0.176) 5.9e-02 5.63e-02  0.039(0.033,0.048) 1.4e-02 2.47e-02  0.010(0.007,0.014) 4.0e-03 1.20e-02  0.006(0.004,0.010) 2.1e-03 6.01e-03  0.003(0.001,0.006) 9.0e-04 3.02e-03  0.002(0.001,0.005) 6.5e-04 1.60e-03  0.002(0.001,0.005) 4.6e-04 8.75e-04 
  M-ours-bstar-scalar 0.272(0.255,0.289) 1.0e-01 1.02e-01  0.079(0.069,0.090) 2.9e-02 5.10e-02  0.027(0.021,0.034) 1.1e-02 2.70e-02  0.014(0.010,0.019) 5.2e-03 1.44e-02  0.007(0.004,0.011) 2.9e-03 7.33e-03  0.009(0.006,0.013) 2.9e-03 3.85e-03  0.003(0.001,0.006) 1.1e-03 1.97e-03 
  R5-genie              0.034(0.028,0.042) 1.1e-02 nan       0.010(0.007,0.015) 3.8e-03 nan       0.005(0.003,0.008) 1.5e-03 nan       0.004(0.002,0.007) 1.3e-03 nan       0.001(0.000,0.003) 2.8e-04 nan       0.001(0.000,0.003) 1.7e-04 nan       0.001(0.000,0.003) 3.9e-04 nan    

  per-point detail rows (exp_0921 convention M-1: BLER@1/@2/@8/@16, BER@16, NMSE median all / success-only, rescued/lost 2->16, tauL@1, failure-class %):
   SNR -3 dB
    R0-pilot             n=2560 BLER@1/@2/@8/@16 = 0.749 0.630 0.490 0.477 [0.457,0.496]  BER@16=1.64e-01  NMSE med@1/@16=0.3183/0.3183 ok=0.3021  resc/lost(2->16)=397/5  tauL@1=1.040  fail% stuck/cyc2/other=30.6/1.4/15.6
    R1-turbo             n=2560 BLER@1/@2/@8/@16 = 0.749 0.602 0.546 0.543 [0.523,0.562]  BER@16=1.91e-01  NMSE med@1/@16=0.3183/0.2011 ok=0.1175  resc/lost(2->16)=153/0  tauL@1=1.040  fail% stuck/cyc2/other=52.6/0.0/1.6
    R2-ours-G            n=2560 BLER@1/@2/@8/@16 = 0.749 0.548 0.364 0.328 [0.310,0.346]  BER@16=1.25e-01  NMSE med@1/@16=0.3183/0.1368 ok=0.1189  resc/lost(2->16)=566/1  tauL@1=1.040  fail% stuck/cyc2/other=8.6/6.1/18.2
    R3-bigamp            n=2560 BLER@1/@2/@8/@16 = 0.801 0.665 0.557 0.543 [0.524,0.563]  BER@16=2.01e-01  NMSE med@1/@16=0.4004/0.3576 ok=0.2954  resc/lost(2->16)=317/6  tauL@1=1.705  fail% stuck/cyc2/other=41.9/3.4/9.1
    R4-llr               n=2560 BLER@1/@2/@8/@16 = 0.760 0.658 0.866 0.866 [0.852,0.879]  BER@16=4.98e-01  NMSE med@1/@16=0.2328/0.3724 ok=0.1196  resc/lost(2->16)=45/577  tauL@1=0.703  fail% stuck/cyc2/other=41.0/43.5/2.1
    R4-scvamp            n=2560 BLER@1/@2/@8/@16 = 0.760 0.646 0.611 0.610 [0.591,0.628]  BER@16=2.16e-01  NMSE med@1/@16=0.2328/0.2331 ok=0.1180  resc/lost(2->16)=94/0  tauL@1=0.703  fail% stuck/cyc2/other=58.9/0.5/1.5
    M-ours-gmm32         n=2560 BLER@1/@2/@8/@16 = 0.718 0.482 0.293 0.264 [0.247,0.281]  BER@16=9.80e-02  NMSE med@1/@16=0.2607/0.1093 ok=0.0965  resc/lost(2->16)=560/0  tauL@1=1.180  fail% stuck/cyc2/other=6.7/4.0/15.7
    M-ours-bstar         n=2560 BLER@1/@2/@8/@16 = 0.725 0.465 0.279 0.253 [0.236,0.270]  BER@16=9.42e-02  NMSE med@1/@16=0.2363/0.1000 ok=0.0885  resc/lost(2->16)=544/1  tauL@1=1.369  fail% stuck/cyc2/other=8.0/3.4/13.9
    M-ours-dscore-C-V0   n=2560 BLER@1/@2/@8/@16 = 0.598 0.635 0.624 0.593 [0.573,0.611]  BER@16=2.64e-01  NMSE med@1/@16=0.1786/0.1357 ok=0.0627  resc/lost(2->16)=289/180  tauL@1=1.208  fail% stuck/cyc2/other=2.6/3.8/52.9
    M-ours-dscore-C-V1   n=2560 BLER@1/@2/@8/@16 = 0.574 0.320 0.169 0.145 [0.132,0.159]  BER@16=5.34e-02  NMSE med@1/@16=0.1688/0.0547 ok=0.0495  resc/lost(2->16)=449/0  tauL@1=1.236  fail% stuck/cyc2/other=4.4/1.5/8.6
    M-ours-dscore-C-V4   n=2560 BLER@1/@2/@8/@16 = 0.569 0.319 0.175 0.154 [0.140,0.168]  BER@16=5.44e-02  NMSE med@1/@16=0.1669/0.0523 ok=0.0467  resc/lost(2->16)=424/1  tauL@1=1.164  fail% stuck/cyc2/other=6.1/0.9/8.4
    M-ours-dscore-C-V4b  n=2560 BLER@1/@2/@8/@16 = 0.569 0.328 0.185 0.161 [0.148,0.176]  BER@16=5.85e-02  NMSE med@1/@16=0.1669/0.0563 ok=0.0504  resc/lost(2->16)=428/2  tauL@1=1.164  fail% stuck/cyc2/other=6.0/1.1/9.0
    M-ours-bstar-scalar  n=2560 BLER@1/@2/@8/@16 = 0.716 0.470 0.292 0.272 [0.255,0.289]  BER@16=1.02e-01  NMSE med@1/@16=0.2373/0.1017 ok=0.0889  resc/lost(2->16)=508/0  tauL@1=1.249  fail% stuck/cyc2/other=10.5/2.9/13.8
    R5-genie             n=2560 BLER@1/@2/@8/@16 = 0.225 0.102 0.043 0.034 [0.028,0.042]  BER@16=1.14e-02  NMSE med@1/@16=nan/nan ok=nan  resc/lost(2->16)=175/0  tauL@1=0.771  fail% stuck/cyc2/other=1.4/0.2/1.8
   SNR +0 dB
    R0-pilot             n=2560 BLER@1/@2/@8/@16 = 0.388 0.242 0.148 0.133 [0.120,0.147]  BER@16=4.72e-02  NMSE med@1/@16=0.1924/0.1924 ok=0.1909  resc/lost(2->16)=280/0  tauL@1=0.623  fail% stuck/cyc2/other=2.9/1.1/9.2
    R1-turbo             n=2560 BLER@1/@2/@8/@16 = 0.388 0.266 0.215 0.211 [0.196,0.227]  BER@16=7.21e-02  NMSE med@1/@16=0.1924/0.0714 ok=0.0657  resc/lost(2->16)=142/0  tauL@1=0.623  fail% stuck/cyc2/other=19.4/0.0/1.7
    R2-ours-G            n=2560 BLER@1/@2/@8/@16 = 0.388 0.216 0.117 0.102 [0.091,0.114]  BER@16=3.81e-02  NMSE med@1/@16=0.1924/0.0681 ok=0.0659  resc/lost(2->16)=293/0  tauL@1=0.623  fail% stuck/cyc2/other=1.9/1.8/6.5
    R3-bigamp            n=2560 BLER@1/@2/@8/@16 = 0.411 0.286 0.218 0.211 [0.195,0.227]  BER@16=8.04e-02  NMSE med@1/@16=0.2367/0.1655 ok=0.1570  resc/lost(2->16)=194/0  tauL@1=0.576  fail% stuck/cyc2/other=9.7/1.5/9.8
    R4-llr               n=2560 BLER@1/@2/@8/@16 = 0.443 0.339 0.834 0.832 [0.817,0.846]  BER@16=6.46e-01  NMSE med@1/@16=0.0878/1.4139 ok=0.0644  resc/lost(2->16)=44/1306  tauL@1=0.409  fail% stuck/cyc2/other=11.1/68.1/4.0
    R4-scvamp            n=2560 BLER@1/@2/@8/@16 = 0.443 0.339 0.306 0.305 [0.288,0.323]  BER@16=1.05e-01  NMSE med@1/@16=0.0878/0.0751 ok=0.0656  resc/lost(2->16)=86/0  tauL@1=0.409  fail% stuck/cyc2/other=28.0/1.0/1.5
    M-ours-gmm32         n=2560 BLER@1/@2/@8/@16 = 0.357 0.192 0.099 0.084 [0.073,0.095]  BER@16=3.18e-02  NMSE med@1/@16=0.1553/0.0558 ok=0.0540  resc/lost(2->16)=278/0  tauL@1=0.722  fail% stuck/cyc2/other=2.0/0.9/5.5
    M-ours-bstar         n=2560 BLER@1/@2/@8/@16 = 0.346 0.173 0.082 0.075 [0.065,0.085]  BER@16=2.80e-02  NMSE med@1/@16=0.1385/0.0507 ok=0.0493  resc/lost(2->16)=251/0  tauL@1=0.849  fail% stuck/cyc2/other=1.8/0.5/5.1
    M-ours-dscore-C-V0   n=2560 BLER@1/@2/@8/@16 = 0.366 0.811 0.877 0.845 [0.830,0.858]  BER@16=3.90e-01  NMSE med@1/@16=0.1108/0.2256 ok=0.0542  resc/lost(2->16)=144/230  tauL@1=0.665  fail% stuck/cyc2/other=0.3/5.5/78.6
    M-ours-dscore-C-V1   n=2560 BLER@1/@2/@8/@16 = 0.243 0.106 0.042 0.034 [0.028,0.042]  BER@16=1.21e-02  NMSE med@1/@16=0.0896/0.0257 ok=0.0250  resc/lost(2->16)=183/0  tauL@1=0.770  fail% stuck/cyc2/other=1.2/0.3/2.0
    M-ours-dscore-C-V4   n=2560 BLER@1/@2/@8/@16 = 0.238 0.107 0.044 0.037 [0.031,0.046]  BER@16=1.33e-02  NMSE med@1/@16=0.0870/0.0234 ok=0.0227  resc/lost(2->16)=179/0  tauL@1=0.724  fail% stuck/cyc2/other=1.6/0.5/1.6
    M-ours-dscore-C-V4b  n=2560 BLER@1/@2/@8/@16 = 0.238 0.110 0.046 0.039 [0.033,0.048]  BER@16=1.36e-02  NMSE med@1/@16=0.0870/0.0247 ok=0.0241  resc/lost(2->16)=180/0  tauL@1=0.724  fail% stuck/cyc2/other=1.6/0.3/2.1
    M-ours-bstar-scalar  n=2560 BLER@1/@2/@8/@16 = 0.349 0.179 0.088 0.079 [0.069,0.090]  BER@16=2.93e-02  NMSE med@1/@16=0.1388/0.0510 ok=0.0494  resc/lost(2->16)=255/0  tauL@1=0.771  fail% stuck/cyc2/other=3.0/0.6/4.3
    R5-genie             n=2560 BLER@1/@2/@8/@16 = 0.095 0.038 0.013 0.010 [0.007,0.015]  BER@16=3.84e-03  NMSE med@1/@16=nan/nan ok=nan  resc/lost(2->16)=72/0  tauL@1=0.527  fail% stuck/cyc2/other=0.4/0.1/0.6
   SNR +3 dB
    R0-pilot             n=2560 BLER@1/@2/@8/@16 = 0.180 0.100 0.048 0.041 [0.034,0.049]  BER@16=1.57e-02  NMSE med@1/@16=0.1090/0.1090 ok=0.1089  resc/lost(2->16)=151/0  tauL@1=0.399  fail% stuck/cyc2/other=0.9/0.4/2.9
    R1-turbo             n=2560 BLER@1/@2/@8/@16 = 0.180 0.105 0.082 0.080 [0.070,0.091]  BER@16=2.83e-02  NMSE med@1/@16=0.1090/0.0355 ok=0.0345  resc/lost(2->16)=65/0  tauL@1=0.399  fail% stuck/cyc2/other=6.5/0.0/1.5
    R2-ours-G            n=2560 BLER@1/@2/@8/@16 = 0.180 0.088 0.046 0.038 [0.031,0.046]  BER@16=1.40e-02  NMSE med@1/@16=0.1090/0.0349 ok=0.0345  resc/lost(2->16)=128/0  tauL@1=0.399  fail% stuck/cyc2/other=0.9/0.4/2.5
    R3-bigamp            n=2560 BLER@1/@2/@8/@16 = 0.196 0.133 0.091 0.080 [0.070,0.091]  BER@16=3.13e-02  NMSE med@1/@16=0.1255/0.0740 ok=0.0725  resc/lost(2->16)=135/0  tauL@1=0.277  fail% stuck/cyc2/other=2.3/0.6/5.1
    R4-llr               n=2560 BLER@1/@2/@8/@16 = 0.241 0.155 0.601 0.600 [0.580,0.618]  BER@16=5.18e-01  NMSE med@1/@16=0.0388/1.2030 ok=0.0349  resc/lost(2->16)=44/1181  tauL@1=0.258  fail% stuck/cyc2/other=2.1/54.9/3.0
    R4-scvamp            n=2560 BLER@1/@2/@8/@16 = 0.241 0.170 0.150 0.149 [0.136,0.163]  BER@16=5.07e-02  NMSE med@1/@16=0.0388/0.0365 ok=0.0346  resc/lost(2->16)=55/1  tauL@1=0.258  fail% stuck/cyc2/other=12.7/1.0/1.2
    M-ours-gmm32         n=2560 BLER@1/@2/@8/@16 = 0.154 0.069 0.040 0.034 [0.027,0.041]  BER@16=1.28e-02  NMSE med@1/@16=0.0889/0.0294 ok=0.0289  resc/lost(2->16)=91/0  tauL@1=0.467  fail% stuck/cyc2/other=0.6/0.5/2.3
    M-ours-bstar         n=2560 BLER@1/@2/@8/@16 = 0.138 0.055 0.027 0.024 [0.019,0.030]  BER@16=8.73e-03  NMSE med@1/@16=0.0800/0.0271 ok=0.0269  resc/lost(2->16)=80/0  tauL@1=0.538  fail% stuck/cyc2/other=0.7/0.3/1.4
    M-ours-dscore-C-V0   n=2560 BLER@1/@2/@8/@16 = 0.464 0.938 0.980 0.953 [0.944,0.960]  BER@16=4.45e-01  NMSE med@1/@16=0.0912/1.1223 ok=0.2483  resc/lost(2->16)=90/127  tauL@1=0.273  fail% stuck/cyc2/other=0.2/7.3/87.7
    M-ours-dscore-C-V1   n=2560 BLER@1/@2/@8/@16 = 0.089 0.032 0.014 0.011 [0.008,0.016]  BER@16=4.07e-03  NMSE med@1/@16=0.0465/0.0130 ok=0.0129  resc/lost(2->16)=53/0  tauL@1=0.496  fail% stuck/cyc2/other=0.5/0.1/0.5
    M-ours-dscore-C-V4   n=2560 BLER@1/@2/@8/@16 = 0.086 0.030 0.014 0.008 [0.005,0.013]  BER@16=2.73e-03  NMSE med@1/@16=0.0438/0.0113 ok=0.0112  resc/lost(2->16)=55/0  tauL@1=0.471  fail% stuck/cyc2/other=0.5/0.0/0.3
    M-ours-dscore-C-V4b  n=2560 BLER@1/@2/@8/@16 = 0.086 0.030 0.013 0.010 [0.007,0.014]  BER@16=3.95e-03  NMSE med@1/@16=0.0438/0.0120 ok=0.0119  resc/lost(2->16)=53/0  tauL@1=0.471  fail% stuck/cyc2/other=0.5/0.1/0.4
    M-ours-bstar-scalar  n=2560 BLER@1/@2/@8/@16 = 0.141 0.060 0.029 0.027 [0.021,0.034]  BER@16=1.08e-02  NMSE med@1/@16=0.0803/0.0270 ok=0.0267  resc/lost(2->16)=84/0  tauL@1=0.492  fail% stuck/cyc2/other=1.2/0.2/1.2
    R5-genie             n=2560 BLER@1/@2/@8/@16 = 0.044 0.012 0.005 0.005 [0.003,0.008]  BER@16=1.53e-03  NMSE med@1/@16=nan/nan ok=nan  resc/lost(2->16)=18/0  tauL@1=0.387  fail% stuck/cyc2/other=0.2/0.0/0.3
   SNR +6 dB
    R0-pilot             n=2560 BLER@1/@2/@8/@16 = 0.100 0.057 0.030 0.025 [0.019,0.031]  BER@16=9.22e-03  NMSE med@1/@16=0.0583/0.0583 ok=0.0583  resc/lost(2->16)=84/0  tauL@1=0.280  fail% stuck/cyc2/other=0.5/0.4/1.6
    R1-turbo             n=2560 BLER@1/@2/@8/@16 = 0.100 0.063 0.043 0.039 [0.033,0.048]  BER@16=1.45e-02  NMSE med@1/@16=0.0583/0.0181 ok=0.0179  resc/lost(2->16)=60/0  tauL@1=0.280  fail% stuck/cyc2/other=2.6/0.0/1.4
    R2-ours-G            n=2560 BLER@1/@2/@8/@16 = 0.100 0.054 0.027 0.022 [0.017,0.029]  BER@16=9.21e-03  NMSE med@1/@16=0.0583/0.0180 ok=0.0179  resc/lost(2->16)=81/0  tauL@1=0.280  fail% stuck/cyc2/other=0.5/0.4/1.3
    R3-bigamp            n=2560 BLER@1/@2/@8/@16 = 0.136 0.093 0.061 0.053 [0.045,0.062]  BER@16=2.23e-02  NMSE med@1/@16=0.0589/0.0313 ok=0.0309  resc/lost(2->16)=104/0  tauL@1=0.162  fail% stuck/cyc2/other=0.5/0.5/4.3
    R4-llr               n=2560 BLER@1/@2/@8/@16 = 0.152 0.091 0.398 0.399 [0.380,0.418]  BER@16=3.49e-01  NMSE med@1/@16=0.0190/0.0223 ok=0.0179  resc/lost(2->16)=27/814  tauL@1=0.181  fail% stuck/cyc2/other=0.4/36.9/2.6
    R4-scvamp            n=2560 BLER@1/@2/@8/@16 = 0.152 0.107 0.098 0.098 [0.087,0.110]  BER@16=3.25e-02  NMSE med@1/@16=0.0190/0.0185 ok=0.0179  resc/lost(2->16)=25/1  tauL@1=0.181  fail% stuck/cyc2/other=7.5/1.6/0.7
    M-ours-gmm32         n=2560 BLER@1/@2/@8/@16 = 0.091 0.039 0.019 0.015 [0.011,0.021]  BER@16=5.73e-03  NMSE med@1/@16=0.0477/0.0153 ok=0.0152  resc/lost(2->16)=62/0  tauL@1=0.326  fail% stuck/cyc2/other=0.3/0.2/1.1
    M-ours-bstar         n=2560 BLER@1/@2/@8/@16 = 0.080 0.029 0.014 0.012 [0.008,0.017]  BER@16=4.45e-03  NMSE med@1/@16=0.0439/0.0146 ok=0.0145  resc/lost(2->16)=44/0  tauL@1=0.365  fail% stuck/cyc2/other=0.3/0.1/0.7
    M-ours-dscore-C-V0   n=2560 BLER@1/@2/@8/@16 = 0.811 0.918 0.964 0.948 [0.939,0.956]  BER@16=4.48e-01  NMSE med@1/@16=15.2231/2.2383 ok=0.3331  resc/lost(2->16)=95/173  tauL@1=0.009  fail% stuck/cyc2/other=0.3/8.9/85.7
    M-ours-dscore-C-V1   n=2560 BLER@1/@2/@8/@16 = 0.049 0.014 0.007 0.006 [0.004,0.010]  BER@16=2.17e-03  NMSE med@1/@16=0.0238/0.0064 ok=0.0064  resc/lost(2->16)=21/0  tauL@1=0.369  fail% stuck/cyc2/other=0.3/0.0/0.3
    M-ours-dscore-C-V4   n=2560 BLER@1/@2/@8/@16 = 0.046 0.016 0.007 0.006 [0.004,0.010]  BER@16=1.95e-03  NMSE med@1/@16=0.0213/0.0056 ok=0.0056  resc/lost(2->16)=26/0  tauL@1=0.351  fail% stuck/cyc2/other=0.4/0.0/0.3
    M-ours-dscore-C-V4b  n=2560 BLER@1/@2/@8/@16 = 0.046 0.016 0.007 0.006 [0.004,0.010]  BER@16=2.08e-03  NMSE med@1/@16=0.0213/0.0060 ok=0.0060  resc/lost(2->16)=25/0  tauL@1=0.351  fail% stuck/cyc2/other=0.3/0.0/0.3
    M-ours-bstar-scalar  n=2560 BLER@1/@2/@8/@16 = 0.082 0.031 0.014 0.014 [0.010,0.019]  BER@16=5.25e-03  NMSE med@1/@16=0.0440/0.0144 ok=0.0144  resc/lost(2->16)=43/0  tauL@1=0.342  fail% stuck/cyc2/other=0.6/0.0/0.8
    R5-genie             n=2560 BLER@1/@2/@8/@16 = 0.032 0.007 0.004 0.004 [0.002,0.007]  BER@16=1.32e-03  NMSE med@1/@16=nan/nan ok=nan  resc/lost(2->16)=10/0  tauL@1=0.283  fail% stuck/cyc2/other=0.1/0.0/0.2
   SNR +9 dB
    R0-pilot             n=2560 BLER@1/@2/@8/@16 = 0.064 0.035 0.017 0.014 [0.010,0.019]  BER@16=5.32e-03  NMSE med@1/@16=0.0300/0.0300 ok=0.0300  resc/lost(2->16)=54/0  tauL@1=0.201  fail% stuck/cyc2/other=0.2/0.4/0.8
    R1-turbo             n=2560 BLER@1/@2/@8/@16 = 0.064 0.036 0.025 0.024 [0.019,0.031]  BER@16=9.01e-03  NMSE med@1/@16=0.0300/0.0090 ok=0.0089  resc/lost(2->16)=30/0  tauL@1=0.201  fail% stuck/cyc2/other=1.7/0.0/0.7
    R2-ours-G            n=2560 BLER@1/@2/@8/@16 = 0.064 0.030 0.014 0.012 [0.009,0.017]  BER@16=4.87e-03  NMSE med@1/@16=0.0300/0.0090 ok=0.0089  resc/lost(2->16)=47/0  tauL@1=0.201  fail% stuck/cyc2/other=0.2/0.3/0.7
    R3-bigamp            n=2560 BLER@1/@2/@8/@16 = 0.107 0.072 0.055 0.051 [0.043,0.060]  BER@16=2.09e-02  NMSE med@1/@16=0.0238/0.0129 ok=0.0127  resc/lost(2->16)=55/0  tauL@1=0.111  fail% stuck/cyc2/other=0.4/0.4/4.4
    R4-llr               n=2560 BLER@1/@2/@8/@16 = 0.104 0.066 0.274 0.274 [0.257,0.292]  BER@16=2.41e-01  NMSE med@1/@16=0.0093/0.0101 ok=0.0089  resc/lost(2->16)=25/559  tauL@1=0.130  fail% stuck/cyc2/other=0.1/25.6/1.7
    R4-scvamp            n=2560 BLER@1/@2/@8/@16 = 0.104 0.077 0.070 0.070 [0.060,0.080]  BER@16=2.41e-02  NMSE med@1/@16=0.0093/0.0092 ok=0.0090  resc/lost(2->16)=19/0  tauL@1=0.130  fail% stuck/cyc2/other=5.3/1.2/0.5
    M-ours-gmm32         n=2560 BLER@1/@2/@8/@16 = 0.057 0.027 0.013 0.012 [0.008,0.017]  BER@16=4.99e-03  NMSE med@1/@16=0.0253/0.0079 ok=0.0079  resc/lost(2->16)=38/0  tauL@1=0.228  fail% stuck/cyc2/other=0.0/0.3/0.9
    M-ours-bstar         n=2560 BLER@1/@2/@8/@16 = 0.050 0.020 0.011 0.009 [0.006,0.014]  BER@16=3.70e-03  NMSE med@1/@16=0.0234/0.0075 ok=0.0074  resc/lost(2->16)=26/0  tauL@1=0.249  fail% stuck/cyc2/other=0.1/0.2/0.7
    M-ours-dscore-C-V0   n=2560 BLER@1/@2/@8/@16 = 0.913 0.848 0.910 0.909 [0.897,0.919]  BER@16=4.21e-01  NMSE med@1/@16=19.0096/1.4713 ok=0.2880  resc/lost(2->16)=150/306  tauL@1=0.004  fail% stuck/cyc2/other=0.4/8.9/81.6
    M-ours-dscore-C-V1   n=2560 BLER@1/@2/@8/@16 = 0.029 0.007 0.003 0.003 [0.001,0.006]  BER@16=9.95e-04  NMSE med@1/@16=0.0116/0.0031 ok=0.0031  resc/lost(2->16)=10/0  tauL@1=0.255  fail% stuck/cyc2/other=0.0/0.0/0.2
    M-ours-dscore-C-V4   n=2560 BLER@1/@2/@8/@16 = 0.027 0.007 0.004 0.003 [0.002,0.006]  BER@16=1.01e-03  NMSE med@1/@16=0.0101/0.0029 ok=0.0029  resc/lost(2->16)=10/0  tauL@1=0.237  fail% stuck/cyc2/other=0.1/0.0/0.2
    M-ours-dscore-C-V4b  n=2560 BLER@1/@2/@8/@16 = 0.027 0.007 0.003 0.003 [0.001,0.006]  BER@16=9.02e-04  NMSE med@1/@16=0.0101/0.0030 ok=0.0030  resc/lost(2->16)=11/0  tauL@1=0.237  fail% stuck/cyc2/other=0.1/0.0/0.2
    M-ours-bstar-scalar  n=2560 BLER@1/@2/@8/@16 = 0.052 0.022 0.009 0.007 [0.004,0.011]  BER@16=2.91e-03  NMSE med@1/@16=0.0232/0.0073 ok=0.0073  resc/lost(2->16)=38/0  tauL@1=0.233  fail% stuck/cyc2/other=0.2/0.1/0.4
    R5-genie             n=2560 BLER@1/@2/@8/@16 = 0.022 0.004 0.001 0.001 [0.000,0.003]  BER@16=2.79e-04  NMSE med@1/@16=nan/nan ok=nan  resc/lost(2->16)=7/0  tauL@1=0.189  fail% stuck/cyc2/other=0.0/0.0/0.0
   SNR +12 dB
    R0-pilot             n=2560 BLER@1/@2/@8/@16 = 0.047 0.026 0.014 0.011 [0.008,0.016]  BER@16=4.18e-03  NMSE med@1/@16=0.0153/0.0153 ok=0.0153  resc/lost(2->16)=39/0  tauL@1=0.147  fail% stuck/cyc2/other=0.2/0.3/0.7
    R1-turbo             n=2560 BLER@1/@2/@8/@16 = 0.047 0.027 0.018 0.018 [0.013,0.023]  BER@16=6.98e-03  NMSE med@1/@16=0.0153/0.0045 ok=0.0045  resc/lost(2->16)=25/0  tauL@1=0.147  fail% stuck/cyc2/other=1.1/0.0/0.6
    R2-ours-G            n=2560 BLER@1/@2/@8/@16 = 0.047 0.025 0.014 0.011 [0.008,0.016]  BER@16=4.66e-03  NMSE med@1/@16=0.0153/0.0045 ok=0.0045  resc/lost(2->16)=36/0  tauL@1=0.147  fail% stuck/cyc2/other=0.1/0.2/0.8
    R3-bigamp            n=2560 BLER@1/@2/@8/@16 = 0.099 0.067 0.058 0.057 [0.049,0.067]  BER@16=2.54e-02  NMSE med@1/@16=0.0099/0.0057 ok=0.0056  resc/lost(2->16)=27/3  tauL@1=0.083  fail% stuck/cyc2/other=0.1/0.8/4.9
    R4-llr               n=2560 BLER@1/@2/@8/@16 = 0.078 0.048 0.195 0.194 [0.179,0.210]  BER@16=1.71e-01  NMSE med@1/@16=0.0046/0.0048 ok=0.0045  resc/lost(2->16)=24/398  tauL@1=0.094  fail% stuck/cyc2/other=0.1/18.2/1.1
    R4-scvamp            n=2560 BLER@1/@2/@8/@16 = 0.078 0.056 0.048 0.048 [0.041,0.057]  BER@16=1.76e-02  NMSE med@1/@16=0.0046/0.0046 ok=0.0045  resc/lost(2->16)=20/0  tauL@1=0.094  fail% stuck/cyc2/other=3.7/0.7/0.4
    M-ours-gmm32         n=2560 BLER@1/@2/@8/@16 = 0.042 0.022 0.011 0.009 [0.006,0.014]  BER@16=3.79e-03  NMSE med@1/@16=0.0133/0.0041 ok=0.0040  resc/lost(2->16)=32/0  tauL@1=0.161  fail% stuck/cyc2/other=0.2/0.2/0.5
    M-ours-bstar         n=2560 BLER@1/@2/@8/@16 = 0.038 0.015 0.008 0.008 [0.005,0.012]  BER@16=2.69e-03  NMSE med@1/@16=0.0125/0.0039 ok=0.0039  resc/lost(2->16)=18/0  tauL@1=0.179  fail% stuck/cyc2/other=0.3/0.3/0.2
    M-ours-dscore-C-V0   n=2560 BLER@1/@2/@8/@16 = 0.897 0.751 0.827 0.817 [0.801,0.831]  BER@16=3.65e-01  NMSE med@1/@16=13.6225/0.6930 ok=0.2435  resc/lost(2->16)=261/429  tauL@1=0.003  fail% stuck/cyc2/other=0.7/9.8/71.2
    M-ours-dscore-C-V1   n=2560 BLER@1/@2/@8/@16 = 0.021 0.006 0.002 0.002 [0.001,0.005]  BER@16=4.46e-04  NMSE med@1/@16=0.0058/0.0016 ok=0.0016  resc/lost(2->16)=10/0  tauL@1=0.169  fail% stuck/cyc2/other=0.1/0.0/0.1
    M-ours-dscore-C-V4   n=2560 BLER@1/@2/@8/@16 = 0.021 0.006 0.002 0.002 [0.001,0.005]  BER@16=8.09e-04  NMSE med@1/@16=0.0052/0.0015 ok=0.0015  resc/lost(2->16)=10/0  tauL@1=0.155  fail% stuck/cyc2/other=0.2/0.0/0.1
    M-ours-dscore-C-V4b  n=2560 BLER@1/@2/@8/@16 = 0.021 0.006 0.002 0.002 [0.001,0.005]  BER@16=6.51e-04  NMSE med@1/@16=0.0052/0.0016 ok=0.0016  resc/lost(2->16)=11/0  tauL@1=0.155  fail% stuck/cyc2/other=0.1/0.0/0.1
    M-ours-bstar-scalar  n=2560 BLER@1/@2/@8/@16 = 0.039 0.016 0.010 0.009 [0.006,0.013]  BER@16=2.91e-03  NMSE med@1/@16=0.0123/0.0038 ok=0.0038  resc/lost(2->16)=20/0  tauL@1=0.165  fail% stuck/cyc2/other=0.3/0.1/0.4
    R5-genie             n=2560 BLER@1/@2/@8/@16 = 0.015 0.004 0.001 0.001 [0.000,0.003]  BER@16=1.67e-04  NMSE med@1/@16=nan/nan ok=nan  resc/lost(2->16)=8/0  tauL@1=0.123  fail% stuck/cyc2/other=0.1/0.0/0.0
   SNR +15 dB
    R0-pilot             n=2560 BLER@1/@2/@8/@16 = 0.036 0.012 0.007 0.005 [0.003,0.009]  BER@16=2.27e-03  NMSE med@1/@16=0.0078/0.0078 ok=0.0078  resc/lost(2->16)=16/0  tauL@1=0.105  fail% stuck/cyc2/other=0.0/0.1/0.4
    R1-turbo             n=2560 BLER@1/@2/@8/@16 = 0.036 0.014 0.009 0.008 [0.005,0.013]  BER@16=3.21e-03  NMSE med@1/@16=0.0078/0.0023 ok=0.0023  resc/lost(2->16)=14/0  tauL@1=0.105  fail% stuck/cyc2/other=0.4/0.1/0.3
    R2-ours-G            n=2560 BLER@1/@2/@8/@16 = 0.036 0.011 0.007 0.006 [0.004,0.010]  BER@16=2.48e-03  NMSE med@1/@16=0.0078/0.0023 ok=0.0023  resc/lost(2->16)=13/0  tauL@1=0.105  fail% stuck/cyc2/other=0.0/0.1/0.4
    R3-bigamp            n=2560 BLER@1/@2/@8/@16 = 0.105 0.075 0.058 0.055 [0.047,0.065]  BER@16=2.48e-02  NMSE med@1/@16=0.0048/0.0026 ok=0.0026  resc/lost(2->16)=50/1  tauL@1=0.071  fail% stuck/cyc2/other=0.2/0.9/4.5
    R4-llr               n=2560 BLER@1/@2/@8/@16 = 0.067 0.036 0.169 0.171 [0.157,0.186]  BER@16=1.51e-01  NMSE med@1/@16=0.0023/0.0024 ok=0.0023  resc/lost(2->16)=11/357  tauL@1=0.065  fail% stuck/cyc2/other=0.1/16.1/0.9
    R4-scvamp            n=2560 BLER@1/@2/@8/@16 = 0.067 0.044 0.037 0.037 [0.030,0.045]  BER@16=1.27e-02  NMSE med@1/@16=0.0023/0.0023 ok=0.0023  resc/lost(2->16)=18/0  tauL@1=0.065  fail% stuck/cyc2/other=3.2/0.4/0.2
    M-ours-gmm32         n=2560 BLER@1/@2/@8/@16 = 0.032 0.012 0.005 0.004 [0.002,0.007]  BER@16=1.56e-03  NMSE med@1/@16=0.0069/0.0021 ok=0.0021  resc/lost(2->16)=22/0  tauL@1=0.110  fail% stuck/cyc2/other=0.0/0.0/0.3
    M-ours-bstar         n=2560 BLER@1/@2/@8/@16 = 0.027 0.009 0.003 0.003 [0.001,0.006]  BER@16=1.03e-03  NMSE med@1/@16=0.0065/0.0020 ok=0.0020  resc/lost(2->16)=15/0  tauL@1=0.118  fail% stuck/cyc2/other=0.0/0.0/0.2
    M-ours-dscore-C-V0   n=2560 BLER@1/@2/@8/@16 = 0.861 0.632 0.498 0.446 [0.427,0.466]  BER@16=1.91e-01  NMSE med@1/@16=9.3382/0.1836 ok=0.0014  resc/lost(2->16)=689/213  tauL@1=0.002  fail% stuck/cyc2/other=1.0/6.1/37.5
    M-ours-dscore-C-V1   n=2560 BLER@1/@2/@8/@16 = 0.013 0.003 0.001 0.001 [0.000,0.003]  BER@16=3.07e-04  NMSE med@1/@16=0.0028/0.0009 ok=0.0009  resc/lost(2->16)=5/0  tauL@1=0.108  fail% stuck/cyc2/other=0.1/0.0/0.0
    M-ours-dscore-C-V4   n=2560 BLER@1/@2/@8/@16 = 0.013 0.003 0.002 0.002 [0.001,0.004]  BER@16=3.63e-04  NMSE med@1/@16=0.0027/0.0008 ok=0.0008  resc/lost(2->16)=4/0  tauL@1=0.101  fail% stuck/cyc2/other=0.1/0.0/0.0
    M-ours-dscore-C-V4b  n=2560 BLER@1/@2/@8/@16 = 0.013 0.003 0.002 0.002 [0.001,0.005]  BER@16=4.56e-04  NMSE med@1/@16=0.0027/0.0009 ok=0.0009  resc/lost(2->16)=3/0  tauL@1=0.101  fail% stuck/cyc2/other=0.1/0.1/0.0
    M-ours-bstar-scalar  n=2560 BLER@1/@2/@8/@16 = 0.028 0.009 0.003 0.003 [0.001,0.006]  BER@16=1.13e-03  NMSE med@1/@16=0.0064/0.0020 ok=0.0020  resc/lost(2->16)=15/0  tauL@1=0.111  fail% stuck/cyc2/other=0.0/0.0/0.2
    R5-genie             n=2560 BLER@1/@2/@8/@16 = 0.009 0.002 0.001 0.001 [0.000,0.003]  BER@16=3.91e-04  NMSE med@1/@16=nan/nan ok=nan  resc/lost(2->16)=4/0  tauL@1=0.075  fail% stuck/cyc2/other=0.0/0.0/0.0

  SNR@BLER 0.1 (log-linear interpolation; '<=x' already below at the lowest grid point, '>x' never reached)
  and the SNR@0.1 gain over R2-ours-G with a 90% PAIRED bootstrap CI (same resampled trials for both arms).
  SIGN CONVENTION (spelled out the same way as table B, so it cannot be read inverted): the number is
  SNR@0.1(this arm) MINUS SNR@0.1(R2-ours-G).  + dB = this arm needs MORE SNR than R2-ours-G to reach
  BLER 0.1;  - dB = it needs LESS.
    arm                  SNR@0.1   SNR@0.1 gap (this arm minus R2-ours-G)
    R0-pilot (@1)           6.03   +5.97 dB  [90% paired bootstrap +5.46, +6.57; censored replicates 0%]
    pilot_C (@16)           0.72   +0.67 dB  [90% paired bootstrap +0.47, +0.88; censored replicates 0%]
    R1-turbo                2.30   +2.24 dB  [90% paired bootstrap +1.92, +2.62; censored replicates 0%]
    R2-ours-G               0.06   -- (reference)
    R3-bigamp               2.31   +2.25 dB  [90% paired bootstrap +1.91, +2.62; censored replicates 0%]
    R4-llr                 >  15   >= +14.94 dB (R4-llr never reaches 0.1 on the grid)
    R4-scvamp               5.83   +5.77 dB  [90% paired bootstrap +5.15, +6.50; censored replicates 0%]
    M-ours-gmm32           -0.47   -0.53 dB  [90% paired bootstrap -0.72, -0.32; censored replicates 0%]
    M-ours-bstar           -0.72   -0.78 dB  [90% paired bootstrap -0.98, -0.57; censored replicates 0%]
    M-ours-dscore-C-V0     >  15   >= +14.94 dB (M-ours-dscore-C-V0 never reaches 0.1 on the grid)
    M-ours-dscore-C-V1     -2.23   -2.29 dB  [90% paired bootstrap -2.54, -2.03; censored replicates 0%]
    M-ours-dscore-C-V4     -2.08   -2.14 dB  [90% paired bootstrap -2.38, -1.90; censored replicates 0%]
    M-ours-dscore-C-V4b    -1.98   -2.04 dB  [90% paired bootstrap -2.28, -1.79; censored replicates 0%]
    M-ours-bstar-scalar    -0.56   -0.62 dB  [90% paired bootstrap -0.82, -0.43; censored replicates 0%]
    R5-genie              <=  -3   n/a (<=  -3 vs 0.06) — extend the SNR grid

  failure classes at @16, as a fraction of ALL blocks (exp_0921 operational definition; diverged = the arm's own flag, raised = the arm threw on that block (runner.py '<arm>|failed'); diverged AND raised blocks are KEPT in every mean above, a raised block counting as a block error):
    arm  [stuck/cyc2/other/diverged/raised]              -3 dB                           +0 dB                           +3 dB                           +6 dB                           +9 dB                           +12 dB                          +15 dB             
    R0-pilot (@1)                                         n/a                             n/a                             n/a                             n/a                             n/a                             n/a                             n/a                 (1-pass arm: no trajectory to classify)
    pilot_C (@16)                            0.306/0.014/0.156/n/a  /0.000   0.029/0.011/0.092/n/a  /0.000   0.009/0.004/0.029/n/a  /0.000   0.005/0.004/0.016/n/a  /0.000   0.002/0.004/0.008/n/a  /0.000   0.002/0.003/0.007/n/a  /0.000   0.000/0.001/0.004/n/a  /0.000  
    R1-turbo                                 0.526/0.000/0.016/n/a  /0.000   0.194/0.000/0.017/n/a  /0.000   0.065/0.000/0.015/n/a  /0.000   0.026/0.000/0.014/n/a  /0.000   0.017/0.000/0.007/n/a  /0.000   0.011/0.000/0.006/n/a  /0.000   0.004/0.001/0.003/n/a  /0.000  
    R2-ours-G                                0.086/0.061/0.182/n/a  /0.000   0.019/0.018/0.065/n/a  /0.000   0.009/0.004/0.025/n/a  /0.000   0.005/0.004/0.013/n/a  /0.000   0.002/0.003/0.007/n/a  /0.000   0.001/0.002/0.008/n/a  /0.000   0.000/0.001/0.004/n/a  /0.000  
    R3-bigamp                                0.419/0.034/0.091/0.000/0.000   0.097/0.015/0.098/0.000/0.000   0.023/0.006/0.051/0.000/0.000   0.005/0.005/0.043/0.000/0.000   0.004/0.004/0.044/0.000/0.000   0.001/0.008/0.049/0.000/0.000   0.002/0.009/0.045/0.000/0.000  
    R4-llr                                   0.410/0.435/0.021/0.000/0.000   0.111/0.681/0.040/0.000/0.000   0.021/0.549/0.030/0.000/0.000   0.004/0.369/0.026/0.000/0.000   0.001/0.256/0.017/0.000/0.000   0.001/0.182/0.011/0.000/0.000   0.001/0.161/0.009/0.000/0.000  
    R4-scvamp                                0.589/0.005/0.015/0.000/0.000   0.280/0.010/0.015/0.000/0.000   0.127/0.010/0.012/0.000/0.000   0.075/0.016/0.007/0.000/0.000   0.053/0.012/0.005/0.000/0.000   0.037/0.007/0.004/0.000/0.000   0.032/0.004/0.002/0.000/0.000  
    M-ours-gmm32                             0.067/0.040/0.157/n/a  /0.000   0.020/0.009/0.055/n/a  /0.000   0.006/0.005/0.023/n/a  /0.000   0.003/0.002/0.011/n/a  /0.000   0.000/0.003/0.009/n/a  /0.000   0.002/0.002/0.005/n/a  /0.000   0.000/0.000/0.003/n/a  /0.000  
    M-ours-bstar                             0.080/0.034/0.139/n/a  /0.000   0.018/0.005/0.051/n/a  /0.000   0.007/0.003/0.014/n/a  /0.000   0.003/0.001/0.007/n/a  /0.000   0.001/0.002/0.007/n/a  /0.000   0.003/0.003/0.002/n/a  /0.000   0.000/0.000/0.002/n/a  /0.000  
    M-ours-dscore-C-V0                       0.026/0.038/0.529/n/a  /0.000   0.003/0.055/0.786/n/a  /0.000   0.002/0.073/0.877/n/a  /0.000   0.003/0.089/0.857/n/a  /0.000   0.004/0.089/0.816/n/a  /0.000   0.007/0.098/0.712/n/a  /0.000   0.010/0.061/0.375/n/a  /0.000  
    M-ours-dscore-C-V1                       0.044/0.015/0.086/n/a  /0.000   0.012/0.003/0.020/n/a  /0.000   0.005/0.001/0.005/n/a  /0.000   0.003/0.000/0.003/n/a  /0.000   0.000/0.000/0.002/n/a  /0.000   0.001/0.000/0.001/n/a  /0.000   0.001/0.000/0.000/n/a  /0.000  
    M-ours-dscore-C-V4                       0.061/0.009/0.084/n/a  /0.000   0.016/0.005/0.016/n/a  /0.000   0.005/0.000/0.003/n/a  /0.000   0.004/0.000/0.003/n/a  /0.000   0.001/0.000/0.002/n/a  /0.000   0.002/0.000/0.001/n/a  /0.000   0.001/0.000/0.000/n/a  /0.000  
    M-ours-dscore-C-V4b                      0.060/0.011/0.090/n/a  /0.000   0.016/0.003/0.021/n/a  /0.000   0.005/0.001/0.004/n/a  /0.000   0.003/0.000/0.003/n/a  /0.000   0.001/0.000/0.002/n/a  /0.000   0.001/0.000/0.001/n/a  /0.000   0.001/0.001/0.000/n/a  /0.000  
    M-ours-bstar-scalar                      0.105/0.029/0.138/n/a  /0.000   0.030/0.006/0.043/n/a  /0.000   0.012/0.002/0.013/n/a  /0.000   0.006/0.000/0.008/n/a  /0.000   0.002/0.001/0.004/n/a  /0.000   0.003/0.001/0.004/n/a  /0.000   0.000/0.000/0.002/n/a  /0.000  
    R5-genie                                 0.014/0.002/0.018/n/a  /0.000   0.004/0.001/0.006/n/a  /0.000   0.002/0.000/0.003/n/a  /0.000   0.001/0.000/0.002/n/a  /0.000   0.000/0.000/0.000/n/a  /0.000   0.001/0.000/0.000/n/a  /0.000   0.000/0.000/0.000/n/a  /0.000  

  clip firing rates, mean over trials x iterations (tauL = variance-floor clip of the detector site, alphaD = alpha^D clip to [eps, 1-eps]):
    arm                             -3 dB             +0 dB             +3 dB             +6 dB             +9 dB            +12 dB            +15 dB
    R0-pilot              0.0000/0.1342     0.0004/0.7534     0.0017/0.9173     0.0013/0.9544     0.0011/0.9756     0.0006/0.9827     0.0005/0.9886  
    R1-turbo              0.0000/0.5845     0.0004/0.8410     0.0011/0.9338     0.0013/0.9613     0.0009/0.9790     0.0004/0.9846     0.0002/0.9901  
    R2-ours-G             0.0000/0.5043     0.0006/0.8144     0.0023/0.9247     0.0013/0.9577     0.0009/0.9771     0.0007/0.9827     0.0003/0.9896  
    R3-bigamp             0.0000/0.0000     0.0000/0.0000     0.0000/0.0000     0.0000/0.0000     0.0000/0.0000     0.0000/0.0000     0.0000/0.0000  
    R4-llr                0.3053/0.0000     0.5050/0.0000     0.6325/0.0000     0.6870/0.0000     0.7203/0.0000     0.7402/0.0000     0.7450/0.0000  
    R4-scvamp             0.2356/0.5200     0.3051/0.7221     0.3486/0.8584     0.3698/0.9173     0.3785/0.9491     0.3748/0.9630     0.3756/0.9726  
    M-ours-gmm32          0.0000/0.5667     0.0003/0.8318     0.0017/0.9293     0.0007/0.9626     0.0012/0.9775     0.0006/0.9853     0.0004/0.9895  
    M-ours-bstar          0.0000/0.5733     0.0002/0.8420     0.0006/0.9349     0.0005/0.9649     0.0008/0.9790     0.0003/0.9863     0.0001/0.9908  
    M-ours-dscore-C-V0    0.0859/0.4931     0.1255/0.4324     0.1103/0.4312     0.0721/0.4647     0.0485/0.5658     0.0312/0.6995     0.0153/0.8320  
    M-ours-dscore-C-V1    0.0000/0.7082     0.0001/0.8910     0.0002/0.9552     0.0002/0.9755     0.0002/0.9869     0.0000/0.9909     0.0000/0.9939  
    M-ours-dscore-C-V4    0.0000/0.7152     0.0001/0.8929     0.0001/0.9578     0.0000/0.9769     0.0001/0.9875     0.0000/0.9912     0.0000/0.9941  
    M-ours-dscore-C-V4b   0.0000/0.7068     0.0001/0.8917     0.0003/0.9575     0.0000/0.9770     0.0000/0.9877     0.0000/0.9911     0.0000/0.9941  
    M-ours-bstar-scalar   0.0000/0.5829     0.0004/0.8438     0.0007/0.9367     0.0005/0.9666     0.0004/0.9801     0.0004/0.9861     0.0001/0.9905  
    R5-genie              0.0000/0.8718     0.0000/0.9481     0.0000/0.9771     0.0000/0.9832     0.0000/0.9908     0.0000/0.9931     0.0000/0.9945  

  NMSE_H@16 median, WITH and WITHOUT the failed blocks (08_SPEC §5: both versions, never only one):
    arm                                   -3 dB                   +0 dB                   +3 dB                   +6 dB                   +9 dB                  +12 dB                  +15 dB     [all blocks / success-only]
    R0-pilot                3.183e-01/3.021e-01     1.924e-01/1.909e-01     1.090e-01/1.089e-01     5.832e-02/5.835e-02     3.004e-02/3.003e-02     1.528e-02/1.528e-02     7.780e-03/7.782e-03
    R1-turbo                2.011e-01/1.175e-01     7.139e-02/6.567e-02     3.547e-02/3.451e-02     1.807e-02/1.790e-02     9.004e-03/8.927e-03     4.506e-03/4.483e-03     2.273e-03/2.264e-03
    R2-ours-G               1.368e-01/1.189e-01     6.810e-02/6.586e-02     3.492e-02/3.452e-02     1.797e-02/1.786e-02     8.960e-03/8.925e-03     4.500e-03/4.482e-03     2.268e-03/2.263e-03
    R3-bigamp               3.576e-01/2.954e-01     1.655e-01/1.570e-01     7.403e-02/7.253e-02     3.130e-02/3.087e-02     1.292e-02/1.273e-02     5.669e-03/5.562e-03     2.619e-03/2.572e-03
    R4-llr                  3.724e-01/1.196e-01     1.414e+00/6.435e-02     1.203e+00/3.492e-02     2.232e-02/1.791e-02     1.005e-02/8.930e-03     4.844e-03/4.505e-03     2.427e-03/2.275e-03
    R4-scvamp               2.331e-01/1.180e-01     7.506e-02/6.563e-02     3.653e-02/3.461e-02     1.850e-02/1.789e-02     9.156e-03/8.953e-03     4.554e-03/4.487e-03     2.295e-03/2.263e-03
    M-ours-gmm32            1.093e-01/9.646e-02     5.578e-02/5.404e-02     2.938e-02/2.894e-02     1.531e-02/1.525e-02     7.905e-03/7.867e-03     4.055e-03/4.045e-03     2.076e-03/2.074e-03
    M-ours-bstar            1.000e-01/8.851e-02     5.069e-02/4.934e-02     2.708e-02/2.688e-02     1.461e-02/1.455e-02     7.466e-03/7.430e-03     3.920e-03/3.902e-03     1.995e-03/1.995e-03
    M-ours-dscore-C-V0      1.357e-01/6.273e-02     2.256e-01/5.422e-02     1.122e+00/2.483e-01     2.238e+00/3.331e-01     1.471e+00/2.880e-01     6.930e-01/2.435e-01     1.836e-01/1.446e-03
    M-ours-dscore-C-V1      5.474e-02/4.952e-02     2.571e-02/2.498e-02     1.298e-02/1.286e-02     6.427e-03/6.415e-03     3.120e-03/3.117e-03     1.642e-03/1.639e-03     8.827e-04/8.818e-04
    M-ours-dscore-C-V4      5.232e-02/4.666e-02     2.340e-02/2.269e-02     1.132e-02/1.121e-02     5.648e-03/5.639e-03     2.884e-03/2.883e-03     1.535e-03/1.531e-03     8.457e-04/8.448e-04
    M-ours-dscore-C-V4b     5.627e-02/5.038e-02     2.468e-02/2.411e-02     1.201e-02/1.195e-02     6.008e-03/5.990e-03     3.018e-03/3.014e-03     1.600e-03/1.599e-03     8.754e-04/8.745e-04
    M-ours-bstar-scalar     1.017e-01/8.889e-02     5.100e-02/4.942e-02     2.695e-02/2.671e-02     1.442e-02/1.436e-02     7.335e-03/7.319e-03     3.846e-03/3.829e-03     1.972e-03/1.971e-03
    R5-genie                            nan/nan                 nan/nan                 nan/nan                 nan/nan                 nan/nan                 nan/nan                 nan/nan

  fit / training cost (GMM EM wall-clock, seconds; 01_RULES §5 -- not hidden, 'n/a' where there is no fit):
    R0-pilot                  n/a s
    R1-turbo                  n/a s
    R2-ours-G                 n/a s
    R3-bigamp                 n/a s
    R4-llr                    n/a s
    R4-scvamp                 n/a s
    M-ours-gmm32            376.5 s
    M-ours-bstar          49597.8 s
    M-ours-dscore-C-V0    35774.5 s
    M-ours-dscore-C-V1    35774.5 s
    M-ours-dscore-C-V4    35774.5 s
    M-ours-dscore-C-V4b       n/a s
    M-ours-bstar-scalar   49597.8 s
    R5-genie                  n/a s

============================== TABLE B -- paired comparisons (08_SPEC §2) ==============================
Only the pairs listed in 08_SPEC §2 are computed; all-pairs is not done (multiple-comparison problem).
Sign test is paired per block (same channel/noise realisation, 06_SPEC §2). 'a:b' = only-first-fails : only-second-fails.
POWER GUARD (R6/R7, pre-registered): >= 3 decision points AND >= 6 discordant pairs at >= 2 of them,
otherwise UNDECIDED is printed and no significance call is made.
The decision SNRs of a pair are anchored on its BASELINE member (exp_0925's pre-registered rule; never on one
of our arms, which would let our own arm choose where it is evaluated). The anchor arm is printed on every row.

--- cell C2  prior S2  testbed D2   SNR grid ['-3', '+0', '+3', '+6', '+9', '+12', '+15']
  R1-turbo -> R2-ours-G        [decision-point anchor arm: R1-turbo]
    decision SNRs ['+0', '+3', '+6'] (anchor R1-turbo: |log10(BLER@16 of R1-turbo / 0.1)| smallest, BLER in [0.005, 0.9])
    sign test @16: +0 dB 282:3 p=1.2e-79  +3 dB 109:2 p=4.8e-30  +6 dB 47:3 p=3.7e-11   pooled 438:8 p=4.1e-118
    power guard: 3 decision points, 3 with >= 6 discordant pairs -> POWERED
    two-sided sign test at p < .05: second arm fewer failures at 3/3 points, first arm fewer failures at 0/3 points -> significant
    SNR@0.1 gap (R1-turbo minus R2-ours-G): +2.24 dB  [90% paired bootstrap +1.92, +2.62; censored replicates 0%]
  R2-ours-G -> M-ours-gmm32        [decision-point anchor arm: R2-ours-G]
    decision SNRs ['-3', '+0', '+3'] (anchor R2-ours-G: |log10(BLER@16 of R2-ours-G / 0.1)| smallest, BLER in [0.005, 0.9])
    sign test @16: -3 dB 224:60 p=2e-23  +0 dB 91:44 p=6.4e-05  +3 dB 36:25 p=0.2   pooled 351:129 p=8.8e-25
    power guard: 3 decision points, 3 with >= 6 discordant pairs -> POWERED
    two-sided sign test at p < .05: second arm fewer failures at 2/3 points, first arm fewer failures at 0/3 points -> significant
    SNR@0.1 gap (R2-ours-G minus M-ours-gmm32): +0.53 dB  [90% paired bootstrap +0.32, +0.72; censored replicates 0%]
  R2-ours-G -> M-ours-bstar        [decision-point anchor arm: R2-ours-G]
    decision SNRs ['-3', '+0', '+3'] (anchor R2-ours-G: |log10(BLER@16 of R2-ours-G / 0.1)| smallest, BLER in [0.005, 0.9])
    sign test @16: -3 dB 263:71 p=4.6e-27  +0 dB 107:37 p=4.4e-09  +3 dB 54:18 p=2.6e-05   pooled 424:126 p=1.1e-38
    power guard: 3 decision points, 3 with >= 6 discordant pairs -> POWERED
    two-sided sign test at p < .05: second arm fewer failures at 3/3 points, first arm fewer failures at 0/3 points -> significant
    SNR@0.1 gap (R2-ours-G minus M-ours-bstar): +0.78 dB  [90% paired bootstrap +0.57, +0.98; censored replicates 0%]
  R2-ours-G -> R4-scvamp        [decision-point anchor arm: R2-ours-G]
    decision SNRs ['-3', '+0', '+3'] (anchor R2-ours-G: |log10(BLER@16 of R2-ours-G / 0.1)| smallest, BLER in [0.005, 0.9])
    sign test @16: -3 dB 6:728 p=4.7e-207  +0 dB 7:527 p=8.5e-146  +3 dB 2:286 p=1.7e-82   pooled 15:1541 p=0
    power guard: 3 decision points, 3 with >= 6 discordant pairs -> POWERED
    two-sided sign test at p < .05: second arm fewer failures at 0/3 points, first arm fewer failures at 3/3 points -> significant
    SNR@0.1 gap (R2-ours-G minus R4-scvamp): -5.77 dB  [90% paired bootstrap -6.50, -5.15; censored replicates 0%]
  R4-llr -> R4-scvamp        [decision-point anchor arm: R4-llr]
    decision SNRs ['+9', '+12', '+15'] (anchor R4-llr: |log10(BLER@16 of R4-llr / 0.1)| smallest, BLER in [0.005, 0.9])
    sign test @16: +9 dB 566:42 p=2.9e-118  +12 dB 401:28 p=1.1e-85  +15 dB 359:17 p=1.6e-84   pooled 1326:87 p=3.5e-285
    power guard: 3 decision points, 3 with >= 6 discordant pairs -> POWERED
    two-sided sign test at p < .05: second arm fewer failures at 3/3 points, first arm fewer failures at 0/3 points -> significant
    SNR@0.1 gap (R4-llr minus R4-scvamp): >= +9.17 dB (R4-llr never reaches 0.1 on the grid)
  R2-ours-G -> R3-bigamp        [decision-point anchor arm: R2-ours-G]
    decision SNRs ['-3', '+0', '+3'] (anchor R2-ours-G: |log10(BLER@16 of R2-ours-G / 0.1)| smallest, BLER in [0.005, 0.9])
    sign test @16: -3 dB 57:609 p=1.3e-117  +0 dB 36:314 p=1.6e-56  +3 dB 29:137 p=5.5e-18   pooled 122:1060 p=3.9e-187
    power guard: 3 decision points, 3 with >= 6 discordant pairs -> POWERED
    two-sided sign test at p < .05: second arm fewer failures at 0/3 points, first arm fewer failures at 3/3 points -> significant
    SNR@0.1 gap (R2-ours-G minus R3-bigamp): -2.25 dB  [90% paired bootstrap -2.62, -1.91; censored replicates 0%]
  M-ours-gmm32 -> R5-genie        [decision-point anchor arm: R5-genie]
    decision SNRs ['-3', '+0'] (anchor R5-genie: |log10(BLER@16 of R5-genie / 0.1)| smallest, BLER in [0.005, 0.9])
    sign test @16: -3 dB 597:9 p=2.2e-163  +0 dB 189:1 p=2.4e-55   pooled 786:10 p=1.3e-217
    power guard: 2 decision points (needs 3), discordant-pair counts [606, 190] (needs >= 6 at >= 2) -> UNDECIDED
    UNDECIDED -- no significance call is made (08_SPEC §2). Raise n or extend the SNR grid.
    SNR@0.1 gap (M-ours-gmm32 minus R5-genie): >= +2.53 dB (R5-genie is already below 0.1 at the lowest grid SNR)
  M-ours-bstar -> R5-genie        [decision-point anchor arm: R5-genie]
    decision SNRs ['-3', '+0'] (anchor R5-genie: |log10(BLER@16 of R5-genie / 0.1)| smallest, BLER in [0.005, 0.9])
    sign test @16: -3 dB 570:10 p=5.6e-154  +0 dB 167:2 p=3.8e-47   pooled 737:12 p=4.1e-200
    power guard: 2 decision points (needs 3), discordant-pair counts [580, 169] (needs >= 6 at >= 2) -> UNDECIDED
    UNDECIDED -- no significance call is made (08_SPEC §2). Raise n or extend the SNR grid.
    SNR@0.1 gap (M-ours-bstar minus R5-genie): >= +2.28 dB (R5-genie is already below 0.1 at the lowest grid SNR)
  R2-ours-G -> M-ours-dscore-C-V0        [decision-point anchor arm: R2-ours-G]
    decision SNRs ['-3', '+0', '+3'] (anchor R2-ours-G: |log10(BLER@16 of R2-ours-G / 0.1)| smallest, BLER in [0.005, 0.9])
    sign test @16: -3 dB 166:844 p=7.6e-110  +0 dB 12:1913 p=0  +3 dB 1:2343 p=0   pooled 179:5100 p=0
    power guard: 3 decision points, 3 with >= 6 discordant pairs -> POWERED
    two-sided sign test at p < .05: second arm fewer failures at 0/3 points, first arm fewer failures at 3/3 points -> significant
    SNR@0.1 gap (R2-ours-G minus M-ours-dscore-C-V0): n/a (0.06 vs >  15) — extend the SNR grid
  R2-ours-G -> M-ours-dscore-C-V1        [decision-point anchor arm: R2-ours-G]
    decision SNRs ['-3', '+0', '+3'] (anchor R2-ours-G: |log10(BLER@16 of R2-ours-G / 0.1)| smallest, BLER in [0.005, 0.9])
    sign test @16: -3 dB 511:43 p=1.1e-102  +0 dB 189:16 p=1.1e-38  +3 dB 78:10 p=3.3e-14   pooled 778:69 p=8.4e-153
    power guard: 3 decision points, 3 with >= 6 discordant pairs -> POWERED
    two-sided sign test at p < .05: second arm fewer failures at 3/3 points, first arm fewer failures at 0/3 points -> significant
    SNR@0.1 gap (R2-ours-G minus M-ours-dscore-C-V1): +2.29 dB  [90% paired bootstrap +2.03, +2.54; censored replicates 0%]
  R2-ours-G -> M-ours-dscore-C-V4        [decision-point anchor arm: R2-ours-G]
    decision SNRs ['-3', '+0', '+3'] (anchor R2-ours-G: |log10(BLER@16 of R2-ours-G / 0.1)| smallest, BLER in [0.005, 0.9])
    sign test @16: -3 dB 500:55 p=8.1e-91  +0 dB 183:18 p=1.4e-35  +3 dB 83:7 p=1.3e-17   pooled 766:80 p=2.2e-141
    power guard: 3 decision points, 3 with >= 6 discordant pairs -> POWERED
    two-sided sign test at p < .05: second arm fewer failures at 3/3 points, first arm fewer failures at 0/3 points -> significant
    SNR@0.1 gap (R2-ours-G minus M-ours-dscore-C-V4): +2.14 dB  [90% paired bootstrap +1.90, +2.38; censored replicates 0%]
  R2-ours-G -> M-ours-dscore-C-V4b        [decision-point anchor arm: R2-ours-G]
    decision SNRs ['-3', '+0', '+3'] (anchor R2-ours-G: |log10(BLER@16 of R2-ours-G / 0.1)| smallest, BLER in [0.005, 0.9])
    sign test @16: -3 dB 482:56 p=1.5e-85  +0 dB 184:24 p=9.7e-32  +3 dB 80:8 p=4.6e-16   pooled 746:88 p=1.1e-130
    power guard: 3 decision points, 3 with >= 6 discordant pairs -> POWERED
    two-sided sign test at p < .05: second arm fewer failures at 3/3 points, first arm fewer failures at 0/3 points -> significant
    SNR@0.1 gap (R2-ours-G minus M-ours-dscore-C-V4b): +2.04 dB  [90% paired bootstrap +1.79, +2.28; censored replicates 0%]
  R2-ours-G -> M-ours-bstar-scalar        [decision-point anchor arm: R2-ours-G]
    decision SNRs ['-3', '+0', '+3'] (anchor R2-ours-G: |log10(BLER@16 of R2-ours-G / 0.1)| smallest, BLER in [0.005, 0.9])
    sign test @16: -3 dB 244:101 p=8.6e-15  +0 dB 103:45 p=2.1e-06  +3 dB 53:25 p=0.002   pooled 400:171 p=3.9e-22
    power guard: 3 decision points, 3 with >= 6 discordant pairs -> POWERED
    two-sided sign test at p < .05: second arm fewer failures at 3/3 points, first arm fewer failures at 0/3 points -> significant
    SNR@0.1 gap (R2-ours-G minus M-ours-bstar-scalar): +0.62 dB  [90% paired bootstrap +0.43, +0.82; censored replicates 0%]
  M-ours-bstar -> M-ours-dscore-C-V0        [decision-point anchor arm: M-ours-bstar]
    decision SNRs ['-3', '+0', '+3'] (anchor M-ours-bstar: |log10(BLER@16 of M-ours-bstar / 0.1)| smallest, BLER in [0.005, 0.9])
    sign test @16: -3 dB 119:989 p=3.3e-171  +0 dB 7:1978 p=0  +3 dB 0:2378 p=0   pooled 126:5345 p=0
    power guard: 3 decision points, 3 with >= 6 discordant pairs -> POWERED
    two-sided sign test at p < .05: second arm fewer failures at 0/3 points, first arm fewer failures at 3/3 points -> significant
    SNR@0.1 gap (M-ours-bstar minus M-ours-dscore-C-V0): n/a (-0.72 vs >  15) — extend the SNR grid
  M-ours-bstar -> M-ours-dscore-C-V1        [decision-point anchor arm: M-ours-bstar]
    decision SNRs ['-3', '+0', '+3'] (anchor M-ours-bstar: |log10(BLER@16 of M-ours-bstar / 0.1)| smallest, BLER in [0.005, 0.9])
    sign test @16: -3 dB 325:49 p=4.4e-51  +0 dB 122:19 p=1.3e-19  +3 dB 42:10 p=9.1e-06   pooled 489:78 p=1e-73
    power guard: 3 decision points, 3 with >= 6 discordant pairs -> POWERED
    two-sided sign test at p < .05: second arm fewer failures at 3/3 points, first arm fewer failures at 0/3 points -> significant
    SNR@0.1 gap (M-ours-bstar minus M-ours-dscore-C-V1): +1.51 dB  [90% paired bootstrap +1.30, +1.73; censored replicates 0%]
  M-ours-bstar -> M-ours-dscore-C-V4        [decision-point anchor arm: M-ours-bstar]
    decision SNRs ['-3', '+0', '+3'] (anchor M-ours-bstar: |log10(BLER@16 of M-ours-bstar / 0.1)| smallest, BLER in [0.005, 0.9])
    sign test @16: -3 dB 311:58 p=5.9e-43  +0 dB 115:20 p=2.1e-17  +3 dB 48:8 p=4.7e-08   pooled 474:86 p=6e-66
    power guard: 3 decision points, 3 with >= 6 discordant pairs -> POWERED
    two-sided sign test at p < .05: second arm fewer failures at 3/3 points, first arm fewer failures at 0/3 points -> significant
    SNR@0.1 gap (M-ours-bstar minus M-ours-dscore-C-V4): +1.36 dB  [90% paired bootstrap +1.17, +1.57; censored replicates 0%]
  M-ours-bstar -> M-ours-dscore-C-V4b        [decision-point anchor arm: M-ours-bstar]
    decision SNRs ['-3', '+0', '+3'] (anchor M-ours-bstar: |log10(BLER@16 of M-ours-bstar / 0.1)| smallest, BLER in [0.005, 0.9])
    sign test @16: -3 dB 297:63 p=1.9e-37  +0 dB 114:24 p=3.2e-15  +3 dB 45:9 p=7.3e-07   pooled 456:96 p=4.5e-57
    power guard: 3 decision points, 3 with >= 6 discordant pairs -> POWERED
    two-sided sign test at p < .05: second arm fewer failures at 3/3 points, first arm fewer failures at 0/3 points -> significant
    SNR@0.1 gap (M-ours-bstar minus M-ours-dscore-C-V4b): +1.26 dB  [90% paired bootstrap +1.07, +1.47; censored replicates 0%]
  M-ours-bstar -> M-ours-bstar-scalar        [decision-point anchor arm: M-ours-bstar]
    decision SNRs ['-3', '+0', '+3'] (anchor M-ours-bstar: |log10(BLER@16 of M-ours-bstar / 0.1)| smallest, BLER in [0.005, 0.9])
    sign test @16: -3 dB 51:100 p=8.2e-05  +0 dB 33:45 p=0.21  +3 dB 9:17 p=0.17   pooled 93:162 p=1.8e-05
    power guard: 3 decision points, 3 with >= 6 discordant pairs -> POWERED
    two-sided sign test at p < .05: second arm fewer failures at 0/3 points, first arm fewer failures at 1/3 points -> not significant
    SNR@0.1 gap (M-ours-bstar minus M-ours-bstar-scalar): -0.16 dB  [90% paired bootstrap -0.30, -0.02; censored replicates 0%]
  M-ours-dscore-C-V0 -> R5-genie        [decision-point anchor arm: R5-genie]
    decision SNRs ['-3', '+0'] (anchor R5-genie: |log10(BLER@16 of R5-genie / 0.1)| smallest, BLER in [0.005, 0.9])
    sign test @16: -3 dB 1431:1 p=0  +0 dB 2136:0 p=0   pooled 3567:1 p=0
    power guard: 2 decision points (needs 3), discordant-pair counts [1432, 2136] (needs >= 6 at >= 2) -> UNDECIDED
    UNDECIDED -- no significance call is made (08_SPEC §2). Raise n or extend the SNR grid.
    SNR@0.1 gap (M-ours-dscore-C-V0 minus R5-genie): n/a (>  15 vs <=  -3) — extend the SNR grid
  M-ours-dscore-C-V1 -> R5-genie        [decision-point anchor arm: R5-genie]
    decision SNRs ['-3', '+0'] (anchor R5-genie: |log10(BLER@16 of R5-genie / 0.1)| smallest, BLER in [0.005, 0.9])
    sign test @16: -3 dB 299:15 p=9.8e-70  +0 dB 65:3 p=3.6e-16   pooled 364:18 p=6.7e-85
    power guard: 2 decision points (needs 3), discordant-pair counts [314, 68] (needs >= 6 at >= 2) -> UNDECIDED
    UNDECIDED -- no significance call is made (08_SPEC §2). Raise n or extend the SNR grid.
    SNR@0.1 gap (M-ours-dscore-C-V1 minus R5-genie): >= +0.77 dB (R5-genie is already below 0.1 at the lowest grid SNR)
  M-ours-dscore-C-V4 -> R5-genie        [decision-point anchor arm: R5-genie]
    decision SNRs ['-3', '+0'] (anchor R5-genie: |log10(BLER@16 of R5-genie / 0.1)| smallest, BLER in [0.005, 0.9])
    sign test @16: -3 dB 316:9 p=3e-81  +0 dB 73:3 p=1.9e-18   pooled 389:12 p=1.2e-98
    power guard: 2 decision points (needs 3), discordant-pair counts [325, 76] (needs >= 6 at >= 2) -> UNDECIDED
    UNDECIDED -- no significance call is made (08_SPEC §2). Raise n or extend the SNR grid.
    SNR@0.1 gap (M-ours-dscore-C-V4 minus R5-genie): >= +0.92 dB (R5-genie is already below 0.1 at the lowest grid SNR)
  M-ours-dscore-C-V4b -> R5-genie        [decision-point anchor arm: R5-genie]
    decision SNRs ['-3', '+0'] (anchor R5-genie: |log10(BLER@16 of R5-genie / 0.1)| smallest, BLER in [0.005, 0.9])
    sign test @16: -3 dB 337:11 p=7e-85  +0 dB 78:3 p=7.3e-20   pooled 415:14 p=9.9e-104
    power guard: 2 decision points (needs 3), discordant-pair counts [348, 81] (needs >= 6 at >= 2) -> UNDECIDED
    UNDECIDED -- no significance call is made (08_SPEC §2). Raise n or extend the SNR grid.
    SNR@0.1 gap (M-ours-dscore-C-V4b minus R5-genie): >= +1.02 dB (R5-genie is already below 0.1 at the lowest grid SNR)
  M-ours-bstar-scalar -> R5-genie        [decision-point anchor arm: R5-genie]
    decision SNRs ['-3', '+0'] (anchor R5-genie: |log10(BLER@16 of R5-genie / 0.1)| smallest, BLER in [0.005, 0.9])
    sign test @16: -3 dB 617:8 p=8e-171  +0 dB 177:0 p=1e-53   pooled 794:8 p=3.1e-223
    power guard: 2 decision points (needs 3), discordant-pair counts [625, 177] (needs >= 6 at >= 2) -> UNDECIDED
    UNDECIDED -- no significance call is made (08_SPEC §2). Raise n or extend the SNR grid.
    SNR@0.1 gap (M-ours-bstar-scalar minus R5-genie): >= +2.44 dB (R5-genie is already below 0.1 at the lowest grid SNR)

============================== TABLE C -- cross-Tp goodput envelope (08_SPEC §3) ==============================

--- prior S2: cells C1 and C2 are not both present (C1: 0 points, C2: 7 points) -> envelope not computed

============================== TABLE D -- training quality, independent of BLER (08_SPEC §3.5) ==============================
D2: GB' = held-out denoising NMSE of the GMM prior vs the diffusion prior on the SAME sigma_t grid. This is a comparison one stage BEFORE BLER and stands on its own.

  [GB' held-out denoising NMSE, GMM vs diffusion]  source: /home/HTJ/t2/conf/results/gate_D2.txt
    # date        : 2026-09-21 07:49:41 KST
    # git commit  : 86e43ef
    # versions    : python 3.12.14  numpy 2.5.2  scipy 1.18.1  torch 2.14.0+cu130 (cuda_available=True)
    # device      : CPU (192 cores) | dtype: complex128 / float64 | deterministic: yes (fixed seeds, no GPU in the receiver)
    # testbed     : D2
    # seed rule   : default_rng([20260926, TBID[testbed], PID[prior], Nr, T, Tp, int(snr)+100])  (trials of a point = ONE stream)
    # code        : rate-1/2 conv (133,171)_8 nu=6 terminated, QPSK, outer iterations = 16 for EVERY arm
    # Demo/ hashes: t2_route_a.py=95a5408901ec125c  t2_trellis.py=31cd0ee9c68e972b  t2_gmm.py=d064e58c7510c769
    # content     : GB' (04_SPEC §6) -- held-out denoising NMSE of the GMM prior vs the diffusion prior
    #               on the SAME frozen D2 sigma grid.  REPORT ONLY: never used to select anything.
    # *** The diffusion model here did NOT pass the D1 gates (best GC 0.2241 vs 0.15 over 959 trials).
    #     It is NOT an arm in any BLER table; M-ours-dscore stays BLOCKED on both testbeds. ***
    # architecture: copied verbatim from the best-D1-gate-score configuration, NOT re-searched (04_SPEC §6)
    #               {'arch': 'dit', 'param': 'vp', 'domain': 'angle', 'lr': 0.002238046051591068, 'ema': 0.999, 'batch': 256, 'emb': 256, 'width': 64, 'depth': 6, 'heads': 8, 'patch': 1}
    # GMM b*      : kron (kron K=512), selected by validation log-likelihood only
    
    # ====================================================================================================
    # CLAIM TESTBED -- sparse specular; conditional Gaussianity broken (see T2d). Upper bound = genie only.
    # ====================================================================================================
    
      k       sigma          nu     nmse_gmm    nmse_diff   diff/gmm
      0  3.3062e-02  2.1862e-03  1.96957e-03  1.16549e-03     0.5917
      1  3.9212e-02  3.0751e-03  2.73720e-03  1.56801e-03     0.5729
      2  4.6505e-02  4.3255e-03  3.79984e-03  2.11633e-03     0.5570
      3  5.5155e-02  6.0842e-03  5.27361e-03  2.86655e-03     0.5436
      4  6.5414e-02  8.5579e-03  7.31878e-03  3.89394e-03     0.5320
      5  7.7581e-02  1.2038e-02  1.01162e-02  5.30787e-03     0.5247
      6  9.2011e-02  1.6932e-02  1.39474e-02  7.25836e-03     0.5204
      7  1.0912e-01  2.3816e-02  1.91830e-02  9.98491e-03     0.5205
      8  1.2942e-01  3.3500e-02  2.62568e-02  1.38006e-02     0.5256
      9  1.5349e-01  4.7121e-02  3.58583e-02  1.91536e-02     0.5341
     10  1.8204e-01  6.6280e-02  4.86677e-02  2.66213e-02     0.5470
     11  2.1590e-01  9.3229e-02  6.55153e-02  3.67515e-02     0.5610
     12  2.5606e-01  1.3114e-01  8.72491e-02  5.07014e-02     0.5811
     13  3.0369e-01  1.8445e-01  1.15346e-01  6.98788e-02     0.6058
     14  3.6018e-01  2.5945e-01  1.50367e-01  9.62760e-02     0.6403
     15  4.2717e-01  3.6495e-01  1.94292e-01  1.31876e-01     0.6788
     16  5.0662e-01  5.1333e-01  2.47904e-01  1.79593e-01     0.7244
     17  6.0085e-01  7.2205e-01  3.12058e-01  2.42089e-01     0.7758
     18  7.1261e-01  1.0156e+00  3.86964e-01  3.21072e-01     0.8297
     19  8.4516e-01  1.4286e+00  4.71370e-01  4.13908e-01     0.8781
    
    summary: {'testbed': 'D2', 'prior': 'S2', 'n_eval': 512, 'Nr': 8, 'Nt': 4, 'worst_excess': -0.12190518636709069, 'note': "GB' is REPORT-ONLY (04_SPEC §6); arm selection was fixed by the D1 gates"}

  GMM fit table on D2, including the DEGRADATION RELATIVE TO D1 -- the second piece of evidence that the testbed actually broke conditional Gaussianity (08_SPEC §3.5):

  [GMM fits on D2, per K, vs D1]  source: /home/HTJ/t2/conf/results/gmm_fit_D2.txt
    # date        : 2026-09-20 14:27:54 KST
    # git commit  : 3f81778
    # versions    : python 3.12.14  numpy 2.5.2  scipy 1.18.1  torch 2.14.0+cu130 (cuda_available=True)
    # device      : CPU (192 cores) | dtype: complex128 / float64 | deterministic: yes (fixed seeds, no GPU in the receiver)
    # testbed     : D2
    # seed rule   : default_rng([20260926, TBID[testbed], PID[prior], Nr, T, Tp, int(snr)+100])  (trials of a point = ONE stream)
    # code        : rate-1/2 conv (133,171)_8 nu=6 terminated, QPSK, outer iterations = 16 for EVERY arm
    # Demo/ hashes: t2_route_a.py=95a5408901ec125c  t2_trellis.py=31cd0ee9c68e972b  t2_gmm.py=d064e58c7510c769
    # content     : conf/05_SPEC_testbed_D2.md §4 -- GMM re-fit on D2 (prior S2), K (16, 32, 64, 128, 256, 512) x {full, kron} x kappa (0, 16, 64, 256) x restarts, ntrain 10000, n_val = n_test = 5000
    # selection   : VALIDATION log-likelihood only.  BLER is never consulted (01_RULES §5).
    # D1 fits     : /home/HTJ/t2/Demo/exp_0925_fits (prior S, K (16, 32, 64)) -- reused verbatim, see DECISIONS
    # ====================================================================================================
    # CLAIM TESTBED -- sparse specular; conditional Gaussianity broken (see T2d). Upper bound = genie only.
    # ====================================================================================================
    
    Nr = 4 x Nt = 4
      fam      K  kappa   ll_train     ll_val      gap    ll_test   -gauss  reseed   EM min
      full    16      0    -26.196    -26.875    0.679    -26.876    6.844       0      2.3
      full    32      0    -23.934    -25.354    1.421    -25.346    8.374       0      4.6
      full    64      0    -22.261    -25.140    2.880    -25.093    8.627       0      5.4
      full   128      0    -21.174    -26.825    5.651    -26.704    7.017       0      6.1
      full   256     16    -26.269    -28.036    1.767    -27.950    5.771    3935      4.2
      full   512     16    -26.238    -28.039    1.801    -28.031    5.689   14363      7.8
      kron    16      0    -27.615    -27.776    0.161    -27.600    6.121       0      2.2
      kron    32      0    -26.027    -26.419    0.392    -26.246    7.475       0      5.3
      kron    64      0    -24.666    -25.386    0.720    -25.215    8.506       0     11.1
      kron   128      0    -23.442    -24.709    1.268    -24.482    9.239       0     19.1
      kron   256      0    -22.154    -24.207    2.053    -24.058    9.663       0     32.0
      kron   512      0    -21.254    -24.133    2.879    -23.941    9.779     970     22.7
      b* (validation log-likelihood) = kron K=512   ll_val -24.133
    
      degradation relative to D1 (05_SPEC §4)
      Absolute log-likelihoods of two DIFFERENT distributions are not comparable, so the
      comparable quantity is what the mixture buys over the Gaussian sample-covariance prior
      on the same held-out set:  G := ll_test(GMM) - ll_test(Gaussian)  [nat/sample].
      fam      K     G(D2)     G(D1)     D2-D1   gap(D2)   gap(D1)    KL(D1)
      full    16     6.844     3.276     3.569     0.679     0.477     0.291
      full    32     8.374     3.245     5.129     1.421     0.270     0.321
      full    64     8.627     3.239     5.388     2.880     0.321     0.327
      full   128     7.017       nan       nan     5.651       nan       nan
      full   256     5.771       nan       nan     1.767       nan       nan
      full   512     5.689       nan       nan     1.801       nan       nan
      kron    16     6.121     3.504     2.617     0.161     0.096     0.062
      kron    32     7.475     3.511     3.963     0.392     0.128     0.055
      kron    64     8.506     3.500     5.006     0.720     0.174     0.067
      kron   128     9.239       nan       nan     1.268       nan       nan
      kron   256     9.663       nan       nan     2.053       nan       nan
      kron   512     9.779       nan       nan     2.879       nan       nan
      KL(D1) = KL(true || fit) on the D1 test set [nat/sample]; D2 has no closed-form true
      density, so no KL column exists there (05_SPEC §3).
    
    Nr = 8 x Nt = 4
      fam      K  kappa   ll_train     ll_val      gap    ll_test   -gauss  reseed   EM min
      full    16      0    -37.734    -39.932    2.198    -39.346   26.281       0      6.4
      full    32      0    -32.768    -37.921    5.154    -37.272   28.355       0      8.1
      full    64      0    -30.647    -40.448    9.801    -39.997   25.630       0      9.4
      full   128      0    -32.167    -50.113   17.946    -49.492   16.135     103      8.3
      full   256      0    -33.390    -47.350   13.960    -46.941   18.685    2802      6.9
      full   512      0    -31.645    -38.853    7.208    -38.201   27.426   23891     16.3
      kron    16      0    -38.958    -39.574    0.617    -38.927   26.699       0      3.8
      kron    32      0    -32.368    -33.556    1.188    -32.878   32.749       0      8.7
      kron    64      0    -26.935    -29.015    2.080    -28.518   37.109       0     21.4
      kron   128      0    -22.557    -26.116    3.559    -25.820   39.807       0     58.1
      kron   256      0    -18.080    -23.936    5.856    -23.666   41.961       0     48.4
      kron   512      0    -14.339    -23.473    9.134    -23.144   42.482    1655     42.1
      b* (validation log-likelihood) = kron K=512   ll_val -23.473
    
      degradation relative to D1 (05_SPEC §4)
      Absolute log-likelihoods of two DIFFERENT distributions are not comparable, so the
      comparable quantity is what the mixture buys over the Gaussian sample-covariance prior
      on the same held-out set:  G := ll_test(GMM) - ll_test(Gaussian)  [nat/sample].
      fam      K     G(D2)     G(D1)     D2-D1   gap(D2)   gap(D1)    KL(D1)
      full    16    26.281     8.173    18.107     2.198     1.786     1.302
      full    32    28.355     8.106    20.248     5.154     1.517     1.369
      full    64    25.630     8.121    17.509     9.801     1.587     1.355
      full   128    16.135       nan       nan    17.946       nan       nan
      full   256    18.685       nan       nan    13.960       nan       nan
      full   512    27.426       nan       nan     7.208       nan       nan
      kron    16    26.699     9.233    17.466     0.617     0.082     0.242
      kron    32    32.749     9.277    23.471     1.188     0.261     0.198
      kron    64    37.109     9.188    27.920     2.080     0.497     0.287
      kron   128    39.807       nan       nan     3.559       nan       nan
      kron   256    41.961       nan       nan     5.856       nan       nan
      kron   512    42.482       nan       nan     9.134       nan       nan
      KL(D1) = KL(true || fit) on the D1 test set [nat/sample]; D2 has no closed-form true
      density, so no KL column exists there (05_SPEC §3).

[run] M-ours-dscore: ABSENT -- no GATE-PASSING checkpoint (04_SPEC §5 gates GA-GD): no gate-passing checkpoint for D2; recorded PASS rows: none (searched conf/results/gate_D2.txt and LADDER.md)
[run] M-ours-dscore is NOT in this run.  The reason is written to every raw file as 'meta|dscore_status', so analysis.py reports its slot as BLOCKED / FAILED-VERIFICATION instead of quietly printing a table without it (01_RULES §6).
[run] Stage C arms ON (10_SPEC §3b/§3c): M-ours-dscore-C-{V0,V1,V4} + the mandatory GMM control M-ours-bstar-scalar, from /home/HTJ/t2/conf/ckpt/d2sx_N160000_a1.pt
[run] Stage C gate record: NO GATE RECORD mentions d2sx_N160000_a1.pt -- UNVERIFIED here.  (GA-GD are measurable on D1 only, 10_SPEC §5: a D2 re-train is qualified by its D1 sibling's gate row, which this string cannot prove.)
[run] D2 14 points x n=2560 -> 896 tasks on 192 workers (prior S2, cells ['C5', 'C1'], chunk 40) -> /home/HTJ/t2/conf/raw_B16e4
1/896 done    D2_C1_S2_Nr8_T16_Tp2_dft_snr-3_skip520_n40.npz  (740 s)  BLER16: R2-ours-G=0.82 R3-bigamp=0.97 R4-scvamp=0.97 M-ours-gmm32=0.75 R5-genie=0.03  [26 arm-trial exceptions recorded]
2/896 done    D2_C5_S2_Nr8_T16_Tp3_dft_snr6_skip440_n40.npz  (759 s)  BLER16: R2-ours-G=0.17 R3-bigamp=0.42 R4-scvamp=0.68 M-ours-gmm32=0.20 R5-genie=0.00
3/896 done    D2_C5_S2_Nr8_T16_Tp3_dft_snr12_skip320_n40.npz  (792 s)  BLER16: R2-ours-G=0.12 R3-bigamp=0.35 R4-scvamp=0.47 M-ours-gmm32=0.23 R5-genie=0.00
4/896 done    D2_C5_S2_Nr8_T16_Tp3_dft_snr6_skip320_n40.npz  (793 s)  BLER16: R2-ours-G=0.25 R3-bigamp=0.33 R4-scvamp=0.60 M-ours-gmm32=0.30 R5-genie=0.00
5/896 done    D2_C5_S2_Nr8_T16_Tp3_dft_snr9_skip320_n40.npz  (794 s)  BLER16: R2-ours-G=0.17 R3-bigamp=0.42 R4-scvamp=0.42 M-ours-gmm32=0.17 R5-genie=0.00
6/896 done    D2_C5_S2_Nr8_T16_Tp3_dft_snr-3_skip360_n40.npz  (819 s)  BLER16: R2-ours-G=0.68 R3-bigamp=0.90 R4-scvamp=0.95 M-ours-gmm32=0.57 R5-genie=0.03
7/896 done    D2_C1_S2_Nr8_T16_Tp2_dft_snr15_skip400_n40.npz  (874 s)  BLER16: R2-ours-G=0.33 R3-bigamp=0.72 R4-scvamp=0.68 M-ours-gmm32=0.23 R5-genie=0.00
8/896 done    D2_C5_S2_Nr8_T16_Tp3_dft_snr15_skip320_n40.npz  (880 s)  BLER16: R2-ours-G=0.10 R3-bigamp=0.33 R4-scvamp=0.50 M-ours-gmm32=0.12 R5-genie=0.00
9/896 done    D2_C5_S2_Nr8_T16_Tp3_dft_snr9_skip400_n40.npz  (1080 s)  BLER16: R2-ours-G=0.07 R3-bigamp=0.30 R4-scvamp=0.55 M-ours-gmm32=0.07 R5-genie=0.00
10/896 done    D2_C1_S2_Nr8_T16_Tp2_dft_snr3_skip0_n40.npz  (1102 s)  BLER16: R2-ours-G=0.28 R3-bigamp=0.70 R4-scvamp=0.65 M-ours-gmm32=0.30 R5-genie=0.00
11/896 done    D2_C5_S2_Nr8_T16_Tp3_dft_snr3_skip480_n40.npz  (1124 s)  BLER16: R2-ours-G=0.20 R3-bigamp=0.55 R4-scvamp=0.45 M-ours-gmm32=0.20 R5-genie=0.03
12/896 done    D2_C1_S2_Nr8_T16_Tp2_dft_snr0_skip120_n40.npz  (1139 s)  BLER16: R2-ours-G=0.62 R3-bigamp=0.95 R4-scvamp=0.93 M-ours-gmm32=0.55 R5-genie=0.00
13/896 done    D2_C1_S2_Nr8_T16_Tp2_dft_snr9_skip40_n40.npz  (1162 s)  BLER16: R2-ours-G=0.57 R3-bigamp=0.85 R4-scvamp=0.80 M-ours-gmm32=0.38 R5-genie=0.00
14/896 done    D2_C5_S2_Nr8_T16_Tp3_dft_snr0_skip360_n40.npz  (1171 s)  BLER16: R2-ours-G=0.38 R3-bigamp=0.55 R4-scvamp=0.75 M-ours-gmm32=0.25 R5-genie=0.03
15/896 done    D2_C1_S2_Nr8_T16_Tp2_dft_snr9_skip320_n40.npz  (1186 s)  BLER16: R2-ours-G=0.42 R3-bigamp=0.72 R4-scvamp=0.68 M-ours-gmm32=0.47 R5-genie=0.00
16/896 done    D2_C5_S2_Nr8_T16_Tp3_dft_snr15_skip440_n40.npz  (1197 s)  BLER16: R2-ours-G=0.07 R3-bigamp=0.38 R4-scvamp=0.42 M-ours-gmm32=0.12 R5-genie=0.00
17/896 done    D2_C5_S2_Nr8_T16_Tp3_dft_snr6_skip160_n40.npz  (1250 s)  BLER16: R2-ours-G=0.23 R3-bigamp=0.42 R4-scvamp=0.47 M-ours-gmm32=0.23 R5-genie=0.00
18/896 done    D2_C1_S2_Nr8_T16_Tp2_dft_snr9_skip240_n40.npz  (1294 s)  BLER16: R2-ours-G=0.38 R3-bigamp=0.68 R4-scvamp=0.60 M-ours-gmm32=0.33 R5-genie=0.00
19/896 done    D2_C5_S2_Nr8_T16_Tp3_dft_snr9_skip40_n40.npz  (1295 s)  BLER16: R2-ours-G=0.12 R3-bigamp=0.38 R4-scvamp=0.45 M-ours-gmm32=0.15 R5-genie=0.00
20/896 done    D2_C5_S2_Nr8_T16_Tp3_dft_snr9_skip120_n40.npz  (1296 s)  BLER16: R2-ours-G=0.07 R3-bigamp=0.35 R4-scvamp=0.47 M-ours-gmm32=0.10 R5-genie=0.00
21/896 done    D2_C1_S2_Nr8_T16_Tp2_dft_snr0_skip280_n40.npz  (1358 s)  BLER16: R2-ours-G=0.50 R3-bigamp=0.78 R4-scvamp=0.85 M-ours-gmm32=0.33 R5-genie=0.05
22/896 done    D2_C1_S2_Nr8_T16_Tp2_dft_snr9_skip400_n40.npz  (1396 s)  BLER16: R2-ours-G=0.47 R3-bigamp=0.65 R4-scvamp=0.68 M-ours-gmm32=0.33 R5-genie=0.00
23/896 done    D2_C5_S2_Nr8_T16_Tp3_dft_snr12_skip0_n40.npz  (1418 s)  BLER16: R2-ours-G=0.10 R3-bigamp=0.50 R4-scvamp=0.53 M-ours-gmm32=0.10 R5-genie=0.00
24/896 done    D2_C5_S2_Nr8_T16_Tp3_dft_snr-3_skip520_n40.npz  (1473 s)  BLER16: R2-ours-G=0.57 R3-bigamp=0.70 R4-scvamp=0.78 M-ours-gmm32=0.47 R5-genie=0.07
25/896 done    D2_C1_S2_Nr8_T16_Tp2_dft_snr6_skip120_n40.npz  (1481 s)  BLER16: R2-ours-G=0.35 R3-bigamp=0.57 R4-scvamp=0.70 M-ours-gmm32=0.35 R5-genie=0.00
26/896 done    D2_C1_S2_Nr8_T16_Tp2_dft_snr-3_skip120_n40.npz  (1497 s)  BLER16: R2-ours-G=0.85 R3-bigamp=0.97 R4-scvamp=0.97 M-ours-gmm32=0.78 R5-genie=0.03  [18 arm-trial exceptions recorded]
27/896 done    D2_C1_S2_Nr8_T16_Tp2_dft_snr3_skip120_n40.npz  (1514 s)  BLER16: R2-ours-G=0.60 R3-bigamp=0.85 R4-scvamp=0.88 M-ours-gmm32=0.62 R5-genie=0.03
28/896 done    D2_C1_S2_Nr8_T16_Tp2_dft_snr3_skip80_n40.npz  (1514 s)  BLER16: R2-ours-G=0.60 R3-bigamp=0.82 R4-scvamp=0.80 M-ours-gmm32=0.55 R5-genie=0.00
29/896 done    D2_C5_S2_Nr8_T16_Tp3_dft_snr12_skip40_n40.npz  (1520 s)  BLER16: R2-ours-G=0.17 R3-bigamp=0.53 R4-scvamp=0.68 M-ours-gmm32=0.20 R5-genie=0.00
30/896 done    D2_C5_S2_Nr8_T16_Tp3_dft_snr3_skip280_n40.npz  (1541 s)  BLER16: R2-ours-G=0.17 R3-bigamp=0.33 R4-scvamp=0.45 M-ours-gmm32=0.10 R5-genie=0.03
31/896 done    D2_C1_S2_Nr8_T16_Tp2_dft_snr9_skip520_n40.npz  (827 s)  BLER16: R2-ours-G=0.28 R3-bigamp=0.70 R4-scvamp=0.78 M-ours-gmm32=0.50 R5-genie=0.00
32/896 done    D2_C5_S2_Nr8_T16_Tp3_dft_snr-3_skip560_n40.npz  (819 s)  BLER16: R2-ours-G=0.62 R3-bigamp=0.85 R4-scvamp=0.88 M-ours-gmm32=0.60 R5-genie=0.03
33/896 done    D2_C1_S2_Nr8_T16_Tp2_dft_snr12_skip520_n40.npz  (835 s)  BLER16: R2-ours-G=0.45 R3-bigamp=0.78 R4-scvamp=0.85 M-ours-gmm32=0.47 R5-genie=0.00
34/896 done    D2_C1_S2_Nr8_T16_Tp2_dft_snr15_skip520_n40.npz  (848 s)  BLER16: R2-ours-G=0.25 R3-bigamp=0.70 R4-scvamp=0.75 M-ours-gmm32=0.38 R5-genie=0.00
35/896 done    D2_C5_S2_Nr8_T16_Tp3_dft_snr6_skip560_n40.npz  (770 s)  BLER16: R2-ours-G=0.20 R3-bigamp=0.25 R4-scvamp=0.53 M-ours-gmm32=0.10 R5-genie=0.00
36/896 done    D2_C5_S2_Nr8_T16_Tp3_dft_snr0_skip520_n40.npz  (1650 s)  BLER16: R2-ours-G=0.33 R3-bigamp=0.53 R4-scvamp=0.70 M-ours-gmm32=0.28 R5-genie=0.03
37/896 done    D2_C1_S2_Nr8_T16_Tp2_dft_snr6_skip400_n40.npz  (1689 s)  BLER16: R2-ours-G=0.35 R3-bigamp=0.65 R4-scvamp=0.70 M-ours-gmm32=0.42 R5-genie=0.00
38/896 done    D2_C5_S2_Nr8_T16_Tp3_dft_snr9_skip440_n40.npz  (1705 s)  BLER16: R2-ours-G=0.10 R3-bigamp=0.30 R4-scvamp=0.57 M-ours-gmm32=0.07 R5-genie=0.00
39/896 done    D2_C5_S2_Nr8_T16_Tp3_dft_snr0_skip0_n40.npz  (1732 s)  BLER16: R2-ours-G=0.45 R3-bigamp=0.70 R4-scvamp=0.75 M-ours-gmm32=0.35 R5-genie=0.00
40/896 done    D2_C5_S2_Nr8_T16_Tp3_dft_snr6_skip360_n40.npz  (1757 s)  BLER16: R2-ours-G=0.10 R3-bigamp=0.53 R4-scvamp=0.60 M-ours-gmm32=0.15 R5-genie=0.00
41/896 done    D2_C1_S2_Nr8_T16_Tp2_dft_snr0_skip0_n40.npz  (1767 s)  BLER16: R2-ours-G=0.65 R3-bigamp=0.80 R4-scvamp=0.85 M-ours-gmm32=0.60 R5-genie=0.00
42/896 done    D2_C1_S2_Nr8_T16_Tp2_dft_snr6_skip280_n40.npz  (1828 s)  BLER16: R2-ours-G=0.50 R3-bigamp=0.80 R4-scvamp=0.82 M-ours-gmm32=0.55 R5-genie=0.00
43/896 done    D2_C1_S2_Nr8_T16_Tp2_dft_snr-3_skip0_n40.npz  (1838 s)  BLER16: R2-ours-G=0.72 R3-bigamp=0.97 R4-scvamp=0.93 M-ours-gmm32=0.75 R5-genie=0.05  [19 arm-trial exceptions recorded]
44/896 done    D2_C1_S2_Nr8_T16_Tp2_dft_snr12_skip280_n40.npz  (1872 s)  BLER16: R2-ours-G=0.38 R3-bigamp=0.75 R4-scvamp=0.80 M-ours-gmm32=0.35 R5-genie=0.00
45/896 done    D2_C5_S2_Nr8_T16_Tp3_dft_snr12_skip120_n40.npz  (1901 s)  BLER16: R2-ours-G=0.15 R3-bigamp=0.42 R4-scvamp=0.40 M-ours-gmm32=0.20 R5-genie=0.00
46/896 done    D2_C1_S2_Nr8_T16_Tp2_dft_snr12_skip0_n40.npz  (1923 s)  BLER16: R2-ours-G=0.45 R3-bigamp=0.72 R4-scvamp=0.68 M-ours-gmm32=0.40 R5-genie=0.00
47/896 done    D2_C1_S2_Nr8_T16_Tp2_dft_snr15_skip160_n40.npz  (1923 s)  BLER16: R2-ours-G=0.30 R3-bigamp=0.70 R4-scvamp=0.70 M-ours-gmm32=0.28 R5-genie=0.00
48/896 done    D2_C5_S2_Nr8_T16_Tp3_dft_snr3_skip0_n40.npz  (1927 s)  BLER16: R2-ours-G=0.23 R3-bigamp=0.53 R4-scvamp=0.55 M-ours-gmm32=0.23 R5-genie=0.03
49/896 done    D2_C1_S2_Nr8_T16_Tp2_dft_snr6_skip560_n40.npz  (742 s)  BLER16: R2-ours-G=0.38 R3-bigamp=0.70 R4-scvamp=0.72 M-ours-gmm32=0.45 R5-genie=0.00
50/896 done    D2_C5_S2_Nr8_T16_Tp3_dft_snr6_skip240_n40.npz  (1949 s)  BLER16: R2-ours-G=0.28 R3-bigamp=0.45 R4-scvamp=0.53 M-ours-gmm32=0.15 R5-genie=0.00
51/896 done    D2_C1_S2_Nr8_T16_Tp2_dft_snr15_skip280_n40.npz  (1973 s)  BLER16: R2-ours-G=0.60 R3-bigamp=0.90 R4-scvamp=0.90 M-ours-gmm32=0.50 R5-genie=0.00
52/896 done    D2_C1_S2_Nr8_T16_Tp2_dft_snr0_skip400_n40.npz  (1988 s)  BLER16: R2-ours-G=0.50 R3-bigamp=0.80 R4-scvamp=0.80 M-ours-gmm32=0.57 R5-genie=0.03
53/896 done    D2_C5_S2_Nr8_T16_Tp3_dft_snr6_skip400_n40.npz  (2001 s)  BLER16: R2-ours-G=0.25 R3-bigamp=0.42 R4-scvamp=0.55 M-ours-gmm32=0.07 R5-genie=0.00
54/896 done    D2_C1_S2_Nr8_T16_Tp2_dft_snr-3_skip200_n40.npz  (2003 s)  BLER16: R2-ours-G=0.85 R3-bigamp=0.97 R4-scvamp=0.95 M-ours-gmm32=0.80 R5-genie=0.03  [22 arm-trial exceptions recorded]
55/896 done    D2_C1_S2_Nr8_T16_Tp2_dft_snr12_skip440_n40.npz  (2003 s)  BLER16: R2-ours-G=0.38 R3-bigamp=0.78 R4-scvamp=0.78 M-ours-gmm32=0.38 R5-genie=0.00
56/896 done    D2_C5_S2_Nr8_T16_Tp3_dft_snr-3_skip400_n40.npz  (2009 s)  BLER16: R2-ours-G=0.65 R3-bigamp=0.88 R4-scvamp=0.88 M-ours-gmm32=0.57 R5-genie=0.05
57/896 done    D2_C5_S2_Nr8_T16_Tp3_dft_snr0_skip600_n40.npz  (716 s)  BLER16: R2-ours-G=0.23 R3-bigamp=0.57 R4-scvamp=0.70 M-ours-gmm32=0.28 R5-genie=0.00
58/896 done    D2_C5_S2_Nr8_T16_Tp3_dft_snr15_skip40_n40.npz  (2019 s)  BLER16: R2-ours-G=0.23 R3-bigamp=0.38 R4-scvamp=0.53 M-ours-gmm32=0.28 R5-genie=0.00
59/896 done    D2_C1_S2_Nr8_T16_Tp2_dft_snr3_skip200_n40.npz  (2037 s)  BLER16: R2-ours-G=0.45 R3-bigamp=0.88 R4-scvamp=0.80 M-ours-gmm32=0.53 R5-genie=0.00
60/896 done    D2_C1_S2_Nr8_T16_Tp2_dft_snr3_skip440_n40.npz  (2065 s)  BLER16: R2-ours-G=0.53 R3-bigamp=0.78 R4-scvamp=0.82 M-ours-gmm32=0.42 R5-genie=0.00
61/896 done    D2_C1_S2_Nr8_T16_Tp2_dft_snr-3_skip400_n40.npz  (2065 s)  BLER16: R2-ours-G=0.72 R3-bigamp=0.90 R4-scvamp=0.90 M-ours-gmm32=0.70 R5-genie=0.05  [27 arm-trial exceptions recorded]
62/896 done    D2_C1_S2_Nr8_T16_Tp2_dft_snr0_skip560_n40.npz  (907 s)  BLER16: R2-ours-G=0.55 R3-bigamp=0.82 R4-scvamp=0.82 M-ours-gmm32=0.62 R5-genie=0.03
63/896 done    D2_C1_S2_Nr8_T16_Tp2_dft_snr3_skip480_n40.npz  (2071 s)  BLER16: R2-ours-G=0.53 R3-bigamp=0.82 R4-scvamp=0.78 M-ours-gmm32=0.55 R5-genie=0.00
64/896 done    D2_C5_S2_Nr8_T16_Tp3_dft_snr0_skip240_n40.npz  (2079 s)  BLER16: R2-ours-G=0.40 R3-bigamp=0.50 R4-scvamp=0.72 M-ours-gmm32=0.38 R5-genie=0.03
65/896 done    D2_C5_S2_Nr8_T16_Tp3_dft_snr-3_skip40_n40.npz  (2088 s)  BLER16: R2-ours-G=0.62 R3-bigamp=0.93 R4-scvamp=0.90 M-ours-gmm32=0.53 R5-genie=0.03
66/896 done    D2_C1_S2_Nr8_T16_Tp2_dft_snr0_skip480_n40.npz  (2122 s)  BLER16: R2-ours-G=0.60 R3-bigamp=0.78 R4-scvamp=0.93 M-ours-gmm32=0.53 R5-genie=0.00
67/896 done    D2_C1_S2_Nr8_T16_Tp2_dft_snr9_skip440_n40.npz  (2130 s)  BLER16: R2-ours-G=0.53 R3-bigamp=0.80 R4-scvamp=0.82 M-ours-gmm32=0.42 R5-genie=0.00
68/896 done    D2_C5_S2_Nr8_T16_Tp3_dft_snr15_skip200_n40.npz  (2132 s)  BLER16: R2-ours-G=0.05 R3-bigamp=0.33 R4-scvamp=0.62 M-ours-gmm32=0.15 R5-genie=0.00
69/896 done    D2_C1_S2_Nr8_T16_Tp2_dft_snr6_skip40_n40.npz  (2145 s)  BLER16: R2-ours-G=0.33 R3-bigamp=0.68 R4-scvamp=0.62 M-ours-gmm32=0.30 R5-genie=0.00
70/896 done    D2_C5_S2_Nr8_T16_Tp3_dft_snr3_skip400_n40.npz  (2150 s)  BLER16: R2-ours-G=0.38 R3-bigamp=0.53 R4-scvamp=0.68 M-ours-gmm32=0.28 R5-genie=0.03
71/896 done    D2_C1_S2_Nr8_T16_Tp2_dft_snr15_skip80_n40.npz  (2156 s)  BLER16: R2-ours-G=0.38 R3-bigamp=0.80 R4-scvamp=0.75 M-ours-gmm32=0.42 R5-genie=0.00
72/896 done    D2_C5_S2_Nr8_T16_Tp3_dft_snr15_skip400_n40.npz  (2169 s)  BLER16: R2-ours-G=0.15 R3-bigamp=0.42 R4-scvamp=0.65 M-ours-gmm32=0.28 R5-genie=0.00
73/896 done    D2_C5_S2_Nr8_T16_Tp3_dft_snr12_skip600_n40.npz  (711 s)  BLER16: R2-ours-G=0.28 R3-bigamp=0.45 R4-scvamp=0.55 M-ours-gmm32=0.23 R5-genie=0.00
74/896 done    D2_C5_S2_Nr8_T16_Tp3_dft_snr9_skip360_n40.npz  (2191 s)  BLER16: R2-ours-G=0.07 R3-bigamp=0.28 R4-scvamp=0.50 M-ours-gmm32=0.05 R5-genie=0.00
75/896 done    D2_C5_S2_Nr8_T16_Tp3_dft_snr-3_skip320_n40.npz  (2197 s)  BLER16: R2-ours-G=0.53 R3-bigamp=0.75 R4-scvamp=0.82 M-ours-gmm32=0.55 R5-genie=0.05
76/896 done    D2_C1_S2_Nr8_T16_Tp2_dft_snr6_skip160_n40.npz  (2203 s)  BLER16: R2-ours-G=0.38 R3-bigamp=0.82 R4-scvamp=0.70 M-ours-gmm32=0.33 R5-genie=0.03
77/896 done    D2_C1_S2_Nr8_T16_Tp2_dft_snr3_skip160_n40.npz  (2203 s)  BLER16: R2-ours-G=0.47 R3-bigamp=0.70 R4-scvamp=0.75 M-ours-gmm32=0.38 R5-genie=0.03
78/896 done    D2_C5_S2_Nr8_T16_Tp3_dft_snr3_skip160_n40.npz  (2214 s)  BLER16: R2-ours-G=0.30 R3-bigamp=0.47 R4-scvamp=0.60 M-ours-gmm32=0.25 R5-genie=0.00
79/896 done    D2_C5_S2_Nr8_T16_Tp3_dft_snr3_skip200_n40.npz  (2220 s)  BLER16: R2-ours-G=0.12 R3-bigamp=0.40 R4-scvamp=0.45 M-ours-gmm32=0.12 R5-genie=0.00
80/896 done    D2_C5_S2_Nr8_T16_Tp3_dft_snr6_skip600_n40.npz  (824 s)  BLER16: R2-ours-G=0.07 R3-bigamp=0.17 R4-scvamp=0.40 M-ours-gmm32=0.03 R5-genie=0.00
81/896 done    D2_C5_S2_Nr8_T16_Tp3_dft_snr0_skip120_n40.npz  (2231 s)  BLER16: R2-ours-G=0.20 R3-bigamp=0.65 R4-scvamp=0.65 M-ours-gmm32=0.23 R5-genie=0.00
82/896 done    D2_C1_S2_Nr8_T16_Tp2_dft_snr15_skip120_n40.npz  (2234 s)  BLER16: R2-ours-G=0.35 R3-bigamp=0.85 R4-scvamp=0.88 M-ours-gmm32=0.45 R5-genie=0.00
83/896 done    D2_C5_S2_Nr8_T16_Tp3_dft_snr0_skip40_n40.npz  (2233 s)  BLER16: R2-ours-G=0.35 R3-bigamp=0.62 R4-scvamp=0.62 M-ours-gmm32=0.35 R5-genie=0.05
84/896 done    D2_C1_S2_Nr8_T16_Tp2_dft_snr9_skip80_n40.npz  (2250 s)  BLER16: R2-ours-G=0.28 R3-bigamp=0.72 R4-scvamp=0.78 M-ours-gmm32=0.25 R5-genie=0.00
85/896 done    D2_C1_S2_Nr8_T16_Tp2_dft_snr15_skip240_n40.npz  (2258 s)  BLER16: R2-ours-G=0.33 R3-bigamp=0.82 R4-scvamp=0.80 M-ours-gmm32=0.40 R5-genie=0.00
86/896 done    D2_C5_S2_Nr8_T16_Tp3_dft_snr6_skip80_n40.npz  (2259 s)  BLER16: R2-ours-G=0.23 R3-bigamp=0.35 R4-scvamp=0.62 M-ours-gmm32=0.30 R5-genie=0.03
87/896 done    D2_C1_S2_Nr8_T16_Tp2_dft_snr3_skip320_n40.npz  (2272 s)  BLER16: R2-ours-G=0.47 R3-bigamp=0.95 R4-scvamp=0.82 M-ours-gmm32=0.38 R5-genie=0.00
88/896 done    D2_C1_S2_Nr8_T16_Tp2_dft_snr6_skip0_n40.npz  (2274 s)  BLER16: R2-ours-G=0.38 R3-bigamp=0.72 R4-scvamp=0.62 M-ours-gmm32=0.40 R5-genie=0.00
89/896 done    D2_C5_S2_Nr8_T16_Tp3_dft_snr6_skip0_n40.npz  (2298 s)  BLER16: R2-ours-G=0.15 R3-bigamp=0.40 R4-scvamp=0.53 M-ours-gmm32=0.28 R5-genie=0.05
90/896 done    D2_C5_S2_Nr8_T16_Tp3_dft_snr9_skip600_n40.npz  (890 s)  BLER16: R2-ours-G=0.23 R3-bigamp=0.42 R4-scvamp=0.47 M-ours-gmm32=0.23 R5-genie=0.00
91/896 done    D2_C5_S2_Nr8_T16_Tp3_dft_snr15_skip160_n40.npz  (2315 s)  BLER16: R2-ours-G=0.15 R3-bigamp=0.38 R4-scvamp=0.47 M-ours-gmm32=0.15 R5-genie=0.00
92/896 done    D2_C1_S2_Nr8_T16_Tp2_dft_snr15_skip0_n40.npz  (2334 s)  BLER16: R2-ours-G=0.45 R3-bigamp=0.78 R4-scvamp=0.78 M-ours-gmm32=0.45 R5-genie=0.00
93/896 done    D2_C5_S2_Nr8_T16_Tp3_dft_snr9_skip200_n40.npz  (2342 s)  BLER16: R2-ours-G=0.15 R3-bigamp=0.33 R4-scvamp=0.45 M-ours-gmm32=0.15 R5-genie=0.00
94/896 done    D2_C1_S2_Nr8_T16_Tp2_dft_snr9_skip120_n40.npz  (2344 s)  BLER16: R2-ours-G=0.38 R3-bigamp=0.80 R4-scvamp=0.65 M-ours-gmm32=0.45 R5-genie=0.00
95/896 done    D2_C1_S2_Nr8_T16_Tp2_dft_snr0_skip40_n40.npz  (2350 s)  BLER16: R2-ours-G=0.62 R3-bigamp=0.72 R4-scvamp=0.68 M-ours-gmm32=0.55 R5-genie=0.00
96/896 done    D2_C1_S2_Nr8_T16_Tp2_dft_snr12_skip40_n40.npz  (2352 s)  BLER16: R2-ours-G=0.33 R3-bigamp=0.68 R4-scvamp=0.65 M-ours-gmm32=0.33 R5-genie=0.00
97/896 done    D2_C1_S2_Nr8_T16_Tp2_dft_snr0_skip600_n40.npz  (849 s)  BLER16: R2-ours-G=0.50 R3-bigamp=0.82 R4-scvamp=0.70 M-ours-gmm32=0.42 R5-genie=0.03
98/896 done    D2_C5_S2_Nr8_T16_Tp3_dft_snr12_skip640_n40.npz  (675 s)  BLER16: R2-ours-G=0.20 R3-bigamp=0.50 R4-scvamp=0.50 M-ours-gmm32=0.10 R5-genie=0.00
99/896 done    D2_C1_S2_Nr8_T16_Tp2_dft_snr6_skip520_n40.npz  (1652 s)  BLER16: R2-ours-G=0.42 R3-bigamp=0.82 R4-scvamp=0.72 M-ours-gmm32=0.35 R5-genie=0.00
100/896 done    D2_C5_S2_Nr8_T16_Tp3_dft_snr0_skip640_n40.npz  (767 s)  BLER16: R2-ours-G=0.42 R3-bigamp=0.55 R4-scvamp=0.70 M-ours-gmm32=0.33 R5-genie=0.00
101/896 done    D2_C1_S2_Nr8_T16_Tp2_dft_snr-3_skip480_n40.npz  (2410 s)  BLER16: R2-ours-G=0.70 R3-bigamp=0.93 R4-scvamp=0.90 M-ours-gmm32=0.65 R5-genie=0.03  [28 arm-trial exceptions recorded]
102/896 done    D2_C1_S2_Nr8_T16_Tp2_dft_snr-3_skip80_n40.npz  (2413 s)  BLER16: R2-ours-G=0.72 R3-bigamp=0.93 R4-scvamp=0.88 M-ours-gmm32=0.72 R5-genie=0.12  [27 arm-trial exceptions recorded]
103/896 done    D2_C1_S2_Nr8_T16_Tp2_dft_snr12_skip600_n40.npz  (838 s)  BLER16: R2-ours-G=0.42 R3-bigamp=0.90 R4-scvamp=0.82 M-ours-gmm32=0.38 R5-genie=0.00
104/896 done    D2_C1_S2_Nr8_T16_Tp2_dft_snr12_skip320_n40.npz  (2431 s)  BLER16: R2-ours-G=0.35 R3-bigamp=0.75 R4-scvamp=0.68 M-ours-gmm32=0.33 R5-genie=0.00
105/896 done    D2_C5_S2_Nr8_T16_Tp3_dft_snr-3_skip80_n40.npz  (2439 s)  BLER16: R2-ours-G=0.72 R3-bigamp=0.82 R4-scvamp=0.90 M-ours-gmm32=0.60 R5-genie=0.03
106/896 done    D2_C5_S2_Nr8_T16_Tp3_dft_snr3_skip640_n40.npz  (814 s)  BLER16: R2-ours-G=0.23 R3-bigamp=0.47 R4-scvamp=0.57 M-ours-gmm32=0.17 R5-genie=0.00
107/896 done    D2_C1_S2_Nr8_T16_Tp2_dft_snr15_skip600_n40.npz  (879 s)  BLER16: R2-ours-G=0.40 R3-bigamp=0.80 R4-scvamp=0.88 M-ours-gmm32=0.33 R5-genie=0.00
108/896 done    D2_C5_S2_Nr8_T16_Tp3_dft_snr-3_skip640_n40.npz  (882 s)  BLER16: R2-ours-G=0.40 R3-bigamp=0.78 R4-scvamp=0.80 M-ours-gmm32=0.38 R5-genie=0.00
109/896 done    D2_C1_S2_Nr8_T16_Tp2_dft_snr9_skip480_n40.npz  (2512 s)  BLER16: R2-ours-G=0.53 R3-bigamp=0.80 R4-scvamp=0.88 M-ours-gmm32=0.42 R5-genie=0.00
110/896 done    D2_C5_S2_Nr8_T16_Tp3_dft_snr0_skip160_n40.npz  (2516 s)  BLER16: R2-ours-G=0.30 R3-bigamp=0.53 R4-scvamp=0.68 M-ours-gmm32=0.17 R5-genie=0.03
111/896 done    D2_C5_S2_Nr8_T16_Tp3_dft_snr12_skip240_n40.npz  (2520 s)  BLER16: R2-ours-G=0.05 R3-bigamp=0.25 R4-scvamp=0.25 M-ours-gmm32=0.07 R5-genie=0.00
112/896 done    D2_C5_S2_Nr8_T16_Tp3_dft_snr3_skip560_n40.npz  (1657 s)  BLER16: R2-ours-G=0.25 R3-bigamp=0.50 R4-scvamp=0.62 M-ours-gmm32=0.23 R5-genie=0.00
113/896 done    D2_C1_S2_Nr8_T16_Tp2_dft_snr3_skip360_n40.npz  (2534 s)  BLER16: R2-ours-G=0.45 R3-bigamp=0.80 R4-scvamp=0.80 M-ours-gmm32=0.42 R5-genie=0.00
114/896 done    D2_C1_S2_Nr8_T16_Tp2_dft_snr6_skip360_n40.npz  (2545 s)  BLER16: R2-ours-G=0.40 R3-bigamp=0.75 R4-scvamp=0.85 M-ours-gmm32=0.35 R5-genie=0.00
115/896 done    D2_C1_S2_Nr8_T16_Tp2_dft_snr3_skip400_n40.npz  (2560 s)  BLER16: R2-ours-G=0.40 R3-bigamp=0.80 R4-scvamp=0.75 M-ours-gmm32=0.33 R5-genie=0.00
116/896 done    D2_C5_S2_Nr8_T16_Tp3_dft_snr9_skip560_n40.npz  (1495 s)  BLER16: R2-ours-G=0.12 R3-bigamp=0.33 R4-scvamp=0.38 M-ours-gmm32=0.10 R5-genie=0.00
117/896 done    D2_C5_S2_Nr8_T16_Tp3_dft_snr3_skip680_n40.npz  (667 s)  BLER16: R2-ours-G=0.25 R3-bigamp=0.47 R4-scvamp=0.50 M-ours-gmm32=0.23 R5-genie=0.03
118/896 done    D2_C1_S2_Nr8_T16_Tp2_dft_snr3_skip640_n40.npz  (776 s)  BLER16: R2-ours-G=0.50 R3-bigamp=0.88 R4-scvamp=0.90 M-ours-gmm32=0.62 R5-genie=0.00
119/896 done    D2_C5_S2_Nr8_T16_Tp3_dft_snr6_skip200_n40.npz  (2609 s)  BLER16: R2-ours-G=0.23 R3-bigamp=0.35 R4-scvamp=0.47 M-ours-gmm32=0.12 R5-genie=0.00
120/896 done    D2_C1_S2_Nr8_T16_Tp2_dft_snr-3_skip40_n40.npz  (2608 s)  BLER16: R2-ours-G=0.90 R3-bigamp=0.93 R4-scvamp=0.95 M-ours-gmm32=0.82 R5-genie=0.10  [22 arm-trial exceptions recorded]
121/896 done    D2_C1_S2_Nr8_T16_Tp2_dft_snr0_skip240_n40.npz  (2622 s)  BLER16: R2-ours-G=0.55 R3-bigamp=0.85 R4-scvamp=0.75 M-ours-gmm32=0.53 R5-genie=0.00
122/896 done    D2_C5_S2_Nr8_T16_Tp3_dft_snr-3_skip0_n40.npz  (2636 s)  BLER16: R2-ours-G=0.55 R3-bigamp=0.80 R4-scvamp=0.88 M-ours-gmm32=0.45 R5-genie=0.00
123/896 done    D2_C1_S2_Nr8_T16_Tp2_dft_snr15_skip360_n40.npz  (2637 s)  BLER16: R2-ours-G=0.47 R3-bigamp=0.90 R4-scvamp=0.82 M-ours-gmm32=0.35 R5-genie=0.00
124/896 done    D2_C1_S2_Nr8_T16_Tp2_dft_snr15_skip480_n40.npz  (2640 s)  BLER16: R2-ours-G=0.35 R3-bigamp=0.78 R4-scvamp=0.85 M-ours-gmm32=0.25 R5-genie=0.00
125/896 done    D2_C5_S2_Nr8_T16_Tp3_dft_snr0_skip200_n40.npz  (2647 s)  BLER16: R2-ours-G=0.20 R3-bigamp=0.55 R4-scvamp=0.62 M-ours-gmm32=0.25 R5-genie=0.00
126/896 done    D2_C1_S2_Nr8_T16_Tp2_dft_snr0_skip200_n40.npz  (2647 s)  BLER16: R2-ours-G=0.57 R3-bigamp=0.85 R4-scvamp=0.88 M-ours-gmm32=0.45 R5-genie=0.00
127/896 done    D2_C5_S2_Nr8_T16_Tp3_dft_snr12_skip480_n40.npz  (2648 s)  BLER16: R2-ours-G=0.15 R3-bigamp=0.40 R4-scvamp=0.42 M-ours-gmm32=0.05 R5-genie=0.00
128/896 done    D2_C1_S2_Nr8_T16_Tp2_dft_snr0_skip160_n40.npz  (2652 s)  BLER16: R2-ours-G=0.65 R3-bigamp=0.97 R4-scvamp=0.88 M-ours-gmm32=0.53 R5-genie=0.00
129/896 done    D2_C1_S2_Nr8_T16_Tp2_dft_snr0_skip360_n40.npz  (2657 s)  BLER16: R2-ours-G=0.62 R3-bigamp=0.95 R4-scvamp=0.93 M-ours-gmm32=0.60 R5-genie=0.00
130/896 done    D2_C5_S2_Nr8_T16_Tp3_dft_snr12_skip160_n40.npz  (2661 s)  BLER16: R2-ours-G=0.20 R3-bigamp=0.25 R4-scvamp=0.38 M-ours-gmm32=0.15 R5-genie=0.00
131/896 done    D2_C1_S2_Nr8_T16_Tp2_dft_snr6_skip680_n40.npz  (652 s)  BLER16: R2-ours-G=0.38 R3-bigamp=0.78 R4-scvamp=0.80 M-ours-gmm32=0.28 R5-genie=0.00
132/896 done    D2_C5_S2_Nr8_T16_Tp3_dft_snr-3_skip200_n40.npz  (2667 s)  BLER16: R2-ours-G=0.60 R3-bigamp=0.88 R4-scvamp=0.97 M-ours-gmm32=0.62 R5-genie=0.07
133/896 done    D2_C1_S2_Nr8_T16_Tp2_dft_snr9_skip280_n40.npz  (2671 s)  BLER16: R2-ours-G=0.42 R3-bigamp=0.75 R4-scvamp=0.78 M-ours-gmm32=0.47 R5-genie=0.00
134/896 done    D2_C5_S2_Nr8_T16_Tp3_dft_snr9_skip280_n40.npz  (2673 s)  BLER16: R2-ours-G=0.10 R3-bigamp=0.30 R4-scvamp=0.45 M-ours-gmm32=0.20 R5-genie=0.00
135/896 done    D2_C1_S2_Nr8_T16_Tp2_dft_snr6_skip200_n40.npz  (2675 s)  BLER16: R2-ours-G=0.40 R3-bigamp=0.68 R4-scvamp=0.65 M-ours-gmm32=0.42 R5-genie=0.00
136/896 done    D2_C5_S2_Nr8_T16_Tp3_dft_snr6_skip40_n40.npz  (2677 s)  BLER16: R2-ours-G=0.20 R3-bigamp=0.25 R4-scvamp=0.50 M-ours-gmm32=0.10 R5-genie=0.00
137/896 done    D2_C5_S2_Nr8_T16_Tp3_dft_snr12_skip280_n40.npz  (2678 s)  BLER16: R2-ours-G=0.15 R3-bigamp=0.42 R4-scvamp=0.53 M-ours-gmm32=0.05 R5-genie=0.00
138/896 done    D2_C1_S2_Nr8_T16_Tp2_dft_snr-3_skip320_n40.npz  (2679 s)  BLER16: R2-ours-G=0.70 R3-bigamp=0.93 R4-scvamp=0.93 M-ours-gmm32=0.70 R5-genie=0.03  [21 arm-trial exceptions recorded]
139/896 done    D2_C5_S2_Nr8_T16_Tp3_dft_snr0_skip560_n40.npz  (1872 s)  BLER16: R2-ours-G=0.25 R3-bigamp=0.68 R4-scvamp=0.57 M-ours-gmm32=0.23 R5-genie=0.00
140/896 done    D2_C5_S2_Nr8_T16_Tp3_dft_snr15_skip560_n40.npz  (1593 s)  BLER16: R2-ours-G=0.07 R3-bigamp=0.28 R4-scvamp=0.38 M-ours-gmm32=0.15 R5-genie=0.00
141/896 done    D2_C5_S2_Nr8_T16_Tp3_dft_snr0_skip80_n40.npz  (2728 s)  BLER16: R2-ours-G=0.35 R3-bigamp=0.55 R4-scvamp=0.62 M-ours-gmm32=0.28 R5-genie=0.00
142/896 done    D2_C5_S2_Nr8_T16_Tp3_dft_snr-3_skip480_n40.npz  (2728 s)  BLER16: R2-ours-G=0.65 R3-bigamp=0.80 R4-scvamp=0.80 M-ours-gmm32=0.55 R5-genie=0.03
143/896 done    D2_C5_S2_Nr8_T16_Tp3_dft_snr12_skip560_n40.npz  (1629 s)  BLER16: R2-ours-G=0.15 R3-bigamp=0.45 R4-scvamp=0.47 M-ours-gmm32=0.05 R5-genie=0.00
144/896 done    D2_C5_S2_Nr8_T16_Tp3_dft_snr-3_skip440_n40.npz  (2737 s)  BLER16: R2-ours-G=0.62 R3-bigamp=0.82 R4-scvamp=0.85 M-ours-gmm32=0.55 R5-genie=0.05
145/896 done    D2_C5_S2_Nr8_T16_Tp3_dft_snr12_skip520_n40.npz  (2739 s)  BLER16: R2-ours-G=0.15 R3-bigamp=0.40 R4-scvamp=0.60 M-ours-gmm32=0.17 R5-genie=0.00
146/896 done    D2_C1_S2_Nr8_T16_Tp2_dft_snr-3_skip360_n40.npz  (2770 s)  BLER16: R2-ours-G=0.93 R3-bigamp=0.93 R4-scvamp=1.00 M-ours-gmm32=0.88 R5-genie=0.03  [21 arm-trial exceptions recorded]
147/896 done    D2_C1_S2_Nr8_T16_Tp2_dft_snr15_skip440_n40.npz  (2772 s)  BLER16: R2-ours-G=0.33 R3-bigamp=0.75 R4-scvamp=0.72 M-ours-gmm32=0.33 R5-genie=0.00
148/896 done    D2_C1_S2_Nr8_T16_Tp2_dft_snr0_skip440_n40.npz  (2775 s)  BLER16: R2-ours-G=0.50 R3-bigamp=0.75 R4-scvamp=0.85 M-ours-gmm32=0.55 R5-genie=0.03
149/896 done    D2_C1_S2_Nr8_T16_Tp2_dft_snr-3_skip560_n40.npz  (1650 s)  BLER16: R2-ours-G=0.75 R3-bigamp=0.95 R4-scvamp=0.95 M-ours-gmm32=0.85 R5-genie=0.03  [25 arm-trial exceptions recorded]
150/896 done    D2_C5_S2_Nr8_T16_Tp3_dft_snr-3_skip600_n40.npz  (1504 s)  BLER16: R2-ours-G=0.72 R3-bigamp=0.82 R4-scvamp=0.90 M-ours-gmm32=0.68 R5-genie=0.05
151/896 done    D2_C1_S2_Nr8_T16_Tp2_dft_snr12_skip120_n40.npz  (2806 s)  BLER16: R2-ours-G=0.40 R3-bigamp=0.88 R4-scvamp=0.82 M-ours-gmm32=0.53 R5-genie=0.00
152/896 done    D2_C1_S2_Nr8_T16_Tp2_dft_snr6_skip320_n40.npz  (2807 s)  BLER16: R2-ours-G=0.35 R3-bigamp=0.57 R4-scvamp=0.57 M-ours-gmm32=0.25 R5-genie=0.00
153/896 done    D2_C1_S2_Nr8_T16_Tp2_dft_snr3_skip40_n40.npz  (2810 s)  BLER16: R2-ours-G=0.60 R3-bigamp=0.88 R4-scvamp=0.88 M-ours-gmm32=0.42 R5-genie=0.00
154/896 done    D2_C5_S2_Nr8_T16_Tp3_dft_snr-3_skip120_n40.npz  (2811 s)  BLER16: R2-ours-G=0.47 R3-bigamp=0.85 R4-scvamp=0.85 M-ours-gmm32=0.42 R5-genie=0.03
155/896 done    D2_C1_S2_Nr8_T16_Tp2_dft_snr-3_skip600_n40.npz  (1316 s)  BLER16: R2-ours-G=0.93 R3-bigamp=0.97 R4-scvamp=0.97 M-ours-gmm32=0.80 R5-genie=0.00  [21 arm-trial exceptions recorded]
156/896 done    D2_C1_S2_Nr8_T16_Tp2_dft_snr9_skip0_n40.npz  (2817 s)  BLER16: R2-ours-G=0.38 R3-bigamp=0.80 R4-scvamp=0.80 M-ours-gmm32=0.35 R5-genie=0.00
157/896 done    D2_C1_S2_Nr8_T16_Tp2_dft_snr-3_skip440_n40.npz  (2818 s)  BLER16: R2-ours-G=0.80 R3-bigamp=0.93 R4-scvamp=0.93 M-ours-gmm32=0.72 R5-genie=0.03  [19 arm-trial exceptions recorded]
158/896 done    D2_C5_S2_Nr8_T16_Tp3_dft_snr0_skip400_n40.npz  (2819 s)  BLER16: R2-ours-G=0.40 R3-bigamp=0.60 R4-scvamp=0.70 M-ours-gmm32=0.33 R5-genie=0.00
159/896 done    D2_C1_S2_Nr8_T16_Tp2_dft_snr-3_skip240_n40.npz  (2821 s)  BLER16: R2-ours-G=0.75 R3-bigamp=0.93 R4-scvamp=0.88 M-ours-gmm32=0.60 R5-genie=0.05  [19 arm-trial exceptions recorded]
160/896 done    D2_C5_S2_Nr8_T16_Tp3_dft_snr9_skip480_n40.npz  (2823 s)  BLER16: R2-ours-G=0.10 R3-bigamp=0.25 R4-scvamp=0.30 M-ours-gmm32=0.05 R5-genie=0.00
161/896 done    D2_C1_S2_Nr8_T16_Tp2_dft_snr12_skip560_n40.npz  (1574 s)  BLER16: R2-ours-G=0.30 R3-bigamp=0.72 R4-scvamp=0.75 M-ours-gmm32=0.40 R5-genie=0.00
162/896 done    D2_C5_S2_Nr8_T16_Tp3_dft_snr-3_skip160_n40.npz  (2826 s)  BLER16: R2-ours-G=0.68 R3-bigamp=0.82 R4-scvamp=0.85 M-ours-gmm32=0.62 R5-genie=0.05
163/896 done    D2_C1_S2_Nr8_T16_Tp2_dft_snr15_skip560_n40.npz  (1538 s)  BLER16: R2-ours-G=0.47 R3-bigamp=0.80 R4-scvamp=0.80 M-ours-gmm32=0.20 R5-genie=0.00
164/896 done    D2_C5_S2_Nr8_T16_Tp3_dft_snr0_skip720_n40.npz  (763 s)  BLER16: R2-ours-G=0.47 R3-bigamp=0.75 R4-scvamp=0.70 M-ours-gmm32=0.45 R5-genie=0.05
165/896 done    D2_C1_S2_Nr8_T16_Tp2_dft_snr0_skip520_n40.npz  (2834 s)  BLER16: R2-ours-G=0.62 R3-bigamp=0.82 R4-scvamp=0.85 M-ours-gmm32=0.60 R5-genie=0.03
166/896 done    D2_C5_S2_Nr8_T16_Tp3_dft_snr3_skip40_n40.npz  (2838 s)  BLER16: R2-ours-G=0.12 R3-bigamp=0.47 R4-scvamp=0.65 M-ours-gmm32=0.17 R5-genie=0.00
167/896 done    D2_C5_S2_Nr8_T16_Tp3_dft_snr12_skip400_n40.npz  (2838 s)  BLER16: R2-ours-G=0.20 R3-bigamp=0.42 R4-scvamp=0.40 M-ours-gmm32=0.15 R5-genie=0.00
168/896 done    D2_C5_S2_Nr8_T16_Tp3_dft_snr15_skip0_n40.npz  (2839 s)  BLER16: R2-ours-G=0.10 R3-bigamp=0.23 R4-scvamp=0.35 M-ours-gmm32=0.10 R5-genie=0.00
169/896 done    D2_C1_S2_Nr8_T16_Tp2_dft_snr6_skip440_n40.npz  (2841 s)  BLER16: R2-ours-G=0.38 R3-bigamp=0.62 R4-scvamp=0.68 M-ours-gmm32=0.33 R5-genie=0.00
170/896 done    D2_C1_S2_Nr8_T16_Tp2_dft_snr9_skip560_n40.npz  (1646 s)  BLER16: R2-ours-G=0.42 R3-bigamp=0.75 R4-scvamp=0.82 M-ours-gmm32=0.30 R5-genie=0.00
171/896 done    D2_C5_S2_Nr8_T16_Tp3_dft_snr12_skip200_n40.npz  (2844 s)  BLER16: R2-ours-G=0.05 R3-bigamp=0.42 R4-scvamp=0.42 M-ours-gmm32=0.17 R5-genie=0.00
172/896 done    D2_C5_S2_Nr8_T16_Tp3_dft_snr3_skip520_n40.npz  (2845 s)  BLER16: R2-ours-G=0.12 R3-bigamp=0.38 R4-scvamp=0.50 M-ours-gmm32=0.12 R5-genie=0.00
173/896 done    D2_C5_S2_Nr8_T16_Tp3_dft_snr6_skip520_n40.npz  (2845 s)  BLER16: R2-ours-G=0.10 R3-bigamp=0.35 R4-scvamp=0.45 M-ours-gmm32=0.17 R5-genie=0.03
174/896 done    D2_C1_S2_Nr8_T16_Tp2_dft_snr3_skip560_n40.npz  (1675 s)  BLER16: R2-ours-G=0.45 R3-bigamp=0.82 R4-scvamp=0.80 M-ours-gmm32=0.53 R5-genie=0.00
175/896 done    D2_C1_S2_Nr8_T16_Tp2_dft_snr12_skip240_n40.npz  (2845 s)  BLER16: R2-ours-G=0.55 R3-bigamp=0.90 R4-scvamp=0.82 M-ours-gmm32=0.53 R5-genie=0.00
176/896 done    D2_C5_S2_Nr8_T16_Tp3_dft_snr6_skip120_n40.npz  (2853 s)  BLER16: R2-ours-G=0.28 R3-bigamp=0.40 R4-scvamp=0.60 M-ours-gmm32=0.23 R5-genie=0.00
177/896 done    D2_C1_S2_Nr8_T16_Tp2_dft_snr3_skip520_n40.npz  (2854 s)  BLER16: R2-ours-G=0.35 R3-bigamp=0.62 R4-scvamp=0.72 M-ours-gmm32=0.30 R5-genie=0.00
178/896 done    D2_C5_S2_Nr8_T16_Tp3_dft_snr3_skip600_n40.npz  (1496 s)  BLER16: R2-ours-G=0.17 R3-bigamp=0.30 R4-scvamp=0.55 M-ours-gmm32=0.20 R5-genie=0.00
179/896 done    D2_C1_S2_Nr8_T16_Tp2_dft_snr15_skip40_n40.npz  (2855 s)  BLER16: R2-ours-G=0.33 R3-bigamp=0.80 R4-scvamp=0.80 M-ours-gmm32=0.45 R5-genie=0.00
180/896 done    D2_C1_S2_Nr8_T16_Tp2_dft_snr0_skip80_n40.npz  (2856 s)  BLER16: R2-ours-G=0.53 R3-bigamp=0.90 R4-scvamp=0.88 M-ours-gmm32=0.40 R5-genie=0.03
181/896 done    D2_C5_S2_Nr8_T16_Tp3_dft_snr9_skip520_n40.npz  (2859 s)  BLER16: R2-ours-G=0.15 R3-bigamp=0.25 R4-scvamp=0.50 M-ours-gmm32=0.12 R5-genie=0.00
182/896 done    D2_C5_S2_Nr8_T16_Tp3_dft_snr15_skip120_n40.npz  (2860 s)  BLER16: R2-ours-G=0.07 R3-bigamp=0.33 R4-scvamp=0.30 M-ours-gmm32=0.07 R5-genie=0.00
183/896 done    D2_C5_S2_Nr8_T16_Tp3_dft_snr15_skip360_n40.npz  (2859 s)  BLER16: R2-ours-G=0.20 R3-bigamp=0.35 R4-scvamp=0.45 M-ours-gmm32=0.17 R5-genie=0.00
184/896 done    D2_C5_S2_Nr8_T16_Tp3_dft_snr15_skip480_n40.npz  (2860 s)  BLER16: R2-ours-G=0.15 R3-bigamp=0.30 R4-scvamp=0.47 M-ours-gmm32=0.07 R5-genie=0.00
185/896 done    D2_C1_S2_Nr8_T16_Tp2_dft_snr15_skip200_n40.npz  (2861 s)  BLER16: R2-ours-G=0.38 R3-bigamp=0.80 R4-scvamp=0.75 M-ours-gmm32=0.45 R5-genie=0.00
186/896 done    D2_C1_S2_Nr8_T16_Tp2_dft_snr-3_skip280_n40.npz  (2861 s)  BLER16: R2-ours-G=0.75 R3-bigamp=0.95 R4-scvamp=0.95 M-ours-gmm32=0.75 R5-genie=0.03  [24 arm-trial exceptions recorded]
187/896 done    D2_C1_S2_Nr8_T16_Tp2_dft_snr6_skip600_n40.npz  (1342 s)  BLER16: R2-ours-G=0.25 R3-bigamp=0.65 R4-scvamp=0.72 M-ours-gmm32=0.25 R5-genie=0.00
188/896 done    D2_C1_S2_Nr8_T16_Tp2_dft_snr9_skip200_n40.npz  (2863 s)  BLER16: R2-ours-G=0.38 R3-bigamp=0.65 R4-scvamp=0.78 M-ours-gmm32=0.53 R5-genie=0.00
189/896 done    D2_C5_S2_Nr8_T16_Tp3_dft_snr6_skip280_n40.npz  (2863 s)  BLER16: R2-ours-G=0.17 R3-bigamp=0.33 R4-scvamp=0.42 M-ours-gmm32=0.20 R5-genie=0.00
190/896 done    D2_C5_S2_Nr8_T16_Tp3_dft_snr3_skip240_n40.npz  (2864 s)  BLER16: R2-ours-G=0.12 R3-bigamp=0.47 R4-scvamp=0.53 M-ours-gmm32=0.17 R5-genie=0.00
191/896 done    D2_C1_S2_Nr8_T16_Tp2_dft_snr15_skip320_n40.npz  (2863 s)  BLER16: R2-ours-G=0.40 R3-bigamp=0.85 R4-scvamp=0.75 M-ours-gmm32=0.42 R5-genie=0.00
192/896 done    D2_C1_S2_Nr8_T16_Tp2_dft_snr12_skip360_n40.npz  (2867 s)  BLER16: R2-ours-G=0.47 R3-bigamp=0.85 R4-scvamp=0.85 M-ours-gmm32=0.38 R5-genie=0.00
193/896 done    D2_C5_S2_Nr8_T16_Tp3_dft_snr9_skip640_n40.npz  (1179 s)  BLER16: R2-ours-G=0.12 R3-bigamp=0.45 R4-scvamp=0.55 M-ours-gmm32=0.20 R5-genie=0.00
194/896 done    D2_C5_S2_Nr8_T16_Tp3_dft_snr3_skip360_n40.npz  (2868 s)  BLER16: R2-ours-G=0.25 R3-bigamp=0.40 R4-scvamp=0.47 M-ours-gmm32=0.20 R5-genie=0.00
195/896 done    D2_C5_S2_Nr8_T16_Tp3_dft_snr0_skip320_n40.npz  (2869 s)  BLER16: R2-ours-G=0.40 R3-bigamp=0.60 R4-scvamp=0.65 M-ours-gmm32=0.38 R5-genie=0.03
196/896 done    D2_C5_S2_Nr8_T16_Tp3_dft_snr15_skip280_n40.npz  (2870 s)  BLER16: R2-ours-G=0.07 R3-bigamp=0.35 R4-scvamp=0.33 M-ours-gmm32=0.07 R5-genie=0.00
197/896 done    D2_C1_S2_Nr8_T16_Tp2_dft_snr9_skip160_n40.npz  (2871 s)  BLER16: R2-ours-G=0.23 R3-bigamp=0.80 R4-scvamp=0.57 M-ours-gmm32=0.30 R5-genie=0.00
198/896 done    D2_C5_S2_Nr8_T16_Tp3_dft_snr9_skip240_n40.npz  (2872 s)  BLER16: R2-ours-G=0.10 R3-bigamp=0.35 R4-scvamp=0.55 M-ours-gmm32=0.10 R5-genie=0.00
199/896 done    D2_C1_S2_Nr8_T16_Tp2_dft_snr12_skip160_n40.npz  (2872 s)  BLER16: R2-ours-G=0.30 R3-bigamp=0.88 R4-scvamp=0.75 M-ours-gmm32=0.35 R5-genie=0.00
200/896 done    D2_C5_S2_Nr8_T16_Tp3_dft_snr15_skip600_n40.npz  (1392 s)  BLER16: R2-ours-G=0.12 R3-bigamp=0.40 R4-scvamp=0.53 M-ours-gmm32=0.15 R5-genie=0.00
201/896 done    D2_C1_S2_Nr8_T16_Tp2_dft_snr6_skip80_n40.npz  (2875 s)  BLER16: R2-ours-G=0.38 R3-bigamp=0.75 R4-scvamp=0.70 M-ours-gmm32=0.53 R5-genie=0.03
202/896 done    D2_C5_S2_Nr8_T16_Tp3_dft_snr15_skip520_n40.npz  (2876 s)  BLER16: R2-ours-G=0.07 R3-bigamp=0.47 R4-scvamp=0.50 M-ours-gmm32=0.05 R5-genie=0.00
203/896 done    D2_C5_S2_Nr8_T16_Tp3_dft_snr3_skip120_n40.npz  (2877 s)  BLER16: R2-ours-G=0.17 R3-bigamp=0.38 R4-scvamp=0.47 M-ours-gmm32=0.20 R5-genie=0.00
204/896 done    D2_C5_S2_Nr8_T16_Tp3_dft_snr15_skip80_n40.npz  (2877 s)  BLER16: R2-ours-G=0.17 R3-bigamp=0.25 R4-scvamp=0.57 M-ours-gmm32=0.15 R5-genie=0.00
205/896 done    D2_C5_S2_Nr8_T16_Tp3_dft_snr9_skip80_n40.npz  (2879 s)  BLER16: R2-ours-G=0.20 R3-bigamp=0.38 R4-scvamp=0.50 M-ours-gmm32=0.10 R5-genie=0.00
206/896 done    D2_C1_S2_Nr8_T16_Tp2_dft_snr9_skip600_n40.npz  (1338 s)  BLER16: R2-ours-G=0.47 R3-bigamp=0.85 R4-scvamp=0.80 M-ours-gmm32=0.47 R5-genie=0.00
207/896 done    D2_C5_S2_Nr8_T16_Tp3_dft_snr12_skip360_n40.npz  (2881 s)  BLER16: R2-ours-G=0.17 R3-bigamp=0.42 R4-scvamp=0.57 M-ours-gmm32=0.20 R5-genie=0.00
208/896 done    D2_C1_S2_Nr8_T16_Tp2_dft_snr12_skip400_n40.npz  (2885 s)  BLER16: R2-ours-G=0.35 R3-bigamp=0.75 R4-scvamp=0.68 M-ours-gmm32=0.30 R5-genie=0.00
209/896 done    D2_C5_S2_Nr8_T16_Tp3_dft_snr0_skip480_n40.npz  (2886 s)  BLER16: R2-ours-G=0.38 R3-bigamp=0.65 R4-scvamp=0.68 M-ours-gmm32=0.35 R5-genie=0.00
210/896 done    D2_C1_S2_Nr8_T16_Tp2_dft_snr0_skip320_n40.npz  (2887 s)  BLER16: R2-ours-G=0.45 R3-bigamp=0.88 R4-scvamp=0.82 M-ours-gmm32=0.50 R5-genie=0.00
211/896 done    D2_C5_S2_Nr8_T16_Tp3_dft_snr12_skip80_n40.npz  (2888 s)  BLER16: R2-ours-G=0.05 R3-bigamp=0.30 R4-scvamp=0.35 M-ours-gmm32=0.05 R5-genie=0.00
212/896 done    D2_C5_S2_Nr8_T16_Tp3_dft_snr3_skip440_n40.npz  (2888 s)  BLER16: R2-ours-G=0.30 R3-bigamp=0.47 R4-scvamp=0.68 M-ours-gmm32=0.28 R5-genie=0.00
213/896 done    D2_C1_S2_Nr8_T16_Tp2_dft_snr6_skip480_n40.npz  (2890 s)  BLER16: R2-ours-G=0.42 R3-bigamp=0.75 R4-scvamp=0.78 M-ours-gmm32=0.42 R5-genie=0.00
214/896 done    D2_C5_S2_Nr8_T16_Tp3_dft_snr0_skip440_n40.npz  (2892 s)  BLER16: R2-ours-G=0.35 R3-bigamp=0.72 R4-scvamp=0.82 M-ours-gmm32=0.30 R5-genie=0.03
215/896 done    D2_C5_S2_Nr8_T16_Tp3_dft_snr-3_skip280_n40.npz  (2893 s)  BLER16: R2-ours-G=0.55 R3-bigamp=0.80 R4-scvamp=0.88 M-ours-gmm32=0.65 R5-genie=0.00
216/896 done    D2_C1_S2_Nr8_T16_Tp2_dft_snr6_skip640_n40.npz  (1055 s)  BLER16: R2-ours-G=0.40 R3-bigamp=0.62 R4-scvamp=0.75 M-ours-gmm32=0.25 R5-genie=0.00
217/896 done    D2_C5_S2_Nr8_T16_Tp3_dft_snr-3_skip240_n40.npz  (2894 s)  BLER16: R2-ours-G=0.60 R3-bigamp=0.95 R4-scvamp=0.93 M-ours-gmm32=0.50 R5-genie=0.00
218/896 done    D2_C5_S2_Nr8_T16_Tp3_dft_snr15_skip240_n40.npz  (2894 s)  BLER16: R2-ours-G=0.17 R3-bigamp=0.35 R4-scvamp=0.38 M-ours-gmm32=0.15 R5-genie=0.00
219/896 done    D2_C5_S2_Nr8_T16_Tp3_dft_snr12_skip440_n40.npz  (2894 s)  BLER16: R2-ours-G=0.10 R3-bigamp=0.38 R4-scvamp=0.50 M-ours-gmm32=0.17 R5-genie=0.00
220/896 done    D2_C5_S2_Nr8_T16_Tp3_dft_snr0_skip280_n40.npz  (2897 s)  BLER16: R2-ours-G=0.33 R3-bigamp=0.62 R4-scvamp=0.68 M-ours-gmm32=0.28 R5-genie=0.03
221/896 done    D2_C5_S2_Nr8_T16_Tp3_dft_snr3_skip80_n40.npz  (2897 s)  BLER16: R2-ours-G=0.20 R3-bigamp=0.33 R4-scvamp=0.45 M-ours-gmm32=0.15 R5-genie=0.00
222/896 done    D2_C1_S2_Nr8_T16_Tp2_dft_snr12_skip480_n40.npz  (2902 s)  BLER16: R2-ours-G=0.20 R3-bigamp=0.68 R4-scvamp=0.68 M-ours-gmm32=0.30 R5-genie=0.00
223/896 done    D2_C1_S2_Nr8_T16_Tp2_dft_snr6_skip240_n40.npz  (2904 s)  BLER16: R2-ours-G=0.35 R3-bigamp=0.72 R4-scvamp=0.70 M-ours-gmm32=0.47 R5-genie=0.00
224/896 done    D2_C1_S2_Nr8_T16_Tp2_dft_snr3_skip280_n40.npz  (2905 s)  BLER16: R2-ours-G=0.45 R3-bigamp=0.82 R4-scvamp=0.72 M-ours-gmm32=0.38 R5-genie=0.00
225/896 done    D2_C1_S2_Nr8_T16_Tp2_dft_snr12_skip80_n40.npz  (2907 s)  BLER16: R2-ours-G=0.40 R3-bigamp=0.75 R4-scvamp=0.85 M-ours-gmm32=0.42 R5-genie=0.00
226/896 done    D2_C1_S2_Nr8_T16_Tp2_dft_snr12_skip720_n40.npz  (723 s)  BLER16: R2-ours-G=0.42 R3-bigamp=0.78 R4-scvamp=0.68 M-ours-gmm32=0.42 R5-genie=0.00
227/896 done    D2_C1_S2_Nr8_T16_Tp2_dft_snr-3_skip160_n40.npz  (2908 s)  BLER16: R2-ours-G=0.85 R3-bigamp=0.97 R4-scvamp=0.95 M-ours-gmm32=0.82 R5-genie=0.03  [18 arm-trial exceptions recorded]
228/896 done    D2_C5_S2_Nr8_T16_Tp3_dft_snr9_skip0_n40.npz  (2914 s)  BLER16: R2-ours-G=0.10 R3-bigamp=0.30 R4-scvamp=0.25 M-ours-gmm32=0.15 R5-genie=0.00
229/896 done    D2_C1_S2_Nr8_T16_Tp2_dft_snr9_skip360_n40.npz  (2916 s)  BLER16: R2-ours-G=0.38 R3-bigamp=0.68 R4-scvamp=0.70 M-ours-gmm32=0.28 R5-genie=0.00
230/896 done    D2_C1_S2_Nr8_T16_Tp2_dft_snr-3_skip640_n40.npz  (1162 s)  BLER16: R2-ours-G=0.72 R3-bigamp=0.90 R4-scvamp=0.93 M-ours-gmm32=0.72 R5-genie=0.03  [22 arm-trial exceptions recorded]
231/896 done    D2_C5_S2_Nr8_T16_Tp3_dft_snr9_skip160_n40.npz  (2923 s)  BLER16: R2-ours-G=0.20 R3-bigamp=0.47 R4-scvamp=0.55 M-ours-gmm32=0.12 R5-genie=0.00
232/896 done    D2_C5_S2_Nr8_T16_Tp3_dft_snr3_skip320_n40.npz  (2925 s)  BLER16: R2-ours-G=0.17 R3-bigamp=0.38 R4-scvamp=0.62 M-ours-gmm32=0.12 R5-genie=0.00
233/896 done    D2_C5_S2_Nr8_T16_Tp3_dft_snr6_skip480_n40.npz  (2927 s)  BLER16: R2-ours-G=0.20 R3-bigamp=0.45 R4-scvamp=0.65 M-ours-gmm32=0.33 R5-genie=0.00
234/896 done    D2_C1_S2_Nr8_T16_Tp2_dft_snr12_skip200_n40.npz  (2931 s)  BLER16: R2-ours-G=0.40 R3-bigamp=0.78 R4-scvamp=0.75 M-ours-gmm32=0.55 R5-genie=0.00
235/896 done    D2_C1_S2_Nr8_T16_Tp2_dft_snr3_skip240_n40.npz  (2935 s)  BLER16: R2-ours-G=0.38 R3-bigamp=0.72 R4-scvamp=0.70 M-ours-gmm32=0.55 R5-genie=0.03
236/896 done    D2_C5_S2_Nr8_T16_Tp3_dft_snr12_skip760_n40.npz  (731 s)  BLER16: R2-ours-G=0.23 R3-bigamp=0.47 R4-scvamp=0.53 M-ours-gmm32=0.20 R5-genie=0.00
237/896 done    D2_C5_S2_Nr8_T16_Tp3_dft_snr15_skip640_n40.npz  (1229 s)  BLER16: R2-ours-G=0.05 R3-bigamp=0.33 R4-scvamp=0.50 M-ours-gmm32=0.10 R5-genie=0.00
238/896 done    D2_C5_S2_Nr8_T16_Tp3_dft_snr6_skip640_n40.npz  (1331 s)  BLER16: R2-ours-G=0.10 R3-bigamp=0.38 R4-scvamp=0.55 M-ours-gmm32=0.17 R5-genie=0.00
239/896 done    D2_C5_S2_Nr8_T16_Tp3_dft_snr0_skip800_n40.npz  (690 s)  BLER16: R2-ours-G=0.30 R3-bigamp=0.57 R4-scvamp=0.62 M-ours-gmm32=0.25 R5-genie=0.00
240/896 done    D2_C1_S2_Nr8_T16_Tp2_dft_snr9_skip680_n40.npz  (983 s)  BLER16: R2-ours-G=0.35 R3-bigamp=0.57 R4-scvamp=0.65 M-ours-gmm32=0.42 R5-genie=0.00
241/896 done    D2_C5_S2_Nr8_T16_Tp3_dft_snr3_skip800_n40.npz  (690 s)  BLER16: R2-ours-G=0.23 R3-bigamp=0.40 R4-scvamp=0.50 M-ours-gmm32=0.20 R5-genie=0.00
242/896 done    D2_C5_S2_Nr8_T16_Tp3_dft_snr-3_skip720_n40.npz  (942 s)  BLER16: R2-ours-G=0.57 R3-bigamp=0.90 R4-scvamp=0.93 M-ours-gmm32=0.60 R5-genie=0.03
243/896 done    D2_C1_S2_Nr8_T16_Tp2_dft_snr0_skip800_n40.npz  (651 s)  BLER16: R2-ours-G=0.68 R3-bigamp=0.93 R4-scvamp=0.88 M-ours-gmm32=0.55 R5-genie=0.00
244/896 done    D2_C5_S2_Nr8_T16_Tp3_dft_snr6_skip720_n40.npz  (946 s)  BLER16: R2-ours-G=0.07 R3-bigamp=0.40 R4-scvamp=0.42 M-ours-gmm32=0.20 R5-genie=0.00
245/896 done    D2_C5_S2_Nr8_T16_Tp3_dft_snr-3_skip760_n40.npz  (836 s)  BLER16: R2-ours-G=0.60 R3-bigamp=0.80 R4-scvamp=0.78 M-ours-gmm32=0.62 R5-genie=0.03
246/896 done    D2_C5_S2_Nr8_T16_Tp3_dft_snr9_skip720_n40.npz  (948 s)  BLER16: R2-ours-G=0.03 R3-bigamp=0.33 R4-scvamp=0.40 M-ours-gmm32=0.07 R5-genie=0.00
247/896 done    D2_C1_S2_Nr8_T16_Tp2_dft_snr9_skip640_n40.npz  (1167 s)  BLER16: R2-ours-G=0.50 R3-bigamp=0.78 R4-scvamp=0.78 M-ours-gmm32=0.55 R5-genie=0.00
248/896 done    D2_C1_S2_Nr8_T16_Tp2_dft_snr3_skip800_n40.npz  (662 s)  BLER16: R2-ours-G=0.45 R3-bigamp=0.78 R4-scvamp=0.80 M-ours-gmm32=0.47 R5-genie=0.00
249/896 done    D2_C1_S2_Nr8_T16_Tp2_dft_snr0_skip640_n40.npz  (1279 s)  BLER16: R2-ours-G=0.55 R3-bigamp=0.80 R4-scvamp=0.82 M-ours-gmm32=0.50 R5-genie=0.00
250/896 done    D2_C5_S2_Nr8_T16_Tp3_dft_snr15_skip680_n40.npz  (1051 s)  BLER16: R2-ours-G=0.23 R3-bigamp=0.35 R4-scvamp=0.40 M-ours-gmm32=0.12 R5-genie=0.00
251/896 done    D2_C1_S2_Nr8_T16_Tp2_dft_snr3_skip680_n40.npz  (1042 s)  BLER16: R2-ours-G=0.55 R3-bigamp=0.85 R4-scvamp=0.82 M-ours-gmm32=0.38 R5-genie=0.00
252/896 done    D2_C1_S2_Nr8_T16_Tp2_dft_snr9_skip720_n40.npz  (887 s)  BLER16: R2-ours-G=0.42 R3-bigamp=0.75 R4-scvamp=0.75 M-ours-gmm32=0.38 R5-genie=0.03
253/896 done    D2_C5_S2_Nr8_T16_Tp3_dft_snr-3_skip840_n40.npz  (650 s)  BLER16: R2-ours-G=0.45 R3-bigamp=0.70 R4-scvamp=0.78 M-ours-gmm32=0.55 R5-genie=0.07
254/896 done    D2_C1_S2_Nr8_T16_Tp2_dft_snr9_skip800_n40.npz  (670 s)  BLER16: R2-ours-G=0.53 R3-bigamp=0.72 R4-scvamp=0.75 M-ours-gmm32=0.30 R5-genie=0.00
255/896 done    D2_C5_S2_Nr8_T16_Tp3_dft_snr6_skip800_n40.npz  (766 s)  BLER16: R2-ours-G=0.10 R3-bigamp=0.28 R4-scvamp=0.33 M-ours-gmm32=0.15 R5-genie=0.00
256/896 done    D2_C1_S2_Nr8_T16_Tp2_dft_snr15_skip680_n40.npz  (1037 s)  BLER16: R2-ours-G=0.25 R3-bigamp=0.72 R4-scvamp=0.72 M-ours-gmm32=0.35 R5-genie=0.00
257/896 done    D2_C1_S2_Nr8_T16_Tp2_dft_snr15_skip640_n40.npz  (1183 s)  BLER16: R2-ours-G=0.33 R3-bigamp=0.68 R4-scvamp=0.72 M-ours-gmm32=0.28 R5-genie=0.00
258/896 done    D2_C5_S2_Nr8_T16_Tp3_dft_snr0_skip680_n40.npz  (1183 s)  BLER16: R2-ours-G=0.40 R3-bigamp=0.78 R4-scvamp=0.75 M-ours-gmm32=0.47 R5-genie=0.00
259/896 done    D2_C5_S2_Nr8_T16_Tp3_dft_snr9_skip840_n40.npz  (619 s)  BLER16: R2-ours-G=0.20 R3-bigamp=0.35 R4-scvamp=0.42 M-ours-gmm32=0.15 R5-genie=0.00
260/896 done    D2_C5_S2_Nr8_T16_Tp3_dft_snr12_skip720_n40.npz  (990 s)  BLER16: R2-ours-G=0.10 R3-bigamp=0.40 R4-scvamp=0.57 M-ours-gmm32=0.17 R5-genie=0.00
261/896 done    D2_C5_S2_Nr8_T16_Tp3_dft_snr15_skip760_n40.npz  (883 s)  BLER16: R2-ours-G=0.07 R3-bigamp=0.42 R4-scvamp=0.50 M-ours-gmm32=0.15 R5-genie=0.00
262/896 done    D2_C5_S2_Nr8_T16_Tp3_dft_snr6_skip840_n40.npz  (650 s)  BLER16: R2-ours-G=0.17 R3-bigamp=0.47 R4-scvamp=0.55 M-ours-gmm32=0.20 R5-genie=0.00
263/896 done    D2_C1_S2_Nr8_T16_Tp2_dft_snr12_skip640_n40.npz  (1218 s)  BLER16: R2-ours-G=0.33 R3-bigamp=0.68 R4-scvamp=0.68 M-ours-gmm32=0.33 R5-genie=0.00
264/896 done    D2_C5_S2_Nr8_T16_Tp3_dft_snr6_skip760_n40.npz  (908 s)  BLER16: R2-ours-G=0.17 R3-bigamp=0.35 R4-scvamp=0.42 M-ours-gmm32=0.03 R5-genie=0.00
265/896 done    D2_C1_S2_Nr8_T16_Tp2_dft_snr0_skip680_n40.npz  (1120 s)  BLER16: R2-ours-G=0.55 R3-bigamp=0.85 R4-scvamp=0.93 M-ours-gmm32=0.47 R5-genie=0.00
266/896 done    D2_C5_S2_Nr8_T16_Tp3_dft_snr12_skip680_n40.npz  (1140 s)  BLER16: R2-ours-G=0.05 R3-bigamp=0.42 R4-scvamp=0.45 M-ours-gmm32=0.10 R5-genie=0.00
267/896 done    D2_C5_S2_Nr8_T16_Tp3_dft_snr15_skip720_n40.npz  (1010 s)  BLER16: R2-ours-G=0.10 R3-bigamp=0.25 R4-scvamp=0.38 M-ours-gmm32=0.12 R5-genie=0.00
268/896 done    D2_C1_S2_Nr8_T16_Tp2_dft_snr6_skip720_n40.npz  (987 s)  BLER16: R2-ours-G=0.35 R3-bigamp=0.78 R4-scvamp=0.62 M-ours-gmm32=0.30 R5-genie=0.00
269/896 done    D2_C5_S2_Nr8_T16_Tp3_dft_snr-3_skip680_n40.npz  (1221 s)  BLER16: R2-ours-G=0.65 R3-bigamp=0.82 R4-scvamp=0.90 M-ours-gmm32=0.45 R5-genie=0.05
270/896 done    D2_C1_S2_Nr8_T16_Tp2_dft_snr-3_skip760_n40.npz  (920 s)  BLER16: R2-ours-G=0.80 R3-bigamp=0.97 R4-scvamp=0.95 M-ours-gmm32=0.80 R5-genie=0.03  [25 arm-trial exceptions recorded]
271/896 done    D2_C5_S2_Nr8_T16_Tp3_dft_snr3_skip760_n40.npz  (953 s)  BLER16: R2-ours-G=0.23 R3-bigamp=0.33 R4-scvamp=0.47 M-ours-gmm32=0.07 R5-genie=0.00
272/896 done    D2_C1_S2_Nr8_T16_Tp2_dft_snr15_skip720_n40.npz  (968 s)  BLER16: R2-ours-G=0.45 R3-bigamp=0.85 R4-scvamp=0.82 M-ours-gmm32=0.35 R5-genie=0.00
273/896 done    D2_C1_S2_Nr8_T16_Tp2_dft_snr6_skip800_n40.npz  (771 s)  BLER16: R2-ours-G=0.40 R3-bigamp=0.82 R4-scvamp=0.80 M-ours-gmm32=0.50 R5-genie=0.00
274/896 done    D2_C1_S2_Nr8_T16_Tp2_dft_snr12_skip680_n40.npz  (1138 s)  BLER16: R2-ours-G=0.33 R3-bigamp=0.80 R4-scvamp=0.75 M-ours-gmm32=0.23 R5-genie=0.00
275/896 done    D2_C5_S2_Nr8_T16_Tp3_dft_snr12_skip840_n40.npz  (673 s)  BLER16: R2-ours-G=0.05 R3-bigamp=0.42 R4-scvamp=0.55 M-ours-gmm32=0.05 R5-genie=0.00
276/896 done    D2_C5_S2_Nr8_T16_Tp3_dft_snr9_skip760_n40.npz  (961 s)  BLER16: R2-ours-G=0.20 R3-bigamp=0.42 R4-scvamp=0.47 M-ours-gmm32=0.17 R5-genie=0.00
277/896 done    D2_C1_S2_Nr8_T16_Tp2_dft_snr3_skip720_n40.npz  (1053 s)  BLER16: R2-ours-G=0.45 R3-bigamp=0.70 R4-scvamp=0.65 M-ours-gmm32=0.40 R5-genie=0.00
278/896 done    D2_C1_S2_Nr8_T16_Tp2_dft_snr0_skip760_n40.npz  (974 s)  BLER16: R2-ours-G=0.55 R3-bigamp=0.93 R4-scvamp=0.90 M-ours-gmm32=0.45 R5-genie=0.03
279/896 done    D2_C5_S2_Nr8_T16_Tp3_dft_snr3_skip840_n40.npz  (798 s)  BLER16: R2-ours-G=0.35 R3-bigamp=0.57 R4-scvamp=0.60 M-ours-gmm32=0.23 R5-genie=0.00
280/896 done    D2_C5_S2_Nr8_T16_Tp3_dft_snr-3_skip880_n40.npz  (649 s)  BLER16: R2-ours-G=0.50 R3-bigamp=0.95 R4-scvamp=0.88 M-ours-gmm32=0.50 R5-genie=0.05
281/896 done    D2_C1_S2_Nr8_T16_Tp2_dft_snr6_skip760_n40.npz  (988 s)  BLER16: R2-ours-G=0.42 R3-bigamp=0.65 R4-scvamp=0.68 M-ours-gmm32=0.35 R5-genie=0.00
282/896 done    D2_C5_S2_Nr8_T16_Tp3_dft_snr12_skip800_n40.npz  (907 s)  BLER16: R2-ours-G=0.17 R3-bigamp=0.55 R4-scvamp=0.57 M-ours-gmm32=0.23 R5-genie=0.00
283/896 done    D2_C5_S2_Nr8_T16_Tp3_dft_snr0_skip880_n40.npz  (651 s)  BLER16: R2-ours-G=0.30 R3-bigamp=0.50 R4-scvamp=0.62 M-ours-gmm32=0.35 R5-genie=0.03
284/896 done    D2_C1_S2_Nr8_T16_Tp2_dft_snr9_skip760_n40.npz  (1002 s)  BLER16: R2-ours-G=0.33 R3-bigamp=0.68 R4-scvamp=0.75 M-ours-gmm32=0.40 R5-genie=0.00
285/896 done    D2_C5_S2_Nr8_T16_Tp3_dft_snr9_skip800_n40.npz  (920 s)  BLER16: R2-ours-G=0.12 R3-bigamp=0.28 R4-scvamp=0.50 M-ours-gmm32=0.07 R5-genie=0.00
286/896 done    D2_C5_S2_Nr8_T16_Tp3_dft_snr15_skip800_n40.npz  (937 s)  BLER16: R2-ours-G=0.07 R3-bigamp=0.30 R4-scvamp=0.42 M-ours-gmm32=0.10 R5-genie=0.00
287/896 done    D2_C1_S2_Nr8_T16_Tp2_dft_snr3_skip600_n40.npz  (1785 s)  BLER16: R2-ours-G=0.35 R3-bigamp=0.62 R4-scvamp=0.57 M-ours-gmm32=0.35 R5-genie=0.00
288/896 done    D2_C1_S2_Nr8_T16_Tp2_dft_snr3_skip840_n40.npz  (777 s)  BLER16: R2-ours-G=0.55 R3-bigamp=0.93 R4-scvamp=0.82 M-ours-gmm32=0.57 R5-genie=0.03
289/896 done    D2_C5_S2_Nr8_T16_Tp3_dft_snr3_skip880_n40.npz  (706 s)  BLER16: R2-ours-G=0.33 R3-bigamp=0.62 R4-scvamp=0.70 M-ours-gmm32=0.25 R5-genie=0.05
290/896 done    D2_C1_S2_Nr8_T16_Tp2_dft_snr-3_skip720_n40.npz  (1182 s)  BLER16: R2-ours-G=0.88 R3-bigamp=0.97 R4-scvamp=0.95 M-ours-gmm32=0.80 R5-genie=0.05  [17 arm-trial exceptions recorded]
291/896 done    D2_C1_S2_Nr8_T16_Tp2_dft_snr6_skip840_n40.npz  (782 s)  BLER16: R2-ours-G=0.40 R3-bigamp=0.70 R4-scvamp=0.72 M-ours-gmm32=0.30 R5-genie=0.00
292/896 done    D2_C1_S2_Nr8_T16_Tp2_dft_snr0_skip920_n40.npz  (626 s)  BLER16: R2-ours-G=0.72 R3-bigamp=0.90 R4-scvamp=0.93 M-ours-gmm32=0.68 R5-genie=0.00
293/896 done    D2_C5_S2_Nr8_T16_Tp3_dft_snr6_skip680_n40.npz  (1371 s)  BLER16: R2-ours-G=0.15 R3-bigamp=0.40 R4-scvamp=0.50 M-ours-gmm32=0.17 R5-genie=0.00
294/896 done    D2_C1_S2_Nr8_T16_Tp2_dft_snr15_skip840_n40.npz  (753 s)  BLER16: R2-ours-G=0.33 R3-bigamp=0.75 R4-scvamp=0.82 M-ours-gmm32=0.38 R5-genie=0.00
295/896 done    D2_C1_S2_Nr8_T16_Tp2_dft_snr-3_skip680_n40.npz  (1331 s)  BLER16: R2-ours-G=0.82 R3-bigamp=0.95 R4-scvamp=1.00 M-ours-gmm32=0.78 R5-genie=0.03  [22 arm-trial exceptions recorded]
296/896 done    D2_C5_S2_Nr8_T16_Tp3_dft_snr-3_skip920_n40.npz  (679 s)  BLER16: R2-ours-G=0.70 R3-bigamp=0.93 R4-scvamp=0.95 M-ours-gmm32=0.72 R5-genie=0.07
297/896 done    D2_C1_S2_Nr8_T16_Tp2_dft_snr0_skip880_n40.npz  (695 s)  BLER16: R2-ours-G=0.60 R3-bigamp=0.93 R4-scvamp=0.80 M-ours-gmm32=0.47 R5-genie=0.00
298/896 done    D2_C1_S2_Nr8_T16_Tp2_dft_snr-3_skip920_n40.npz  (667 s)  BLER16: R2-ours-G=0.88 R3-bigamp=0.97 R4-scvamp=1.00 M-ours-gmm32=0.85 R5-genie=0.10  [29 arm-trial exceptions recorded]
299/896 done    D2_C5_S2_Nr8_T16_Tp3_dft_snr3_skip920_n40.npz  (683 s)  BLER16: R2-ours-G=0.17 R3-bigamp=0.45 R4-scvamp=0.55 M-ours-gmm32=0.15 R5-genie=0.03
300/896 done    D2_C1_S2_Nr8_T16_Tp2_dft_snr15_skip880_n40.npz  (698 s)  BLER16: R2-ours-G=0.38 R3-bigamp=0.78 R4-scvamp=0.80 M-ours-gmm32=0.35 R5-genie=0.00
301/896 done    D2_C1_S2_Nr8_T16_Tp2_dft_snr3_skip920_n40.npz  (646 s)  BLER16: R2-ours-G=0.42 R3-bigamp=0.70 R4-scvamp=0.88 M-ours-gmm32=0.50 R5-genie=0.00
302/896 done    D2_C5_S2_Nr8_T16_Tp3_dft_snr15_skip880_n40.npz  (727 s)  BLER16: R2-ours-G=0.10 R3-bigamp=0.33 R4-scvamp=0.42 M-ours-gmm32=0.07 R5-genie=0.00
303/896 done    D2_C5_S2_Nr8_T16_Tp3_dft_snr-3_skip800_n40.npz  (1072 s)  BLER16: R2-ours-G=0.62 R3-bigamp=0.95 R4-scvamp=0.85 M-ours-gmm32=0.60 R5-genie=0.10
304/896 done    D2_C1_S2_Nr8_T16_Tp2_dft_snr0_skip840_n40.npz  (853 s)  BLER16: R2-ours-G=0.70 R3-bigamp=0.85 R4-scvamp=0.93 M-ours-gmm32=0.60 R5-genie=0.00
305/896 done    D2_C5_S2_Nr8_T16_Tp3_dft_snr3_skip720_n40.npz  (1302 s)  BLER16: R2-ours-G=0.17 R3-bigamp=0.38 R4-scvamp=0.50 M-ours-gmm32=0.15 R5-genie=0.00
306/896 done    D2_C1_S2_Nr8_T16_Tp2_dft_snr3_skip760_n40.npz  (1125 s)  BLER16: R2-ours-G=0.57 R3-bigamp=0.82 R4-scvamp=0.68 M-ours-gmm32=0.50 R5-genie=0.00
307/896 done    D2_C1_S2_Nr8_T16_Tp2_dft_snr12_skip920_n40.npz  (653 s)  BLER16: R2-ours-G=0.30 R3-bigamp=0.75 R4-scvamp=0.80 M-ours-gmm32=0.35 R5-genie=0.00
308/896 done    D2_C1_S2_Nr8_T16_Tp2_dft_snr15_skip800_n40.npz  (1003 s)  BLER16: R2-ours-G=0.33 R3-bigamp=0.80 R4-scvamp=0.72 M-ours-gmm32=0.40 R5-genie=0.00
309/896 done    D2_C1_S2_Nr8_T16_Tp2_dft_snr6_skip880_n40.npz  (771 s)  BLER16: R2-ours-G=0.38 R3-bigamp=0.65 R4-scvamp=0.70 M-ours-gmm32=0.25 R5-genie=0.00
310/896 done    D2_C1_S2_Nr8_T16_Tp2_dft_snr12_skip800_n40.npz  (1015 s)  BLER16: R2-ours-G=0.33 R3-bigamp=0.65 R4-scvamp=0.65 M-ours-gmm32=0.33 R5-genie=0.00
311/896 done    D2_C5_S2_Nr8_T16_Tp3_dft_snr9_skip960_n40.npz  (649 s)  BLER16: R2-ours-G=0.28 R3-bigamp=0.40 R4-scvamp=0.60 M-ours-gmm32=0.15 R5-genie=0.00
312/896 done    D2_C1_S2_Nr8_T16_Tp2_dft_snr-3_skip960_n40.npz  (635 s)  BLER16: R2-ours-G=0.80 R3-bigamp=0.97 R4-scvamp=0.95 M-ours-gmm32=0.75 R5-genie=0.03  [23 arm-trial exceptions recorded]
313/896 done    D2_C5_S2_Nr8_T16_Tp3_dft_snr9_skip880_n40.npz  (821 s)  BLER16: R2-ours-G=0.20 R3-bigamp=0.50 R4-scvamp=0.57 M-ours-gmm32=0.15 R5-genie=0.00
314/896 done    D2_C1_S2_Nr8_T16_Tp2_dft_snr6_skip920_n40.npz  (717 s)  BLER16: R2-ours-G=0.28 R3-bigamp=0.78 R4-scvamp=0.65 M-ours-gmm32=0.28 R5-genie=0.00
315/896 done    D2_C5_S2_Nr8_T16_Tp3_dft_snr12_skip960_n40.npz  (650 s)  BLER16: R2-ours-G=0.12 R3-bigamp=0.17 R4-scvamp=0.33 M-ours-gmm32=0.07 R5-genie=0.00
316/896 done    D2_C1_S2_Nr8_T16_Tp2_dft_snr15_skip760_n40.npz  (1181 s)  BLER16: R2-ours-G=0.23 R3-bigamp=0.65 R4-scvamp=0.75 M-ours-gmm32=0.20 R5-genie=0.00
317/896 done    D2_C1_S2_Nr8_T16_Tp2_dft_snr15_skip920_n40.npz  (723 s)  BLER16: R2-ours-G=0.30 R3-bigamp=0.72 R4-scvamp=0.72 M-ours-gmm32=0.30 R5-genie=0.00
318/896 done    D2_C1_S2_Nr8_T16_Tp2_dft_snr12_skip960_n40.npz  (656 s)  BLER16: R2-ours-G=0.45 R3-bigamp=0.88 R4-scvamp=0.78 M-ours-gmm32=0.53 R5-genie=0.00
319/896 done    D2_C5_S2_Nr8_T16_Tp3_dft_snr0_skip1000_n40.npz  (655 s)  BLER16: R2-ours-G=0.28 R3-bigamp=0.68 R4-scvamp=0.57 M-ours-gmm32=0.25 R5-genie=0.00
320/896 done    D2_C1_S2_Nr8_T16_Tp2_dft_snr6_skip960_n40.npz  (667 s)  BLER16: R2-ours-G=0.42 R3-bigamp=0.70 R4-scvamp=0.70 M-ours-gmm32=0.35 R5-genie=0.00
321/896 done    D2_C5_S2_Nr8_T16_Tp3_dft_snr0_skip960_n40.npz  (711 s)  BLER16: R2-ours-G=0.47 R3-bigamp=0.60 R4-scvamp=0.70 M-ours-gmm32=0.40 R5-genie=0.03
322/896 done    D2_C5_S2_Nr8_T16_Tp3_dft_snr15_skip960_n40.npz  (676 s)  BLER16: R2-ours-G=0.17 R3-bigamp=0.42 R4-scvamp=0.50 M-ours-gmm32=0.23 R5-genie=0.00
323/896 done    D2_C5_S2_Nr8_T16_Tp3_dft_snr-3_skip1000_n40.npz  (661 s)  BLER16: R2-ours-G=0.75 R3-bigamp=0.90 R4-scvamp=0.95 M-ours-gmm32=0.65 R5-genie=0.05
324/896 done    D2_C5_S2_Nr8_T16_Tp3_dft_snr3_skip1040_n40.npz  (639 s)  BLER16: R2-ours-G=0.05 R3-bigamp=0.40 R4-scvamp=0.47 M-ours-gmm32=0.12 R5-genie=0.00
325/896 done    D2_C5_S2_Nr8_T16_Tp3_dft_snr9_skip1000_n40.npz  (654 s)  BLER16: R2-ours-G=0.30 R3-bigamp=0.42 R4-scvamp=0.57 M-ours-gmm32=0.25 R5-genie=0.00
326/896 done    D2_C5_S2_Nr8_T16_Tp3_dft_snr9_skip680_n40.npz  (1515 s)  BLER16: R2-ours-G=0.10 R3-bigamp=0.35 R4-scvamp=0.35 M-ours-gmm32=0.15 R5-genie=0.00
327/896 done    D2_C5_S2_Nr8_T16_Tp3_dft_snr0_skip920_n40.npz  (823 s)  BLER16: R2-ours-G=0.28 R3-bigamp=0.60 R4-scvamp=0.57 M-ours-gmm32=0.28 R5-genie=0.00
328/896 done    D2_C1_S2_Nr8_T16_Tp2_dft_snr15_skip960_n40.npz  (671 s)  BLER16: R2-ours-G=0.42 R3-bigamp=0.93 R4-scvamp=0.85 M-ours-gmm32=0.33 R5-genie=0.00
329/896 done    D2_C5_S2_Nr8_T16_Tp3_dft_snr12_skip880_n40.npz  (856 s)  BLER16: R2-ours-G=0.28 R3-bigamp=0.53 R4-scvamp=0.57 M-ours-gmm32=0.28 R5-genie=0.00
330/896 done    D2_C1_S2_Nr8_T16_Tp2_dft_snr0_skip1000_n40.npz  (665 s)  BLER16: R2-ours-G=0.70 R3-bigamp=0.88 R4-scvamp=0.88 M-ours-gmm32=0.60 R5-genie=0.00
331/896 done    D2_C1_S2_Nr8_T16_Tp2_dft_snr9_skip920_n40.npz  (775 s)  BLER16: R2-ours-G=0.38 R3-bigamp=0.70 R4-scvamp=0.72 M-ours-gmm32=0.30 R5-genie=0.00
332/896 done    D2_C5_S2_Nr8_T16_Tp3_dft_snr3_skip1000_n40.npz  (682 s)  BLER16: R2-ours-G=0.25 R3-bigamp=0.47 R4-scvamp=0.65 M-ours-gmm32=0.20 R5-genie=0.00
333/896 done    D2_C1_S2_Nr8_T16_Tp2_dft_snr-3_skip1040_n40.npz  (653 s)  BLER16: R2-ours-G=0.88 R3-bigamp=0.95 R4-scvamp=0.95 M-ours-gmm32=0.80 R5-genie=0.07  [19 arm-trial exceptions recorded]
334/896 done    D2_C5_S2_Nr8_T16_Tp3_dft_snr6_skip1000_n40.npz  (683 s)  BLER16: R2-ours-G=0.12 R3-bigamp=0.28 R4-scvamp=0.50 M-ours-gmm32=0.15 R5-genie=0.00
335/896 done    D2_C5_S2_Nr8_T16_Tp3_dft_snr9_skip1040_n40.npz  (657 s)  BLER16: R2-ours-G=0.10 R3-bigamp=0.23 R4-scvamp=0.40 M-ours-gmm32=0.05 R5-genie=0.00
336/896 done    D2_C5_S2_Nr8_T16_Tp3_dft_snr12_skip1000_n40.npz  (679 s)  BLER16: R2-ours-G=0.12 R3-bigamp=0.25 R4-scvamp=0.42 M-ours-gmm32=0.07 R5-genie=0.00
337/896 done    D2_C1_S2_Nr8_T16_Tp2_dft_snr-3_skip800_n40.npz  (1163 s)  BLER16: R2-ours-G=0.70 R3-bigamp=0.93 R4-scvamp=0.95 M-ours-gmm32=0.62 R5-genie=0.03  [29 arm-trial exceptions recorded]
338/896 done    D2_C5_S2_Nr8_T16_Tp3_dft_snr6_skip880_n40.npz  (907 s)  BLER16: R2-ours-G=0.15 R3-bigamp=0.40 R4-scvamp=0.55 M-ours-gmm32=0.10 R5-genie=0.00
339/896 done    D2_C5_S2_Nr8_T16_Tp3_dft_snr0_skip1040_n40.npz  (670 s)  BLER16: R2-ours-G=0.42 R3-bigamp=0.65 R4-scvamp=0.78 M-ours-gmm32=0.28 R5-genie=0.05
340/896 done    D2_C1_S2_Nr8_T16_Tp2_dft_snr9_skip880_n40.npz  (866 s)  BLER16: R2-ours-G=0.42 R3-bigamp=0.70 R4-scvamp=0.72 M-ours-gmm32=0.33 R5-genie=0.00
341/896 done    D2_C5_S2_Nr8_T16_Tp3_dft_snr-3_skip1040_n40.npz  (673 s)  BLER16: R2-ours-G=0.62 R3-bigamp=0.80 R4-scvamp=0.88 M-ours-gmm32=0.45 R5-genie=0.00
342/896 done    D2_C1_S2_Nr8_T16_Tp2_dft_snr12_skip1000_n40.npz  (674 s)  BLER16: R2-ours-G=0.35 R3-bigamp=0.75 R4-scvamp=0.68 M-ours-gmm32=0.42 R5-genie=0.00
343/896 done    D2_C1_S2_Nr8_T16_Tp2_dft_snr9_skip960_n40.npz  (702 s)  BLER16: R2-ours-G=0.40 R3-bigamp=0.80 R4-scvamp=0.65 M-ours-gmm32=0.30 R5-genie=0.00
344/896 done    D2_C5_S2_Nr8_T16_Tp3_dft_snr15_skip1000_n40.npz  (688 s)  BLER16: R2-ours-G=0.10 R3-bigamp=0.25 R4-scvamp=0.47 M-ours-gmm32=0.10 R5-genie=0.00
345/896 done    D2_C1_S2_Nr8_T16_Tp2_dft_snr6_skip1000_n40.npz  (682 s)  BLER16: R2-ours-G=0.35 R3-bigamp=0.62 R4-scvamp=0.65 M-ours-gmm32=0.35 R5-genie=0.00
346/896 done    D2_C1_S2_Nr8_T16_Tp2_dft_snr0_skip720_n40.npz  (1380 s)  BLER16: R2-ours-G=0.60 R3-bigamp=0.85 R4-scvamp=0.88 M-ours-gmm32=0.57 R5-genie=0.00
347/896 done    D2_C5_S2_Nr8_T16_Tp3_dft_snr-3_skip1080_n40.npz  (665 s)  BLER16: R2-ours-G=0.55 R3-bigamp=0.72 R4-scvamp=0.82 M-ours-gmm32=0.45 R5-genie=0.00
348/896 done    D2_C1_S2_Nr8_T16_Tp2_dft_snr9_skip840_n40.npz  (983 s)  BLER16: R2-ours-G=0.28 R3-bigamp=0.65 R4-scvamp=0.72 M-ours-gmm32=0.33 R5-genie=0.00
349/896 done    D2_C1_S2_Nr8_T16_Tp2_dft_snr15_skip1080_n40.npz  (659 s)  BLER16: R2-ours-G=0.30 R3-bigamp=0.78 R4-scvamp=0.80 M-ours-gmm32=0.30 R5-genie=0.00
350/896 done    D2_C1_S2_Nr8_T16_Tp2_dft_snr12_skip1040_n40.npz  (676 s)  BLER16: R2-ours-G=0.38 R3-bigamp=0.68 R4-scvamp=0.78 M-ours-gmm32=0.33 R5-genie=0.00
351/896 done    D2_C1_S2_Nr8_T16_Tp2_dft_snr-3_skip1160_n40.npz  (637 s)  BLER16: R2-ours-G=0.75 R3-bigamp=0.88 R4-scvamp=0.85 M-ours-gmm32=0.70 R5-genie=0.05  [23 arm-trial exceptions recorded]
352/896 done    D2_C5_S2_Nr8_T16_Tp3_dft_snr3_skip1080_n40.npz  (677 s)  BLER16: R2-ours-G=0.20 R3-bigamp=0.47 R4-scvamp=0.45 M-ours-gmm32=0.15 R5-genie=0.03
353/896 done    D2_C5_S2_Nr8_T16_Tp3_dft_snr15_skip1080_n40.npz  (677 s)  BLER16: R2-ours-G=0.12 R3-bigamp=0.42 R4-scvamp=0.38 M-ours-gmm32=0.12 R5-genie=0.00
354/896 done    D2_C5_S2_Nr8_T16_Tp3_dft_snr12_skip1120_n40.npz  (667 s)  BLER16: R2-ours-G=0.15 R3-bigamp=0.35 R4-scvamp=0.57 M-ours-gmm32=0.17 R5-genie=0.00
355/896 done    D2_C5_S2_Nr8_T16_Tp3_dft_snr12_skip1040_n40.npz  (694 s)  BLER16: R2-ours-G=0.10 R3-bigamp=0.47 R4-scvamp=0.40 M-ours-gmm32=0.15 R5-genie=0.00
356/896 done    D2_C1_S2_Nr8_T16_Tp2_dft_snr9_skip1000_n40.npz  (707 s)  BLER16: R2-ours-G=0.47 R3-bigamp=0.78 R4-scvamp=0.68 M-ours-gmm32=0.42 R5-genie=0.00
357/896 done    D2_C1_S2_Nr8_T16_Tp2_dft_snr6_skip1080_n40.npz  (679 s)  BLER16: R2-ours-G=0.40 R3-bigamp=0.72 R4-scvamp=0.70 M-ours-gmm32=0.33 R5-genie=0.00
358/896 done    D2_C5_S2_Nr8_T16_Tp3_dft_snr15_skip1040_n40.npz  (696 s)  BLER16: R2-ours-G=0.07 R3-bigamp=0.30 R4-scvamp=0.47 M-ours-gmm32=0.07 R5-genie=0.00
359/896 done    D2_C5_S2_Nr8_T16_Tp3_dft_snr0_skip1160_n40.npz  (663 s)  BLER16: R2-ours-G=0.23 R3-bigamp=0.60 R4-scvamp=0.60 M-ours-gmm32=0.20 R5-genie=0.00
360/896 done    D2_C1_S2_Nr8_T16_Tp2_dft_snr3_skip960_n40.npz  (745 s)  BLER16: R2-ours-G=0.55 R3-bigamp=0.90 R4-scvamp=0.82 M-ours-gmm32=0.53 R5-genie=0.00
361/896 done    D2_C5_S2_Nr8_T16_Tp3_dft_snr9_skip1120_n40.npz  (679 s)  BLER16: R2-ours-G=0.07 R3-bigamp=0.33 R4-scvamp=0.45 M-ours-gmm32=0.05 R5-genie=0.00
362/896 done    D2_C5_S2_Nr8_T16_Tp3_dft_snr12_skip920_n40.npz  (884 s)  BLER16: R2-ours-G=0.17 R3-bigamp=0.35 R4-scvamp=0.45 M-ours-gmm32=0.12 R5-genie=0.00
363/896 done    D2_C5_S2_Nr8_T16_Tp3_dft_snr0_skip760_n40.npz  (1362 s)  BLER16: R2-ours-G=0.40 R3-bigamp=0.47 R4-scvamp=0.62 M-ours-gmm32=0.35 R5-genie=0.00
364/896 done    D2_C1_S2_Nr8_T16_Tp2_dft_snr3_skip1000_n40.npz  (729 s)  BLER16: R2-ours-G=0.55 R3-bigamp=0.85 R4-scvamp=0.85 M-ours-gmm32=0.47 R5-genie=0.03
365/896 done    D2_C5_S2_Nr8_T16_Tp3_dft_snr0_skip1200_n40.npz  (652 s)  BLER16: R2-ours-G=0.40 R3-bigamp=0.68 R4-scvamp=0.65 M-ours-gmm32=0.35 R5-genie=0.03
366/896 done    D2_C5_S2_Nr8_T16_Tp3_dft_snr3_skip1120_n40.npz  (700 s)  BLER16: R2-ours-G=0.30 R3-bigamp=0.40 R4-scvamp=0.60 M-ours-gmm32=0.17 R5-genie=0.00
367/896 done    D2_C1_S2_Nr8_T16_Tp2_dft_snr3_skip1120_n40.npz  (692 s)  BLER16: R2-ours-G=0.47 R3-bigamp=0.80 R4-scvamp=0.68 M-ours-gmm32=0.53 R5-genie=0.03
368/896 done    D2_C1_S2_Nr8_T16_Tp2_dft_snr6_skip1120_n40.npz  (694 s)  BLER16: R2-ours-G=0.47 R3-bigamp=0.68 R4-scvamp=0.78 M-ours-gmm32=0.40 R5-genie=0.00
369/896 done    D2_C1_S2_Nr8_T16_Tp2_dft_snr12_skip760_n40.npz  (1313 s)  BLER16: R2-ours-G=0.53 R3-bigamp=0.85 R4-scvamp=0.80 M-ours-gmm32=0.35 R5-genie=0.00
370/896 done    D2_C5_S2_Nr8_T16_Tp3_dft_snr6_skip1080_n40.npz  (723 s)  BLER16: R2-ours-G=0.12 R3-bigamp=0.47 R4-scvamp=0.55 M-ours-gmm32=0.15 R5-genie=0.00
371/896 done    D2_C1_S2_Nr8_T16_Tp2_dft_snr12_skip1120_n40.npz  (697 s)  BLER16: R2-ours-G=0.28 R3-bigamp=0.70 R4-scvamp=0.72 M-ours-gmm32=0.28 R5-genie=0.00
372/896 done    D2_C5_S2_Nr8_T16_Tp3_dft_snr9_skip1160_n40.npz  (694 s)  BLER16: R2-ours-G=0.25 R3-bigamp=0.47 R4-scvamp=0.57 M-ours-gmm32=0.20 R5-genie=0.00
373/896 done    D2_C1_S2_Nr8_T16_Tp2_dft_snr0_skip1040_n40.npz  (735 s)  BLER16: R2-ours-G=0.75 R3-bigamp=0.88 R4-scvamp=0.97 M-ours-gmm32=0.60 R5-genie=0.03
374/896 done    D2_C5_S2_Nr8_T16_Tp3_dft_snr15_skip920_n40.npz  (920 s)  BLER16: R2-ours-G=0.15 R3-bigamp=0.38 R4-scvamp=0.40 M-ours-gmm32=0.15 R5-genie=0.00
375/896 done    D2_C1_S2_Nr8_T16_Tp2_dft_snr9_skip1160_n40.npz  (698 s)  BLER16: R2-ours-G=0.53 R3-bigamp=0.80 R4-scvamp=0.85 M-ours-gmm32=0.35 R5-genie=0.00
376/896 done    D2_C1_S2_Nr8_T16_Tp2_dft_snr-3_skip880_n40.npz  (972 s)  BLER16: R2-ours-G=0.80 R3-bigamp=0.90 R4-scvamp=0.97 M-ours-gmm32=0.75 R5-genie=0.03  [25 arm-trial exceptions recorded]
377/896 done    D2_C5_S2_Nr8_T16_Tp3_dft_snr12_skip1200_n40.npz  (682 s)  BLER16: R2-ours-G=0.15 R3-bigamp=0.38 R4-scvamp=0.47 M-ours-gmm32=0.17 R5-genie=0.00
378/896 done    D2_C1_S2_Nr8_T16_Tp2_dft_snr12_skip880_n40.npz  (958 s)  BLER16: R2-ours-G=0.33 R3-bigamp=0.72 R4-scvamp=0.78 M-ours-gmm32=0.38 R5-genie=0.00
379/896 done    D2_C1_S2_Nr8_T16_Tp2_dft_snr-3_skip1200_n40.npz  (678 s)  BLER16: R2-ours-G=0.70 R3-bigamp=0.93 R4-scvamp=0.85 M-ours-gmm32=0.70 R5-genie=0.00  [32 arm-trial exceptions recorded]
380/896 done    D2_C1_S2_Nr8_T16_Tp2_dft_snr0_skip1200_n40.npz  (670 s)  BLER16: R2-ours-G=0.53 R3-bigamp=0.82 R4-scvamp=0.82 M-ours-gmm32=0.53 R5-genie=0.00
381/896 done    D2_C5_S2_Nr8_T16_Tp3_dft_snr3_skip1200_n40.npz  (717 s)  BLER16: R2-ours-G=0.33 R3-bigamp=0.57 R4-scvamp=0.62 M-ours-gmm32=0.28 R5-genie=0.03
382/896 done    D2_C1_S2_Nr8_T16_Tp2_dft_snr3_skip1200_n40.npz  (660 s)  BLER16: R2-ours-G=0.47 R3-bigamp=0.70 R4-scvamp=0.80 M-ours-gmm32=0.38 R5-genie=0.00
383/896 done    D2_C5_S2_Nr8_T16_Tp3_dft_snr6_skip960_n40.npz  (868 s)  BLER16: R2-ours-G=0.15 R3-bigamp=0.33 R4-scvamp=0.45 M-ours-gmm32=0.12 R5-genie=0.03
384/896 done    D2_C1_S2_Nr8_T16_Tp2_dft_snr9_skip1200_n40.npz  (653 s)  BLER16: R2-ours-G=0.33 R3-bigamp=0.80 R4-scvamp=0.85 M-ours-gmm32=0.35 R5-genie=0.00
385/896 done    D2_C1_S2_Nr8_T16_Tp2_dft_snr3_skip880_n40.npz  (1009 s)  BLER16: R2-ours-G=0.45 R3-bigamp=0.88 R4-scvamp=0.78 M-ours-gmm32=0.55 R5-genie=0.05
386/896 done    D2_C5_S2_Nr8_T16_Tp3_dft_snr-3_skip1200_n40.npz  (744 s)  BLER16: R2-ours-G=0.60 R3-bigamp=0.78 R4-scvamp=0.80 M-ours-gmm32=0.60 R5-genie=0.05
387/896 done    D2_C5_S2_Nr8_T16_Tp3_dft_snr6_skip1120_n40.npz  (798 s)  BLER16: R2-ours-G=0.07 R3-bigamp=0.25 R4-scvamp=0.42 M-ours-gmm32=0.17 R5-genie=0.00
388/896 done    D2_C1_S2_Nr8_T16_Tp2_dft_snr6_skip1200_n40.npz  (678 s)  BLER16: R2-ours-G=0.40 R3-bigamp=0.85 R4-scvamp=0.78 M-ours-gmm32=0.40 R5-genie=0.00
389/896 done    D2_C1_S2_Nr8_T16_Tp2_dft_snr0_skip1120_n40.npz  (790 s)  BLER16: R2-ours-G=0.60 R3-bigamp=0.80 R4-scvamp=0.78 M-ours-gmm32=0.50 R5-genie=0.03
390/896 done    D2_C5_S2_Nr8_T16_Tp3_dft_snr-3_skip1240_n40.npz  (664 s)  BLER16: R2-ours-G=0.55 R3-bigamp=0.65 R4-scvamp=0.82 M-ours-gmm32=0.42 R5-genie=0.03
391/896 done    D2_C1_S2_Nr8_T16_Tp2_dft_snr3_skip1040_n40.npz  (824 s)  BLER16: R2-ours-G=0.40 R3-bigamp=0.75 R4-scvamp=0.75 M-ours-gmm32=0.50 R5-genie=0.00
392/896 done    D2_C5_S2_Nr8_T16_Tp3_dft_snr12_skip1240_n40.npz  (641 s)  BLER16: R2-ours-G=0.12 R3-bigamp=0.45 R4-scvamp=0.45 M-ours-gmm32=0.15 R5-genie=0.00
393/896 done    D2_C1_S2_Nr8_T16_Tp2_dft_snr-3_skip840_n40.npz  (1169 s)  BLER16: R2-ours-G=0.88 R3-bigamp=1.00 R4-scvamp=0.97 M-ours-gmm32=0.80 R5-genie=0.05  [30 arm-trial exceptions recorded]
394/896 done    D2_C5_S2_Nr8_T16_Tp3_dft_snr9_skip1240_n40.npz  (650 s)  BLER16: R2-ours-G=0.17 R3-bigamp=0.50 R4-scvamp=0.55 M-ours-gmm32=0.23 R5-genie=0.00
395/896 done    D2_C1_S2_Nr8_T16_Tp2_dft_snr-3_skip1000_n40.npz  (853 s)  BLER16: R2-ours-G=0.68 R3-bigamp=0.93 R4-scvamp=0.97 M-ours-gmm32=0.75 R5-genie=0.00  [18 arm-trial exceptions recorded]
396/896 done    D2_C5_S2_Nr8_T16_Tp3_dft_snr15_skip1160_n40.npz  (795 s)  BLER16: R2-ours-G=0.20 R3-bigamp=0.40 R4-scvamp=0.47 M-ours-gmm32=0.17 R5-genie=0.00
397/896 done    D2_C5_S2_Nr8_T16_Tp3_dft_snr3_skip1240_n40.npz  (659 s)  BLER16: R2-ours-G=0.15 R3-bigamp=0.42 R4-scvamp=0.57 M-ours-gmm32=0.17 R5-genie=0.00
398/896 done    D2_C5_S2_Nr8_T16_Tp3_dft_snr0_skip840_n40.npz  (1261 s)  BLER16: R2-ours-G=0.23 R3-bigamp=0.57 R4-scvamp=0.50 M-ours-gmm32=0.17 R5-genie=0.00
399/896 done    D2_C1_S2_Nr8_T16_Tp2_dft_snr-3_skip1240_n40.npz  (645 s)  BLER16: R2-ours-G=0.85 R3-bigamp=1.00 R4-scvamp=1.00 M-ours-gmm32=0.78 R5-genie=0.03  [20 arm-trial exceptions recorded]
400/896 done    D2_C1_S2_Nr8_T16_Tp2_dft_snr12_skip1200_n40.npz  (697 s)  BLER16: R2-ours-G=0.33 R3-bigamp=0.75 R4-scvamp=0.78 M-ours-gmm32=0.28 R5-genie=0.03
401/896 done    D2_C5_S2_Nr8_T16_Tp3_dft_snr15_skip1240_n40.npz  (657 s)  BLER16: R2-ours-G=0.07 R3-bigamp=0.38 R4-scvamp=0.30 M-ours-gmm32=0.10 R5-genie=0.00
402/896 done    D2_C5_S2_Nr8_T16_Tp3_dft_snr0_skip1240_n40.npz  (680 s)  BLER16: R2-ours-G=0.20 R3-bigamp=0.60 R4-scvamp=0.62 M-ours-gmm32=0.30 R5-genie=0.05
403/896 done    D2_C1_S2_Nr8_T16_Tp2_dft_snr0_skip1080_n40.npz  (839 s)  BLER16: R2-ours-G=0.70 R3-bigamp=0.88 R4-scvamp=0.90 M-ours-gmm32=0.57 R5-genie=0.05
404/896 done    D2_C1_S2_Nr8_T16_Tp2_dft_snr15_skip1040_n40.npz  (858 s)  BLER16: R2-ours-G=0.28 R3-bigamp=0.68 R4-scvamp=0.72 M-ours-gmm32=0.35 R5-genie=0.00
405/896 done    D2_C1_S2_Nr8_T16_Tp2_dft_snr15_skip1200_n40.npz  (715 s)  BLER16: R2-ours-G=0.33 R3-bigamp=0.70 R4-scvamp=0.85 M-ours-gmm32=0.38 R5-genie=0.00
406/896 done    D2_C1_S2_Nr8_T16_Tp2_dft_snr0_skip1240_n40.npz  (670 s)  BLER16: R2-ours-G=0.55 R3-bigamp=0.90 R4-scvamp=0.95 M-ours-gmm32=0.57 R5-genie=0.03
407/896 done    D2_C5_S2_Nr8_T16_Tp3_dft_snr9_skip920_n40.npz  (1049 s)  BLER16: R2-ours-G=0.17 R3-bigamp=0.42 R4-scvamp=0.57 M-ours-gmm32=0.17 R5-genie=0.00
408/896 done    D2_C5_S2_Nr8_T16_Tp3_dft_snr3_skip1160_n40.npz  (833 s)  BLER16: R2-ours-G=0.28 R3-bigamp=0.45 R4-scvamp=0.57 M-ours-gmm32=0.33 R5-genie=0.03
409/896 done    D2_C1_S2_Nr8_T16_Tp2_dft_snr12_skip1240_n40.npz  (630 s)  BLER16: R2-ours-G=0.33 R3-bigamp=0.78 R4-scvamp=0.78 M-ours-gmm32=0.33 R5-genie=0.00
410/896 done    D2_C1_S2_Nr8_T16_Tp2_dft_snr-3_skip1120_n40.npz  (846 s)  BLER16: R2-ours-G=0.82 R3-bigamp=0.90 R4-scvamp=0.95 M-ours-gmm32=0.82 R5-genie=0.00  [29 arm-trial exceptions recorded]
411/896 done    D2_C1_S2_Nr8_T16_Tp2_dft_snr3_skip1160_n40.npz  (830 s)  BLER16: R2-ours-G=0.35 R3-bigamp=0.70 R4-scvamp=0.60 M-ours-gmm32=0.28 R5-genie=0.00
412/896 done    D2_C5_S2_Nr8_T16_Tp3_dft_snr15_skip840_n40.npz  (1223 s)  BLER16: R2-ours-G=0.17 R3-bigamp=0.35 R4-scvamp=0.42 M-ours-gmm32=0.17 R5-genie=0.00
413/896 done    D2_C5_S2_Nr8_T16_Tp3_dft_snr6_skip1240_n40.npz  (701 s)  BLER16: R2-ours-G=0.25 R3-bigamp=0.42 R4-scvamp=0.60 M-ours-gmm32=0.23 R5-genie=0.00
414/896 done    D2_C1_S2_Nr8_T16_Tp2_dft_snr9_skip1120_n40.npz  (849 s)  BLER16: R2-ours-G=0.35 R3-bigamp=0.88 R4-scvamp=0.75 M-ours-gmm32=0.38 R5-genie=0.00
415/896 done    D2_C1_S2_Nr8_T16_Tp2_dft_snr9_skip1240_n40.npz  (667 s)  BLER16: R2-ours-G=0.57 R3-bigamp=0.88 R4-scvamp=0.90 M-ours-gmm32=0.40 R5-genie=0.00
416/896 done    D2_C1_S2_Nr8_T16_Tp2_dft_snr6_skip1240_n40.npz  (671 s)  BLER16: R2-ours-G=0.35 R3-bigamp=0.78 R4-scvamp=0.72 M-ours-gmm32=0.45 R5-genie=0.00
417/896 done    D2_C1_S2_Nr8_T16_Tp2_dft_snr9_skip1080_n40.npz  (878 s)  BLER16: R2-ours-G=0.28 R3-bigamp=0.70 R4-scvamp=0.62 M-ours-gmm32=0.33 R5-genie=0.00
418/896 done    D2_C5_S2_Nr8_T16_Tp3_dft_snr-3_skip1120_n40.npz  (885 s)  BLER16: R2-ours-G=0.60 R3-bigamp=0.88 R4-scvamp=0.80 M-ours-gmm32=0.68 R5-genie=0.05
419/896 done    D2_C5_S2_Nr8_T16_Tp3_dft_snr15_skip1280_n40.npz  (642 s)  BLER16: R2-ours-G=0.15 R3-bigamp=0.30 R4-scvamp=0.55 M-ours-gmm32=0.07 R5-genie=0.00
420/896 done    D2_C1_S2_Nr8_T16_Tp2_dft_snr3_skip1240_n40.npz  (706 s)  BLER16: R2-ours-G=0.47 R3-bigamp=0.82 R4-scvamp=0.72 M-ours-gmm32=0.50 R5-genie=0.00
421/896 done    D2_C5_S2_Nr8_T16_Tp3_dft_snr0_skip1120_n40.npz  (890 s)  BLER16: R2-ours-G=0.35 R3-bigamp=0.53 R4-scvamp=0.65 M-ours-gmm32=0.28 R5-genie=0.05
422/896 done    D2_C5_S2_Nr8_T16_Tp3_dft_snr6_skip1280_n40.npz  (656 s)  BLER16: R2-ours-G=0.15 R3-bigamp=0.60 R4-scvamp=0.53 M-ours-gmm32=0.25 R5-genie=0.00
423/896 done    D2_C1_S2_Nr8_T16_Tp2_dft_snr0_skip1280_n40.npz  (654 s)  BLER16: R2-ours-G=0.47 R3-bigamp=0.82 R4-scvamp=0.78 M-ours-gmm32=0.42 R5-genie=0.03
424/896 done    D2_C5_S2_Nr8_T16_Tp3_dft_snr9_skip1280_n40.npz  (663 s)  BLER16: R2-ours-G=0.17 R3-bigamp=0.23 R4-scvamp=0.42 M-ours-gmm32=0.12 R5-genie=0.00
425/896 done    D2_C1_S2_Nr8_T16_Tp2_dft_snr-3_skip1280_n40.npz  (662 s)  BLER16: R2-ours-G=0.65 R3-bigamp=0.85 R4-scvamp=0.93 M-ours-gmm32=0.65 R5-genie=0.03  [23 arm-trial exceptions recorded]
426/896 done    D2_C5_S2_Nr8_T16_Tp3_dft_snr12_skip1280_n40.npz  (672 s)  BLER16: R2-ours-G=0.05 R3-bigamp=0.25 R4-scvamp=0.30 M-ours-gmm32=0.10 R5-genie=0.00
427/896 done    D2_C1_S2_Nr8_T16_Tp2_dft_snr12_skip1080_n40.npz  (916 s)  BLER16: R2-ours-G=0.23 R3-bigamp=0.75 R4-scvamp=0.70 M-ours-gmm32=0.28 R5-genie=0.00
428/896 done    D2_C5_S2_Nr8_T16_Tp3_dft_snr-3_skip1280_n40.npz  (684 s)  BLER16: R2-ours-G=0.57 R3-bigamp=0.85 R4-scvamp=0.82 M-ours-gmm32=0.57 R5-genie=0.10
429/896 done    D2_C5_S2_Nr8_T16_Tp3_dft_snr6_skip1200_n40.npz  (865 s)  BLER16: R2-ours-G=0.20 R3-bigamp=0.28 R4-scvamp=0.50 M-ours-gmm32=0.20 R5-genie=0.00
430/896 done    D2_C1_S2_Nr8_T16_Tp2_dft_snr6_skip1280_n40.npz  (653 s)  BLER16: R2-ours-G=0.38 R3-bigamp=0.72 R4-scvamp=0.78 M-ours-gmm32=0.55 R5-genie=0.00
431/896 done    D2_C5_S2_Nr8_T16_Tp3_dft_snr9_skip1080_n40.npz  (930 s)  BLER16: R2-ours-G=0.28 R3-bigamp=0.42 R4-scvamp=0.55 M-ours-gmm32=0.15 R5-genie=0.00
432/896 done    D2_C5_S2_Nr8_T16_Tp3_dft_snr-3_skip1160_n40.npz  (906 s)  BLER16: R2-ours-G=0.78 R3-bigamp=0.90 R4-scvamp=0.97 M-ours-gmm32=0.53 R5-genie=0.03
433/896 done    D2_C1_S2_Nr8_T16_Tp2_dft_snr3_skip1280_n40.npz  (670 s)  BLER16: R2-ours-G=0.57 R3-bigamp=0.82 R4-scvamp=0.90 M-ours-gmm32=0.55 R5-genie=0.00
434/896 done    D2_C5_S2_Nr8_T16_Tp3_dft_snr0_skip1280_n40.npz  (689 s)  BLER16: R2-ours-G=0.23 R3-bigamp=0.60 R4-scvamp=0.65 M-ours-gmm32=0.20 R5-genie=0.00
435/896 done    D2_C1_S2_Nr8_T16_Tp2_dft_snr6_skip1040_n40.npz  (941 s)  BLER16: R2-ours-G=0.47 R3-bigamp=0.80 R4-scvamp=0.68 M-ours-gmm32=0.38 R5-genie=0.00
436/896 done    D2_C1_S2_Nr8_T16_Tp2_dft_snr9_skip1280_n40.npz  (657 s)  BLER16: R2-ours-G=0.28 R3-bigamp=0.75 R4-scvamp=0.78 M-ours-gmm32=0.35 R5-genie=0.00
437/896 done    D2_C1_S2_Nr8_T16_Tp2_dft_snr15_skip1240_n40.npz  (700 s)  BLER16: R2-ours-G=0.17 R3-bigamp=0.70 R4-scvamp=0.85 M-ours-gmm32=0.23 R5-genie=0.00
438/896 done    D2_C5_S2_Nr8_T16_Tp3_dft_snr15_skip1320_n40.npz  (600 s)  BLER16: R2-ours-G=0.07 R3-bigamp=0.35 R4-scvamp=0.40 M-ours-gmm32=0.17 R5-genie=0.00
439/896 done    D2_C5_S2_Nr8_T16_Tp3_dft_snr6_skip920_n40.npz  (1132 s)  BLER16: R2-ours-G=0.10 R3-bigamp=0.30 R4-scvamp=0.38 M-ours-gmm32=0.10 R5-genie=0.03
440/896 done    D2_C1_S2_Nr8_T16_Tp2_dft_snr0_skip1160_n40.npz  (901 s)  BLER16: R2-ours-G=0.70 R3-bigamp=0.97 R4-scvamp=0.85 M-ours-gmm32=0.53 R5-genie=0.03
441/896 done    D2_C5_S2_Nr8_T16_Tp3_dft_snr3_skip1280_n40.npz  (700 s)  BLER16: R2-ours-G=0.20 R3-bigamp=0.42 R4-scvamp=0.50 M-ours-gmm32=0.23 R5-genie=0.03
442/896 done    D2_C1_S2_Nr8_T16_Tp2_dft_snr12_skip1280_n40.npz  (668 s)  BLER16: R2-ours-G=0.42 R3-bigamp=0.78 R4-scvamp=0.80 M-ours-gmm32=0.40 R5-genie=0.00
443/896 done    D2_C1_S2_Nr8_T16_Tp2_dft_snr15_skip1280_n40.npz  (661 s)  BLER16: R2-ours-G=0.47 R3-bigamp=0.82 R4-scvamp=0.90 M-ours-gmm32=0.47 R5-genie=0.00
444/896 done    D2_C5_S2_Nr8_T16_Tp3_dft_snr0_skip1320_n40.npz  (658 s)  BLER16: R2-ours-G=0.38 R3-bigamp=0.65 R4-scvamp=0.72 M-ours-gmm32=0.35 R5-genie=0.03
445/896 done    D2_C5_S2_Nr8_T16_Tp3_dft_snr3_skip1320_n40.npz  (657 s)  BLER16: R2-ours-G=0.23 R3-bigamp=0.45 R4-scvamp=0.62 M-ours-gmm32=0.17 R5-genie=0.03
446/896 done    D2_C1_S2_Nr8_T16_Tp2_dft_snr15_skip1120_n40.npz  (931 s)  BLER16: R2-ours-G=0.30 R3-bigamp=0.70 R4-scvamp=0.70 M-ours-gmm32=0.30 R5-genie=0.00
447/896 done    D2_C5_S2_Nr8_T16_Tp3_dft_snr6_skip1320_n40.npz  (651 s)  BLER16: R2-ours-G=0.20 R3-bigamp=0.47 R4-scvamp=0.60 M-ours-gmm32=0.17 R5-genie=0.00
448/896 done    D2_C5_S2_Nr8_T16_Tp3_dft_snr-3_skip960_n40.npz  (1087 s)  BLER16: R2-ours-G=0.55 R3-bigamp=0.90 R4-scvamp=0.82 M-ours-gmm32=0.47 R5-genie=0.00
449/896 done    D2_C1_S2_Nr8_T16_Tp2_dft_snr12_skip1160_n40.npz  (921 s)  BLER16: R2-ours-G=0.28 R3-bigamp=0.78 R4-scvamp=0.57 M-ours-gmm32=0.25 R5-genie=0.00
450/896 done    D2_C1_S2_Nr8_T16_Tp2_dft_snr9_skip1040_n40.npz  (974 s)  BLER16: R2-ours-G=0.45 R3-bigamp=0.75 R4-scvamp=0.82 M-ours-gmm32=0.55 R5-genie=0.00
451/896 done    D2_C5_S2_Nr8_T16_Tp3_dft_snr3_skip960_n40.npz  (1062 s)  BLER16: R2-ours-G=0.28 R3-bigamp=0.57 R4-scvamp=0.65 M-ours-gmm32=0.23 R5-genie=0.00
452/896 done    D2_C1_S2_Nr8_T16_Tp2_dft_snr-3_skip1080_n40.npz  (970 s)  BLER16: R2-ours-G=0.88 R3-bigamp=0.93 R4-scvamp=0.97 M-ours-gmm32=0.75 R5-genie=0.10  [18 arm-trial exceptions recorded]
453/896 done    D2_C5_S2_Nr8_T16_Tp3_dft_snr12_skip1320_n40.npz  (660 s)  BLER16: R2-ours-G=0.05 R3-bigamp=0.38 R4-scvamp=0.42 M-ours-gmm32=0.17 R5-genie=0.00
454/896 done    D2_C5_S2_Nr8_T16_Tp3_dft_snr12_skip1080_n40.npz  (976 s)  BLER16: R2-ours-G=0.12 R3-bigamp=0.42 R4-scvamp=0.42 M-ours-gmm32=0.15 R5-genie=0.03
455/896 done    D2_C5_S2_Nr8_T16_Tp3_dft_snr12_skip1160_n40.npz  (950 s)  BLER16: R2-ours-G=0.12 R3-bigamp=0.40 R4-scvamp=0.40 M-ours-gmm32=0.03 R5-genie=0.00
456/896 done    D2_C5_S2_Nr8_T16_Tp3_dft_snr-3_skip1320_n40.npz  (690 s)  BLER16: R2-ours-G=0.60 R3-bigamp=0.82 R4-scvamp=0.80 M-ours-gmm32=0.55 R5-genie=0.00
457/896 done    D2_C1_S2_Nr8_T16_Tp2_dft_snr15_skip1160_n40.npz  (944 s)  BLER16: R2-ours-G=0.33 R3-bigamp=0.68 R4-scvamp=0.82 M-ours-gmm32=0.42 R5-genie=0.00
458/896 done    D2_C5_S2_Nr8_T16_Tp3_dft_snr9_skip1320_n40.npz  (680 s)  BLER16: R2-ours-G=0.10 R3-bigamp=0.33 R4-scvamp=0.57 M-ours-gmm32=0.10 R5-genie=0.00
459/896 done    D2_C1_S2_Nr8_T16_Tp2_dft_snr-3_skip1320_n40.npz  (654 s)  BLER16: R2-ours-G=0.82 R3-bigamp=0.95 R4-scvamp=0.97 M-ours-gmm32=0.78 R5-genie=0.05  [19 arm-trial exceptions recorded]
460/896 done    D2_C5_S2_Nr8_T16_Tp3_dft_snr9_skip1200_n40.npz  (936 s)  BLER16: R2-ours-G=0.05 R3-bigamp=0.33 R4-scvamp=0.45 M-ours-gmm32=0.07 R5-genie=0.00
461/896 done    D2_C1_S2_Nr8_T16_Tp2_dft_snr12_skip840_n40.npz  (1308 s)  BLER16: R2-ours-G=0.47 R3-bigamp=0.78 R4-scvamp=0.70 M-ours-gmm32=0.33 R5-genie=0.00
462/896 done    D2_C5_S2_Nr8_T16_Tp3_dft_snr15_skip1120_n40.npz  (993 s)  BLER16: R2-ours-G=0.12 R3-bigamp=0.50 R4-scvamp=0.57 M-ours-gmm32=0.15 R5-genie=0.00
463/896 done    D2_C1_S2_Nr8_T16_Tp2_dft_snr0_skip960_n40.npz  (1069 s)  BLER16: R2-ours-G=0.62 R3-bigamp=0.85 R4-scvamp=0.88 M-ours-gmm32=0.55 R5-genie=0.03
464/896 done    D2_C1_S2_Nr8_T16_Tp2_dft_snr3_skip1320_n40.npz  (645 s)  BLER16: R2-ours-G=0.55 R3-bigamp=0.85 R4-scvamp=0.65 M-ours-gmm32=0.57 R5-genie=0.03
465/896 done    D2_C5_S2_Nr8_T16_Tp3_dft_snr6_skip1160_n40.npz  (998 s)  BLER16: R2-ours-G=0.28 R3-bigamp=0.45 R4-scvamp=0.53 M-ours-gmm32=0.15 R5-genie=0.00
466/896 done    D2_C5_S2_Nr8_T16_Tp3_dft_snr15_skip1200_n40.npz  (961 s)  BLER16: R2-ours-G=0.23 R3-bigamp=0.47 R4-scvamp=0.45 M-ours-gmm32=0.17 R5-genie=0.00
467/896 done    D2_C1_S2_Nr8_T16_Tp2_dft_snr15_skip1000_n40.npz  (1052 s)  BLER16: R2-ours-G=0.33 R3-bigamp=0.80 R4-scvamp=0.82 M-ours-gmm32=0.35 R5-genie=0.00
468/896 done    D2_C1_S2_Nr8_T16_Tp2_dft_snr6_skip1320_n40.npz  (662 s)  BLER16: R2-ours-G=0.33 R3-bigamp=0.80 R4-scvamp=0.68 M-ours-gmm32=0.38 R5-genie=0.00
469/896 done    D2_C5_S2_Nr8_T16_Tp3_dft_snr9_skip1360_n40.npz  (604 s)  BLER16: R2-ours-G=0.12 R3-bigamp=0.40 R4-scvamp=0.47 M-ours-gmm32=0.15 R5-genie=0.00
470/896 done    D2_C1_S2_Nr8_T16_Tp2_dft_snr0_skip1320_n40.npz  (683 s)  BLER16: R2-ours-G=0.65 R3-bigamp=0.85 R4-scvamp=0.82 M-ours-gmm32=0.57 R5-genie=0.03
471/896 done    D2_C1_S2_Nr8_T16_Tp2_dft_snr9_skip1320_n40.npz  (672 s)  BLER16: R2-ours-G=0.50 R3-bigamp=0.78 R4-scvamp=0.85 M-ours-gmm32=0.45 R5-genie=0.00
472/896 done    D2_C1_S2_Nr8_T16_Tp2_dft_snr-3_skip1360_n40.npz  (608 s)  BLER16: R2-ours-G=0.80 R3-bigamp=0.95 R4-scvamp=0.97 M-ours-gmm32=0.72 R5-genie=0.05  [29 arm-trial exceptions recorded]
473/896 done    D2_C1_S2_Nr8_T16_Tp2_dft_snr15_skip1320_n40.npz  (673 s)  BLER16: R2-ours-G=0.38 R3-bigamp=0.80 R4-scvamp=0.80 M-ours-gmm32=0.30 R5-genie=0.00
474/896 done    D2_C5_S2_Nr8_T16_Tp3_dft_snr3_skip1360_n40.npz  (640 s)  BLER16: R2-ours-G=0.25 R3-bigamp=0.53 R4-scvamp=0.68 M-ours-gmm32=0.20 R5-genie=0.00
475/896 done    D2_C1_S2_Nr8_T16_Tp2_dft_snr12_skip1320_n40.npz  (698 s)  BLER16: R2-ours-G=0.38 R3-bigamp=0.82 R4-scvamp=0.68 M-ours-gmm32=0.33 R5-genie=0.00
476/896 done    D2_C5_S2_Nr8_T16_Tp3_dft_snr-3_skip1360_n40.npz  (693 s)  BLER16: R2-ours-G=0.57 R3-bigamp=0.80 R4-scvamp=0.88 M-ours-gmm32=0.65 R5-genie=0.00
477/896 done    D2_C5_S2_Nr8_T16_Tp3_dft_snr0_skip1360_n40.npz  (668 s)  BLER16: R2-ours-G=0.47 R3-bigamp=0.75 R4-scvamp=0.72 M-ours-gmm32=0.45 R5-genie=0.00
478/896 done    D2_C5_S2_Nr8_T16_Tp3_dft_snr0_skip1080_n40.npz  (1093 s)  BLER16: R2-ours-G=0.23 R3-bigamp=0.68 R4-scvamp=0.60 M-ours-gmm32=0.23 R5-genie=0.00
479/896 done    D2_C5_S2_Nr8_T16_Tp3_dft_snr6_skip1040_n40.npz  (1104 s)  BLER16: R2-ours-G=0.23 R3-bigamp=0.40 R4-scvamp=0.53 M-ours-gmm32=0.20 R5-genie=0.00
480/896 done    D2_C1_S2_Nr8_T16_Tp2_dft_snr6_skip1160_n40.npz  (1059 s)  BLER16: R2-ours-G=0.47 R3-bigamp=0.72 R4-scvamp=0.75 M-ours-gmm32=0.55 R5-genie=0.00
481/896 done    D2_C5_S2_Nr8_T16_Tp3_dft_snr12_skip1360_n40.npz  (659 s)  BLER16: R2-ours-G=0.05 R3-bigamp=0.35 R4-scvamp=0.45 M-ours-gmm32=0.17 R5-genie=0.00
482/896 done    D2_C1_S2_Nr8_T16_Tp2_dft_snr3_skip1080_n40.npz  (1103 s)  BLER16: R2-ours-G=0.47 R3-bigamp=0.80 R4-scvamp=0.72 M-ours-gmm32=0.45 R5-genie=0.00
483/896 done    D2_C5_S2_Nr8_T16_Tp3_dft_snr15_skip1360_n40.npz  (666 s)  BLER16: R2-ours-G=0.05 R3-bigamp=0.42 R4-scvamp=0.50 M-ours-gmm32=0.03 R5-genie=0.00
484/896 done    D2_C5_S2_Nr8_T16_Tp3_dft_snr6_skip1360_n40.npz  (685 s)  BLER16: R2-ours-G=0.12 R3-bigamp=0.38 R4-scvamp=0.55 M-ours-gmm32=0.20 R5-genie=0.00
485/896 done    D2_C1_S2_Nr8_T16_Tp2_dft_snr6_skip1360_n40.npz  (664 s)  BLER16: R2-ours-G=0.45 R3-bigamp=0.78 R4-scvamp=0.72 M-ours-gmm32=0.45 R5-genie=0.00
486/896 done    D2_C1_S2_Nr8_T16_Tp2_dft_snr3_skip1360_n40.npz  (676 s)  BLER16: R2-ours-G=0.53 R3-bigamp=0.80 R4-scvamp=0.80 M-ours-gmm32=0.47 R5-genie=0.03
487/896 done    D2_C1_S2_Nr8_T16_Tp2_dft_snr15_skip1360_n40.npz  (666 s)  BLER16: R2-ours-G=0.30 R3-bigamp=0.82 R4-scvamp=0.85 M-ours-gmm32=0.35 R5-genie=0.00
488/896 done    D2_C1_S2_Nr8_T16_Tp2_dft_snr12_skip1360_n40.npz  (670 s)  BLER16: R2-ours-G=0.33 R3-bigamp=0.88 R4-scvamp=0.82 M-ours-gmm32=0.38 R5-genie=0.00
489/896 done    D2_C1_S2_Nr8_T16_Tp2_dft_snr-3_skip1400_n40.npz  (639 s)  BLER16: R2-ours-G=0.72 R3-bigamp=1.00 R4-scvamp=0.95 M-ours-gmm32=0.82 R5-genie=0.05  [24 arm-trial exceptions recorded]
490/896 done    D2_C5_S2_Nr8_T16_Tp3_dft_snr-3_skip1400_n40.npz  (671 s)  BLER16: R2-ours-G=0.70 R3-bigamp=0.78 R4-scvamp=0.88 M-ours-gmm32=0.50 R5-genie=0.05
491/896 done    D2_C5_S2_Nr8_T16_Tp3_dft_snr0_skip1400_n40.npz  (679 s)  BLER16: R2-ours-G=0.30 R3-bigamp=0.53 R4-scvamp=0.55 M-ours-gmm32=0.12 R5-genie=0.00
492/896 done    D2_C5_S2_Nr8_T16_Tp3_dft_snr3_skip1400_n40.npz  (683 s)  BLER16: R2-ours-G=0.30 R3-bigamp=0.45 R4-scvamp=0.50 M-ours-gmm32=0.20 R5-genie=0.03
493/896 done    D2_C5_S2_Nr8_T16_Tp3_dft_snr9_skip1400_n40.npz  (681 s)  BLER16: R2-ours-G=0.12 R3-bigamp=0.40 R4-scvamp=0.50 M-ours-gmm32=0.07 R5-genie=0.00
494/896 done    D2_C5_S2_Nr8_T16_Tp3_dft_snr12_skip1400_n40.npz  (681 s)  BLER16: R2-ours-G=0.07 R3-bigamp=0.47 R4-scvamp=0.57 M-ours-gmm32=0.15 R5-genie=0.00
495/896 done    D2_C1_S2_Nr8_T16_Tp2_dft_snr0_skip1400_n40.npz  (675 s)  BLER16: R2-ours-G=0.55 R3-bigamp=0.82 R4-scvamp=0.88 M-ours-gmm32=0.47 R5-genie=0.00
496/896 done    D2_C1_S2_Nr8_T16_Tp2_dft_snr9_skip1360_n40.npz  (720 s)  BLER16: R2-ours-G=0.40 R3-bigamp=0.68 R4-scvamp=0.70 M-ours-gmm32=0.30 R5-genie=0.00
497/896 done    D2_C5_S2_Nr8_T16_Tp3_dft_snr15_skip1400_n40.npz  (695 s)  BLER16: R2-ours-G=0.00 R3-bigamp=0.35 R4-scvamp=0.40 M-ours-gmm32=0.05 R5-genie=0.00
498/896 done    D2_C1_S2_Nr8_T16_Tp2_dft_snr0_skip1360_n40.npz  (750 s)  BLER16: R2-ours-G=0.40 R3-bigamp=0.72 R4-scvamp=0.72 M-ours-gmm32=0.40 R5-genie=0.00
499/896 done    D2_C1_S2_Nr8_T16_Tp2_dft_snr6_skip1400_n40.npz  (665 s)  BLER16: R2-ours-G=0.40 R3-bigamp=0.80 R4-scvamp=0.70 M-ours-gmm32=0.38 R5-genie=0.00
500/896 done    D2_C1_S2_Nr8_T16_Tp2_dft_snr3_skip1400_n40.npz  (669 s)  BLER16: R2-ours-G=0.40 R3-bigamp=0.72 R4-scvamp=0.80 M-ours-gmm32=0.55 R5-genie=0.00
501/896 done    D2_C1_S2_Nr8_T16_Tp2_dft_snr9_skip1400_n40.npz  (677 s)  BLER16: R2-ours-G=0.50 R3-bigamp=0.80 R4-scvamp=0.85 M-ours-gmm32=0.53 R5-genie=0.03
502/896 done    D2_C5_S2_Nr8_T16_Tp3_dft_snr0_skip1440_n40.npz  (662 s)  BLER16: R2-ours-G=0.30 R3-bigamp=0.72 R4-scvamp=0.65 M-ours-gmm32=0.33 R5-genie=0.05
503/896 done    D2_C1_S2_Nr8_T16_Tp2_dft_snr12_skip1400_n40.npz  (671 s)  BLER16: R2-ours-G=0.40 R3-bigamp=0.72 R4-scvamp=0.70 M-ours-gmm32=0.40 R5-genie=0.00
504/896 done    D2_C5_S2_Nr8_T16_Tp3_dft_snr3_skip1440_n40.npz  (663 s)  BLER16: R2-ours-G=0.10 R3-bigamp=0.35 R4-scvamp=0.45 M-ours-gmm32=0.12 R5-genie=0.00
505/896 done    D2_C5_S2_Nr8_T16_Tp3_dft_snr15_skip1440_n40.npz  (639 s)  BLER16: R2-ours-G=0.07 R3-bigamp=0.35 R4-scvamp=0.42 M-ours-gmm32=0.15 R5-genie=0.00
506/896 done    D2_C5_S2_Nr8_T16_Tp3_dft_snr6_skip1440_n40.npz  (665 s)  BLER16: R2-ours-G=0.05 R3-bigamp=0.23 R4-scvamp=0.50 M-ours-gmm32=0.05 R5-genie=0.00
507/896 done    D2_C1_S2_Nr8_T16_Tp2_dft_snr-3_skip1440_n40.npz  (641 s)  BLER16: R2-ours-G=0.85 R3-bigamp=0.93 R4-scvamp=0.95 M-ours-gmm32=0.72 R5-genie=0.07  [19 arm-trial exceptions recorded]
508/896 done    D2_C5_S2_Nr8_T16_Tp3_dft_snr12_skip1440_n40.npz  (649 s)  BLER16: R2-ours-G=0.12 R3-bigamp=0.33 R4-scvamp=0.45 M-ours-gmm32=0.15 R5-genie=0.00
509/896 done    D2_C1_S2_Nr8_T16_Tp2_dft_snr-3_skip1480_n40.npz  (621 s)  BLER16: R2-ours-G=0.95 R3-bigamp=0.97 R4-scvamp=0.97 M-ours-gmm32=0.82 R5-genie=0.03  [24 arm-trial exceptions recorded]
510/896 done    D2_C1_S2_Nr8_T16_Tp2_dft_snr6_skip1440_n40.npz  (654 s)  BLER16: R2-ours-G=0.53 R3-bigamp=0.78 R4-scvamp=0.68 M-ours-gmm32=0.40 R5-genie=0.00
511/896 done    D2_C1_S2_Nr8_T16_Tp2_dft_snr15_skip1400_n40.npz  (697 s)  BLER16: R2-ours-G=0.33 R3-bigamp=0.70 R4-scvamp=0.78 M-ours-gmm32=0.38 R5-genie=0.00
512/896 done    D2_C1_S2_Nr8_T16_Tp2_dft_snr3_skip1440_n40.npz  (659 s)  BLER16: R2-ours-G=0.45 R3-bigamp=0.80 R4-scvamp=0.72 M-ours-gmm32=0.42 R5-genie=0.00
513/896 done    D2_C5_S2_Nr8_T16_Tp3_dft_snr9_skip1440_n40.npz  (683 s)  BLER16: R2-ours-G=0.12 R3-bigamp=0.38 R4-scvamp=0.42 M-ours-gmm32=0.12 R5-genie=0.00
514/896 done    D2_C1_S2_Nr8_T16_Tp2_dft_snr9_skip1440_n40.npz  (661 s)  BLER16: R2-ours-G=0.45 R3-bigamp=0.78 R4-scvamp=0.72 M-ours-gmm32=0.55 R5-genie=0.00
515/896 done    D2_C5_S2_Nr8_T16_Tp3_dft_snr3_skip1480_n40.npz  (656 s)  BLER16: R2-ours-G=0.12 R3-bigamp=0.35 R4-scvamp=0.45 M-ours-gmm32=0.12 R5-genie=0.00
516/896 done    D2_C1_S2_Nr8_T16_Tp2_dft_snr-3_skip1520_n40.npz  (625 s)  BLER16: R2-ours-G=0.80 R3-bigamp=1.00 R4-scvamp=1.00 M-ours-gmm32=0.80 R5-genie=0.03  [24 arm-trial exceptions recorded]
517/896 done    D2_C1_S2_Nr8_T16_Tp2_dft_snr0_skip1440_n40.npz  (682 s)  BLER16: R2-ours-G=0.68 R3-bigamp=0.93 R4-scvamp=0.90 M-ours-gmm32=0.57 R5-genie=0.00
518/896 done    D2_C5_S2_Nr8_T16_Tp3_dft_snr6_skip1480_n40.npz  (665 s)  BLER16: R2-ours-G=0.07 R3-bigamp=0.28 R4-scvamp=0.53 M-ours-gmm32=0.15 R5-genie=0.00
519/896 done    D2_C1_S2_Nr8_T16_Tp2_dft_snr12_skip1480_n40.npz  (655 s)  BLER16: R2-ours-G=0.47 R3-bigamp=0.80 R4-scvamp=0.82 M-ours-gmm32=0.33 R5-genie=0.00
520/896 done    D2_C5_S2_Nr8_T16_Tp3_dft_snr0_skip1480_n40.npz  (683 s)  BLER16: R2-ours-G=0.30 R3-bigamp=0.57 R4-scvamp=0.62 M-ours-gmm32=0.25 R5-genie=0.03
521/896 done    D2_C5_S2_Nr8_T16_Tp3_dft_snr9_skip1480_n40.npz  (670 s)  BLER16: R2-ours-G=0.20 R3-bigamp=0.30 R4-scvamp=0.47 M-ours-gmm32=0.07 R5-genie=0.00
522/896 done    D2_C1_S2_Nr8_T16_Tp2_dft_snr12_skip1440_n40.npz  (692 s)  BLER16: R2-ours-G=0.33 R3-bigamp=0.62 R4-scvamp=0.75 M-ours-gmm32=0.40 R5-genie=0.00
523/896 done    D2_C1_S2_Nr8_T16_Tp2_dft_snr15_skip1480_n40.npz  (662 s)  BLER16: R2-ours-G=0.35 R3-bigamp=0.80 R4-scvamp=0.72 M-ours-gmm32=0.30 R5-genie=0.00
524/896 done    D2_C5_S2_Nr8_T16_Tp3_dft_snr0_skip1520_n40.npz  (664 s)  BLER16: R2-ours-G=0.53 R3-bigamp=0.80 R4-scvamp=0.88 M-ours-gmm32=0.50 R5-genie=0.05
525/896 done    D2_C5_S2_Nr8_T16_Tp3_dft_snr-3_skip1480_n40.npz  (694 s)  BLER16: R2-ours-G=0.68 R3-bigamp=0.85 R4-scvamp=0.88 M-ours-gmm32=0.53 R5-genie=0.07
526/896 done    D2_C5_S2_Nr8_T16_Tp3_dft_snr6_skip1400_n40.npz  (820 s)  BLER16: R2-ours-G=0.23 R3-bigamp=0.40 R4-scvamp=0.40 M-ours-gmm32=0.20 R5-genie=0.00
527/896 done    D2_C5_S2_Nr8_T16_Tp3_dft_snr15_skip1520_n40.npz  (659 s)  BLER16: R2-ours-G=0.15 R3-bigamp=0.42 R4-scvamp=0.45 M-ours-gmm32=0.10 R5-genie=0.00
528/896 done    D2_C5_S2_Nr8_T16_Tp3_dft_snr-3_skip1520_n40.npz  (671 s)  BLER16: R2-ours-G=0.55 R3-bigamp=0.85 R4-scvamp=0.82 M-ours-gmm32=0.47 R5-genie=0.00
529/896 done    D2_C5_S2_Nr8_T16_Tp3_dft_snr15_skip1480_n40.npz  (681 s)  BLER16: R2-ours-G=0.10 R3-bigamp=0.38 R4-scvamp=0.45 M-ours-gmm32=0.15 R5-genie=0.00
530/896 done    D2_C1_S2_Nr8_T16_Tp2_dft_snr0_skip1520_n40.npz  (658 s)  BLER16: R2-ours-G=0.60 R3-bigamp=0.88 R4-scvamp=0.88 M-ours-gmm32=0.50 R5-genie=0.03
531/896 done    D2_C5_S2_Nr8_T16_Tp3_dft_snr9_skip1520_n40.npz  (668 s)  BLER16: R2-ours-G=0.25 R3-bigamp=0.45 R4-scvamp=0.50 M-ours-gmm32=0.28 R5-genie=0.00
532/896 done    D2_C5_S2_Nr8_T16_Tp3_dft_snr6_skip1520_n40.npz  (678 s)  BLER16: R2-ours-G=0.30 R3-bigamp=0.40 R4-scvamp=0.50 M-ours-gmm32=0.12 R5-genie=0.00
533/896 done    D2_C5_S2_Nr8_T16_Tp3_dft_snr15_skip1560_n40.npz  (643 s)  BLER16: R2-ours-G=0.20 R3-bigamp=0.60 R4-scvamp=0.62 M-ours-gmm32=0.20 R5-genie=0.00
534/896 done    D2_C5_S2_Nr8_T16_Tp3_dft_snr12_skip1480_n40.npz  (696 s)  BLER16: R2-ours-G=0.05 R3-bigamp=0.38 R4-scvamp=0.45 M-ours-gmm32=0.10 R5-genie=0.00
535/896 done    D2_C1_S2_Nr8_T16_Tp2_dft_snr3_skip1520_n40.npz  (669 s)  BLER16: R2-ours-G=0.45 R3-bigamp=0.78 R4-scvamp=0.75 M-ours-gmm32=0.38 R5-genie=0.03
536/896 done    D2_C1_S2_Nr8_T16_Tp2_dft_snr3_skip1480_n40.npz  (700 s)  BLER16: R2-ours-G=0.53 R3-bigamp=0.82 R4-scvamp=0.90 M-ours-gmm32=0.45 R5-genie=0.00
537/896 done    D2_C1_S2_Nr8_T16_Tp2_dft_snr6_skip1520_n40.npz  (672 s)  BLER16: R2-ours-G=0.40 R3-bigamp=0.78 R4-scvamp=0.57 M-ours-gmm32=0.42 R5-genie=0.00
538/896 done    D2_C5_S2_Nr8_T16_Tp3_dft_snr9_skip1560_n40.npz  (658 s)  BLER16: R2-ours-G=0.20 R3-bigamp=0.38 R4-scvamp=0.57 M-ours-gmm32=0.23 R5-genie=0.00
539/896 done    D2_C5_S2_Nr8_T16_Tp3_dft_snr0_skip1560_n40.npz  (665 s)  BLER16: R2-ours-G=0.30 R3-bigamp=0.65 R4-scvamp=0.72 M-ours-gmm32=0.20 R5-genie=0.00
540/896 done    D2_C5_S2_Nr8_T16_Tp3_dft_snr3_skip1520_n40.npz  (697 s)  BLER16: R2-ours-G=0.30 R3-bigamp=0.50 R4-scvamp=0.53 M-ours-gmm32=0.30 R5-genie=0.03
541/896 done    D2_C1_S2_Nr8_T16_Tp2_dft_snr0_skip1480_n40.npz  (707 s)  BLER16: R2-ours-G=0.65 R3-bigamp=0.95 R4-scvamp=0.93 M-ours-gmm32=0.47 R5-genie=0.00
542/896 done    D2_C1_S2_Nr8_T16_Tp2_dft_snr12_skip1520_n40.npz  (679 s)  BLER16: R2-ours-G=0.33 R3-bigamp=0.82 R4-scvamp=0.70 M-ours-gmm32=0.55 R5-genie=0.00
543/896 done    D2_C5_S2_Nr8_T16_Tp3_dft_snr12_skip1560_n40.npz  (667 s)  BLER16: R2-ours-G=0.07 R3-bigamp=0.40 R4-scvamp=0.42 M-ours-gmm32=0.12 R5-genie=0.00
544/896 done    D2_C5_S2_Nr8_T16_Tp3_dft_snr6_skip1560_n40.npz  (673 s)  BLER16: R2-ours-G=0.23 R3-bigamp=0.33 R4-scvamp=0.38 M-ours-gmm32=0.10 R5-genie=0.05
545/896 done    D2_C5_S2_Nr8_T16_Tp3_dft_snr3_skip1560_n40.npz  (676 s)  BLER16: R2-ours-G=0.20 R3-bigamp=0.45 R4-scvamp=0.47 M-ours-gmm32=0.20 R5-genie=0.00
546/896 done    D2_C1_S2_Nr8_T16_Tp2_dft_snr15_skip1560_n40.npz  (646 s)  BLER16: R2-ours-G=0.38 R3-bigamp=0.75 R4-scvamp=0.75 M-ours-gmm32=0.25 R5-genie=0.00
547/896 done    D2_C1_S2_Nr8_T16_Tp2_dft_snr15_skip1520_n40.npz  (687 s)  BLER16: R2-ours-G=0.30 R3-bigamp=0.75 R4-scvamp=0.80 M-ours-gmm32=0.30 R5-genie=0.00
548/896 done    D2_C1_S2_Nr8_T16_Tp2_dft_snr3_skip1560_n40.npz  (665 s)  BLER16: R2-ours-G=0.33 R3-bigamp=0.70 R4-scvamp=0.72 M-ours-gmm32=0.40 R5-genie=0.00
549/896 done    D2_C1_S2_Nr8_T16_Tp2_dft_snr-3_skip1600_n40.npz  (623 s)  BLER16: R2-ours-G=0.90 R3-bigamp=0.95 R4-scvamp=1.00 M-ours-gmm32=0.88 R5-genie=0.03  [27 arm-trial exceptions recorded]
550/896 done    D2_C5_S2_Nr8_T16_Tp3_dft_snr3_skip1600_n40.npz  (652 s)  BLER16: R2-ours-G=0.17 R3-bigamp=0.55 R4-scvamp=0.62 M-ours-gmm32=0.07 R5-genie=0.00
551/896 done    D2_C5_S2_Nr8_T16_Tp3_dft_snr6_skip1600_n40.npz  (654 s)  BLER16: R2-ours-G=0.28 R3-bigamp=0.45 R4-scvamp=0.42 M-ours-gmm32=0.23 R5-genie=0.00
552/896 done    D2_C1_S2_Nr8_T16_Tp2_dft_snr6_skip1560_n40.npz  (673 s)  BLER16: R2-ours-G=0.30 R3-bigamp=0.78 R4-scvamp=0.75 M-ours-gmm32=0.47 R5-genie=0.00
553/896 done    D2_C5_S2_Nr8_T16_Tp3_dft_snr12_skip1600_n40.npz  (651 s)  BLER16: R2-ours-G=0.03 R3-bigamp=0.30 R4-scvamp=0.50 M-ours-gmm32=0.10 R5-genie=0.00
554/896 done    D2_C5_S2_Nr8_T16_Tp3_dft_snr-3_skip1560_n40.npz  (703 s)  BLER16: R2-ours-G=0.65 R3-bigamp=0.80 R4-scvamp=0.93 M-ours-gmm32=0.50 R5-genie=0.03
555/896 done    D2_C1_S2_Nr8_T16_Tp2_dft_snr9_skip1520_n40.npz  (712 s)  BLER16: R2-ours-G=0.28 R3-bigamp=0.80 R4-scvamp=0.85 M-ours-gmm32=0.30 R5-genie=0.00
556/896 done    D2_C5_S2_Nr8_T16_Tp3_dft_snr0_skip1600_n40.npz  (676 s)  BLER16: R2-ours-G=0.33 R3-bigamp=0.60 R4-scvamp=0.70 M-ours-gmm32=0.28 R5-genie=0.00
557/896 done    D2_C5_S2_Nr8_T16_Tp3_dft_snr9_skip1600_n40.npz  (673 s)  BLER16: R2-ours-G=0.07 R3-bigamp=0.30 R4-scvamp=0.47 M-ours-gmm32=0.12 R5-genie=0.00
558/896 done    D2_C1_S2_Nr8_T16_Tp2_dft_snr15_skip1440_n40.npz  (781 s)  BLER16: R2-ours-G=0.35 R3-bigamp=0.78 R4-scvamp=0.78 M-ours-gmm32=0.33 R5-genie=0.00
559/896 done    D2_C1_S2_Nr8_T16_Tp2_dft_snr0_skip1600_n40.npz  (664 s)  BLER16: R2-ours-G=0.53 R3-bigamp=0.90 R4-scvamp=0.80 M-ours-gmm32=0.55 R5-genie=0.00
560/896 done    D2_C1_S2_Nr8_T16_Tp2_dft_snr-3_skip1640_n40.npz  (605 s)  BLER16: R2-ours-G=0.68 R3-bigamp=0.82 R4-scvamp=0.90 M-ours-gmm32=0.60 R5-genie=0.05  [22 arm-trial exceptions recorded]
561/896 done    D2_C1_S2_Nr8_T16_Tp2_dft_snr9_skip1560_n40.npz  (712 s)  BLER16: R2-ours-G=0.35 R3-bigamp=0.88 R4-scvamp=0.78 M-ours-gmm32=0.40 R5-genie=0.00
562/896 done    D2_C1_S2_Nr8_T16_Tp2_dft_snr12_skip1560_n40.npz  (711 s)  BLER16: R2-ours-G=0.35 R3-bigamp=0.68 R4-scvamp=0.70 M-ours-gmm32=0.33 R5-genie=0.00
563/896 done    D2_C1_S2_Nr8_T16_Tp2_dft_snr9_skip1600_n40.npz  (662 s)  BLER16: R2-ours-G=0.33 R3-bigamp=0.72 R4-scvamp=0.68 M-ours-gmm32=0.35 R5-genie=0.00
564/896 done    D2_C5_S2_Nr8_T16_Tp3_dft_snr15_skip1600_n40.npz  (698 s)  BLER16: R2-ours-G=0.07 R3-bigamp=0.35 R4-scvamp=0.47 M-ours-gmm32=0.12 R5-genie=0.00
565/896 done    D2_C1_S2_Nr8_T16_Tp2_dft_snr12_skip1600_n40.npz  (665 s)  BLER16: R2-ours-G=0.30 R3-bigamp=0.62 R4-scvamp=0.68 M-ours-gmm32=0.30 R5-genie=0.00
566/896 done    D2_C5_S2_Nr8_T16_Tp3_dft_snr0_skip1640_n40.npz  (657 s)  BLER16: R2-ours-G=0.47 R3-bigamp=0.75 R4-scvamp=0.80 M-ours-gmm32=0.47 R5-genie=0.00
567/896 done    D2_C1_S2_Nr8_T16_Tp2_dft_snr15_skip1600_n40.npz  (675 s)  BLER16: R2-ours-G=0.38 R3-bigamp=0.78 R4-scvamp=0.88 M-ours-gmm32=0.30 R5-genie=0.00
568/896 done    D2_C1_S2_Nr8_T16_Tp2_dft_snr6_skip1480_n40.npz  (812 s)  BLER16: R2-ours-G=0.33 R3-bigamp=0.68 R4-scvamp=0.80 M-ours-gmm32=0.30 R5-genie=0.00
569/896 done    D2_C5_S2_Nr8_T16_Tp3_dft_snr15_skip1640_n40.npz  (658 s)  BLER16: R2-ours-G=0.10 R3-bigamp=0.38 R4-scvamp=0.47 M-ours-gmm32=0.17 R5-genie=0.00
570/896 done    D2_C5_S2_Nr8_T16_Tp3_dft_snr9_skip1640_n40.npz  (662 s)  BLER16: R2-ours-G=0.20 R3-bigamp=0.42 R4-scvamp=0.50 M-ours-gmm32=0.15 R5-genie=0.00
571/896 done    D2_C1_S2_Nr8_T16_Tp2_dft_snr6_skip1600_n40.npz  (709 s)  BLER16: R2-ours-G=0.55 R3-bigamp=0.82 R4-scvamp=0.82 M-ours-gmm32=0.47 R5-genie=0.00
572/896 done    D2_C1_S2_Nr8_T16_Tp2_dft_snr0_skip1560_n40.npz  (776 s)  BLER16: R2-ours-G=0.62 R3-bigamp=0.90 R4-scvamp=0.90 M-ours-gmm32=0.65 R5-genie=0.00
573/896 done    D2_C5_S2_Nr8_T16_Tp3_dft_snr3_skip1680_n40.npz  (653 s)  BLER16: R2-ours-G=0.33 R3-bigamp=0.47 R4-scvamp=0.50 M-ours-gmm32=0.23 R5-genie=0.00
574/896 done    D2_C5_S2_Nr8_T16_Tp3_dft_snr-3_skip1680_n40.npz  (661 s)  BLER16: R2-ours-G=0.62 R3-bigamp=0.75 R4-scvamp=0.85 M-ours-gmm32=0.45 R5-genie=0.05
575/896 done    D2_C5_S2_Nr8_T16_Tp3_dft_snr6_skip1640_n40.npz  (702 s)  BLER16: R2-ours-G=0.30 R3-bigamp=0.47 R4-scvamp=0.60 M-ours-gmm32=0.23 R5-genie=0.00
576/896 done    D2_C5_S2_Nr8_T16_Tp3_dft_snr12_skip1640_n40.npz  (688 s)  BLER16: R2-ours-G=0.10 R3-bigamp=0.35 R4-scvamp=0.42 M-ours-gmm32=0.05 R5-genie=0.00
577/896 done    D2_C5_S2_Nr8_T16_Tp3_dft_snr12_skip1520_n40.npz  (844 s)  BLER16: R2-ours-G=0.12 R3-bigamp=0.35 R4-scvamp=0.45 M-ours-gmm32=0.17 R5-genie=0.00
578/896 done    D2_C5_S2_Nr8_T16_Tp3_dft_snr12_skip1680_n40.npz  (666 s)  BLER16: R2-ours-G=0.12 R3-bigamp=0.35 R4-scvamp=0.57 M-ours-gmm32=0.10 R5-genie=0.00
579/896 done    D2_C1_S2_Nr8_T16_Tp2_dft_snr12_skip1680_n40.npz  (642 s)  BLER16: R2-ours-G=0.28 R3-bigamp=0.68 R4-scvamp=0.75 M-ours-gmm32=0.53 R5-genie=0.00
580/896 done    D2_C5_S2_Nr8_T16_Tp3_dft_snr9_skip1680_n40.npz  (671 s)  BLER16: R2-ours-G=0.10 R3-bigamp=0.28 R4-scvamp=0.53 M-ours-gmm32=0.23 R5-genie=0.03
581/896 done    D2_C5_S2_Nr8_T16_Tp3_dft_snr3_skip1720_n40.npz  (648 s)  BLER16: R2-ours-G=0.20 R3-bigamp=0.38 R4-scvamp=0.45 M-ours-gmm32=0.12 R5-genie=0.00
582/896 done    D2_C1_S2_Nr8_T16_Tp2_dft_snr9_skip1640_n40.npz  (697 s)  BLER16: R2-ours-G=0.45 R3-bigamp=0.68 R4-scvamp=0.72 M-ours-gmm32=0.45 R5-genie=0.00
583/896 done    D2_C1_S2_Nr8_T16_Tp2_dft_snr9_skip1480_n40.npz  (872 s)  BLER16: R2-ours-G=0.30 R3-bigamp=0.68 R4-scvamp=0.72 M-ours-gmm32=0.38 R5-genie=0.03
584/896 done    D2_C1_S2_Nr8_T16_Tp2_dft_snr0_skip1680_n40.npz  (668 s)  BLER16: R2-ours-G=0.55 R3-bigamp=0.82 R4-scvamp=0.78 M-ours-gmm32=0.40 R5-genie=0.00
585/896 done    D2_C1_S2_Nr8_T16_Tp2_dft_snr3_skip1640_n40.npz  (708 s)  BLER16: R2-ours-G=0.42 R3-bigamp=0.75 R4-scvamp=0.80 M-ours-gmm32=0.40 R5-genie=0.00
586/896 done    D2_C5_S2_Nr8_T16_Tp3_dft_snr6_skip1680_n40.npz  (690 s)  BLER16: R2-ours-G=0.25 R3-bigamp=0.47 R4-scvamp=0.62 M-ours-gmm32=0.25 R5-genie=0.03
587/896 done    D2_C1_S2_Nr8_T16_Tp2_dft_snr3_skip1680_n40.npz  (672 s)  BLER16: R2-ours-G=0.60 R3-bigamp=0.88 R4-scvamp=0.82 M-ours-gmm32=0.40 R5-genie=0.00
588/896 done    D2_C5_S2_Nr8_T16_Tp3_dft_snr15_skip1680_n40.npz  (689 s)  BLER16: R2-ours-G=0.17 R3-bigamp=0.47 R4-scvamp=0.53 M-ours-gmm32=0.12 R5-genie=0.00
589/896 done    D2_C1_S2_Nr8_T16_Tp2_dft_snr-3_skip1560_n40.npz  (837 s)  BLER16: R2-ours-G=0.72 R3-bigamp=1.00 R4-scvamp=0.93 M-ours-gmm32=0.78 R5-genie=0.05  [22 arm-trial exceptions recorded]
590/896 done    D2_C1_S2_Nr8_T16_Tp2_dft_snr15_skip1640_n40.npz  (707 s)  BLER16: R2-ours-G=0.30 R3-bigamp=0.70 R4-scvamp=0.65 M-ours-gmm32=0.30 R5-genie=0.00
591/896 done    D2_C5_S2_Nr8_T16_Tp3_dft_snr12_skip1720_n40.npz  (659 s)  BLER16: R2-ours-G=0.12 R3-bigamp=0.33 R4-scvamp=0.60 M-ours-gmm32=0.20 R5-genie=0.03
592/896 done    D2_C5_S2_Nr8_T16_Tp3_dft_snr-3_skip1440_n40.npz  (962 s)  BLER16: R2-ours-G=0.57 R3-bigamp=0.85 R4-scvamp=0.85 M-ours-gmm32=0.55 R5-genie=0.03
593/896 done    D2_C1_S2_Nr8_T16_Tp2_dft_snr0_skip1720_n40.npz  (650 s)  BLER16: R2-ours-G=0.55 R3-bigamp=0.85 R4-scvamp=0.78 M-ours-gmm32=0.55 R5-genie=0.03
594/896 done    D2_C1_S2_Nr8_T16_Tp2_dft_snr6_skip1680_n40.npz  (705 s)  BLER16: R2-ours-G=0.50 R3-bigamp=0.62 R4-scvamp=0.68 M-ours-gmm32=0.40 R5-genie=0.00
595/896 done    D2_C1_S2_Nr8_T16_Tp2_dft_snr9_skip1720_n40.npz  (666 s)  BLER16: R2-ours-G=0.50 R3-bigamp=0.78 R4-scvamp=0.78 M-ours-gmm32=0.33 R5-genie=0.00
596/896 done    D2_C5_S2_Nr8_T16_Tp3_dft_snr9_skip1720_n40.npz  (692 s)  BLER16: R2-ours-G=0.12 R3-bigamp=0.35 R4-scvamp=0.55 M-ours-gmm32=0.23 R5-genie=0.00
597/896 done    D2_C5_S2_Nr8_T16_Tp3_dft_snr12_skip1760_n40.npz  (646 s)  BLER16: R2-ours-G=0.15 R3-bigamp=0.38 R4-scvamp=0.50 M-ours-gmm32=0.15 R5-genie=0.00
598/896 done    D2_C1_S2_Nr8_T16_Tp2_dft_snr3_skip1720_n40.npz  (683 s)  BLER16: R2-ours-G=0.53 R3-bigamp=0.82 R4-scvamp=0.90 M-ours-gmm32=0.53 R5-genie=0.00
599/896 done    D2_C5_S2_Nr8_T16_Tp3_dft_snr15_skip1720_n40.npz  (702 s)  BLER16: R2-ours-G=0.15 R3-bigamp=0.47 R4-scvamp=0.53 M-ours-gmm32=0.12 R5-genie=0.00
600/896 done    D2_C1_S2_Nr8_T16_Tp2_dft_snr15_skip1720_n40.npz  (676 s)  BLER16: R2-ours-G=0.42 R3-bigamp=0.80 R4-scvamp=0.80 M-ours-gmm32=0.38 R5-genie=0.00
601/896 done    D2_C5_S2_Nr8_T16_Tp3_dft_snr-3_skip1600_n40.npz  (869 s)  BLER16: R2-ours-G=0.53 R3-bigamp=0.68 R4-scvamp=0.75 M-ours-gmm32=0.50 R5-genie=0.03
602/896 done    D2_C5_S2_Nr8_T16_Tp3_dft_snr3_skip1640_n40.npz  (800 s)  BLER16: R2-ours-G=0.23 R3-bigamp=0.53 R4-scvamp=0.57 M-ours-gmm32=0.28 R5-genie=0.03
603/896 done    D2_C5_S2_Nr8_T16_Tp3_dft_snr-3_skip1760_n40.npz  (674 s)  BLER16: R2-ours-G=0.62 R3-bigamp=0.85 R4-scvamp=0.90 M-ours-gmm32=0.62 R5-genie=0.05
604/896 done    D2_C5_S2_Nr8_T16_Tp3_dft_snr6_skip1760_n40.npz  (669 s)  BLER16: R2-ours-G=0.17 R3-bigamp=0.35 R4-scvamp=0.38 M-ours-gmm32=0.15 R5-genie=0.00
605/896 done    D2_C5_S2_Nr8_T16_Tp3_dft_snr6_skip1800_n40.npz  (648 s)  BLER16: R2-ours-G=0.25 R3-bigamp=0.40 R4-scvamp=0.55 M-ours-gmm32=0.20 R5-genie=0.03
606/896 done    D2_C1_S2_Nr8_T16_Tp2_dft_snr9_skip1760_n40.npz  (667 s)  BLER16: R2-ours-G=0.47 R3-bigamp=0.85 R4-scvamp=0.90 M-ours-gmm32=0.55 R5-genie=0.00
607/896 done    D2_C1_S2_Nr8_T16_Tp2_dft_snr3_skip1600_n40.npz  (852 s)  BLER16: R2-ours-G=0.62 R3-bigamp=0.82 R4-scvamp=0.90 M-ours-gmm32=0.50 R5-genie=0.00
608/896 done    D2_C5_S2_Nr8_T16_Tp3_dft_snr12_skip1800_n40.npz  (655 s)  BLER16: R2-ours-G=0.07 R3-bigamp=0.25 R4-scvamp=0.40 M-ours-gmm32=0.10 R5-genie=0.00
609/896 done    D2_C5_S2_Nr8_T16_Tp3_dft_snr9_skip1800_n40.npz  (661 s)  BLER16: R2-ours-G=0.17 R3-bigamp=0.28 R4-scvamp=0.50 M-ours-gmm32=0.12 R5-genie=0.03
610/896 done    D2_C1_S2_Nr8_T16_Tp2_dft_snr12_skip1720_n40.npz  (698 s)  BLER16: R2-ours-G=0.33 R3-bigamp=0.82 R4-scvamp=0.70 M-ours-gmm32=0.45 R5-genie=0.00
611/896 done    D2_C1_S2_Nr8_T16_Tp2_dft_snr-3_skip1760_n40.npz  (688 s)  BLER16: R2-ours-G=0.88 R3-bigamp=0.93 R4-scvamp=1.00 M-ours-gmm32=0.82 R5-genie=0.05  [27 arm-trial exceptions recorded]
612/896 done    D2_C1_S2_Nr8_T16_Tp2_dft_snr0_skip1760_n40.npz  (693 s)  BLER16: R2-ours-G=0.42 R3-bigamp=0.82 R4-scvamp=0.88 M-ours-gmm32=0.47 R5-genie=0.00
613/896 done    D2_C1_S2_Nr8_T16_Tp2_dft_snr12_skip1760_n40.npz  (690 s)  BLER16: R2-ours-G=0.35 R3-bigamp=0.78 R4-scvamp=0.65 M-ours-gmm32=0.38 R5-genie=0.00
614/896 done    D2_C5_S2_Nr8_T16_Tp3_dft_snr15_skip1800_n40.npz  (672 s)  BLER16: R2-ours-G=0.17 R3-bigamp=0.38 R4-scvamp=0.30 M-ours-gmm32=0.15 R5-genie=0.00
615/896 done    D2_C1_S2_Nr8_T16_Tp2_dft_snr15_skip1760_n40.npz  (694 s)  BLER16: R2-ours-G=0.35 R3-bigamp=0.80 R4-scvamp=0.85 M-ours-gmm32=0.45 R5-genie=0.00
616/896 done    D2_C1_S2_Nr8_T16_Tp2_dft_snr3_skip1760_n40.npz  (700 s)  BLER16: R2-ours-G=0.45 R3-bigamp=0.80 R4-scvamp=0.70 M-ours-gmm32=0.28 R5-genie=0.00
617/896 done    D2_C5_S2_Nr8_T16_Tp3_dft_snr0_skip1760_n40.npz  (714 s)  BLER16: R2-ours-G=0.28 R3-bigamp=0.47 R4-scvamp=0.62 M-ours-gmm32=0.17 R5-genie=0.00
618/896 done    D2_C5_S2_Nr8_T16_Tp3_dft_snr3_skip1800_n40.npz  (694 s)  BLER16: R2-ours-G=0.20 R3-bigamp=0.47 R4-scvamp=0.47 M-ours-gmm32=0.28 R5-genie=0.00
619/896 done    D2_C5_S2_Nr8_T16_Tp3_dft_snr15_skip1840_n40.npz  (654 s)  BLER16: R2-ours-G=0.23 R3-bigamp=0.45 R4-scvamp=0.60 M-ours-gmm32=0.17 R5-genie=0.00
620/896 done    D2_C5_S2_Nr8_T16_Tp3_dft_snr-3_skip1640_n40.npz  (873 s)  BLER16: R2-ours-G=0.60 R3-bigamp=0.88 R4-scvamp=0.85 M-ours-gmm32=0.53 R5-genie=0.05
621/896 done    D2_C5_S2_Nr8_T16_Tp3_dft_snr-3_skip1840_n40.npz  (679 s)  BLER16: R2-ours-G=0.57 R3-bigamp=0.85 R4-scvamp=0.85 M-ours-gmm32=0.55 R5-genie=0.07
622/896 done    D2_C1_S2_Nr8_T16_Tp2_dft_snr0_skip1800_n40.npz  (696 s)  BLER16: R2-ours-G=0.70 R3-bigamp=0.90 R4-scvamp=0.88 M-ours-gmm32=0.60 R5-genie=0.03
623/896 done    D2_C5_S2_Nr8_T16_Tp3_dft_snr6_skip1840_n40.npz  (682 s)  BLER16: R2-ours-G=0.17 R3-bigamp=0.40 R4-scvamp=0.62 M-ours-gmm32=0.15 R5-genie=0.00
624/896 done    D2_C5_S2_Nr8_T16_Tp3_dft_snr0_skip1800_n40.npz  (740 s)  BLER16: R2-ours-G=0.35 R3-bigamp=0.65 R4-scvamp=0.70 M-ours-gmm32=0.23 R5-genie=0.00
625/896 done    D2_C1_S2_Nr8_T16_Tp2_dft_snr12_skip1640_n40.npz  (857 s)  BLER16: R2-ours-G=0.40 R3-bigamp=0.78 R4-scvamp=0.80 M-ours-gmm32=0.35 R5-genie=0.00
626/896 done    D2_C5_S2_Nr8_T16_Tp3_dft_snr0_skip1680_n40.npz  (863 s)  BLER16: R2-ours-G=0.33 R3-bigamp=0.62 R4-scvamp=0.75 M-ours-gmm32=0.33 R5-genie=0.00
627/896 done    D2_C1_S2_Nr8_T16_Tp2_dft_snr-3_skip1800_n40.npz  (738 s)  BLER16: R2-ours-G=0.72 R3-bigamp=0.85 R4-scvamp=0.95 M-ours-gmm32=0.72 R5-genie=0.03  [31 arm-trial exceptions recorded]
628/896 done    D2_C1_S2_Nr8_T16_Tp2_dft_snr6_skip1800_n40.npz  (734 s)  BLER16: R2-ours-G=0.33 R3-bigamp=0.78 R4-scvamp=0.62 M-ours-gmm32=0.35 R5-genie=0.00
629/896 done    D2_C5_S2_Nr8_T16_Tp3_dft_snr12_skip1880_n40.npz  (638 s)  BLER16: R2-ours-G=0.07 R3-bigamp=0.35 R4-scvamp=0.40 M-ours-gmm32=0.07 R5-genie=0.00
630/896 done    D2_C1_S2_Nr8_T16_Tp2_dft_snr-3_skip1880_n40.npz  (625 s)  BLER16: R2-ours-G=0.82 R3-bigamp=0.97 R4-scvamp=1.00 M-ours-gmm32=0.82 R5-genie=0.05  [21 arm-trial exceptions recorded]
631/896 done    D2_C5_S2_Nr8_T16_Tp3_dft_snr12_skip1840_n40.npz  (705 s)  BLER16: R2-ours-G=0.07 R3-bigamp=0.42 R4-scvamp=0.42 M-ours-gmm32=0.10 R5-genie=0.00
632/896 done    D2_C1_S2_Nr8_T16_Tp2_dft_snr6_skip1640_n40.npz  (885 s)  BLER16: R2-ours-G=0.25 R3-bigamp=0.68 R4-scvamp=0.55 M-ours-gmm32=0.33 R5-genie=0.00
633/896 done    D2_C5_S2_Nr8_T16_Tp3_dft_snr0_skip1720_n40.npz  (835 s)  BLER16: R2-ours-G=0.38 R3-bigamp=0.72 R4-scvamp=0.65 M-ours-gmm32=0.23 R5-genie=0.03
634/896 done    D2_C5_S2_Nr8_T16_Tp3_dft_snr15_skip1760_n40.npz  (781 s)  BLER16: R2-ours-G=0.05 R3-bigamp=0.28 R4-scvamp=0.50 M-ours-gmm32=0.12 R5-genie=0.00
635/896 done    D2_C5_S2_Nr8_T16_Tp3_dft_snr3_skip1880_n40.npz  (657 s)  BLER16: R2-ours-G=0.23 R3-bigamp=0.40 R4-scvamp=0.50 M-ours-gmm32=0.17 R5-genie=0.00
636/896 done    D2_C1_S2_Nr8_T16_Tp2_dft_snr9_skip1680_n40.npz  (852 s)  BLER16: R2-ours-G=0.33 R3-bigamp=0.75 R4-scvamp=0.78 M-ours-gmm32=0.42 R5-genie=0.00
637/896 done    D2_C1_S2_Nr8_T16_Tp2_dft_snr15_skip1680_n40.npz  (850 s)  BLER16: R2-ours-G=0.23 R3-bigamp=0.75 R4-scvamp=0.82 M-ours-gmm32=0.28 R5-genie=0.00
638/896 done    D2_C5_S2_Nr8_T16_Tp3_dft_snr15_skip1880_n40.npz  (654 s)  BLER16: R2-ours-G=0.05 R3-bigamp=0.33 R4-scvamp=0.53 M-ours-gmm32=0.07 R5-genie=0.00
639/896 done    D2_C5_S2_Nr8_T16_Tp3_dft_snr6_skip1880_n40.npz  (670 s)  BLER16: R2-ours-G=0.15 R3-bigamp=0.35 R4-scvamp=0.60 M-ours-gmm32=0.30 R5-genie=0.00
640/896 done    D2_C5_S2_Nr8_T16_Tp3_dft_snr9_skip1880_n40.npz  (670 s)  BLER16: R2-ours-G=0.23 R3-bigamp=0.47 R4-scvamp=0.55 M-ours-gmm32=0.20 R5-genie=0.00
641/896 done    D2_C1_S2_Nr8_T16_Tp2_dft_snr0_skip1640_n40.npz  (914 s)  BLER16: R2-ours-G=0.57 R3-bigamp=0.85 R4-scvamp=0.80 M-ours-gmm32=0.45 R5-genie=0.00
642/896 done    D2_C1_S2_Nr8_T16_Tp2_dft_snr9_skip1840_n40.npz  (711 s)  BLER16: R2-ours-G=0.17 R3-bigamp=0.55 R4-scvamp=0.65 M-ours-gmm32=0.35 R5-genie=0.00
643/896 done    D2_C5_S2_Nr8_T16_Tp3_dft_snr0_skip1880_n40.npz  (694 s)  BLER16: R2-ours-G=0.38 R3-bigamp=0.68 R4-scvamp=0.80 M-ours-gmm32=0.40 R5-genie=0.03
644/896 done    D2_C1_S2_Nr8_T16_Tp2_dft_snr-3_skip1680_n40.npz  (885 s)  BLER16: R2-ours-G=0.82 R3-bigamp=1.00 R4-scvamp=0.93 M-ours-gmm32=0.75 R5-genie=0.10  [19 arm-trial exceptions recorded]
645/896 done    D2_C5_S2_Nr8_T16_Tp3_dft_snr6_skip1720_n40.npz  (869 s)  BLER16: R2-ours-G=0.20 R3-bigamp=0.57 R4-scvamp=0.55 M-ours-gmm32=0.12 R5-genie=0.00
646/896 done    D2_C5_S2_Nr8_T16_Tp3_dft_snr3_skip1760_n40.npz  (820 s)  BLER16: R2-ours-G=0.17 R3-bigamp=0.33 R4-scvamp=0.42 M-ours-gmm32=0.07 R5-genie=0.00
647/896 done    D2_C5_S2_Nr8_T16_Tp3_dft_snr-3_skip1800_n40.npz  (807 s)  BLER16: R2-ours-G=0.60 R3-bigamp=0.80 R4-scvamp=0.82 M-ours-gmm32=0.57 R5-genie=0.05
648/896 done    D2_C1_S2_Nr8_T16_Tp2_dft_snr-3_skip1840_n40.npz  (748 s)  BLER16: R2-ours-G=0.85 R3-bigamp=0.95 R4-scvamp=0.97 M-ours-gmm32=0.72 R5-genie=0.00  [26 arm-trial exceptions recorded]
649/896 done    D2_C1_S2_Nr8_T16_Tp2_dft_snr-3_skip1920_n40.npz  (601 s)  BLER16: R2-ours-G=0.85 R3-bigamp=0.95 R4-scvamp=0.97 M-ours-gmm32=0.78 R5-genie=0.00  [21 arm-trial exceptions recorded]
650/896 done    D2_C1_S2_Nr8_T16_Tp2_dft_snr12_skip1880_n40.npz  (660 s)  BLER16: R2-ours-G=0.38 R3-bigamp=0.68 R4-scvamp=0.70 M-ours-gmm32=0.23 R5-genie=0.00
651/896 done    D2_C1_S2_Nr8_T16_Tp2_dft_snr3_skip1800_n40.npz  (792 s)  BLER16: R2-ours-G=0.45 R3-bigamp=0.72 R4-scvamp=0.68 M-ours-gmm32=0.40 R5-genie=0.00
652/896 done    D2_C1_S2_Nr8_T16_Tp2_dft_snr9_skip1800_n40.npz  (786 s)  BLER16: R2-ours-G=0.42 R3-bigamp=0.70 R4-scvamp=0.78 M-ours-gmm32=0.40 R5-genie=0.00
653/896 done    D2_C1_S2_Nr8_T16_Tp2_dft_snr6_skip1840_n40.npz  (741 s)  BLER16: R2-ours-G=0.45 R3-bigamp=0.70 R4-scvamp=0.78 M-ours-gmm32=0.42 R5-genie=0.00
654/896 done    D2_C1_S2_Nr8_T16_Tp2_dft_snr0_skip1880_n40.npz  (670 s)  BLER16: R2-ours-G=0.55 R3-bigamp=0.82 R4-scvamp=0.82 M-ours-gmm32=0.47 R5-genie=0.00
655/896 done    D2_C5_S2_Nr8_T16_Tp3_dft_snr-3_skip1880_n40.npz  (729 s)  BLER16: R2-ours-G=0.65 R3-bigamp=0.80 R4-scvamp=0.85 M-ours-gmm32=0.53 R5-genie=0.03
656/896 done    D2_C1_S2_Nr8_T16_Tp2_dft_snr12_skip1800_n40.npz  (795 s)  BLER16: R2-ours-G=0.40 R3-bigamp=0.90 R4-scvamp=0.80 M-ours-gmm32=0.50 R5-genie=0.00
657/896 done    D2_C1_S2_Nr8_T16_Tp2_dft_snr3_skip1880_n40.npz  (677 s)  BLER16: R2-ours-G=0.30 R3-bigamp=0.80 R4-scvamp=0.68 M-ours-gmm32=0.38 R5-genie=0.00
658/896 done    D2_C5_S2_Nr8_T16_Tp3_dft_snr-3_skip1720_n40.npz  (900 s)  BLER16: R2-ours-G=0.68 R3-bigamp=0.88 R4-scvamp=0.88 M-ours-gmm32=0.60 R5-genie=0.05
659/896 done    D2_C1_S2_Nr8_T16_Tp2_dft_snr15_skip1800_n40.npz  (800 s)  BLER16: R2-ours-G=0.20 R3-bigamp=0.68 R4-scvamp=0.75 M-ours-gmm32=0.23 R5-genie=0.00
660/896 done    D2_C5_S2_Nr8_T16_Tp3_dft_snr-3_skip1920_n40.npz  (674 s)  BLER16: R2-ours-G=0.47 R3-bigamp=0.75 R4-scvamp=0.80 M-ours-gmm32=0.45 R5-genie=0.00
661/896 done    D2_C1_S2_Nr8_T16_Tp2_dft_snr6_skip1880_n40.npz  (702 s)  BLER16: R2-ours-G=0.40 R3-bigamp=0.62 R4-scvamp=0.60 M-ours-gmm32=0.40 R5-genie=0.00
662/896 done    D2_C5_S2_Nr8_T16_Tp3_dft_snr15_skip1920_n40.npz  (653 s)  BLER16: R2-ours-G=0.10 R3-bigamp=0.42 R4-scvamp=0.57 M-ours-gmm32=0.15 R5-genie=0.00
663/896 done    D2_C1_S2_Nr8_T16_Tp2_dft_snr6_skip1760_n40.npz  (865 s)  BLER16: R2-ours-G=0.35 R3-bigamp=0.80 R4-scvamp=0.68 M-ours-gmm32=0.35 R5-genie=0.00
664/896 done    D2_C5_S2_Nr8_T16_Tp3_dft_snr9_skip1760_n40.npz  (878 s)  BLER16: R2-ours-G=0.23 R3-bigamp=0.45 R4-scvamp=0.50 M-ours-gmm32=0.20 R5-genie=0.00
665/896 done    D2_C5_S2_Nr8_T16_Tp3_dft_snr3_skip1840_n40.npz  (823 s)  BLER16: R2-ours-G=0.07 R3-bigamp=0.53 R4-scvamp=0.55 M-ours-gmm32=0.17 R5-genie=0.00
666/896 done    D2_C5_S2_Nr8_T16_Tp3_dft_snr3_skip1920_n40.npz  (689 s)  BLER16: R2-ours-G=0.17 R3-bigamp=0.33 R4-scvamp=0.40 M-ours-gmm32=0.07 R5-genie=0.00
667/896 done    D2_C1_S2_Nr8_T16_Tp2_dft_snr12_skip1840_n40.npz  (785 s)  BLER16: R2-ours-G=0.23 R3-bigamp=0.85 R4-scvamp=0.75 M-ours-gmm32=0.40 R5-genie=0.00
668/896 done    D2_C1_S2_Nr8_T16_Tp2_dft_snr0_skip1920_n40.npz  (665 s)  BLER16: R2-ours-G=0.75 R3-bigamp=0.82 R4-scvamp=0.90 M-ours-gmm32=0.60 R5-genie=0.00
669/896 done    D2_C1_S2_Nr8_T16_Tp2_dft_snr3_skip1920_n40.npz  (660 s)  BLER16: R2-ours-G=0.38 R3-bigamp=0.68 R4-scvamp=0.57 M-ours-gmm32=0.40 R5-genie=0.00
670/896 done    D2_C5_S2_Nr8_T16_Tp3_dft_snr6_skip1920_n40.npz  (697 s)  BLER16: R2-ours-G=0.12 R3-bigamp=0.38 R4-scvamp=0.40 M-ours-gmm32=0.05 R5-genie=0.00
671/896 done    D2_C5_S2_Nr8_T16_Tp3_dft_snr9_skip1840_n40.npz  (834 s)  BLER16: R2-ours-G=0.17 R3-bigamp=0.50 R4-scvamp=0.55 M-ours-gmm32=0.30 R5-genie=0.03
672/896 done    D2_C5_S2_Nr8_T16_Tp3_dft_snr9_skip1920_n40.npz  (697 s)  BLER16: R2-ours-G=0.12 R3-bigamp=0.35 R4-scvamp=0.45 M-ours-gmm32=0.15 R5-genie=0.00
673/896 done    D2_C5_S2_Nr8_T16_Tp3_dft_snr12_skip1920_n40.npz  (697 s)  BLER16: R2-ours-G=0.25 R3-bigamp=0.50 R4-scvamp=0.45 M-ours-gmm32=0.17 R5-genie=0.00
674/896 done    D2_C1_S2_Nr8_T16_Tp2_dft_snr15_skip1920_n40.npz  (659 s)  BLER16: R2-ours-G=0.42 R3-bigamp=0.82 R4-scvamp=0.95 M-ours-gmm32=0.38 R5-genie=0.00
675/896 done    D2_C1_S2_Nr8_T16_Tp2_dft_snr12_skip1920_n40.npz  (663 s)  BLER16: R2-ours-G=0.38 R3-bigamp=0.85 R4-scvamp=0.72 M-ours-gmm32=0.30 R5-genie=0.00
676/896 done    D2_C1_S2_Nr8_T16_Tp2_dft_snr6_skip1920_n40.npz  (679 s)  BLER16: R2-ours-G=0.45 R3-bigamp=0.75 R4-scvamp=0.72 M-ours-gmm32=0.42 R5-genie=0.03
677/896 done    D2_C5_S2_Nr8_T16_Tp3_dft_snr-3_skip1960_n40.npz  (668 s)  BLER16: R2-ours-G=0.55 R3-bigamp=0.80 R4-scvamp=0.85 M-ours-gmm32=0.53 R5-genie=0.00
678/896 done    D2_C1_S2_Nr8_T16_Tp2_dft_snr0_skip1960_n40.npz  (624 s)  BLER16: R2-ours-G=0.47 R3-bigamp=0.85 R4-scvamp=0.88 M-ours-gmm32=0.53 R5-genie=0.03
679/896 done    D2_C1_S2_Nr8_T16_Tp2_dft_snr-3_skip1720_n40.npz  (981 s)  BLER16: R2-ours-G=0.78 R3-bigamp=0.93 R4-scvamp=0.93 M-ours-gmm32=0.80 R5-genie=0.07  [15 arm-trial exceptions recorded]
680/896 done    D2_C1_S2_Nr8_T16_Tp2_dft_snr6_skip1720_n40.npz  (975 s)  BLER16: R2-ours-G=0.45 R3-bigamp=0.62 R4-scvamp=0.70 M-ours-gmm32=0.42 R5-genie=0.00
681/896 done    D2_C5_S2_Nr8_T16_Tp3_dft_snr0_skip1840_n40.npz  (907 s)  BLER16: R2-ours-G=0.28 R3-bigamp=0.65 R4-scvamp=0.65 M-ours-gmm32=0.33 R5-genie=0.00
682/896 done    D2_C1_S2_Nr8_T16_Tp2_dft_snr9_skip1920_n40.npz  (714 s)  BLER16: R2-ours-G=0.35 R3-bigamp=0.72 R4-scvamp=0.70 M-ours-gmm32=0.42 R5-genie=0.03
683/896 done    D2_C5_S2_Nr8_T16_Tp3_dft_snr12_skip1960_n40.npz  (679 s)  BLER16: R2-ours-G=0.20 R3-bigamp=0.38 R4-scvamp=0.35 M-ours-gmm32=0.10 R5-genie=0.00
684/896 done    D2_C5_S2_Nr8_T16_Tp3_dft_snr0_skip1920_n40.npz  (791 s)  BLER16: R2-ours-G=0.35 R3-bigamp=0.62 R4-scvamp=0.78 M-ours-gmm32=0.23 R5-genie=0.00
685/896 done    D2_C1_S2_Nr8_T16_Tp2_dft_snr6_skip1960_n40.npz  (651 s)  BLER16: R2-ours-G=0.30 R3-bigamp=0.62 R4-scvamp=0.60 M-ours-gmm32=0.33 R5-genie=0.00
686/896 done    D2_C1_S2_Nr8_T16_Tp2_dft_snr3_skip1840_n40.npz  (895 s)  BLER16: R2-ours-G=0.45 R3-bigamp=0.75 R4-scvamp=0.80 M-ours-gmm32=0.47 R5-genie=0.00
687/896 done    D2_C5_S2_Nr8_T16_Tp3_dft_snr0_skip1960_n40.npz  (709 s)  BLER16: R2-ours-G=0.35 R3-bigamp=0.50 R4-scvamp=0.65 M-ours-gmm32=0.35 R5-genie=0.03
688/896 done    D2_C5_S2_Nr8_T16_Tp3_dft_snr3_skip1960_n40.npz  (706 s)  BLER16: R2-ours-G=0.25 R3-bigamp=0.53 R4-scvamp=0.65 M-ours-gmm32=0.20 R5-genie=0.00
689/896 done    D2_C1_S2_Nr8_T16_Tp2_dft_snr0_skip1840_n40.npz  (910 s)  BLER16: R2-ours-G=0.60 R3-bigamp=0.95 R4-scvamp=0.93 M-ours-gmm32=0.68 R5-genie=0.00
690/896 done    D2_C1_S2_Nr8_T16_Tp2_dft_snr-3_skip1960_n40.npz  (673 s)  BLER16: R2-ours-G=0.65 R3-bigamp=0.90 R4-scvamp=0.85 M-ours-gmm32=0.62 R5-genie=0.03  [26 arm-trial exceptions recorded]
691/896 done    D2_C5_S2_Nr8_T16_Tp3_dft_snr0_skip2000_n40.npz  (646 s)  BLER16: R2-ours-G=0.38 R3-bigamp=0.62 R4-scvamp=0.68 M-ours-gmm32=0.33 R5-genie=0.03
692/896 done    D2_C1_S2_Nr8_T16_Tp2_dft_snr3_skip1960_n40.npz  (672 s)  BLER16: R2-ours-G=0.47 R3-bigamp=0.78 R4-scvamp=0.70 M-ours-gmm32=0.45 R5-genie=0.00
693/896 done    D2_C1_S2_Nr8_T16_Tp2_dft_snr15_skip1960_n40.npz  (664 s)  BLER16: R2-ours-G=0.42 R3-bigamp=0.78 R4-scvamp=0.78 M-ours-gmm32=0.33 R5-genie=0.00
694/896 done    D2_C5_S2_Nr8_T16_Tp3_dft_snr9_skip1960_n40.npz  (704 s)  BLER16: R2-ours-G=0.20 R3-bigamp=0.30 R4-scvamp=0.42 M-ours-gmm32=0.10 R5-genie=0.00
695/896 done    D2_C1_S2_Nr8_T16_Tp2_dft_snr9_skip1960_n40.npz  (680 s)  BLER16: R2-ours-G=0.35 R3-bigamp=0.82 R4-scvamp=0.70 M-ours-gmm32=0.38 R5-genie=0.00
696/896 done    D2_C5_S2_Nr8_T16_Tp3_dft_snr12_skip2000_n40.npz  (655 s)  BLER16: R2-ours-G=0.12 R3-bigamp=0.50 R4-scvamp=0.35 M-ours-gmm32=0.10 R5-genie=0.00
697/896 done    D2_C1_S2_Nr8_T16_Tp2_dft_snr-3_skip2000_n40.npz  (649 s)  BLER16: R2-ours-G=0.68 R3-bigamp=0.85 R4-scvamp=0.85 M-ours-gmm32=0.55 R5-genie=0.05  [26 arm-trial exceptions recorded]
698/896 done    D2_C5_S2_Nr8_T16_Tp3_dft_snr3_skip2000_n40.npz  (667 s)  BLER16: R2-ours-G=0.25 R3-bigamp=0.55 R4-scvamp=0.65 M-ours-gmm32=0.30 R5-genie=0.00
699/896 done    D2_C1_S2_Nr8_T16_Tp2_dft_snr12_skip1960_n40.npz  (689 s)  BLER16: R2-ours-G=0.35 R3-bigamp=0.68 R4-scvamp=0.82 M-ours-gmm32=0.40 R5-genie=0.00
700/896 done    D2_C5_S2_Nr8_T16_Tp3_dft_snr15_skip1960_n40.npz  (709 s)  BLER16: R2-ours-G=0.10 R3-bigamp=0.38 R4-scvamp=0.38 M-ours-gmm32=0.05 R5-genie=0.00
701/896 done    D2_C5_S2_Nr8_T16_Tp3_dft_snr-3_skip2040_n40.npz  (632 s)  BLER16: R2-ours-G=0.62 R3-bigamp=0.82 R4-scvamp=0.97 M-ours-gmm32=0.50 R5-genie=0.00
702/896 done    D2_C5_S2_Nr8_T16_Tp3_dft_snr9_skip2000_n40.npz  (674 s)  BLER16: R2-ours-G=0.20 R3-bigamp=0.33 R4-scvamp=0.45 M-ours-gmm32=0.15 R5-genie=0.00
703/896 done    D2_C5_S2_Nr8_T16_Tp3_dft_snr6_skip2000_n40.npz  (681 s)  BLER16: R2-ours-G=0.07 R3-bigamp=0.30 R4-scvamp=0.40 M-ours-gmm32=0.15 R5-genie=0.00
704/896 done    D2_C1_S2_Nr8_T16_Tp2_dft_snr9_skip2000_n40.npz  (649 s)  BLER16: R2-ours-G=0.40 R3-bigamp=0.85 R4-scvamp=0.78 M-ours-gmm32=0.38 R5-genie=0.00
705/896 done    D2_C5_S2_Nr8_T16_Tp3_dft_snr15_skip2040_n40.npz  (639 s)  BLER16: R2-ours-G=0.12 R3-bigamp=0.45 R4-scvamp=0.57 M-ours-gmm32=0.23 R5-genie=0.00
706/896 done    D2_C5_S2_Nr8_T16_Tp3_dft_snr15_skip2000_n40.npz  (680 s)  BLER16: R2-ours-G=0.17 R3-bigamp=0.42 R4-scvamp=0.65 M-ours-gmm32=0.28 R5-genie=0.00
707/896 done    D2_C5_S2_Nr8_T16_Tp3_dft_snr-3_skip2000_n40.npz  (698 s)  BLER16: R2-ours-G=0.65 R3-bigamp=0.80 R4-scvamp=0.85 M-ours-gmm32=0.47 R5-genie=0.05
708/896 done    D2_C1_S2_Nr8_T16_Tp2_dft_snr12_skip2000_n40.npz  (656 s)  BLER16: R2-ours-G=0.25 R3-bigamp=0.78 R4-scvamp=0.68 M-ours-gmm32=0.25 R5-genie=0.00
709/896 done    D2_C1_S2_Nr8_T16_Tp2_dft_snr6_skip2000_n40.npz  (660 s)  BLER16: R2-ours-G=0.57 R3-bigamp=0.78 R4-scvamp=0.85 M-ours-gmm32=0.35 R5-genie=0.03
710/896 done    D2_C1_S2_Nr8_T16_Tp2_dft_snr-3_skip2040_n40.npz  (643 s)  BLER16: R2-ours-G=0.62 R3-bigamp=0.90 R4-scvamp=0.88 M-ours-gmm32=0.57 R5-genie=0.03  [19 arm-trial exceptions recorded]
711/896 done    D2_C1_S2_Nr8_T16_Tp2_dft_snr15_skip2000_n40.npz  (659 s)  BLER16: R2-ours-G=0.35 R3-bigamp=0.80 R4-scvamp=0.93 M-ours-gmm32=0.35 R5-genie=0.00
712/896 done    D2_C5_S2_Nr8_T16_Tp3_dft_snr6_skip2040_n40.npz  (660 s)  BLER16: R2-ours-G=0.23 R3-bigamp=0.42 R4-scvamp=0.53 M-ours-gmm32=0.25 R5-genie=0.00
713/896 done    D2_C1_S2_Nr8_T16_Tp2_dft_snr3_skip2000_n40.npz  (679 s)  BLER16: R2-ours-G=0.35 R3-bigamp=0.75 R4-scvamp=0.82 M-ours-gmm32=0.45 R5-genie=0.00
714/896 done    D2_C5_S2_Nr8_T16_Tp3_dft_snr3_skip2040_n40.npz  (672 s)  BLER16: R2-ours-G=0.12 R3-bigamp=0.35 R4-scvamp=0.50 M-ours-gmm32=0.10 R5-genie=0.00
715/896 done    D2_C1_S2_Nr8_T16_Tp2_dft_snr6_skip2040_n40.npz  (657 s)  BLER16: R2-ours-G=0.35 R3-bigamp=0.75 R4-scvamp=0.62 M-ours-gmm32=0.25 R5-genie=0.00
716/896 done    D2_C1_S2_Nr8_T16_Tp2_dft_snr15_skip1840_n40.npz  (962 s)  BLER16: R2-ours-G=0.42 R3-bigamp=0.80 R4-scvamp=0.85 M-ours-gmm32=0.30 R5-genie=0.03
717/896 done    D2_C1_S2_Nr8_T16_Tp2_dft_snr0_skip2000_n40.npz  (697 s)  BLER16: R2-ours-G=0.47 R3-bigamp=0.72 R4-scvamp=0.78 M-ours-gmm32=0.65 R5-genie=0.00
718/896 done    D2_C5_S2_Nr8_T16_Tp3_dft_snr12_skip2040_n40.npz  (672 s)  BLER16: R2-ours-G=0.07 R3-bigamp=0.38 R4-scvamp=0.45 M-ours-gmm32=0.07 R5-genie=0.00
719/896 done    D2_C5_S2_Nr8_T16_Tp3_dft_snr0_skip2040_n40.npz  (679 s)  BLER16: R2-ours-G=0.45 R3-bigamp=0.70 R4-scvamp=0.65 M-ours-gmm32=0.42 R5-genie=0.00
720/896 done    D2_C5_S2_Nr8_T16_Tp3_dft_snr9_skip2040_n40.npz  (677 s)  BLER16: R2-ours-G=0.23 R3-bigamp=0.42 R4-scvamp=0.60 M-ours-gmm32=0.20 R5-genie=0.00
721/896 done    D2_C5_S2_Nr8_T16_Tp3_dft_snr6_skip2080_n40.npz  (657 s)  BLER16: R2-ours-G=0.17 R3-bigamp=0.40 R4-scvamp=0.50 M-ours-gmm32=0.20 R5-genie=0.00
722/896 done    D2_C1_S2_Nr8_T16_Tp2_dft_snr9_skip1880_n40.npz  (918 s)  BLER16: R2-ours-G=0.42 R3-bigamp=0.57 R4-scvamp=0.70 M-ours-gmm32=0.38 R5-genie=0.00
723/896 done    D2_C5_S2_Nr8_T16_Tp3_dft_snr-3_skip2080_n40.npz  (664 s)  BLER16: R2-ours-G=0.65 R3-bigamp=0.82 R4-scvamp=0.85 M-ours-gmm32=0.65 R5-genie=0.07
724/896 done    D2_C5_S2_Nr8_T16_Tp3_dft_snr0_skip2080_n40.npz  (662 s)  BLER16: R2-ours-G=0.33 R3-bigamp=0.65 R4-scvamp=0.72 M-ours-gmm32=0.28 R5-genie=0.00
725/896 done    D2_C1_S2_Nr8_T16_Tp2_dft_snr12_skip2080_n40.npz  (643 s)  BLER16: R2-ours-G=0.25 R3-bigamp=0.72 R4-scvamp=0.68 M-ours-gmm32=0.28 R5-genie=0.00
726/896 done    D2_C1_S2_Nr8_T16_Tp2_dft_snr3_skip2040_n40.npz  (678 s)  BLER16: R2-ours-G=0.47 R3-bigamp=0.78 R4-scvamp=0.80 M-ours-gmm32=0.50 R5-genie=0.00
727/896 done    D2_C1_S2_Nr8_T16_Tp2_dft_snr3_skip2080_n40.npz  (652 s)  BLER16: R2-ours-G=0.40 R3-bigamp=0.70 R4-scvamp=0.70 M-ours-gmm32=0.38 R5-genie=0.03
728/896 done    D2_C1_S2_Nr8_T16_Tp2_dft_snr0_skip2040_n40.npz  (692 s)  BLER16: R2-ours-G=0.55 R3-bigamp=0.88 R4-scvamp=0.82 M-ours-gmm32=0.50 R5-genie=0.00
729/896 done    D2_C5_S2_Nr8_T16_Tp3_dft_snr3_skip2080_n40.npz  (667 s)  BLER16: R2-ours-G=0.28 R3-bigamp=0.57 R4-scvamp=0.47 M-ours-gmm32=0.10 R5-genie=0.00
730/896 done    D2_C1_S2_Nr8_T16_Tp2_dft_snr9_skip2080_n40.npz  (659 s)  BLER16: R2-ours-G=0.45 R3-bigamp=0.78 R4-scvamp=0.80 M-ours-gmm32=0.47 R5-genie=0.00
731/896 done    D2_C1_S2_Nr8_T16_Tp2_dft_snr15_skip2080_n40.npz  (655 s)  BLER16: R2-ours-G=0.45 R3-bigamp=0.82 R4-scvamp=0.80 M-ours-gmm32=0.60 R5-genie=0.00
732/896 done    D2_C5_S2_Nr8_T16_Tp3_dft_snr6_skip1960_n40.npz  (824 s)  BLER16: R2-ours-G=0.10 R3-bigamp=0.35 R4-scvamp=0.40 M-ours-gmm32=0.15 R5-genie=0.03
733/896 done    D2_C1_S2_Nr8_T16_Tp2_dft_snr12_skip2040_n40.npz  (688 s)  BLER16: R2-ours-G=0.35 R3-bigamp=0.72 R4-scvamp=0.70 M-ours-gmm32=0.45 R5-genie=0.00
734/896 done    D2_C1_S2_Nr8_T16_Tp2_dft_snr-3_skip2080_n40.npz  (670 s)  BLER16: R2-ours-G=0.72 R3-bigamp=0.93 R4-scvamp=0.97 M-ours-gmm32=0.65 R5-genie=0.05  [26 arm-trial exceptions recorded]
735/896 done    D2_C1_S2_Nr8_T16_Tp2_dft_snr15_skip1880_n40.npz  (932 s)  BLER16: R2-ours-G=0.35 R3-bigamp=0.75 R4-scvamp=0.72 M-ours-gmm32=0.33 R5-genie=0.00
736/896 done    D2_C5_S2_Nr8_T16_Tp3_dft_snr15_skip2080_n40.npz  (675 s)  BLER16: R2-ours-G=0.12 R3-bigamp=0.33 R4-scvamp=0.53 M-ours-gmm32=0.10 R5-genie=0.00
737/896 done    D2_C1_S2_Nr8_T16_Tp2_dft_snr0_skip2080_n40.npz  (673 s)  BLER16: R2-ours-G=0.57 R3-bigamp=0.78 R4-scvamp=0.82 M-ours-gmm32=0.53 R5-genie=0.00
738/896 done    D2_C5_S2_Nr8_T16_Tp3_dft_snr-3_skip2120_n40.npz  (656 s)  BLER16: R2-ours-G=0.60 R3-bigamp=0.85 R4-scvamp=0.90 M-ours-gmm32=0.50 R5-genie=0.03
739/896 done    D2_C1_S2_Nr8_T16_Tp2_dft_snr9_skip2040_n40.npz  (701 s)  BLER16: R2-ours-G=0.50 R3-bigamp=0.80 R4-scvamp=0.72 M-ours-gmm32=0.40 R5-genie=0.00
740/896 done    D2_C5_S2_Nr8_T16_Tp3_dft_snr9_skip2080_n40.npz  (688 s)  BLER16: R2-ours-G=0.17 R3-bigamp=0.30 R4-scvamp=0.45 M-ours-gmm32=0.12 R5-genie=0.00
741/896 done    D2_C1_S2_Nr8_T16_Tp2_dft_snr15_skip2040_n40.npz  (693 s)  BLER16: R2-ours-G=0.30 R3-bigamp=0.65 R4-scvamp=0.82 M-ours-gmm32=0.35 R5-genie=0.00
742/896 done    D2_C5_S2_Nr8_T16_Tp3_dft_snr12_skip2080_n40.npz  (684 s)  BLER16: R2-ours-G=0.10 R3-bigamp=0.40 R4-scvamp=0.53 M-ours-gmm32=0.12 R5-genie=0.00
743/896 done    D2_C5_S2_Nr8_T16_Tp3_dft_snr3_skip2120_n40.npz  (665 s)  BLER16: R2-ours-G=0.25 R3-bigamp=0.55 R4-scvamp=0.65 M-ours-gmm32=0.23 R5-genie=0.03
744/896 done    D2_C5_S2_Nr8_T16_Tp3_dft_snr6_skip2120_n40.npz  (666 s)  BLER16: R2-ours-G=0.20 R3-bigamp=0.42 R4-scvamp=0.53 M-ours-gmm32=0.15 R5-genie=0.00
745/896 done    D2_C1_S2_Nr8_T16_Tp2_dft_snr6_skip2080_n40.npz  (685 s)  BLER16: R2-ours-G=0.45 R3-bigamp=0.72 R4-scvamp=0.62 M-ours-gmm32=0.42 R5-genie=0.00
746/896 done    D2_C5_S2_Nr8_T16_Tp3_dft_snr15_skip2120_n40.npz  (662 s)  BLER16: R2-ours-G=0.10 R3-bigamp=0.38 R4-scvamp=0.50 M-ours-gmm32=0.12 R5-genie=0.00
747/896 done    D2_C5_S2_Nr8_T16_Tp3_dft_snr9_skip2120_n40.npz  (687 s)  BLER16: R2-ours-G=0.05 R3-bigamp=0.35 R4-scvamp=0.50 M-ours-gmm32=0.07 R5-genie=0.00
748/896 done    D2_C1_S2_Nr8_T16_Tp2_dft_snr-3_skip2120_n40.npz  (673 s)  BLER16: R2-ours-G=0.72 R3-bigamp=0.93 R4-scvamp=0.95 M-ours-gmm32=0.75 R5-genie=0.03  [25 arm-trial exceptions recorded]
749/896 done    D2_C5_S2_Nr8_T16_Tp3_dft_snr0_skip2160_n40.npz  (632 s)  BLER16: R2-ours-G=0.40 R3-bigamp=0.72 R4-scvamp=0.72 M-ours-gmm32=0.20 R5-genie=0.00
750/896 done    D2_C5_S2_Nr8_T16_Tp3_dft_snr0_skip2120_n40.npz  (702 s)  BLER16: R2-ours-G=0.38 R3-bigamp=0.60 R4-scvamp=0.57 M-ours-gmm32=0.28 R5-genie=0.00
751/896 done    D2_C1_S2_Nr8_T16_Tp2_dft_snr12_skip2120_n40.npz  (653 s)  BLER16: R2-ours-G=0.33 R3-bigamp=0.75 R4-scvamp=0.72 M-ours-gmm32=0.35 R5-genie=0.00
752/896 done    D2_C5_S2_Nr8_T16_Tp3_dft_snr-3_skip2160_n40.npz  (643 s)  BLER16: R2-ours-G=0.62 R3-bigamp=0.82 R4-scvamp=0.82 M-ours-gmm32=0.57 R5-genie=0.05
753/896 done    D2_C5_S2_Nr8_T16_Tp3_dft_snr12_skip2120_n40.npz  (684 s)  BLER16: R2-ours-G=0.05 R3-bigamp=0.23 R4-scvamp=0.47 M-ours-gmm32=0.05 R5-genie=0.00
754/896 done    D2_C1_S2_Nr8_T16_Tp2_dft_snr15_skip2120_n40.npz  (646 s)  BLER16: R2-ours-G=0.33 R3-bigamp=0.85 R4-scvamp=0.82 M-ours-gmm32=0.35 R5-genie=0.00
755/896 done    D2_C1_S2_Nr8_T16_Tp2_dft_snr0_skip2120_n40.npz  (674 s)  BLER16: R2-ours-G=0.50 R3-bigamp=0.85 R4-scvamp=0.78 M-ours-gmm32=0.55 R5-genie=0.05
756/896 done    D2_C5_S2_Nr8_T16_Tp3_dft_snr3_skip2160_n40.npz  (643 s)  BLER16: R2-ours-G=0.10 R3-bigamp=0.33 R4-scvamp=0.42 M-ours-gmm32=0.07 R5-genie=0.00
757/896 done    D2_C1_S2_Nr8_T16_Tp2_dft_snr9_skip2120_n40.npz  (673 s)  BLER16: R2-ours-G=0.40 R3-bigamp=0.68 R4-scvamp=0.68 M-ours-gmm32=0.38 R5-genie=0.00
758/896 done    D2_C5_S2_Nr8_T16_Tp3_dft_snr15_skip2160_n40.npz  (631 s)  BLER16: R2-ours-G=0.10 R3-bigamp=0.33 R4-scvamp=0.45 M-ours-gmm32=0.15 R5-genie=0.00
759/896 done    D2_C1_S2_Nr8_T16_Tp2_dft_snr6_skip2120_n40.npz  (681 s)  BLER16: R2-ours-G=0.35 R3-bigamp=0.70 R4-scvamp=0.60 M-ours-gmm32=0.35 R5-genie=0.00
760/896 done    D2_C1_S2_Nr8_T16_Tp2_dft_snr0_skip2160_n40.npz  (621 s)  BLER16: R2-ours-G=0.62 R3-bigamp=0.80 R4-scvamp=0.80 M-ours-gmm32=0.45 R5-genie=0.00
761/896 done    D2_C1_S2_Nr8_T16_Tp2_dft_snr3_skip2120_n40.npz  (689 s)  BLER16: R2-ours-G=0.42 R3-bigamp=0.85 R4-scvamp=0.80 M-ours-gmm32=0.50 R5-genie=0.00
762/896 done    D2_C5_S2_Nr8_T16_Tp3_dft_snr12_skip2160_n40.npz  (637 s)  BLER16: R2-ours-G=0.17 R3-bigamp=0.53 R4-scvamp=0.45 M-ours-gmm32=0.17 R5-genie=0.00
763/896 done    D2_C5_S2_Nr8_T16_Tp3_dft_snr9_skip2160_n40.npz  (649 s)  BLER16: R2-ours-G=0.03 R3-bigamp=0.33 R4-scvamp=0.35 M-ours-gmm32=0.05 R5-genie=0.00
764/896 done    D2_C1_S2_Nr8_T16_Tp2_dft_snr3_skip2160_n40.npz  (636 s)  BLER16: R2-ours-G=0.40 R3-bigamp=0.82 R4-scvamp=0.82 M-ours-gmm32=0.57 R5-genie=0.00
765/896 done    D2_C5_S2_Nr8_T16_Tp3_dft_snr-3_skip2200_n40.npz  (619 s)  BLER16: R2-ours-G=0.70 R3-bigamp=0.90 R4-scvamp=0.82 M-ours-gmm32=0.65 R5-genie=0.03
766/896 done    D2_C5_S2_Nr8_T16_Tp3_dft_snr0_skip2200_n40.npz  (628 s)  BLER16: R2-ours-G=0.17 R3-bigamp=0.68 R4-scvamp=0.70 M-ours-gmm32=0.20 R5-genie=0.03
767/896 done    D2_C5_S2_Nr8_T16_Tp3_dft_snr-3_skip2240_n40.npz  (612 s)  BLER16: R2-ours-G=0.62 R3-bigamp=0.78 R4-scvamp=0.82 M-ours-gmm32=0.53 R5-genie=0.05
768/896 done    D2_C5_S2_Nr8_T16_Tp3_dft_snr15_skip2200_n40.npz  (636 s)  BLER16: R2-ours-G=0.05 R3-bigamp=0.45 R4-scvamp=0.47 M-ours-gmm32=0.12 R5-genie=0.00
769/896 done    D2_C1_S2_Nr8_T16_Tp2_dft_snr15_skip2160_n40.npz  (659 s)  BLER16: R2-ours-G=0.17 R3-bigamp=0.68 R4-scvamp=0.68 M-ours-gmm32=0.30 R5-genie=0.00
770/896 done    D2_C5_S2_Nr8_T16_Tp3_dft_snr6_skip2200_n40.npz  (646 s)  BLER16: R2-ours-G=0.17 R3-bigamp=0.42 R4-scvamp=0.62 M-ours-gmm32=0.15 R5-genie=0.00
771/896 done    D2_C5_S2_Nr8_T16_Tp3_dft_snr6_skip2240_n40.npz  (597 s)  BLER16: R2-ours-G=0.17 R3-bigamp=0.30 R4-scvamp=0.40 M-ours-gmm32=0.12 R5-genie=0.00
772/896 done    D2_C5_S2_Nr8_T16_Tp3_dft_snr12_skip2200_n40.npz  (644 s)  BLER16: R2-ours-G=0.10 R3-bigamp=0.45 R4-scvamp=0.55 M-ours-gmm32=0.17 R5-genie=0.00
773/896 done    D2_C5_S2_Nr8_T16_Tp3_dft_snr9_skip2240_n40.npz  (598 s)  BLER16: R2-ours-G=0.12 R3-bigamp=0.33 R4-scvamp=0.45 M-ours-gmm32=0.17 R5-genie=0.00
774/896 done    D2_C5_S2_Nr8_T16_Tp3_dft_snr3_skip2200_n40.npz  (653 s)  BLER16: R2-ours-G=0.23 R3-bigamp=0.50 R4-scvamp=0.60 M-ours-gmm32=0.20 R5-genie=0.00
775/896 done    D2_C1_S2_Nr8_T16_Tp2_dft_snr9_skip2160_n40.npz  (683 s)  BLER16: R2-ours-G=0.35 R3-bigamp=0.80 R4-scvamp=0.70 M-ours-gmm32=0.55 R5-genie=0.00
776/896 done    D2_C1_S2_Nr8_T16_Tp2_dft_snr12_skip2200_n40.npz  (644 s)  BLER16: R2-ours-G=0.30 R3-bigamp=0.80 R4-scvamp=0.70 M-ours-gmm32=0.35 R5-genie=0.00
777/896 done    D2_C1_S2_Nr8_T16_Tp2_dft_snr-3_skip2160_n40.npz  (707 s)  BLER16: R2-ours-G=0.80 R3-bigamp=0.88 R4-scvamp=0.93 M-ours-gmm32=0.65 R5-genie=0.00  [29 arm-trial exceptions recorded]
778/896 done    D2_C1_S2_Nr8_T16_Tp2_dft_snr3_skip2280_n40.npz  (552 s)  BLER16: R2-ours-G=0.50 R3-bigamp=0.88 R4-scvamp=0.78 M-ours-gmm32=0.55 R5-genie=0.00
779/896 done    D2_C5_S2_Nr8_T16_Tp3_dft_snr6_skip2160_n40.npz  (725 s)  BLER16: R2-ours-G=0.15 R3-bigamp=0.38 R4-scvamp=0.53 M-ours-gmm32=0.15 R5-genie=0.00
780/896 done    D2_C1_S2_Nr8_T16_Tp2_dft_snr-3_skip2200_n40.npz  (660 s)  BLER16: R2-ours-G=0.85 R3-bigamp=0.97 R4-scvamp=0.97 M-ours-gmm32=0.68 R5-genie=0.00  [22 arm-trial exceptions recorded]
781/896 done    D2_C1_S2_Nr8_T16_Tp2_dft_snr0_skip2200_n40.npz  (662 s)  BLER16: R2-ours-G=0.62 R3-bigamp=0.90 R4-scvamp=0.85 M-ours-gmm32=0.50 R5-genie=0.00
782/896 done    D2_C1_S2_Nr8_T16_Tp2_dft_snr6_skip2160_n40.npz  (695 s)  BLER16: R2-ours-G=0.47 R3-bigamp=0.70 R4-scvamp=0.78 M-ours-gmm32=0.42 R5-genie=0.00
783/896 done    D2_C1_S2_Nr8_T16_Tp2_dft_snr-3_skip2240_n40.npz  (608 s)  BLER16: R2-ours-G=0.82 R3-bigamp=1.00 R4-scvamp=0.97 M-ours-gmm32=0.75 R5-genie=0.00  [30 arm-trial exceptions recorded]
784/896 done    D2_C1_S2_Nr8_T16_Tp2_dft_snr6_skip2240_n40.npz  (604 s)  BLER16: R2-ours-G=0.38 R3-bigamp=0.80 R4-scvamp=0.78 M-ours-gmm32=0.33 R5-genie=0.00
785/896 done    D2_C1_S2_Nr8_T16_Tp2_dft_snr9_skip2240_n40.npz  (607 s)  BLER16: R2-ours-G=0.45 R3-bigamp=0.75 R4-scvamp=0.75 M-ours-gmm32=0.45 R5-genie=0.00
786/896 done    D2_C5_S2_Nr8_T16_Tp3_dft_snr3_skip2240_n40.npz  (632 s)  BLER16: R2-ours-G=0.17 R3-bigamp=0.50 R4-scvamp=0.57 M-ours-gmm32=0.17 R5-genie=0.00
787/896 done    D2_C5_S2_Nr8_T16_Tp3_dft_snr9_skip2200_n40.npz  (679 s)  BLER16: R2-ours-G=0.17 R3-bigamp=0.33 R4-scvamp=0.55 M-ours-gmm32=0.20 R5-genie=0.00
788/896 done    D2_C1_S2_Nr8_T16_Tp2_dft_snr12_skip2160_n40.npz  (701 s)  BLER16: R2-ours-G=0.35 R3-bigamp=0.78 R4-scvamp=0.65 M-ours-gmm32=0.42 R5-genie=0.00
789/896 done    D2_C5_S2_Nr8_T16_Tp3_dft_snr12_skip2240_n40.npz  (625 s)  BLER16: R2-ours-G=0.07 R3-bigamp=0.23 R4-scvamp=0.38 M-ours-gmm32=0.12 R5-genie=0.00
790/896 done    D2_C5_S2_Nr8_T16_Tp3_dft_snr0_skip2280_n40.npz  (600 s)  BLER16: R2-ours-G=0.25 R3-bigamp=0.53 R4-scvamp=0.68 M-ours-gmm32=0.23 R5-genie=0.00
791/896 done    D2_C5_S2_Nr8_T16_Tp3_dft_snr3_skip2280_n40.npz  (600 s)  BLER16: R2-ours-G=0.23 R3-bigamp=0.57 R4-scvamp=0.57 M-ours-gmm32=0.28 R5-genie=0.00
792/896 done    D2_C1_S2_Nr8_T16_Tp2_dft_snr9_skip2280_n40.npz  (570 s)  BLER16: R2-ours-G=0.33 R3-bigamp=0.78 R4-scvamp=0.70 M-ours-gmm32=0.38 R5-genie=0.00
793/896 done    D2_C1_S2_Nr8_T16_Tp2_dft_snr15_skip2240_n40.npz  (611 s)  BLER16: R2-ours-G=0.35 R3-bigamp=0.75 R4-scvamp=0.70 M-ours-gmm32=0.30 R5-genie=0.00
794/896 done    D2_C1_S2_Nr8_T16_Tp2_dft_snr3_skip2200_n40.npz  (686 s)  BLER16: R2-ours-G=0.42 R3-bigamp=0.78 R4-scvamp=0.80 M-ours-gmm32=0.40 R5-genie=0.03
795/896 done    D2_C5_S2_Nr8_T16_Tp3_dft_snr9_skip2280_n40.npz  (597 s)  BLER16: R2-ours-G=0.03 R3-bigamp=0.30 R4-scvamp=0.35 M-ours-gmm32=0.05 R5-genie=0.00
796/896 done    D2_C1_S2_Nr8_T16_Tp2_dft_snr12_skip2240_n40.npz  (630 s)  BLER16: R2-ours-G=0.28 R3-bigamp=0.70 R4-scvamp=0.72 M-ours-gmm32=0.30 R5-genie=0.00
797/896 done    D2_C1_S2_Nr8_T16_Tp2_dft_snr9_skip2200_n40.npz  (695 s)  BLER16: R2-ours-G=0.38 R3-bigamp=0.78 R4-scvamp=0.75 M-ours-gmm32=0.33 R5-genie=0.00
798/896 done    D2_C5_S2_Nr8_T16_Tp3_dft_snr-3_skip2280_n40.npz  (626 s)  BLER16: R2-ours-G=0.47 R3-bigamp=0.82 R4-scvamp=0.82 M-ours-gmm32=0.50 R5-genie=0.03
799/896 done    D2_C5_S2_Nr8_T16_Tp3_dft_snr6_skip2280_n40.npz  (619 s)  BLER16: R2-ours-G=0.10 R3-bigamp=0.30 R4-scvamp=0.42 M-ours-gmm32=0.15 R5-genie=0.00
800/896 done    D2_C1_S2_Nr8_T16_Tp2_dft_snr3_skip2320_n40.npz  (532 s)  BLER16: R2-ours-G=0.47 R3-bigamp=0.82 R4-scvamp=0.85 M-ours-gmm32=0.53 R5-genie=0.00
801/896 done    D2_C1_S2_Nr8_T16_Tp2_dft_snr-3_skip2280_n40.npz  (606 s)  BLER16: R2-ours-G=0.80 R3-bigamp=0.90 R4-scvamp=0.90 M-ours-gmm32=0.80 R5-genie=0.00  [20 arm-trial exceptions recorded]
802/896 done    D2_C1_S2_Nr8_T16_Tp2_dft_snr-3_skip2360_n40.npz  (500 s)  BLER16: R2-ours-G=0.70 R3-bigamp=0.95 R4-scvamp=0.95 M-ours-gmm32=0.72 R5-genie=0.12  [19 arm-trial exceptions recorded]
803/896 done    D2_C1_S2_Nr8_T16_Tp2_dft_snr15_skip2280_n40.npz  (588 s)  BLER16: R2-ours-G=0.25 R3-bigamp=0.75 R4-scvamp=0.85 M-ours-gmm32=0.35 R5-genie=0.00
804/896 done    D2_C1_S2_Nr8_T16_Tp2_dft_snr12_skip2280_n40.npz  (592 s)  BLER16: R2-ours-G=0.33 R3-bigamp=0.72 R4-scvamp=0.75 M-ours-gmm32=0.40 R5-genie=0.00
805/896 done    D2_C5_S2_Nr8_T16_Tp3_dft_snr12_skip2280_n40.npz  (616 s)  BLER16: R2-ours-G=0.07 R3-bigamp=0.25 R4-scvamp=0.47 M-ours-gmm32=0.17 R5-genie=0.00
806/896 done    D2_C1_S2_Nr8_T16_Tp2_dft_snr0_skip2280_n40.npz  (612 s)  BLER16: R2-ours-G=0.42 R3-bigamp=0.75 R4-scvamp=0.78 M-ours-gmm32=0.55 R5-genie=0.00
807/896 done    D2_C5_S2_Nr8_T16_Tp3_dft_snr-3_skip2320_n40.npz  (590 s)  BLER16: R2-ours-G=0.70 R3-bigamp=0.95 R4-scvamp=0.88 M-ours-gmm32=0.57 R5-genie=0.00
808/896 done    D2_C5_S2_Nr8_T16_Tp3_dft_snr15_skip2280_n40.npz  (618 s)  BLER16: R2-ours-G=0.05 R3-bigamp=0.47 R4-scvamp=0.50 M-ours-gmm32=0.10 R5-genie=0.00
809/896 done    D2_C1_S2_Nr8_T16_Tp2_dft_snr3_skip2240_n40.npz  (656 s)  BLER16: R2-ours-G=0.50 R3-bigamp=0.78 R4-scvamp=0.78 M-ours-gmm32=0.45 R5-genie=0.00
810/896 done    D2_C5_S2_Nr8_T16_Tp3_dft_snr-3_skip2400_n40.npz  (499 s)  BLER16: R2-ours-G=0.60 R3-bigamp=0.93 R4-scvamp=0.88 M-ours-gmm32=0.53 R5-genie=0.03
811/896 done    D2_C5_S2_Nr8_T16_Tp3_dft_snr-3_skip2360_n40.npz  (540 s)  BLER16: R2-ours-G=0.65 R3-bigamp=0.85 R4-scvamp=0.85 M-ours-gmm32=0.55 R5-genie=0.00
812/896 done    D2_C5_S2_Nr8_T16_Tp3_dft_snr0_skip2320_n40.npz  (595 s)  BLER16: R2-ours-G=0.30 R3-bigamp=0.47 R4-scvamp=0.70 M-ours-gmm32=0.28 R5-genie=0.05
813/896 done    D2_C1_S2_Nr8_T16_Tp2_dft_snr15_skip2200_n40.npz  (711 s)  BLER16: R2-ours-G=0.25 R3-bigamp=0.80 R4-scvamp=0.70 M-ours-gmm32=0.38 R5-genie=0.00
814/896 done    D2_C5_S2_Nr8_T16_Tp3_dft_snr9_skip2360_n40.npz  (529 s)  BLER16: R2-ours-G=0.10 R3-bigamp=0.28 R4-scvamp=0.47 M-ours-gmm32=0.05 R5-genie=0.00
815/896 done    D2_C1_S2_Nr8_T16_Tp2_dft_snr0_skip2240_n40.npz  (664 s)  BLER16: R2-ours-G=0.70 R3-bigamp=0.80 R4-scvamp=0.88 M-ours-gmm32=0.53 R5-genie=0.03
816/896 done    D2_C1_S2_Nr8_T16_Tp2_dft_snr6_skip2200_n40.npz  (726 s)  BLER16: R2-ours-G=0.55 R3-bigamp=0.88 R4-scvamp=0.68 M-ours-gmm32=0.50 R5-genie=0.03
817/896 done    D2_C5_S2_Nr8_T16_Tp3_dft_snr3_skip2320_n40.npz  (598 s)  BLER16: R2-ours-G=0.17 R3-bigamp=0.53 R4-scvamp=0.60 M-ours-gmm32=0.23 R5-genie=0.00
818/896 done    D2_C1_S2_Nr8_T16_Tp2_dft_snr9_skip2400_n40.npz  (480 s)  BLER16: R2-ours-G=0.30 R3-bigamp=0.78 R4-scvamp=0.72 M-ours-gmm32=0.40 R5-genie=0.00
819/896 done    D2_C5_S2_Nr8_T16_Tp3_dft_snr12_skip2320_n40.npz  (572 s)  BLER16: R2-ours-G=0.10 R3-bigamp=0.20 R4-scvamp=0.42 M-ours-gmm32=0.07 R5-genie=0.00
820/896 done    D2_C1_S2_Nr8_T16_Tp2_dft_snr6_skip2280_n40.npz  (629 s)  BLER16: R2-ours-G=0.35 R3-bigamp=0.70 R4-scvamp=0.65 M-ours-gmm32=0.47 R5-genie=0.00
821/896 done    D2_C5_S2_Nr8_T16_Tp3_dft_snr-3_skip2440_n40.npz  (465 s)  BLER16: R2-ours-G=0.62 R3-bigamp=0.85 R4-scvamp=0.93 M-ours-gmm32=0.45 R5-genie=0.03
822/896 done    D2_C1_S2_Nr8_T16_Tp2_dft_snr-3_skip2320_n40.npz  (567 s)  BLER16: R2-ours-G=0.82 R3-bigamp=0.97 R4-scvamp=0.95 M-ours-gmm32=0.72 R5-genie=0.00  [26 arm-trial exceptions recorded]
823/896 done    D2_C1_S2_Nr8_T16_Tp2_dft_snr3_skip2360_n40.npz  (526 s)  BLER16: R2-ours-G=0.40 R3-bigamp=0.65 R4-scvamp=0.62 M-ours-gmm32=0.40 R5-genie=0.03
824/896 done    D2_C5_S2_Nr8_T16_Tp3_dft_snr15_skip2240_n40.npz  (682 s)  BLER16: R2-ours-G=0.10 R3-bigamp=0.33 R4-scvamp=0.47 M-ours-gmm32=0.12 R5-genie=0.00
825/896 done    D2_C5_S2_Nr8_T16_Tp3_dft_snr15_skip2320_n40.npz  (573 s)  BLER16: R2-ours-G=0.12 R3-bigamp=0.30 R4-scvamp=0.42 M-ours-gmm32=0.17 R5-genie=0.00
826/896 done    D2_C5_S2_Nr8_T16_Tp3_dft_snr9_skip2440_n40.npz  (458 s)  BLER16: R2-ours-G=0.20 R3-bigamp=0.35 R4-scvamp=0.60 M-ours-gmm32=0.12 R5-genie=0.00
827/896 done    D2_C1_S2_Nr8_T16_Tp2_dft_snr12_skip2320_n40.npz  (565 s)  BLER16: R2-ours-G=0.40 R3-bigamp=0.75 R4-scvamp=0.62 M-ours-gmm32=0.40 R5-genie=0.03
828/896 done    D2_C1_S2_Nr8_T16_Tp2_dft_snr9_skip2360_n40.npz  (527 s)  BLER16: R2-ours-G=0.40 R3-bigamp=0.72 R4-scvamp=0.72 M-ours-gmm32=0.53 R5-genie=0.00
829/896 done    D2_C5_S2_Nr8_T16_Tp3_dft_snr0_skip2400_n40.npz  (522 s)  BLER16: R2-ours-G=0.20 R3-bigamp=0.53 R4-scvamp=0.62 M-ours-gmm32=0.15 R5-genie=0.00
830/896 done    D2_C1_S2_Nr8_T16_Tp2_dft_snr12_skip2400_n40.npz  (487 s)  BLER16: R2-ours-G=0.42 R3-bigamp=0.70 R4-scvamp=0.65 M-ours-gmm32=0.20 R5-genie=0.00
831/896 done    D2_C1_S2_Nr8_T16_Tp2_dft_snr15_skip2320_n40.npz  (569 s)  BLER16: R2-ours-G=0.35 R3-bigamp=0.70 R4-scvamp=0.80 M-ours-gmm32=0.35 R5-genie=0.00
832/896 done    D2_C5_S2_Nr8_T16_Tp3_dft_snr0_skip2360_n40.npz  (567 s)  BLER16: R2-ours-G=0.35 R3-bigamp=0.62 R4-scvamp=0.72 M-ours-gmm32=0.30 R5-genie=0.00
833/896 done    D2_C1_S2_Nr8_T16_Tp2_dft_snr-3_skip2400_n40.npz  (517 s)  BLER16: R2-ours-G=0.78 R3-bigamp=0.95 R4-scvamp=0.95 M-ours-gmm32=0.72 R5-genie=0.03  [19 arm-trial exceptions recorded]
834/896 done    D2_C1_S2_Nr8_T16_Tp2_dft_snr6_skip2320_n40.npz  (581 s)  BLER16: R2-ours-G=0.50 R3-bigamp=0.85 R4-scvamp=0.78 M-ours-gmm32=0.35 R5-genie=0.00
835/896 done    D2_C5_S2_Nr8_T16_Tp3_dft_snr9_skip2320_n40.npz  (600 s)  BLER16: R2-ours-G=0.17 R3-bigamp=0.42 R4-scvamp=0.45 M-ours-gmm32=0.20 R5-genie=0.00
836/896 done    D2_C5_S2_Nr8_T16_Tp3_dft_snr6_skip2360_n40.npz  (560 s)  BLER16: R2-ours-G=0.12 R3-bigamp=0.40 R4-scvamp=0.50 M-ours-gmm32=0.12 R5-genie=0.00
837/896 done    D2_C5_S2_Nr8_T16_Tp3_dft_snr3_skip2360_n40.npz  (575 s)  BLER16: R2-ours-G=0.25 R3-bigamp=0.42 R4-scvamp=0.68 M-ours-gmm32=0.38 R5-genie=0.00
838/896 done    D2_C5_S2_Nr8_T16_Tp3_dft_snr12_skip2400_n40.npz  (534 s)  BLER16: R2-ours-G=0.07 R3-bigamp=0.28 R4-scvamp=0.42 M-ours-gmm32=0.12 R5-genie=0.00
839/896 done    D2_C5_S2_Nr8_T16_Tp3_dft_snr0_skip2240_n40.npz  (728 s)  BLER16: R2-ours-G=0.33 R3-bigamp=0.68 R4-scvamp=0.70 M-ours-gmm32=0.25 R5-genie=0.05
840/896 done    D2_C1_S2_Nr8_T16_Tp2_dft_snr0_skip2320_n40.npz  (595 s)  BLER16: R2-ours-G=0.60 R3-bigamp=0.85 R4-scvamp=0.85 M-ours-gmm32=0.50 R5-genie=0.00
841/896 done    D2_C1_S2_Nr8_T16_Tp2_dft_snr0_skip2440_n40.npz  (468 s)  BLER16: R2-ours-G=0.47 R3-bigamp=0.80 R4-scvamp=0.80 M-ours-gmm32=0.45 R5-genie=0.03
842/896 done    D2_C5_S2_Nr8_T16_Tp3_dft_snr12_skip2360_n40.npz  (570 s)  BLER16: R2-ours-G=0.05 R3-bigamp=0.40 R4-scvamp=0.45 M-ours-gmm32=0.07 R5-genie=0.00
843/896 done    D2_C1_S2_Nr8_T16_Tp2_dft_snr0_skip2400_n40.npz  (532 s)  BLER16: R2-ours-G=0.53 R3-bigamp=0.78 R4-scvamp=0.82 M-ours-gmm32=0.53 R5-genie=0.03
844/896 done    D2_C1_S2_Nr8_T16_Tp2_dft_snr0_skip2360_n40.npz  (560 s)  BLER16: R2-ours-G=0.47 R3-bigamp=0.80 R4-scvamp=0.82 M-ours-gmm32=0.60 R5-genie=0.03
845/896 done    D2_C5_S2_Nr8_T16_Tp3_dft_snr15_skip2360_n40.npz  (569 s)  BLER16: R2-ours-G=0.05 R3-bigamp=0.40 R4-scvamp=0.53 M-ours-gmm32=0.25 R5-genie=0.00
846/896 done    D2_C1_S2_Nr8_T16_Tp2_dft_snr6_skip2440_n40.npz  (467 s)  BLER16: R2-ours-G=0.35 R3-bigamp=0.78 R4-scvamp=0.68 M-ours-gmm32=0.38 R5-genie=0.00
847/896 done    D2_C5_S2_Nr8_T16_Tp3_dft_snr6_skip2480_n40.npz  (427 s)  BLER16: R2-ours-G=0.12 R3-bigamp=0.50 R4-scvamp=0.60 M-ours-gmm32=0.17 R5-genie=0.00
848/896 done    D2_C1_S2_Nr8_T16_Tp2_dft_snr15_skip2400_n40.npz  (504 s)  BLER16: R2-ours-G=0.42 R3-bigamp=0.70 R4-scvamp=0.85 M-ours-gmm32=0.28 R5-genie=0.00
849/896 done    D2_C1_S2_Nr8_T16_Tp2_dft_snr12_skip2360_n40.npz  (560 s)  BLER16: R2-ours-G=0.40 R3-bigamp=0.65 R4-scvamp=0.68 M-ours-gmm32=0.30 R5-genie=0.00
850/896 done    D2_C1_S2_Nr8_T16_Tp2_dft_snr9_skip2440_n40.npz  (460 s)  BLER16: R2-ours-G=0.40 R3-bigamp=0.82 R4-scvamp=0.75 M-ours-gmm32=0.28 R5-genie=0.00
851/896 done    D2_C5_S2_Nr8_T16_Tp3_dft_snr12_skip2440_n40.npz  (492 s)  BLER16: R2-ours-G=0.10 R3-bigamp=0.42 R4-scvamp=0.50 M-ours-gmm32=0.12 R5-genie=0.00
852/896 done    D2_C1_S2_Nr8_T16_Tp2_dft_snr6_skip2480_n40.npz  (401 s)  BLER16: R2-ours-G=0.35 R3-bigamp=0.78 R4-scvamp=0.65 M-ours-gmm32=0.50 R5-genie=0.00
853/896 done    D2_C1_S2_Nr8_T16_Tp2_dft_snr9_skip2320_n40.npz  (602 s)  BLER16: R2-ours-G=0.28 R3-bigamp=0.75 R4-scvamp=0.70 M-ours-gmm32=0.38 R5-genie=0.00
854/896 done    D2_C5_S2_Nr8_T16_Tp3_dft_snr9_skip2400_n40.npz  (552 s)  BLER16: R2-ours-G=0.10 R3-bigamp=0.47 R4-scvamp=0.47 M-ours-gmm32=0.07 R5-genie=0.00
855/896 done    D2_C5_S2_Nr8_T16_Tp3_dft_snr6_skip2320_n40.npz  (627 s)  BLER16: R2-ours-G=0.10 R3-bigamp=0.33 R4-scvamp=0.45 M-ours-gmm32=0.23 R5-genie=0.00
856/896 done    D2_C5_S2_Nr8_T16_Tp3_dft_snr3_skip2400_n40.npz  (554 s)  BLER16: R2-ours-G=0.20 R3-bigamp=0.62 R4-scvamp=0.60 M-ours-gmm32=0.28 R5-genie=0.03
857/896 done    D2_C5_S2_Nr8_T16_Tp3_dft_snr6_skip2400_n40.npz  (553 s)  BLER16: R2-ours-G=0.10 R3-bigamp=0.28 R4-scvamp=0.42 M-ours-gmm32=0.05 R5-genie=0.00
858/896 done    D2_C1_S2_Nr8_T16_Tp2_dft_snr6_skip2400_n40.npz  (536 s)  BLER16: R2-ours-G=0.47 R3-bigamp=0.68 R4-scvamp=0.78 M-ours-gmm32=0.45 R5-genie=0.00
859/896 done    D2_C1_S2_Nr8_T16_Tp2_dft_snr12_skip2440_n40.npz  (462 s)  BLER16: R2-ours-G=0.28 R3-bigamp=0.75 R4-scvamp=0.82 M-ours-gmm32=0.23 R5-genie=0.00
860/896 done    D2_C5_S2_Nr8_T16_Tp3_dft_snr0_skip2440_n40.npz  (511 s)  BLER16: R2-ours-G=0.25 R3-bigamp=0.45 R4-scvamp=0.68 M-ours-gmm32=0.20 R5-genie=0.00
861/896 done    D2_C1_S2_Nr8_T16_Tp2_dft_snr6_skip2360_n40.npz  (573 s)  BLER16: R2-ours-G=0.25 R3-bigamp=0.78 R4-scvamp=0.72 M-ours-gmm32=0.42 R5-genie=0.00
862/896 done    D2_C5_S2_Nr8_T16_Tp3_dft_snr15_skip2440_n40.npz  (495 s)  BLER16: R2-ours-G=0.12 R3-bigamp=0.42 R4-scvamp=0.42 M-ours-gmm32=0.05 R5-genie=0.00
863/896 done    D2_C1_S2_Nr8_T16_Tp2_dft_snr15_skip2360_n40.npz  (570 s)  BLER16: R2-ours-G=0.30 R3-bigamp=0.78 R4-scvamp=0.90 M-ours-gmm32=0.30 R5-genie=0.00
864/896 done    D2_C1_S2_Nr8_T16_Tp2_dft_snr15_skip2440_n40.npz  (466 s)  BLER16: R2-ours-G=0.38 R3-bigamp=0.88 R4-scvamp=0.75 M-ours-gmm32=0.30 R5-genie=0.00
865/896 done    D2_C1_S2_Nr8_T16_Tp2_dft_snr0_skip2480_n40.npz  (416 s)  BLER16: R2-ours-G=0.60 R3-bigamp=0.85 R4-scvamp=0.85 M-ours-gmm32=0.70 R5-genie=0.00
866/896 done    D2_C1_S2_Nr8_T16_Tp2_dft_snr9_skip2480_n40.npz  (410 s)  BLER16: R2-ours-G=0.33 R3-bigamp=0.82 R4-scvamp=0.68 M-ours-gmm32=0.35 R5-genie=0.00
867/896 done    D2_C5_S2_Nr8_T16_Tp3_dft_snr3_skip2440_n40.npz  (518 s)  BLER16: R2-ours-G=0.25 R3-bigamp=0.47 R4-scvamp=0.60 M-ours-gmm32=0.17 R5-genie=0.00
868/896 done    D2_C5_S2_Nr8_T16_Tp3_dft_snr6_skip2440_n40.npz  (516 s)  BLER16: R2-ours-G=0.25 R3-bigamp=0.45 R4-scvamp=0.55 M-ours-gmm32=0.23 R5-genie=0.00
869/896 done    D2_C5_S2_Nr8_T16_Tp3_dft_snr-3_skip2480_n40.npz  (461 s)  BLER16: R2-ours-G=0.53 R3-bigamp=0.82 R4-scvamp=0.82 M-ours-gmm32=0.57 R5-genie=0.03
870/896 done    D2_C1_S2_Nr8_T16_Tp2_dft_snr-3_skip2440_n40.npz  (498 s)  BLER16: R2-ours-G=0.80 R3-bigamp=0.90 R4-scvamp=0.93 M-ours-gmm32=0.85 R5-genie=0.05  [23 arm-trial exceptions recorded]
871/896 done    D2_C1_S2_Nr8_T16_Tp2_dft_snr3_skip2400_n40.npz  (554 s)  BLER16: R2-ours-G=0.50 R3-bigamp=0.70 R4-scvamp=0.88 M-ours-gmm32=0.45 R5-genie=0.00
872/896 done    D2_C5_S2_Nr8_T16_Tp3_dft_snr15_skip2400_n40.npz  (564 s)  BLER16: R2-ours-G=0.10 R3-bigamp=0.45 R4-scvamp=0.45 M-ours-gmm32=0.12 R5-genie=0.00
873/896 done    D2_C5_S2_Nr8_T16_Tp3_dft_snr12_skip2480_n40.npz  (430 s)  BLER16: R2-ours-G=0.12 R3-bigamp=0.40 R4-scvamp=0.47 M-ours-gmm32=0.12 R5-genie=0.00
874/896 done    D2_C5_S2_Nr8_T16_Tp3_dft_snr0_skip2480_n40.npz  (457 s)  BLER16: R2-ours-G=0.28 R3-bigamp=0.55 R4-scvamp=0.65 M-ours-gmm32=0.28 R5-genie=0.00
875/896 done    D2_C5_S2_Nr8_T16_Tp3_dft_snr-3_skip2520_n40.npz  (409 s)  BLER16: R2-ours-G=0.68 R3-bigamp=0.88 R4-scvamp=0.95 M-ours-gmm32=0.68 R5-genie=0.10
876/896 done    D2_C5_S2_Nr8_T16_Tp3_dft_snr12_skip2520_n40.npz  (391 s)  BLER16: R2-ours-G=0.20 R3-bigamp=0.47 R4-scvamp=0.57 M-ours-gmm32=0.10 R5-genie=0.00
877/896 done    D2_C5_S2_Nr8_T16_Tp3_dft_snr3_skip2520_n40.npz  (405 s)  BLER16: R2-ours-G=0.15 R3-bigamp=0.40 R4-scvamp=0.62 M-ours-gmm32=0.17 R5-genie=0.00
878/896 done    D2_C5_S2_Nr8_T16_Tp3_dft_snr15_skip2520_n40.npz  (392 s)  BLER16: R2-ours-G=0.03 R3-bigamp=0.35 R4-scvamp=0.53 M-ours-gmm32=0.10 R5-genie=0.00
879/896 done    D2_C1_S2_Nr8_T16_Tp2_dft_snr3_skip2440_n40.npz  (499 s)  BLER16: R2-ours-G=0.53 R3-bigamp=0.78 R4-scvamp=0.78 M-ours-gmm32=0.42 R5-genie=0.03
880/896 done    D2_C1_S2_Nr8_T16_Tp2_dft_snr15_skip2480_n40.npz  (420 s)  BLER16: R2-ours-G=0.47 R3-bigamp=0.88 R4-scvamp=0.90 M-ours-gmm32=0.30 R5-genie=0.00
881/896 done    D2_C1_S2_Nr8_T16_Tp2_dft_snr12_skip2480_n40.npz  (421 s)  BLER16: R2-ours-G=0.45 R3-bigamp=0.82 R4-scvamp=0.82 M-ours-gmm32=0.28 R5-genie=0.00
882/896 done    D2_C1_S2_Nr8_T16_Tp2_dft_snr3_skip2520_n40.npz  (390 s)  BLER16: R2-ours-G=0.55 R3-bigamp=0.82 R4-scvamp=0.85 M-ours-gmm32=0.53 R5-genie=0.00
883/896 done    D2_C1_S2_Nr8_T16_Tp2_dft_snr-3_skip2520_n40.npz  (396 s)  BLER16: R2-ours-G=0.82 R3-bigamp=0.97 R4-scvamp=0.97 M-ours-gmm32=0.88 R5-genie=0.03  [20 arm-trial exceptions recorded]
884/896 done    D2_C5_S2_Nr8_T16_Tp3_dft_snr3_skip2480_n40.npz  (463 s)  BLER16: R2-ours-G=0.25 R3-bigamp=0.53 R4-scvamp=0.53 M-ours-gmm32=0.17 R5-genie=0.03
885/896 done    D2_C1_S2_Nr8_T16_Tp2_dft_snr3_skip2480_n40.npz  (439 s)  BLER16: R2-ours-G=0.28 R3-bigamp=0.60 R4-scvamp=0.72 M-ours-gmm32=0.42 R5-genie=0.03
886/896 done    D2_C5_S2_Nr8_T16_Tp3_dft_snr9_skip2480_n40.npz  (458 s)  BLER16: R2-ours-G=0.03 R3-bigamp=0.17 R4-scvamp=0.47 M-ours-gmm32=0.10 R5-genie=0.00
887/896 done    D2_C5_S2_Nr8_T16_Tp3_dft_snr9_skip2520_n40.npz  (409 s)  BLER16: R2-ours-G=0.17 R3-bigamp=0.33 R4-scvamp=0.42 M-ours-gmm32=0.10 R5-genie=0.00
888/896 done    D2_C1_S2_Nr8_T16_Tp2_dft_snr9_skip2520_n40.npz  (392 s)  BLER16: R2-ours-G=0.28 R3-bigamp=0.70 R4-scvamp=0.62 M-ours-gmm32=0.35 R5-genie=0.00
889/896 done    D2_C1_S2_Nr8_T16_Tp2_dft_snr-3_skip2480_n40.npz  (444 s)  BLER16: R2-ours-G=0.82 R3-bigamp=0.90 R4-scvamp=0.90 M-ours-gmm32=0.68 R5-genie=0.03  [26 arm-trial exceptions recorded]
890/896 done    D2_C1_S2_Nr8_T16_Tp2_dft_snr0_skip2520_n40.npz  (399 s)  BLER16: R2-ours-G=0.62 R3-bigamp=0.88 R4-scvamp=0.93 M-ours-gmm32=0.65 R5-genie=0.00
891/896 done    D2_C1_S2_Nr8_T16_Tp2_dft_snr6_skip2520_n40.npz  (404 s)  BLER16: R2-ours-G=0.35 R3-bigamp=0.70 R4-scvamp=0.72 M-ours-gmm32=0.35 R5-genie=0.00
892/896 done    D2_C5_S2_Nr8_T16_Tp3_dft_snr6_skip2520_n40.npz  (429 s)  BLER16: R2-ours-G=0.17 R3-bigamp=0.33 R4-scvamp=0.53 M-ours-gmm32=0.20 R5-genie=0.00
893/896 done    D2_C1_S2_Nr8_T16_Tp2_dft_snr15_skip2520_n40.npz  (394 s)  BLER16: R2-ours-G=0.30 R3-bigamp=0.68 R4-scvamp=0.72 M-ours-gmm32=0.33 R5-genie=0.00
894/896 done    D2_C5_S2_Nr8_T16_Tp3_dft_snr0_skip2520_n40.npz  (434 s)  BLER16: R2-ours-G=0.20 R3-bigamp=0.62 R4-scvamp=0.53 M-ours-gmm32=0.12 R5-genie=0.00
895/896 done    D2_C5_S2_Nr8_T16_Tp3_dft_snr15_skip2480_n40.npz  (454 s)  BLER16: R2-ours-G=0.05 R3-bigamp=0.38 R4-scvamp=0.53 M-ours-gmm32=0.05 R5-genie=0.00
896/896 done    D2_C1_S2_Nr8_T16_Tp2_dft_snr12_skip2520_n40.npz  (399 s)  BLER16: R2-ours-G=0.35 R3-bigamp=0.75 R4-scvamp=0.72 M-ours-gmm32=0.33 R5-genie=0.00
[run] finished in 87.2 min -> python runner.py analysis --testbed D2 --tag B16e4
# date        : 2026-09-22 16:25:15 KST
# git commit  : 89ee7db
# versions    : python 3.12.14  numpy 2.5.2  scipy 1.18.1  torch 2.14.0+cu130 (cuda_available=True)
# device      : CPU (192 cores) | dtype: complex128 / float64 | deterministic: yes (fixed seeds, no GPU in the receiver)
# testbed     : D2
# seed rule   : default_rng([20260926, TBID[testbed], PID[prior], Nr, T, Tp, int(snr)+100])  (trials of a point = ONE stream)
# code        : rate-1/2 conv (133,171)_8 nu=6 terminated, QPSK, outer iterations = 16 for EVERY arm
# Demo/ hashes: t2_route_a.py=95a5408901ec125c  t2_trellis.py=31cd0ee9c68e972b  t2_gmm.py=d064e58c7510c769
# arm list with per-arm notes (06_SPEC §5):
#   R3-bigamp     : BiG-AMP prior: i.i.d. CN(0,1/Nr) -- correlated prior not supported by Table III (structural limitation)
#   R4-llr        : same, Module B mode='llr' (the paper's 'LLR Turbo' ablation)
#   R4-scvamp     : channel estimation = classical APP-LMMSE (no LOO); only the Onsager extrinsic interface follows arXiv:2604.19061
#   R0-pilot      : 1-PASS arm -- reported at iteration index 0 ('R0-pilot (@1)'); 'pilot_C (@16)' is the
#                   SAME receiver's 16-iteration trajectory, printed for context only.
#   M-ours-*      : differ from R2-ours-G in Module H and nothing else (test M2); Module H, K and the clip
#                   rule are in the run header of conf/results/ and in the raw meta of each point.
# fit/training cost (GMM EM wall-clock) is a column of table A and is never left blank.
# aggregates KEEP failed and diverged blocks; where a subset mean is printed, the full-set mean is beside it.
# Stage C arms present in this run (10_SPEC §3b / §3c) -- the pre-registered Stage A/B verdicts are
# UNCHANGED by this file and M-ours-dscore stays BLOCKED in the pre-registered table:
#   M-ours-dscore-C-V0  : Stage C V0 (PRIMARY) -- learned prior at N', D-14 MATRIX site, pre-registered score wiring, unchanged
#   M-ours-dscore-C-V1  : Stage C V1 -- V0 + (F1) symmetric-PSD projection of the D-14 site (ScorePrior(psd_project=True))
#   M-ours-dscore-C-V4  : Stage C V4 -- D-14 matrix site REPLACED by the D-13 belief scalarisation (hsite=scalar, scal=belief); POST-HOC registered, observed in the H4 diagnostic BEFORE registration (10_SPEC §3c)
#   M-ours-dscore-C-V4b : Stage C V4b -- as V4 but scal=site instead of scal=belief (10_SPEC §3c, "동일하되 scal=site. 부수 보고용"); registered with V4, wired only on 2026-09-21 after an audit found it had been dropped
#   M-ours-bstar-scalar : Stage C CONTROL (10_SPEC §3c, MANDATORY) -- the b* GMM through V4's EXACT wiring: if scalarisation also helps the GMM, the gain belongs to the SITE, not to the learned prior
# 
# training budget (N_train, channel samples) of EVERY arm -- 10_SPEC A3.  The GMM arms and the learned arms are only equal-budget when their N_train below are EQUAL; read the numbers, not the arm names.  The GMM re-fit at N'=1.6e5 may not have finished when this table was written.
# per-arm training budget (arms absent from the raw files are simply not listed):
#   R0-pilot            : N_train=160000 -- the ONE channel set (GMM EM fit / its sample covariance Chat)
#   R1-turbo            : N_train=160000 -- the ONE channel set (GMM EM fit / its sample covariance Chat)
#   R2-ours-G           : N_train=160000 -- the ONE channel set (GMM EM fit / its sample covariance Chat)
#   R3-bigamp           : N_train=0 -- i.i.d. CN(0,1/Nr) prior, fits nothing
#   R4-llr              : N_train=160000 -- the ONE channel set (GMM EM fit / its sample covariance Chat)
#   R4-scvamp           : N_train=160000 -- the ONE channel set (GMM EM fit / its sample covariance Chat)
#   M-ours-gmm32        : N_train=160000 -- the ONE channel set (GMM EM fit / its sample covariance Chat)
#   M-ours-bstar        : N_train=160000 -- the ONE channel set (GMM EM fit / its sample covariance Chat)
#   M-ours-dscore-C-V0  : N_train=160000  rung=D2SX160000  ckpt=/home/HTJ/t2/conf/ckpt/d2sx_N160000_a1.pt  gate: NO GATE RECORD mentions d2sx_N160000_a1.pt -- UNVERIFIED here.  (GA-GD are measurable on D1 only, 10_SPEC §5: a D2 re-train is qualified by its D1 sibling's gate row, which this string cannot prove.)
#   M-ours-dscore-C-V1  : N_train=160000  rung=D2SX160000  ckpt=/home/HTJ/t2/conf/ckpt/d2sx_N160000_a1.pt  gate: NO GATE RECORD mentions d2sx_N160000_a1.pt -- UNVERIFIED here.  (GA-GD are measurable on D1 only, 10_SPEC §5: a D2 re-train is qualified by its D1 sibling's gate row, which this string cannot prove.)
#   M-ours-dscore-C-V4  : N_train=160000  rung=D2SX160000  ckpt=/home/HTJ/t2/conf/ckpt/d2sx_N160000_a1.pt  gate: NO GATE RECORD mentions d2sx_N160000_a1.pt -- UNVERIFIED here.  (GA-GD are measurable on D1 only, 10_SPEC §5: a D2 re-train is qualified by its D1 sibling's gate row, which this string cannot prove.)
#   M-ours-dscore-C-V4b : N_train=160000 -- unclassified arm, quoting the point's channel-set size
#   M-ours-bstar-scalar : N_train=160000 -- the ONE channel set (GMM EM fit / its sample covariance Chat)
#   R5-genie            : N_train=n/a -- genie: the true H is given
#   dscore_status       : ABSENT -- no GATE-PASSING checkpoint (04_SPEC §5 gates GA-GD): no gate-passing checkpoint for D2; recorded PASS rows: none (searched conf/results/gate_D2.txt and LADDER.md)
#   stagec_ckpt         : /home/HTJ/t2/conf/ckpt/d2sx_N160000_a1.pt
#   stagec_gate         : NO GATE RECORD mentions d2sx_N160000_a1.pt -- UNVERIFIED here.  (GA-GD are measurable on D1 only, 10_SPEC §5: a D2 re-train is qualified by its D1 sibling's gate row, which this string cannot prove.)
#   stagec_status       : built from explicit ckpt /home/HTJ/t2/conf/ckpt/d2sx_N160000_a1.pt -- caller override, NOT verified against the gate record here (recorded PASS rows: none) | V1 (psd_project=True): built from explicit ckpt /home/HTJ/t2/conf/ckpt/d2sx_N160000_a1.pt -- caller override, NOT verified against the gate record here (recorded PASS rows: none)
# cell C1: 8x4 T=16 Tp=2 prior S2  SNR grid ['-3', '+0', '+3', '+6', '+9', '+12', '+15'] dB  n=2560 per point  outer iterations=16  b*=kron
#   run params as recorded in the raw file: beta=0.7  dtype=complex128/float64  iters=16  n=40  seed=20260926  skip=0  snr=-3.0  t_in=5
# cell C2: 8x4 T=16 Tp=4 prior S2  SNR grid ['-3', '+0', '+3', '+6', '+9', '+12', '+15'] dB  n=2560 per point  outer iterations=16  b*=kron
#   run params as recorded in the raw file: beta=0.7  dtype=complex128/float64  iters=16  n=40  seed=20260926  skip=0  snr=-3.0  t_in=5
# cell C5: 8x4 T=16 Tp=3 prior S2  SNR grid ['-3', '+0', '+3', '+6', '+9', '+12', '+15'] dB  n=2560 per point  outer iterations=16  b*=kron
#   run params as recorded in the raw file: beta=0.7  dtype=complex128/float64  iters=16  n=40  seed=20260926  skip=0  snr=-3.0  t_in=5
# ====================================================================================================
# CLAIM TESTBED -- sparse specular; conditional Gaussianity broken (see T2d). Upper bound = genie only.
# ====================================================================================================
  NOTE ('C1', 'S2', -3.0) M-ours-dscore-C-V0: 1045/2560 blocks carry a non-finite blk_err@16 (the arm raised) -> KEPT and counted as block errors, never dropped
  NOTE ('C1', 'S2', -3.0) M-ours-dscore-C-V1: 314/2560 blocks carry a non-finite blk_err@16 (the arm raised) -> KEPT and counted as block errors, never dropped
  NOTE ('C1', 'S2', -3.0) M-ours-dscore-C-V4: 128/2560 blocks carry a non-finite blk_err@16 (the arm raised) -> KEPT and counted as block errors, never dropped

============================== TABLE A -- per-cell arm comparison (08_SPEC §1) ==============================
cell entry = BLER (95% Wilson CI) / BER / NMSE_H  at the arm's reporting iteration
reporting iteration: @16 for every arm except R0-pilot, which is the 1-PASS arm and is read @1;
'pilot_C (@16)' is the SAME receiver's 16-iteration trajectory, printed for context only.

--- cell C1 (8x4, T=16, Tp=2, K=50)  prior S2  testbed D2   n per SNR: [2560, 2560, 2560, 2560, 2560, 2560, 2560]   b* = kron
  arms absent from the raw files (see 01_RULES §6 -- BLOCKED / FAILED-VERIFICATION): ['M-ours-dscore']
  arm                              SNR -3 dB                            SNR +0 dB                            SNR +3 dB                            SNR +6 dB                            SNR +9 dB                            SNR +12 dB                           SNR +15 dB             
  R0-pilot (@1)       0.998(0.995,0.999) 4.3e-01 6.37e-01  0.991(0.986,0.994) 4.0e-01 5.63e-01  0.978(0.972,0.983) 3.9e-01 5.21e-01  0.964(0.956,0.970) 3.7e-01 4.78e-01  0.962(0.954,0.968) 3.7e-01 4.86e-01  0.952(0.943,0.960) 3.7e-01 4.60e-01  0.945(0.936,0.953) 3.6e-01 4.77e-01 
  pilot_C (@16)       0.977(0.971,0.982) 4.2e-01 6.37e-01  0.902(0.890,0.913) 3.8e-01 5.63e-01  0.829(0.813,0.843) 3.5e-01 5.21e-01  0.774(0.758,0.790) 3.2e-01 4.78e-01  0.774(0.758,0.790) 3.3e-01 4.86e-01  0.749(0.732,0.766) 3.1e-01 4.60e-01  0.744(0.726,0.760) 3.1e-01 4.77e-01 
  R1-turbo            0.909(0.898,0.920) 4.0e-01 6.71e-01  0.757(0.740,0.774) 3.3e-01 5.34e-01  0.619(0.600,0.637) 2.8e-01 4.23e-01  0.514(0.495,0.534) 2.3e-01 1.82e-01  0.484(0.464,0.503) 2.2e-01 1.59e-02  0.434(0.415,0.453) 2.0e-01 6.41e-03  0.415(0.396,0.434) 1.9e-01 3.17e-03 
  R2-ours-G           0.791(0.775,0.806) 3.6e-01 6.57e-01  0.582(0.563,0.601) 2.7e-01 3.96e-01  0.464(0.445,0.484) 2.2e-01 5.48e-02  0.394(0.375,0.413) 1.9e-01 2.41e-02  0.393(0.374,0.412) 1.9e-01 1.22e-02  0.357(0.339,0.376) 1.7e-01 5.78e-03  0.346(0.328,0.365) 1.6e-01 2.94e-03 
  R3-bigamp           0.939(0.929,0.948) 4.3e-01 6.84e-01  0.849(0.835,0.863) 4.0e-01 6.46e-01  0.785(0.769,0.801) 3.7e-01 6.15e-01  0.729(0.711,0.745) 3.4e-01 5.87e-01  0.750(0.733,0.766) 3.5e-01 7.34e-01  0.761(0.744,0.777) 3.7e-01 8.79e-01  0.769(0.752,0.785) 3.7e-01 9.51e-01 
  R4-llr              0.963(0.954,0.969) 4.5e-01 8.12e-01  0.907(0.895,0.917) 4.6e-01 8.94e-01  0.873(0.860,0.886) 4.8e-01 1.08e+00  0.870(0.856,0.882) 5.2e-01 1.25e+00  0.908(0.896,0.919) 5.4e-01 1.24e+00  0.923(0.912,0.933) 5.6e-01 1.30e+00  0.938(0.928,0.947) 5.4e-01 1.13e+00 
  R4-scvamp           0.945(0.935,0.953) 4.2e-01 6.98e-01  0.848(0.833,0.861) 3.7e-01 6.06e-01  0.771(0.754,0.787) 3.4e-01 5.59e-01  0.704(0.686,0.722) 3.1e-01 5.13e-01  0.743(0.726,0.760) 3.3e-01 5.78e-01  0.736(0.718,0.752) 3.4e-01 5.95e-01  0.793(0.777,0.809) 3.6e-01 6.42e-01 
  M-ours-gmm32        0.748(0.731,0.764) 3.4e-01 5.92e-01  0.533(0.514,0.552) 2.4e-01 2.68e-01  0.456(0.437,0.475) 2.2e-01 4.61e-02  0.386(0.367,0.405) 1.8e-01 2.08e-02  0.394(0.375,0.413) 1.9e-01 1.08e-02  0.362(0.344,0.381) 1.7e-01 5.33e-03  0.342(0.324,0.360) 1.6e-01 2.69e-03 
  M-ours-bstar        0.760(0.743,0.776) 3.4e-01 5.74e-01  0.521(0.502,0.540) 2.4e-01 2.01e-01  0.405(0.386,0.424) 1.9e-01 3.91e-02  0.346(0.328,0.365) 1.6e-01 1.89e-02  0.368(0.349,0.386) 1.8e-01 1.01e-02  0.355(0.336,0.373) 1.7e-01 5.19e-03  0.348(0.330,0.367) 1.6e-01 2.71e-03 
  M-ours-dscore-C-V0    1.000(0.999,1.000) nan 3.36e+02    0.972(0.965,0.978) 4.7e-01 9.68e-01  0.989(0.984,0.992) 4.8e-01 1.53e+00  0.992(0.988,0.995) 4.8e-01 1.95e+00  0.986(0.980,0.989) 4.8e-01 1.73e+00  0.959(0.951,0.966) 4.6e-01 1.29e+00  0.876(0.862,0.888) 4.2e-01 1.03e+00 
  M-ours-dscore-C-V1    0.982(0.977,0.987) nan 2.57e+02    0.511(0.492,0.530) 2.4e-01 1.73e-01  0.415(0.396,0.434) 2.0e-01 2.72e-02  0.411(0.392,0.430) 1.9e-01 1.32e-02  0.417(0.398,0.436) 2.0e-01 6.79e-03  0.417(0.398,0.436) 2.0e-01 3.34e-03  0.449(0.430,0.468) 2.1e-01 1.99e-03 
  M-ours-dscore-C-V4    0.956(0.948,0.964) nan 7.45e+21    0.538(0.519,0.558) 2.5e-01 2.71e-01  0.446(0.427,0.465) 2.1e-01 2.31e-02  0.398(0.379,0.417) 1.9e-01 9.97e-03  0.387(0.368,0.406) 1.8e-01 4.91e-03  0.361(0.343,0.380) 1.7e-01 2.44e-03  0.377(0.359,0.396) 1.8e-01 1.38e-03 
  M-ours-dscore-C-V4b 0.977(0.970,0.982) 4.8e-01 1.86e+00  0.948(0.939,0.956) 4.5e-01 1.27e+00  0.922(0.911,0.932) 4.4e-01 1.14e+00  0.914(0.902,0.924) 4.4e-01 1.24e+00  0.943(0.933,0.951) 4.5e-01 1.44e+00  0.948(0.938,0.956) 4.6e-01 1.41e+00  0.943(0.933,0.951) 4.6e-01 1.36e+00 
  M-ours-bstar-scalar 0.807(0.791,0.822) 3.7e-01 6.62e-01  0.622(0.603,0.641) 2.9e-01 4.44e-01  0.534(0.515,0.554) 2.5e-01 3.15e-01  0.485(0.465,0.504) 2.3e-01 2.75e-02  0.489(0.470,0.508) 2.3e-01 1.52e-02  0.460(0.441,0.479) 2.2e-01 6.29e-03  0.465(0.446,0.484) 2.2e-01 3.35e-03 
  R5-genie              0.037(0.030,0.045) 1.2e-02 nan       0.011(0.008,0.016) 3.9e-03 nan       0.006(0.004,0.010) 2.0e-03 nan       0.002(0.001,0.005) 8.7e-04 nan       0.002(0.001,0.004) 5.8e-04 nan       0.001(0.000,0.003) 3.8e-04 nan       0.000(0.000,0.002) 1.0e-04 nan    

  per-point detail rows (exp_0921 convention M-1: BLER@1/@2/@8/@16, BER@16, NMSE median all / success-only, rescued/lost 2->16, tauL@1, failure-class %):
   SNR -3 dB
    R0-pilot             n=2560 BLER@1/@2/@8/@16 = 0.998 0.995 0.982 0.977 [0.971,0.982]  BER@16=4.25e-01  NMSE med@1/@16=0.6369/0.6369 ok=0.3570  resc/lost(2->16)=44/0  tauL@1=3.102  fail% stuck/cyc2/other=92.9/0.1/4.7
    R1-turbo             n=2560 BLER@1/@2/@8/@16 = 0.998 0.970 0.911 0.909 [0.898,0.920]  BER@16=3.98e-01  NMSE med@1/@16=0.6369/0.6709 ok=0.1248  resc/lost(2->16)=154/0  tauL@1=3.102  fail% stuck/cyc2/other=88.7/0.0/2.2
    R2-ours-G            n=2560 BLER@1/@2/@8/@16 = 0.998 0.969 0.815 0.791 [0.775,0.806]  BER@16=3.60e-01  NMSE med@1/@16=0.6369/0.6570 ok=0.1244  resc/lost(2->16)=455/0  tauL@1=3.102  fail% stuck/cyc2/other=14.3/23.8/40.9
    R3-bigamp            n=2560 BLER@1/@2/@8/@16 = 0.996 0.985 0.948 0.939 [0.929,0.948]  BER@16=4.30e-01  NMSE med@1/@16=0.6711/0.6839 ok=0.2894  resc/lost(2->16)=117/0  tauL@1=1.853  fail% stuck/cyc2/other=62.0/6.5/25.4
    R4-llr               n=2560 BLER@1/@2/@8/@16 = 0.996 0.966 0.963 0.963 [0.954,0.969]  BER@16=4.54e-01  NMSE med@1/@16=0.6007/0.8118 ok=0.1257  resc/lost(2->16)=23/14  tauL@1=1.959  fail% stuck/cyc2/other=65.8/27.9/2.5
    R4-scvamp            n=2560 BLER@1/@2/@8/@16 = 0.996 0.965 0.945 0.945 [0.935,0.953]  BER@16=4.16e-01  NMSE med@1/@16=0.6007/0.6983 ok=0.1250  resc/lost(2->16)=52/0  tauL@1=1.959  fail% stuck/cyc2/other=92.7/0.4/1.4
    M-ours-gmm32         n=2560 BLER@1/@2/@8/@16 = 0.998 0.957 0.785 0.748 [0.731,0.764]  BER@16=3.40e-01  NMSE med@1/@16=0.6021/0.5925 ok=0.0993  resc/lost(2->16)=534/0  tauL@1=3.447  fail% stuck/cyc2/other=11.7/16.3/46.8
    M-ours-bstar         n=2560 BLER@1/@2/@8/@16 = 0.998 0.970 0.797 0.760 [0.743,0.776]  BER@16=3.43e-01  NMSE med@1/@16=0.5921/0.5740 ok=0.0909  resc/lost(2->16)=537/0  tauL@1=3.904  fail% stuck/cyc2/other=11.6/12.3/52.1
    M-ours-dscore-C-V0   n=2560 BLER@1/@2/@8/@16 = 1.000 1.000 1.000 1.000 [0.999,1.000]  BER@16=nan  NMSE med@1/@16=306591141906768.5625/335.7031 ok=nan  resc/lost(2->16)=0/0  tauL@1=nan  fail% stuck/cyc2/other=3.4/3.0/93.6
    M-ours-dscore-C-V1   n=2560 BLER@1/@2/@8/@16 = 1.000 1.000 0.993 0.982 [0.977,0.987]  BER@16=nan  NMSE med@1/@16=1429114.2481/257.1099 ok=0.0465  resc/lost(2->16)=45/0  tauL@1=nan  fail% stuck/cyc2/other=1.5/8.1/88.6
    M-ours-dscore-C-V4   n=2560 BLER@1/@2/@8/@16 = 1.000 1.000 0.974 0.956 [0.948,0.964]  BER@16=nan  NMSE med@1/@16=475356.3493/7445520520071555842048.0000 ok=0.0466  resc/lost(2->16)=112/0  tauL@1=nan  fail% stuck/cyc2/other=5.8/6.8/83.0
    M-ours-dscore-C-V4b  n=2560 BLER@1/@2/@8/@16 = 1.000 1.000 0.993 0.977 [0.970,0.982]  BER@16=4.76e-01  NMSE med@1/@16=1045112291.6972/1.8638 ok=0.0622  resc/lost(2->16)=60/0  tauL@1=1.000  fail% stuck/cyc2/other=2.7/11.0/83.9
    M-ours-bstar-scalar  n=2560 BLER@1/@2/@8/@16 = 0.998 0.979 0.845 0.807 [0.791,0.822]  BER@16=3.70e-01  NMSE med@1/@16=0.6316/0.6620 ok=0.0903  resc/lost(2->16)=440/0  tauL@1=2.511  fail% stuck/cyc2/other=14.0/23.6/43.1
    R5-genie             n=2560 BLER@1/@2/@8/@16 = 0.262 0.113 0.044 0.037 [0.030,0.045]  BER@16=1.25e-02  NMSE med@1/@16=nan/nan ok=nan  resc/lost(2->16)=194/0  tauL@1=0.768  fail% stuck/cyc2/other=1.1/0.4/2.2
   SNR +0 dB
    R0-pilot             n=2560 BLER@1/@2/@8/@16 = 0.991 0.959 0.907 0.902 [0.890,0.913]  BER@16=3.79e-01  NMSE med@1/@16=0.5626/0.5626 ok=0.3162  resc/lost(2->16)=147/0  tauL@1=2.432  fail% stuck/cyc2/other=72.0/0.5/17.8
    R1-turbo             n=2560 BLER@1/@2/@8/@16 = 0.991 0.863 0.758 0.757 [0.740,0.774]  BER@16=3.28e-01  NMSE med@1/@16=0.5626/0.5339 ok=0.0686  resc/lost(2->16)=270/0  tauL@1=2.432  fail% stuck/cyc2/other=73.5/0.0/2.3
    R2-ours-G            n=2560 BLER@1/@2/@8/@16 = 0.991 0.860 0.627 0.582 [0.563,0.601]  BER@16=2.66e-01  NMSE med@1/@16=0.5626/0.3957 ok=0.0692  resc/lost(2->16)=711/0  tauL@1=2.432  fail% stuck/cyc2/other=8.5/11.7/38.0
    R3-bigamp            n=2560 BLER@1/@2/@8/@16 = 0.983 0.945 0.871 0.849 [0.835,0.863]  BER@16=3.96e-01  NMSE med@1/@16=0.6297/0.6456 ok=0.1572  resc/lost(2->16)=246/0  tauL@1=0.555  fail% stuck/cyc2/other=40.5/5.6/38.8
    R4-llr               n=2560 BLER@1/@2/@8/@16 = 0.983 0.883 0.906 0.907 [0.895,0.917]  BER@16=4.61e-01  NMSE med@1/@16=0.5230/0.8943 ok=0.0681  resc/lost(2->16)=33/94  tauL@1=1.479  fail% stuck/cyc2/other=38.0/46.9/5.7
    R4-scvamp            n=2560 BLER@1/@2/@8/@16 = 0.983 0.880 0.848 0.848 [0.833,0.861]  BER@16=3.65e-01  NMSE med@1/@16=0.5230/0.6055 ok=0.0689  resc/lost(2->16)=82/0  tauL@1=1.479  fail% stuck/cyc2/other=81.3/1.1/2.4
    M-ours-gmm32         n=2560 BLER@1/@2/@8/@16 = 0.984 0.830 0.581 0.533 [0.514,0.552]  BER@16=2.43e-01  NMSE med@1/@16=0.5359/0.2677 ok=0.0569  resc/lost(2->16)=759/0  tauL@1=2.660  fail% stuck/cyc2/other=6.6/8.6/38.1
    M-ours-bstar         n=2560 BLER@1/@2/@8/@16 = 0.992 0.868 0.565 0.521 [0.502,0.540]  BER@16=2.36e-01  NMSE med@1/@16=0.5284/0.2014 ok=0.0527  resc/lost(2->16)=887/0  tauL@1=3.100  fail% stuck/cyc2/other=6.1/8.7/37.3
    M-ours-dscore-C-V0   n=2560 BLER@1/@2/@8/@16 = 0.995 0.985 0.987 0.972 [0.965,0.978]  BER@16=4.67e-01  NMSE med@1/@16=8352.1870/0.9678 ok=0.0851  resc/lost(2->16)=65/32  tauL@1=0.042  fail% stuck/cyc2/other=0.2/11.6/85.5
    M-ours-dscore-C-V1   n=2560 BLER@1/@2/@8/@16 = 0.941 0.754 0.566 0.511 [0.492,0.530]  BER@16=2.40e-01  NMSE med@1/@16=0.5028/0.1726 ok=0.0266  resc/lost(2->16)=622/0  tauL@1=1.801  fail% stuck/cyc2/other=5.8/9.2/36.1
    M-ours-dscore-C-V4   n=2560 BLER@1/@2/@8/@16 = 0.947 0.771 0.572 0.538 [0.519,0.558]  BER@16=2.50e-01  NMSE med@1/@16=0.5280/0.2713 ok=0.0237  resc/lost(2->16)=596/0  tauL@1=1.734  fail% stuck/cyc2/other=15.7/7.7/30.4
    M-ours-dscore-C-V4b  n=2560 BLER@1/@2/@8/@16 = 1.000 1.000 0.991 0.948 [0.939,0.956]  BER@16=4.54e-01  NMSE med@1/@16=1037014598.1427/1.2696 ok=0.0332  resc/lost(2->16)=132/0  tauL@1=1.401  fail% stuck/cyc2/other=3.9/9.6/81.2
    M-ours-bstar-scalar  n=2560 BLER@1/@2/@8/@16 = 0.988 0.884 0.661 0.622 [0.603,0.641]  BER@16=2.87e-01  NMSE med@1/@16=0.5616/0.4444 ok=0.0524  resc/lost(2->16)=670/0  tauL@1=2.013  fail% stuck/cyc2/other=17.4/8.9/35.9
    R5-genie             n=2560 BLER@1/@2/@8/@16 = 0.105 0.035 0.012 0.011 [0.008,0.016]  BER@16=3.87e-03  NMSE med@1/@16=nan/nan ok=nan  resc/lost(2->16)=62/0  tauL@1=0.530  fail% stuck/cyc2/other=0.6/0.1/0.4
   SNR +3 dB
    R0-pilot             n=2560 BLER@1/@2/@8/@16 = 0.978 0.923 0.839 0.829 [0.813,0.843]  BER@16=3.48e-01  NMSE med@1/@16=0.5213/0.5213 ok=0.2903  resc/lost(2->16)=245/2  tauL@1=2.164  fail% stuck/cyc2/other=50.5/1.0/31.4
    R1-turbo             n=2560 BLER@1/@2/@8/@16 = 0.978 0.755 0.619 0.619 [0.600,0.637]  BER@16=2.75e-01  NMSE med@1/@16=0.5213/0.4226 ok=0.0368  resc/lost(2->16)=349/0  tauL@1=2.164  fail% stuck/cyc2/other=57.9/0.2/3.8
    R2-ours-G            n=2560 BLER@1/@2/@8/@16 = 0.978 0.746 0.502 0.464 [0.445,0.484]  BER@16=2.17e-01  NMSE med@1/@16=0.5213/0.0548 ok=0.0369  resc/lost(2->16)=720/0  tauL@1=2.164  fail% stuck/cyc2/other=4.9/8.0/33.5
    R3-bigamp            n=2560 BLER@1/@2/@8/@16 = 0.975 0.932 0.829 0.785 [0.769,0.801]  BER@16=3.68e-01  NMSE med@1/@16=0.7094/0.6148 ok=0.0714  resc/lost(2->16)=376/0  tauL@1=0.275  fail% stuck/cyc2/other=27.5/5.3/45.7
    R4-llr               n=2560 BLER@1/@2/@8/@16 = 0.964 0.804 0.873 0.873 [0.860,0.886]  BER@16=4.84e-01  NMSE med@1/@16=0.4788/1.0767 ok=0.0369  resc/lost(2->16)=67/246  tauL@1=1.253  fail% stuck/cyc2/other=14.4/61.7/11.2
    R4-scvamp            n=2560 BLER@1/@2/@8/@16 = 0.964 0.804 0.772 0.771 [0.754,0.787]  BER@16=3.37e-01  NMSE med@1/@16=0.4788/0.5594 ok=0.0373  resc/lost(2->16)=86/0  tauL@1=1.253  fail% stuck/cyc2/other=71.4/3.0/2.7
    M-ours-gmm32         n=2560 BLER@1/@2/@8/@16 = 0.953 0.711 0.484 0.456 [0.437,0.475]  BER@16=2.17e-01  NMSE med@1/@16=0.5026/0.0461 ok=0.0306  resc/lost(2->16)=652/0  tauL@1=2.189  fail% stuck/cyc2/other=4.0/6.2/35.4
    M-ours-bstar         n=2560 BLER@1/@2/@8/@16 = 0.983 0.748 0.436 0.405 [0.386,0.424]  BER@16=1.92e-01  NMSE med@1/@16=0.4979/0.0391 ok=0.0285  resc/lost(2->16)=879/0  tauL@1=2.693  fail% stuck/cyc2/other=3.7/5.5/31.3
    M-ours-dscore-C-V0   n=2560 BLER@1/@2/@8/@16 = 0.953 0.945 0.997 0.989 [0.984,0.992]  BER@16=4.76e-01  NMSE med@1/@16=0.9212/1.5261 ok=0.2202  resc/lost(2->16)=25/137  tauL@1=0.876  fail% stuck/cyc2/other=0.2/12.5/86.2
    M-ours-dscore-C-V1   n=2560 BLER@1/@2/@8/@16 = 0.865 0.648 0.462 0.415 [0.396,0.434]  BER@16=1.98e-01  NMSE med@1/@16=0.4708/0.0272 ok=0.0137  resc/lost(2->16)=596/0  tauL@1=1.451  fail% stuck/cyc2/other=3.9/7.6/29.9
    M-ours-dscore-C-V4   n=2560 BLER@1/@2/@8/@16 = 0.876 0.652 0.475 0.446 [0.427,0.465]  BER@16=2.08e-01  NMSE med@1/@16=0.4831/0.0231 ok=0.0115  resc/lost(2->16)=528/0  tauL@1=1.483  fail% stuck/cyc2/other=14.0/5.0/25.5
    M-ours-dscore-C-V4b  n=2560 BLER@1/@2/@8/@16 = 1.000 1.000 0.994 0.922 [0.911,0.932]  BER@16=4.41e-01  NMSE med@1/@16=1018047707.8040/1.1419 ok=0.0154  resc/lost(2->16)=199/0  tauL@1=1.917  fail% stuck/cyc2/other=4.4/9.3/78.5
    M-ours-bstar-scalar  n=2560 BLER@1/@2/@8/@16 = 0.966 0.777 0.564 0.534 [0.515,0.554]  BER@16=2.53e-01  NMSE med@1/@16=0.5212/0.3147 ok=0.0288  resc/lost(2->16)=622/0  tauL@1=1.757  fail% stuck/cyc2/other=14.3/7.4/31.8
    R5-genie             n=2560 BLER@1/@2/@8/@16 = 0.054 0.018 0.007 0.006 [0.004,0.010]  BER@16=2.01e-03  NMSE med@1/@16=nan/nan ok=nan  resc/lost(2->16)=30/0  tauL@1=0.388  fail% stuck/cyc2/other=0.3/0.0/0.3
   SNR +6 dB
    R0-pilot             n=2560 BLER@1/@2/@8/@16 = 0.964 0.889 0.786 0.774 [0.758,0.790]  BER@16=3.23e-01  NMSE med@1/@16=0.4783/0.4783 ok=0.2872  resc/lost(2->16)=295/1  tauL@1=1.972  fail% stuck/cyc2/other=35.2/1.8/40.4
    R1-turbo             n=2560 BLER@1/@2/@8/@16 = 0.964 0.664 0.514 0.514 [0.495,0.534]  BER@16=2.32e-01  NMSE med@1/@16=0.4783/0.1821 ok=0.0188  resc/lost(2->16)=384/0  tauL@1=1.972  fail% stuck/cyc2/other=45.7/0.3/5.4
    R2-ours-G            n=2560 BLER@1/@2/@8/@16 = 0.964 0.647 0.410 0.394 [0.375,0.413]  BER@16=1.86e-01  NMSE med@1/@16=0.4783/0.0241 ok=0.0187  resc/lost(2->16)=647/0  tauL@1=1.972  fail% stuck/cyc2/other=2.9/5.9/30.5
    R3-bigamp            n=2560 BLER@1/@2/@8/@16 = 0.957 0.898 0.785 0.729 [0.711,0.745]  BER@16=3.40e-01  NMSE med@1/@16=0.6272/0.5867 ok=0.0319  resc/lost(2->16)=435/0  tauL@1=0.209  fail% stuck/cyc2/other=15.5/6.3/51.1
    R4-llr               n=2560 BLER@1/@2/@8/@16 = 0.948 0.734 0.873 0.870 [0.856,0.882]  BER@16=5.18e-01  NMSE med@1/@16=0.4395/1.2455 ok=0.0187  resc/lost(2->16)=99/446  tauL@1=1.119  fail% stuck/cyc2/other=6.2/67.6/13.2
    R4-scvamp            n=2560 BLER@1/@2/@8/@16 = 0.948 0.739 0.705 0.704 [0.686,0.722]  BER@16=3.12e-01  NMSE med@1/@16=0.4395/0.5134 ok=0.0189  resc/lost(2->16)=89/1  tauL@1=1.119  fail% stuck/cyc2/other=65.0/2.2/3.2
    M-ours-gmm32         n=2560 BLER@1/@2/@8/@16 = 0.908 0.625 0.407 0.386 [0.367,0.405]  BER@16=1.82e-01  NMSE med@1/@16=0.4578/0.0208 ok=0.0160  resc/lost(2->16)=613/0  tauL@1=1.881  fail% stuck/cyc2/other=3.0/5.0/30.5
    M-ours-bstar         n=2560 BLER@1/@2/@8/@16 = 0.966 0.656 0.372 0.346 [0.328,0.365]  BER@16=1.63e-01  NMSE med@1/@16=0.4641/0.0189 ok=0.0152  resc/lost(2->16)=793/0  tauL@1=2.364  fail% stuck/cyc2/other=2.5/5.6/26.5
    M-ours-dscore-C-V0   n=2560 BLER@1/@2/@8/@16 = 0.935 0.954 0.995 0.992 [0.988,0.995]  BER@16=4.83e-01  NMSE med@1/@16=3.2640/1.9466 ok=0.3951  resc/lost(2->16)=13/110  tauL@1=0.158  fail% stuck/cyc2/other=0.2/13.3/85.8
    M-ours-dscore-C-V1   n=2560 BLER@1/@2/@8/@16 = 0.808 0.586 0.439 0.411 [0.392,0.430]  BER@16=1.95e-01  NMSE med@1/@16=0.4300/0.0132 ok=0.0067  resc/lost(2->16)=449/0  tauL@1=1.206  fail% stuck/cyc2/other=3.0/6.6/31.4
    M-ours-dscore-C-V4   n=2560 BLER@1/@2/@8/@16 = 0.816 0.564 0.417 0.398 [0.379,0.417]  BER@16=1.87e-01  NMSE med@1/@16=0.4345/0.0100 ok=0.0060  resc/lost(2->16)=427/0  tauL@1=1.281  fail% stuck/cyc2/other=13.4/4.6/21.7
    M-ours-dscore-C-V4b  n=2560 BLER@1/@2/@8/@16 = 1.000 1.000 0.996 0.914 [0.902,0.924]  BER@16=4.39e-01  NMSE med@1/@16=986920729.4767/1.2380 ok=0.0072  resc/lost(2->16)=221/0  tauL@1=2.819  fail% stuck/cyc2/other=6.2/7.8/77.3
    M-ours-bstar-scalar  n=2560 BLER@1/@2/@8/@16 = 0.948 0.690 0.504 0.485 [0.465,0.504]  BER@16=2.32e-01  NMSE med@1/@16=0.4736/0.0275 ok=0.0152  resc/lost(2->16)=525/0  tauL@1=1.572  fail% stuck/cyc2/other=12.2/6.4/29.9
    R5-genie             n=2560 BLER@1/@2/@8/@16 = 0.035 0.008 0.002 0.002 [0.001,0.005]  BER@16=8.67e-04  NMSE med@1/@16=nan/nan ok=nan  resc/lost(2->16)=15/0  tauL@1=0.285  fail% stuck/cyc2/other=0.1/0.0/0.0
   SNR +9 dB
    R0-pilot             n=2560 BLER@1/@2/@8/@16 = 0.962 0.883 0.792 0.774 [0.758,0.790]  BER@16=3.25e-01  NMSE med@1/@16=0.4860/0.4860 ok=0.2701  resc/lost(2->16)=279/0  tauL@1=1.937  fail% stuck/cyc2/other=28.6/2.7/46.1
    R1-turbo             n=2560 BLER@1/@2/@8/@16 = 0.962 0.653 0.485 0.484 [0.464,0.503]  BER@16=2.22e-01  NMSE med@1/@16=0.4860/0.0159 ok=0.0096  resc/lost(2->16)=433/0  tauL@1=1.937  fail% stuck/cyc2/other=40.5/0.4/7.5
    R2-ours-G            n=2560 BLER@1/@2/@8/@16 = 0.962 0.643 0.408 0.393 [0.374,0.412]  BER@16=1.88e-01  NMSE med@1/@16=0.4860/0.0122 ok=0.0096  resc/lost(2->16)=640/0  tauL@1=1.937  fail% stuck/cyc2/other=3.1/5.7/30.5
    R3-bigamp            n=2560 BLER@1/@2/@8/@16 = 0.949 0.882 0.787 0.750 [0.733,0.766]  BER@16=3.54e-01  NMSE med@1/@16=0.6254/0.7336 ok=0.0137  resc/lost(2->16)=338/0  tauL@1=0.176  fail% stuck/cyc2/other=5.5/8.3/61.2
    R4-llr               n=2560 BLER@1/@2/@8/@16 = 0.946 0.767 0.909 0.908 [0.896,0.919]  BER@16=5.38e-01  NMSE med@1/@16=0.4870/1.2386 ok=0.0097  resc/lost(2->16)=87/448  tauL@1=1.060  fail% stuck/cyc2/other=4.6/71.4/14.8
    R4-scvamp            n=2560 BLER@1/@2/@8/@16 = 0.946 0.772 0.745 0.743 [0.726,0.760]  BER@16=3.32e-01  NMSE med@1/@16=0.4870/0.5779 ok=0.0097  resc/lost(2->16)=74/0  tauL@1=1.060  fail% stuck/cyc2/other=67.6/4.6/2.1
    M-ours-gmm32         n=2560 BLER@1/@2/@8/@16 = 0.895 0.617 0.416 0.394 [0.375,0.413]  BER@16=1.85e-01  NMSE med@1/@16=0.4636/0.0108 ok=0.0083  resc/lost(2->16)=571/0  tauL@1=1.736  fail% stuck/cyc2/other=3.2/5.7/30.5
    M-ours-bstar         n=2560 BLER@1/@2/@8/@16 = 0.971 0.641 0.386 0.368 [0.349,0.386]  BER@16=1.75e-01  NMSE med@1/@16=0.4749/0.0101 ok=0.0079  resc/lost(2->16)=699/0  tauL@1=2.231  fail% stuck/cyc2/other=2.2/5.4/29.1
    M-ours-dscore-C-V0   n=2560 BLER@1/@2/@8/@16 = 0.914 0.946 0.988 0.986 [0.980,0.989]  BER@16=4.77e-01  NMSE med@1/@16=0.9812/1.7344 ok=0.2635  resc/lost(2->16)=25/125  tauL@1=0.274  fail% stuck/cyc2/other=1.2/14.2/83.1
    M-ours-dscore-C-V1   n=2560 BLER@1/@2/@8/@16 = 0.784 0.583 0.455 0.417 [0.398,0.436]  BER@16=1.98e-01  NMSE med@1/@16=0.4333/0.0068 ok=0.0034  resc/lost(2->16)=425/0  tauL@1=1.072  fail% stuck/cyc2/other=2.3/7.2/32.1
    M-ours-dscore-C-V4   n=2560 BLER@1/@2/@8/@16 = 0.794 0.538 0.410 0.387 [0.368,0.406]  BER@16=1.80e-01  NMSE med@1/@16=0.4374/0.0049 ok=0.0032  resc/lost(2->16)=387/0  tauL@1=1.207  fail% stuck/cyc2/other=11.3/4.8/22.6
    M-ours-dscore-C-V4b  n=2560 BLER@1/@2/@8/@16 = 1.000 1.000 0.996 0.943 [0.933,0.951]  BER@16=4.54e-01  NMSE med@1/@16=928741112.4099/1.4414 ok=0.0036  resc/lost(2->16)=147/0  tauL@1=3.937  fail% stuck/cyc2/other=7.2/9.8/77.3
    M-ours-bstar-scalar  n=2560 BLER@1/@2/@8/@16 = 0.938 0.671 0.505 0.489 [0.470,0.508]  BER@16=2.31e-01  NMSE med@1/@16=0.4771/0.0152 ok=0.0079  resc/lost(2->16)=466/0  tauL@1=1.510  fail% stuck/cyc2/other=11.0/7.2/30.7
    R5-genie             n=2560 BLER@1/@2/@8/@16 = 0.030 0.006 0.002 0.002 [0.001,0.004]  BER@16=5.78e-04  NMSE med@1/@16=nan/nan ok=nan  resc/lost(2->16)=11/0  tauL@1=0.205  fail% stuck/cyc2/other=0.2/0.0/0.0
   SNR +12 dB
    R0-pilot             n=2560 BLER@1/@2/@8/@16 = 0.952 0.869 0.767 0.749 [0.732,0.766]  BER@16=3.15e-01  NMSE med@1/@16=0.4596/0.4596 ok=0.2650  resc/lost(2->16)=306/0  tauL@1=1.858  fail% stuck/cyc2/other=23.7/3.3/47.9
    R1-turbo             n=2560 BLER@1/@2/@8/@16 = 0.952 0.600 0.437 0.434 [0.415,0.453]  BER@16=1.98e-01  NMSE med@1/@16=0.4596/0.0064 ok=0.0048  resc/lost(2->16)=425/0  tauL@1=1.858  fail% stuck/cyc2/other=35.2/0.2/7.9
    R2-ours-G            n=2560 BLER@1/@2/@8/@16 = 0.952 0.588 0.372 0.357 [0.339,0.376]  BER@16=1.68e-01  NMSE med@1/@16=0.4596/0.0058 ok=0.0048  resc/lost(2->16)=592/0  tauL@1=1.858  fail% stuck/cyc2/other=3.0/5.7/27.0
    R3-bigamp            n=2560 BLER@1/@2/@8/@16 = 0.941 0.865 0.780 0.761 [0.744,0.777]  BER@16=3.67e-01  NMSE med@1/@16=0.5390/0.8786 ok=0.0059  resc/lost(2->16)=267/1  tauL@1=0.165  fail% stuck/cyc2/other=1.4/8.5/66.2
    R4-llr               n=2560 BLER@1/@2/@8/@16 = 0.925 0.755 0.923 0.923 [0.912,0.933]  BER@16=5.59e-01  NMSE med@1/@16=0.5183/1.2955 ok=0.0049  resc/lost(2->16)=80/509  tauL@1=1.020  fail% stuck/cyc2/other=4.2/74.3/13.8
    R4-scvamp            n=2560 BLER@1/@2/@8/@16 = 0.925 0.760 0.736 0.736 [0.718,0.752]  BER@16=3.35e-01  NMSE med@1/@16=0.5183/0.5949 ok=0.0050  resc/lost(2->16)=63/0  tauL@1=1.020  fail% stuck/cyc2/other=67.1/5.2/1.2
    M-ours-gmm32         n=2560 BLER@1/@2/@8/@16 = 0.857 0.552 0.385 0.362 [0.344,0.381]  BER@16=1.72e-01  NMSE med@1/@16=0.4246/0.0053 ok=0.0043  resc/lost(2->16)=486/0  tauL@1=1.573  fail% stuck/cyc2/other=2.1/5.8/28.3
    M-ours-bstar         n=2560 BLER@1/@2/@8/@16 = 0.960 0.605 0.376 0.355 [0.336,0.373]  BER@16=1.68e-01  NMSE med@1/@16=0.4471/0.0052 ok=0.0041  resc/lost(2->16)=641/0  tauL@1=2.049  fail% stuck/cyc2/other=2.2/5.2/28.0
    M-ours-dscore-C-V0   n=2560 BLER@1/@2/@8/@16 = 0.884 0.924 0.957 0.959 [0.951,0.966]  BER@16=4.61e-01  NMSE med@1/@16=0.8689/1.2864 ok=0.2351  resc/lost(2->16)=57/147  tauL@1=0.243  fail% stuck/cyc2/other=1.5/14.1/80.3
    M-ours-dscore-C-V1   n=2560 BLER@1/@2/@8/@16 = 0.772 0.582 0.455 0.417 [0.398,0.436]  BER@16=1.97e-01  NMSE med@1/@16=0.4074/0.0033 ok=0.0018  resc/lost(2->16)=424/2  tauL@1=0.924  fail% stuck/cyc2/other=3.4/8.6/29.7
    M-ours-dscore-C-V4   n=2560 BLER@1/@2/@8/@16 = 0.753 0.497 0.384 0.361 [0.343,0.380]  BER@16=1.71e-01  NMSE med@1/@16=0.4076/0.0024 ok=0.0016  resc/lost(2->16)=349/1  tauL@1=1.137  fail% stuck/cyc2/other=10.0/5.2/20.9
    M-ours-dscore-C-V4b  n=2560 BLER@1/@2/@8/@16 = 1.000 1.000 0.997 0.948 [0.938,0.956]  BER@16=4.60e-01  NMSE med@1/@16=852844501.9775/1.4086 ok=0.0021  resc/lost(2->16)=134/0  tauL@1=4.464  fail% stuck/cyc2/other=6.7/9.5/78.5
    M-ours-bstar-scalar  n=2560 BLER@1/@2/@8/@16 = 0.920 0.628 0.474 0.460 [0.441,0.479]  BER@16=2.16e-01  NMSE med@1/@16=0.4562/0.0063 ok=0.0041  resc/lost(2->16)=430/0  tauL@1=1.437  fail% stuck/cyc2/other=9.6/8.2/28.2
    R5-genie             n=2560 BLER@1/@2/@8/@16 = 0.019 0.004 0.001 0.001 [0.000,0.003]  BER@16=3.83e-04  NMSE med@1/@16=nan/nan ok=nan  resc/lost(2->16)=8/0  tauL@1=0.119  fail% stuck/cyc2/other=0.0/0.0/0.1
   SNR +15 dB
    R0-pilot             n=2560 BLER@1/@2/@8/@16 = 0.945 0.862 0.760 0.744 [0.726,0.760]  BER@16=3.10e-01  NMSE med@1/@16=0.4767/0.4767 ok=0.2744  resc/lost(2->16)=304/1  tauL@1=1.854  fail% stuck/cyc2/other=22.9/3.0/48.4
    R1-turbo             n=2560 BLER@1/@2/@8/@16 = 0.945 0.581 0.420 0.415 [0.396,0.434]  BER@16=1.92e-01  NMSE med@1/@16=0.4767/0.0032 ok=0.0024  resc/lost(2->16)=426/0  tauL@1=1.854  fail% stuck/cyc2/other=31.8/0.4/9.3
    R2-ours-G            n=2560 BLER@1/@2/@8/@16 = 0.945 0.573 0.361 0.346 [0.328,0.365]  BER@16=1.64e-01  NMSE med@1/@16=0.4767/0.0029 ok=0.0024  resc/lost(2->16)=580/0  tauL@1=1.854  fail% stuck/cyc2/other=2.3/5.9/26.4
    R3-bigamp            n=2560 BLER@1/@2/@8/@16 = 0.938 0.853 0.787 0.769 [0.752,0.785]  BER@16=3.70e-01  NMSE med@1/@16=0.5319/0.9507 ok=0.0028  resc/lost(2->16)=216/1  tauL@1=0.161  fail% stuck/cyc2/other=1.7/8.7/66.5
    R4-llr               n=2560 BLER@1/@2/@8/@16 = 0.931 0.812 0.941 0.938 [0.928,0.947]  BER@16=5.43e-01  NMSE med@1/@16=0.5854/1.1342 ok=0.0024  resc/lost(2->16)=90/413  tauL@1=0.994  fail% stuck/cyc2/other=4.0/64.7/25.2
    R4-scvamp            n=2560 BLER@1/@2/@8/@16 = 0.931 0.816 0.794 0.793 [0.777,0.809]  BER@16=3.58e-01  NMSE med@1/@16=0.5854/0.6424 ok=0.0024  resc/lost(2->16)=57/0  tauL@1=0.994  fail% stuck/cyc2/other=73.3/5.1/0.9
    M-ours-gmm32         n=2560 BLER@1/@2/@8/@16 = 0.843 0.540 0.360 0.342 [0.324,0.360]  BER@16=1.60e-01  NMSE med@1/@16=0.4358/0.0027 ok=0.0022  resc/lost(2->16)=508/0  tauL@1=1.548  fail% stuck/cyc2/other=2.3/5.8/26.1
    M-ours-bstar         n=2560 BLER@1/@2/@8/@16 = 0.953 0.595 0.362 0.348 [0.330,0.367]  BER@16=1.65e-01  NMSE med@1/@16=0.4676/0.0027 ok=0.0022  resc/lost(2->16)=631/0  tauL@1=1.984  fail% stuck/cyc2/other=2.7/5.6/26.5
    M-ours-dscore-C-V0   n=2560 BLER@1/@2/@8/@16 = 0.871 0.883 0.875 0.876 [0.862,0.888]  BER@16=4.17e-01  NMSE med@1/@16=0.8256/1.0337 ok=0.0024  resc/lost(2->16)=169/150  tauL@1=0.272  fail% stuck/cyc2/other=2.4/15.0/70.2
    M-ours-dscore-C-V1   n=2560 BLER@1/@2/@8/@16 = 0.795 0.614 0.491 0.449 [0.430,0.468]  BER@16=2.11e-01  NMSE med@1/@16=0.4210/0.0020 ok=0.0010  resc/lost(2->16)=424/1  tauL@1=0.826  fail% stuck/cyc2/other=3.6/9.4/31.9
    M-ours-dscore-C-V4   n=2560 BLER@1/@2/@8/@16 = 0.757 0.501 0.398 0.377 [0.359,0.396]  BER@16=1.77e-01  NMSE med@1/@16=0.4249/0.0014 ok=0.0009  resc/lost(2->16)=316/0  tauL@1=1.117  fail% stuck/cyc2/other=9.5/6.2/22.0
    M-ours-dscore-C-V4b  n=2560 BLER@1/@2/@8/@16 = 1.000 1.000 0.996 0.943 [0.933,0.951]  BER@16=4.56e-01  NMSE med@1/@16=758770012.8980/1.3552 ok=0.0010  resc/lost(2->16)=146/0  tauL@1=5.828  fail% stuck/cyc2/other=6.1/10.4/77.8
    M-ours-bstar-scalar  n=2560 BLER@1/@2/@8/@16 = 0.928 0.630 0.479 0.465 [0.446,0.484]  BER@16=2.20e-01  NMSE med@1/@16=0.4707/0.0033 ok=0.0021  resc/lost(2->16)=422/0  tauL@1=1.425  fail% stuck/cyc2/other=8.4/8.0/30.1
    R5-genie             n=2560 BLER@1/@2/@8/@16 = 0.012 0.003 0.000 0.000 [0.000,0.002]  BER@16=1.02e-04  NMSE med@1/@16=nan/nan ok=nan  resc/lost(2->16)=6/0  tauL@1=0.074  fail% stuck/cyc2/other=0.0/0.0/0.0

  SNR@BLER 0.1 (log-linear interpolation; '<=x' already below at the lowest grid point, '>x' never reached)
  and the SNR@0.1 gain over R2-ours-G with a 90% PAIRED bootstrap CI (same resampled trials for both arms).
  SIGN CONVENTION (spelled out the same way as table B, so it cannot be read inverted): the number is
  SNR@0.1(this arm) MINUS SNR@0.1(R2-ours-G).  + dB = this arm needs MORE SNR than R2-ours-G to reach
  BLER 0.1;  - dB = it needs LESS.
    arm                  SNR@0.1   SNR@0.1 gap (this arm minus R2-ours-G)
    R0-pilot (@1)          >  15   n/a (>  15 vs >  15) — extend the SNR grid
    pilot_C (@16)          >  15   n/a (>  15 vs >  15) — extend the SNR grid
    R1-turbo               >  15   n/a (>  15 vs >  15) — extend the SNR grid
    R2-ours-G              >  15   -- (reference)
    R3-bigamp              >  15   n/a (>  15 vs >  15) — extend the SNR grid
    R4-llr                 >  15   n/a (>  15 vs >  15) — extend the SNR grid
    R4-scvamp              >  15   n/a (>  15 vs >  15) — extend the SNR grid
    M-ours-gmm32           >  15   n/a (>  15 vs >  15) — extend the SNR grid
    M-ours-bstar           >  15   n/a (>  15 vs >  15) — extend the SNR grid
    M-ours-dscore-C-V0     >  15   n/a (>  15 vs >  15) — extend the SNR grid
    M-ours-dscore-C-V1     >  15   n/a (>  15 vs >  15) — extend the SNR grid
    M-ours-dscore-C-V4     >  15   n/a (>  15 vs >  15) — extend the SNR grid
    M-ours-dscore-C-V4b    >  15   n/a (>  15 vs >  15) — extend the SNR grid
    M-ours-bstar-scalar    >  15   n/a (>  15 vs >  15) — extend the SNR grid
    R5-genie              <=  -3   n/a (<=  -3 vs >  15) — extend the SNR grid

  failure classes at @16, as a fraction of ALL blocks (exp_0921 operational definition; diverged = the arm's own flag, raised = the arm threw on that block (runner.py '<arm>|failed'); diverged AND raised blocks are KEPT in every mean above, a raised block counting as a block error):
    arm  [stuck/cyc2/other/diverged/raised]              -3 dB                           +0 dB                           +3 dB                           +6 dB                           +9 dB                           +12 dB                          +15 dB             
    R0-pilot (@1)                                         n/a                             n/a                             n/a                             n/a                             n/a                             n/a                             n/a                 (1-pass arm: no trajectory to classify)
    pilot_C (@16)                            0.929/0.001/0.047/n/a  /0.000   0.720/0.005/0.178/n/a  /0.000   0.505/0.010/0.314/n/a  /0.000   0.352/0.018/0.404/n/a  /0.000   0.286/0.027/0.461/n/a  /0.000   0.237/0.033/0.479/n/a  /0.000   0.229/0.030/0.484/n/a  /0.000  
    R1-turbo                                 0.887/0.000/0.022/n/a  /0.000   0.735/0.000/0.023/n/a  /0.000   0.579/0.002/0.038/n/a  /0.000   0.457/0.003/0.054/n/a  /0.000   0.405/0.004/0.075/n/a  /0.000   0.352/0.002/0.079/n/a  /0.000   0.318/0.004/0.093/n/a  /0.000  
    R2-ours-G                                0.143/0.238/0.409/n/a  /0.000   0.085/0.117/0.380/n/a  /0.000   0.049/0.080/0.335/n/a  /0.000   0.029/0.059/0.305/n/a  /0.000   0.031/0.057/0.305/n/a  /0.000   0.030/0.057/0.270/n/a  /0.000   0.023/0.059/0.264/n/a  /0.000  
    R3-bigamp                                0.620/0.065/0.254/0.000/0.000   0.405/0.056/0.388/0.000/0.000   0.275/0.053/0.457/0.000/0.000   0.155/0.063/0.511/0.000/0.000   0.055/0.083/0.612/0.000/0.000   0.014/0.085/0.662/0.000/0.000   0.017/0.087/0.665/0.000/0.000  
    R4-llr                                   0.658/0.279/0.025/0.000/0.000   0.380/0.469/0.057/0.000/0.000   0.144/0.617/0.113/0.000/0.000   0.062/0.676/0.132/0.000/0.000   0.046/0.714/0.148/0.000/0.000   0.042/0.743/0.138/0.000/0.000   0.040/0.647/0.252/0.000/0.000  
    R4-scvamp                                0.927/0.004/0.014/0.000/0.000   0.813/0.011/0.024/0.000/0.000   0.714/0.030/0.027/0.000/0.000   0.650/0.022/0.032/0.000/0.000   0.676/0.046/0.021/0.000/0.000   0.671/0.052/0.013/0.000/0.000   0.733/0.051/0.009/0.000/0.000  
    M-ours-gmm32                             0.117/0.163/0.468/n/a  /0.000   0.066/0.086/0.381/n/a  /0.000   0.040/0.062/0.354/n/a  /0.000   0.030/0.050/0.305/n/a  /0.000   0.032/0.057/0.305/n/a  /0.000   0.021/0.058/0.283/n/a  /0.000   0.023/0.058/0.261/n/a  /0.000  
    M-ours-bstar                             0.116/0.123/0.521/n/a  /0.000   0.061/0.087/0.373/n/a  /0.000   0.037/0.055/0.313/n/a  /0.000   0.025/0.056/0.265/n/a  /0.000   0.022/0.054/0.291/n/a  /0.000   0.022/0.052/0.280/n/a  /0.000   0.027/0.056/0.265/n/a  /0.000  
    M-ours-dscore-C-V0                       0.034/0.030/0.936/n/a  /0.408   0.002/0.116/0.855/n/a  /0.000   0.002/0.125/0.863/n/a  /0.000   0.002/0.133/0.858/n/a  /0.000   0.013/0.142/0.831/n/a  /0.000   0.015/0.141/0.803/n/a  /0.000   0.024/0.150/0.702/n/a  /0.000  
    M-ours-dscore-C-V1                       0.015/0.081/0.886/n/a  /0.123   0.058/0.092/0.361/n/a  /0.000   0.039/0.076/0.299/n/a  /0.000   0.030/0.066/0.314/n/a  /0.000   0.023/0.072/0.321/n/a  /0.000   0.034/0.086/0.297/n/a  /0.000   0.036/0.094/0.319/n/a  /0.000  
    M-ours-dscore-C-V4                       0.058/0.068/0.830/n/a  /0.050   0.157/0.077/0.304/n/a  /0.000   0.140/0.050/0.255/n/a  /0.000   0.134/0.046/0.217/n/a  /0.000   0.113/0.048/0.226/n/a  /0.000   0.100/0.052/0.209/n/a  /0.000   0.095/0.062/0.220/n/a  /0.000  
    M-ours-dscore-C-V4b                      0.027/0.110/0.839/n/a  /0.000   0.039/0.096/0.812/n/a  /0.000   0.044/0.093/0.785/n/a  /0.000   0.062/0.078/0.773/n/a  /0.000   0.072/0.098/0.773/n/a  /0.000   0.067/0.095/0.785/n/a  /0.000   0.061/0.104/0.778/n/a  /0.000  
    M-ours-bstar-scalar                      0.140/0.236/0.431/n/a  /0.000   0.174/0.089/0.359/n/a  /0.000   0.143/0.074/0.318/n/a  /0.000   0.122/0.064/0.299/n/a  /0.000   0.110/0.072/0.307/n/a  /0.000   0.096/0.082/0.282/n/a  /0.000   0.084/0.080/0.301/n/a  /0.000  
    R5-genie                                 0.011/0.004/0.022/n/a  /0.000   0.006/0.001/0.004/n/a  /0.000   0.003/0.000/0.003/n/a  /0.000   0.001/0.000/0.000/n/a  /0.000   0.002/0.000/0.000/n/a  /0.000   0.000/0.000/0.001/n/a  /0.000   0.000/0.000/0.000/n/a  /0.000  

  clip firing rates, mean over trials x iterations (tauL = variance-floor clip of the detector site, alphaD = alpha^D clip to [eps, 1-eps]):
    arm                             -3 dB             +0 dB             +3 dB             +6 dB             +9 dB            +12 dB            +15 dB
    R0-pilot              0.0000/0.0003     0.0000/0.0302     0.0000/0.0960     0.0003/0.1502     0.0003/0.1599     0.0008/0.1830     0.0010/0.1896  
    R1-turbo              0.0000/0.3488     0.0003/0.6040     0.0025/0.7202     0.0079/0.7790     0.0121/0.7850     0.0142/0.7994     0.0173/0.8012  
    R2-ours-G             0.0000/0.1318     0.0049/0.3353     0.0301/0.5081     0.0480/0.6310     0.0521/0.6695     0.0444/0.7158     0.0413/0.7394  
    R3-bigamp             0.0000/0.0000     0.0000/0.0000     0.0000/0.0000     0.0000/0.0000     0.0000/0.0000     0.0000/0.0000     0.0000/0.0000  
    R4-llr                0.1291/0.0000     0.2446/0.0000     0.3260/0.0000     0.3715/0.0000     0.3670/0.0000     0.3783/0.0000     0.3175/0.0000  
    R4-scvamp             0.1673/0.3465     0.2016/0.4761     0.2187/0.5406     0.2405/0.5994     0.2556/0.6385     0.2760/0.6747     0.2894/0.7049  
    M-ours-gmm32          0.0000/0.1605     0.0053/0.3697     0.0309/0.5145     0.0458/0.6282     0.0527/0.6655     0.0484/0.7157     0.0404/0.7478  
    M-ours-bstar          0.0000/0.1473     0.0022/0.3651     0.0193/0.5218     0.0354/0.6281     0.0467/0.6611     0.0455/0.6992     0.0432/0.7342  
    M-ours-dscore-C-V0       nan/nan        0.1517/0.3548     0.1493/0.3848     0.1299/0.4315     0.0927/0.4764     0.0662/0.5624     0.0473/0.6474  
    M-ours-dscore-C-V1       nan/nan        0.0034/0.3957     0.0255/0.5479     0.0446/0.6307     0.0547/0.6697     0.0477/0.7098     0.0473/0.7290  
    M-ours-dscore-C-V4       nan/nan        0.0044/0.4169     0.0202/0.5716     0.0318/0.6814     0.0375/0.7225     0.0333/0.7659     0.0325/0.7806  
    M-ours-dscore-C-V4b   0.2133/0.5008     0.1880/0.4592     0.1654/0.4285     0.1515/0.4326     0.1792/0.4766     0.1980/0.5054     0.2141/0.5507  
    M-ours-bstar-scalar   0.0000/0.1206     0.0034/0.3253     0.0264/0.4866     0.0445/0.6072     0.0558/0.6591     0.0510/0.7065     0.0474/0.7314  
    R5-genie              0.0000/0.8672     0.0000/0.9464     0.0000/0.9718     0.0000/0.9843     0.0000/0.9889     0.0000/0.9917     0.0000/0.9947  

  NMSE_H@16 median, WITH and WITHOUT the failed blocks (08_SPEC §5: both versions, never only one):
    arm                                   -3 dB                   +0 dB                   +3 dB                   +6 dB                   +9 dB                  +12 dB                  +15 dB     [all blocks / success-only]
    R0-pilot                6.369e-01/3.570e-01     5.626e-01/3.162e-01     5.213e-01/2.903e-01     4.783e-01/2.872e-01     4.860e-01/2.701e-01     4.596e-01/2.650e-01     4.767e-01/2.744e-01
    R1-turbo                6.709e-01/1.248e-01     5.339e-01/6.864e-02     4.226e-01/3.677e-02     1.821e-01/1.884e-02     1.592e-02/9.609e-03     6.408e-03/4.846e-03     3.170e-03/2.416e-03
    R2-ours-G               6.570e-01/1.244e-01     3.957e-01/6.919e-02     5.478e-02/3.692e-02     2.406e-02/1.874e-02     1.219e-02/9.598e-03     5.776e-03/4.823e-03     2.937e-03/2.415e-03
    R3-bigamp               6.839e-01/2.894e-01     6.456e-01/1.572e-01     6.148e-01/7.140e-02     5.867e-01/3.189e-02     7.336e-01/1.369e-02     8.786e-01/5.940e-03     9.507e-01/2.775e-03
    R4-llr                  8.118e-01/1.257e-01     8.943e-01/6.805e-02     1.077e+00/3.690e-02     1.245e+00/1.875e-02     1.239e+00/9.654e-03     1.296e+00/4.881e-03     1.134e+00/2.427e-03
    R4-scvamp               6.983e-01/1.250e-01     6.055e-01/6.889e-02     5.594e-01/3.734e-02     5.134e-01/1.888e-02     5.779e-01/9.677e-03     5.949e-01/4.962e-03     6.424e-01/2.432e-03
    M-ours-gmm32            5.925e-01/9.927e-02     2.677e-01/5.692e-02     4.607e-02/3.056e-02     2.083e-02/1.603e-02     1.082e-02/8.329e-03     5.329e-03/4.346e-03     2.694e-03/2.214e-03
    M-ours-bstar            5.740e-01/9.089e-02     2.014e-01/5.266e-02     3.913e-02/2.852e-02     1.887e-02/1.516e-02     1.014e-02/7.925e-03     5.194e-03/4.108e-03     2.710e-03/2.152e-03
    M-ours-dscore-C-V0            3.357e+02/nan     9.678e-01/8.513e-02     1.526e+00/2.202e-01     1.947e+00/3.951e-01     1.734e+00/2.635e-01     1.286e+00/2.351e-01     1.034e+00/2.429e-03
    M-ours-dscore-C-V1      2.571e+02/4.648e-02     1.726e-01/2.656e-02     2.724e-02/1.366e-02     1.317e-02/6.708e-03     6.793e-03/3.358e-03     3.335e-03/1.789e-03     1.988e-03/9.623e-04
    M-ours-dscore-C-V4      7.446e+21/4.658e-02     2.713e-01/2.370e-02     2.307e-02/1.147e-02     9.974e-03/6.008e-03     4.907e-03/3.155e-03     2.437e-03/1.641e-03     1.382e-03/8.999e-04
    M-ours-dscore-C-V4b     1.864e+00/6.223e-02     1.270e+00/3.316e-02     1.142e+00/1.537e-02     1.238e+00/7.181e-03     1.441e+00/3.639e-03     1.409e+00/2.079e-03     1.355e+00/1.032e-03
    M-ours-bstar-scalar     6.620e-01/9.027e-02     4.444e-01/5.243e-02     3.147e-01/2.877e-02     2.754e-02/1.525e-02     1.521e-02/7.936e-03     6.288e-03/4.147e-03     3.348e-03/2.141e-03
    R5-genie                            nan/nan                 nan/nan                 nan/nan                 nan/nan                 nan/nan                 nan/nan                 nan/nan

  fit / training cost (GMM EM wall-clock, seconds; 01_RULES §5 -- not hidden, 'n/a' where there is no fit):
    R0-pilot                  n/a s
    R1-turbo                  n/a s
    R2-ours-G                 n/a s
    R3-bigamp                 n/a s
    R4-llr                    n/a s
    R4-scvamp                 n/a s
    M-ours-gmm32            376.5 s
    M-ours-bstar          49597.8 s
    M-ours-dscore-C-V0    35774.5 s
    M-ours-dscore-C-V1    35774.5 s
    M-ours-dscore-C-V4    35774.5 s
    M-ours-dscore-C-V4b       n/a s
    M-ours-bstar-scalar   49597.8 s
    R5-genie                  n/a s

--- cell C2 (8x4, T=16, Tp=4, K=42)  prior S2  testbed D2   n per SNR: [2560, 2560, 2560, 2560, 2560, 2560, 2560]   b* = kron
  arms absent from the raw files (see 01_RULES §6 -- BLOCKED / FAILED-VERIFICATION): ['M-ours-dscore']
  arm                              SNR -3 dB                            SNR +0 dB                            SNR +3 dB                            SNR +6 dB                            SNR +9 dB                            SNR +12 dB                           SNR +15 dB             
  R0-pilot (@1)       0.749(0.732,0.766) 2.3e-01 3.18e-01  0.388(0.369,0.407) 1.1e-01 1.92e-01  0.180(0.166,0.196) 5.0e-02 1.09e-01  0.100(0.089,0.113) 2.7e-02 5.83e-02  0.064(0.056,0.075) 1.7e-02 3.00e-02  0.047(0.040,0.056) 1.3e-02 1.53e-02  0.036(0.030,0.044) 9.1e-03 7.78e-03 
  pilot_C (@16)       0.477(0.457,0.496) 1.6e-01 3.18e-01  0.133(0.120,0.147) 4.7e-02 1.92e-01  0.041(0.034,0.049) 1.6e-02 1.09e-01  0.025(0.019,0.031) 9.2e-03 5.83e-02  0.014(0.010,0.019) 5.3e-03 3.00e-02  0.011(0.008,0.016) 4.2e-03 1.53e-02  0.005(0.003,0.009) 2.3e-03 7.78e-03 
  R1-turbo            0.543(0.523,0.562) 1.9e-01 2.01e-01  0.211(0.196,0.227) 7.2e-02 7.14e-02  0.080(0.070,0.091) 2.8e-02 3.55e-02  0.039(0.033,0.048) 1.4e-02 1.81e-02  0.024(0.019,0.031) 9.0e-03 9.00e-03  0.018(0.013,0.023) 7.0e-03 4.51e-03  0.008(0.005,0.013) 3.2e-03 2.27e-03 
  R2-ours-G           0.328(0.310,0.346) 1.2e-01 1.37e-01  0.102(0.091,0.114) 3.8e-02 6.81e-02  0.038(0.031,0.046) 1.4e-02 3.49e-02  0.022(0.017,0.029) 9.2e-03 1.80e-02  0.012(0.009,0.017) 4.9e-03 8.96e-03  0.011(0.008,0.016) 4.7e-03 4.50e-03  0.006(0.004,0.010) 2.5e-03 2.27e-03 
  R3-bigamp           0.543(0.524,0.563) 2.0e-01 3.58e-01  0.211(0.195,0.227) 8.0e-02 1.66e-01  0.080(0.070,0.091) 3.1e-02 7.40e-02  0.053(0.045,0.062) 2.2e-02 3.13e-02  0.051(0.043,0.060) 2.1e-02 1.29e-02  0.057(0.049,0.067) 2.5e-02 5.67e-03  0.055(0.047,0.065) 2.5e-02 2.62e-03 
  R4-llr              0.866(0.852,0.879) 5.0e-01 3.72e-01  0.832(0.817,0.846) 6.5e-01 1.41e+00  0.600(0.580,0.618) 5.2e-01 1.20e+00  0.399(0.380,0.418) 3.5e-01 2.23e-02  0.274(0.257,0.292) 2.4e-01 1.01e-02  0.194(0.179,0.210) 1.7e-01 4.84e-03  0.171(0.157,0.186) 1.5e-01 2.43e-03 
  R4-scvamp           0.610(0.591,0.628) 2.2e-01 2.33e-01  0.305(0.288,0.323) 1.1e-01 7.51e-02  0.149(0.136,0.163) 5.1e-02 3.65e-02  0.098(0.087,0.110) 3.3e-02 1.85e-02  0.070(0.060,0.080) 2.4e-02 9.16e-03  0.048(0.041,0.057) 1.8e-02 4.55e-03  0.037(0.030,0.045) 1.3e-02 2.29e-03 
  M-ours-gmm32        0.264(0.247,0.281) 9.8e-02 1.09e-01  0.084(0.073,0.095) 3.2e-02 5.58e-02  0.034(0.027,0.041) 1.3e-02 2.94e-02  0.015(0.011,0.021) 5.7e-03 1.53e-02  0.012(0.008,0.017) 5.0e-03 7.90e-03  0.009(0.006,0.014) 3.8e-03 4.05e-03  0.004(0.002,0.007) 1.6e-03 2.08e-03 
  M-ours-bstar        0.253(0.236,0.270) 9.4e-02 1.00e-01  0.075(0.065,0.085) 2.8e-02 5.07e-02  0.024(0.019,0.030) 8.7e-03 2.71e-02  0.012(0.008,0.017) 4.5e-03 1.46e-02  0.009(0.006,0.014) 3.7e-03 7.47e-03  0.008(0.005,0.012) 2.7e-03 3.92e-03  0.003(0.001,0.006) 1.0e-03 2.00e-03 
  M-ours-dscore-C-V0  0.593(0.573,0.611) 2.6e-01 1.36e-01  0.845(0.830,0.858) 3.9e-01 2.26e-01  0.953(0.944,0.960) 4.5e-01 1.12e+00  0.948(0.939,0.956) 4.5e-01 2.24e+00  0.909(0.897,0.919) 4.2e-01 1.47e+00  0.817(0.801,0.831) 3.7e-01 6.93e-01  0.446(0.427,0.466) 1.9e-01 1.84e-01 
  M-ours-dscore-C-V1  0.145(0.132,0.159) 5.3e-02 5.47e-02  0.034(0.028,0.042) 1.2e-02 2.57e-02  0.011(0.008,0.016) 4.1e-03 1.30e-02  0.006(0.004,0.010) 2.2e-03 6.43e-03  0.003(0.001,0.006) 1.0e-03 3.12e-03  0.002(0.001,0.005) 4.5e-04 1.64e-03  0.001(0.000,0.003) 3.1e-04 8.83e-04 
  M-ours-dscore-C-V4  0.154(0.140,0.168) 5.4e-02 5.23e-02  0.037(0.031,0.046) 1.3e-02 2.34e-02  0.008(0.005,0.013) 2.7e-03 1.13e-02  0.006(0.004,0.010) 2.0e-03 5.65e-03  0.003(0.002,0.006) 1.0e-03 2.88e-03  0.002(0.001,0.005) 8.1e-04 1.54e-03  0.002(0.001,0.004) 3.6e-04 8.46e-04 
  M-ours-dscore-C-V4b 0.161(0.148,0.176) 5.9e-02 5.63e-02  0.039(0.033,0.048) 1.4e-02 2.47e-02  0.010(0.007,0.014) 4.0e-03 1.20e-02  0.006(0.004,0.010) 2.1e-03 6.01e-03  0.003(0.001,0.006) 9.0e-04 3.02e-03  0.002(0.001,0.005) 6.5e-04 1.60e-03  0.002(0.001,0.005) 4.6e-04 8.75e-04 
  M-ours-bstar-scalar 0.272(0.255,0.289) 1.0e-01 1.02e-01  0.079(0.069,0.090) 2.9e-02 5.10e-02  0.027(0.021,0.034) 1.1e-02 2.70e-02  0.014(0.010,0.019) 5.2e-03 1.44e-02  0.007(0.004,0.011) 2.9e-03 7.33e-03  0.009(0.006,0.013) 2.9e-03 3.85e-03  0.003(0.001,0.006) 1.1e-03 1.97e-03 
  R5-genie              0.034(0.028,0.042) 1.1e-02 nan       0.010(0.007,0.015) 3.8e-03 nan       0.005(0.003,0.008) 1.5e-03 nan       0.004(0.002,0.007) 1.3e-03 nan       0.001(0.000,0.003) 2.8e-04 nan       0.001(0.000,0.003) 1.7e-04 nan       0.001(0.000,0.003) 3.9e-04 nan    

  per-point detail rows (exp_0921 convention M-1: BLER@1/@2/@8/@16, BER@16, NMSE median all / success-only, rescued/lost 2->16, tauL@1, failure-class %):
   SNR -3 dB
    R0-pilot             n=2560 BLER@1/@2/@8/@16 = 0.749 0.630 0.490 0.477 [0.457,0.496]  BER@16=1.64e-01  NMSE med@1/@16=0.3183/0.3183 ok=0.3021  resc/lost(2->16)=397/5  tauL@1=1.040  fail% stuck/cyc2/other=30.6/1.4/15.6
    R1-turbo             n=2560 BLER@1/@2/@8/@16 = 0.749 0.602 0.546 0.543 [0.523,0.562]  BER@16=1.91e-01  NMSE med@1/@16=0.3183/0.2011 ok=0.1175  resc/lost(2->16)=153/0  tauL@1=1.040  fail% stuck/cyc2/other=52.6/0.0/1.6
    R2-ours-G            n=2560 BLER@1/@2/@8/@16 = 0.749 0.548 0.364 0.328 [0.310,0.346]  BER@16=1.25e-01  NMSE med@1/@16=0.3183/0.1368 ok=0.1189  resc/lost(2->16)=566/1  tauL@1=1.040  fail% stuck/cyc2/other=8.6/6.1/18.2
    R3-bigamp            n=2560 BLER@1/@2/@8/@16 = 0.801 0.665 0.557 0.543 [0.524,0.563]  BER@16=2.01e-01  NMSE med@1/@16=0.4004/0.3576 ok=0.2954  resc/lost(2->16)=317/6  tauL@1=1.705  fail% stuck/cyc2/other=41.9/3.4/9.1
    R4-llr               n=2560 BLER@1/@2/@8/@16 = 0.760 0.658 0.866 0.866 [0.852,0.879]  BER@16=4.98e-01  NMSE med@1/@16=0.2328/0.3724 ok=0.1196  resc/lost(2->16)=45/577  tauL@1=0.703  fail% stuck/cyc2/other=41.0/43.5/2.1
    R4-scvamp            n=2560 BLER@1/@2/@8/@16 = 0.760 0.646 0.611 0.610 [0.591,0.628]  BER@16=2.16e-01  NMSE med@1/@16=0.2328/0.2331 ok=0.1180  resc/lost(2->16)=94/0  tauL@1=0.703  fail% stuck/cyc2/other=58.9/0.5/1.5
    M-ours-gmm32         n=2560 BLER@1/@2/@8/@16 = 0.718 0.482 0.293 0.264 [0.247,0.281]  BER@16=9.80e-02  NMSE med@1/@16=0.2607/0.1093 ok=0.0965  resc/lost(2->16)=560/0  tauL@1=1.180  fail% stuck/cyc2/other=6.7/4.0/15.7
    M-ours-bstar         n=2560 BLER@1/@2/@8/@16 = 0.725 0.465 0.279 0.253 [0.236,0.270]  BER@16=9.42e-02  NMSE med@1/@16=0.2363/0.1000 ok=0.0885  resc/lost(2->16)=544/1  tauL@1=1.369  fail% stuck/cyc2/other=8.0/3.4/13.9
    M-ours-dscore-C-V0   n=2560 BLER@1/@2/@8/@16 = 0.598 0.635 0.624 0.593 [0.573,0.611]  BER@16=2.64e-01  NMSE med@1/@16=0.1786/0.1357 ok=0.0627  resc/lost(2->16)=289/180  tauL@1=1.208  fail% stuck/cyc2/other=2.6/3.8/52.9
    M-ours-dscore-C-V1   n=2560 BLER@1/@2/@8/@16 = 0.574 0.320 0.169 0.145 [0.132,0.159]  BER@16=5.34e-02  NMSE med@1/@16=0.1688/0.0547 ok=0.0495  resc/lost(2->16)=449/0  tauL@1=1.236  fail% stuck/cyc2/other=4.4/1.5/8.6
    M-ours-dscore-C-V4   n=2560 BLER@1/@2/@8/@16 = 0.569 0.319 0.175 0.154 [0.140,0.168]  BER@16=5.44e-02  NMSE med@1/@16=0.1669/0.0523 ok=0.0467  resc/lost(2->16)=424/1  tauL@1=1.164  fail% stuck/cyc2/other=6.1/0.9/8.4
    M-ours-dscore-C-V4b  n=2560 BLER@1/@2/@8/@16 = 0.569 0.328 0.185 0.161 [0.148,0.176]  BER@16=5.85e-02  NMSE med@1/@16=0.1669/0.0563 ok=0.0504  resc/lost(2->16)=428/2  tauL@1=1.164  fail% stuck/cyc2/other=6.0/1.1/9.0
    M-ours-bstar-scalar  n=2560 BLER@1/@2/@8/@16 = 0.716 0.470 0.292 0.272 [0.255,0.289]  BER@16=1.02e-01  NMSE med@1/@16=0.2373/0.1017 ok=0.0889  resc/lost(2->16)=508/0  tauL@1=1.249  fail% stuck/cyc2/other=10.5/2.9/13.8
    R5-genie             n=2560 BLER@1/@2/@8/@16 = 0.225 0.102 0.043 0.034 [0.028,0.042]  BER@16=1.14e-02  NMSE med@1/@16=nan/nan ok=nan  resc/lost(2->16)=175/0  tauL@1=0.771  fail% stuck/cyc2/other=1.4/0.2/1.8
   SNR +0 dB
    R0-pilot             n=2560 BLER@1/@2/@8/@16 = 0.388 0.242 0.148 0.133 [0.120,0.147]  BER@16=4.72e-02  NMSE med@1/@16=0.1924/0.1924 ok=0.1909  resc/lost(2->16)=280/0  tauL@1=0.623  fail% stuck/cyc2/other=2.9/1.1/9.2
    R1-turbo             n=2560 BLER@1/@2/@8/@16 = 0.388 0.266 0.215 0.211 [0.196,0.227]  BER@16=7.21e-02  NMSE med@1/@16=0.1924/0.0714 ok=0.0657  resc/lost(2->16)=142/0  tauL@1=0.623  fail% stuck/cyc2/other=19.4/0.0/1.7
    R2-ours-G            n=2560 BLER@1/@2/@8/@16 = 0.388 0.216 0.117 0.102 [0.091,0.114]  BER@16=3.81e-02  NMSE med@1/@16=0.1924/0.0681 ok=0.0659  resc/lost(2->16)=293/0  tauL@1=0.623  fail% stuck/cyc2/other=1.9/1.8/6.5
    R3-bigamp            n=2560 BLER@1/@2/@8/@16 = 0.411 0.286 0.218 0.211 [0.195,0.227]  BER@16=8.04e-02  NMSE med@1/@16=0.2367/0.1655 ok=0.1570  resc/lost(2->16)=194/0  tauL@1=0.576  fail% stuck/cyc2/other=9.7/1.5/9.8
    R4-llr               n=2560 BLER@1/@2/@8/@16 = 0.443 0.339 0.834 0.832 [0.817,0.846]  BER@16=6.46e-01  NMSE med@1/@16=0.0878/1.4139 ok=0.0644  resc/lost(2->16)=44/1306  tauL@1=0.409  fail% stuck/cyc2/other=11.1/68.1/4.0
    R4-scvamp            n=2560 BLER@1/@2/@8/@16 = 0.443 0.339 0.306 0.305 [0.288,0.323]  BER@16=1.05e-01  NMSE med@1/@16=0.0878/0.0751 ok=0.0656  resc/lost(2->16)=86/0  tauL@1=0.409  fail% stuck/cyc2/other=28.0/1.0/1.5
    M-ours-gmm32         n=2560 BLER@1/@2/@8/@16 = 0.357 0.192 0.099 0.084 [0.073,0.095]  BER@16=3.18e-02  NMSE med@1/@16=0.1553/0.0558 ok=0.0540  resc/lost(2->16)=278/0  tauL@1=0.722  fail% stuck/cyc2/other=2.0/0.9/5.5
    M-ours-bstar         n=2560 BLER@1/@2/@8/@16 = 0.346 0.173 0.082 0.075 [0.065,0.085]  BER@16=2.80e-02  NMSE med@1/@16=0.1385/0.0507 ok=0.0493  resc/lost(2->16)=251/0  tauL@1=0.849  fail% stuck/cyc2/other=1.8/0.5/5.1
    M-ours-dscore-C-V0   n=2560 BLER@1/@2/@8/@16 = 0.366 0.811 0.877 0.845 [0.830,0.858]  BER@16=3.90e-01  NMSE med@1/@16=0.1108/0.2256 ok=0.0542  resc/lost(2->16)=144/230  tauL@1=0.665  fail% stuck/cyc2/other=0.3/5.5/78.6
    M-ours-dscore-C-V1   n=2560 BLER@1/@2/@8/@16 = 0.243 0.106 0.042 0.034 [0.028,0.042]  BER@16=1.21e-02  NMSE med@1/@16=0.0896/0.0257 ok=0.0250  resc/lost(2->16)=183/0  tauL@1=0.770  fail% stuck/cyc2/other=1.2/0.3/2.0
    M-ours-dscore-C-V4   n=2560 BLER@1/@2/@8/@16 = 0.238 0.107 0.044 0.037 [0.031,0.046]  BER@16=1.33e-02  NMSE med@1/@16=0.0870/0.0234 ok=0.0227  resc/lost(2->16)=179/0  tauL@1=0.724  fail% stuck/cyc2/other=1.6/0.5/1.6
    M-ours-dscore-C-V4b  n=2560 BLER@1/@2/@8/@16 = 0.238 0.110 0.046 0.039 [0.033,0.048]  BER@16=1.36e-02  NMSE med@1/@16=0.0870/0.0247 ok=0.0241  resc/lost(2->16)=180/0  tauL@1=0.724  fail% stuck/cyc2/other=1.6/0.3/2.1
    M-ours-bstar-scalar  n=2560 BLER@1/@2/@8/@16 = 0.349 0.179 0.088 0.079 [0.069,0.090]  BER@16=2.93e-02  NMSE med@1/@16=0.1388/0.0510 ok=0.0494  resc/lost(2->16)=255/0  tauL@1=0.771  fail% stuck/cyc2/other=3.0/0.6/4.3
    R5-genie             n=2560 BLER@1/@2/@8/@16 = 0.095 0.038 0.013 0.010 [0.007,0.015]  BER@16=3.84e-03  NMSE med@1/@16=nan/nan ok=nan  resc/lost(2->16)=72/0  tauL@1=0.527  fail% stuck/cyc2/other=0.4/0.1/0.6
   SNR +3 dB
    R0-pilot             n=2560 BLER@1/@2/@8/@16 = 0.180 0.100 0.048 0.041 [0.034,0.049]  BER@16=1.57e-02  NMSE med@1/@16=0.1090/0.1090 ok=0.1089  resc/lost(2->16)=151/0  tauL@1=0.399  fail% stuck/cyc2/other=0.9/0.4/2.9
    R1-turbo             n=2560 BLER@1/@2/@8/@16 = 0.180 0.105 0.082 0.080 [0.070,0.091]  BER@16=2.83e-02  NMSE med@1/@16=0.1090/0.0355 ok=0.0345  resc/lost(2->16)=65/0  tauL@1=0.399  fail% stuck/cyc2/other=6.5/0.0/1.5
    R2-ours-G            n=2560 BLER@1/@2/@8/@16 = 0.180 0.088 0.046 0.038 [0.031,0.046]  BER@16=1.40e-02  NMSE med@1/@16=0.1090/0.0349 ok=0.0345  resc/lost(2->16)=128/0  tauL@1=0.399  fail% stuck/cyc2/other=0.9/0.4/2.5
    R3-bigamp            n=2560 BLER@1/@2/@8/@16 = 0.196 0.133 0.091 0.080 [0.070,0.091]  BER@16=3.13e-02  NMSE med@1/@16=0.1255/0.0740 ok=0.0725  resc/lost(2->16)=135/0  tauL@1=0.277  fail% stuck/cyc2/other=2.3/0.6/5.1
    R4-llr               n=2560 BLER@1/@2/@8/@16 = 0.241 0.155 0.601 0.600 [0.580,0.618]  BER@16=5.18e-01  NMSE med@1/@16=0.0388/1.2030 ok=0.0349  resc/lost(2->16)=44/1181  tauL@1=0.258  fail% stuck/cyc2/other=2.1/54.9/3.0
    R4-scvamp            n=2560 BLER@1/@2/@8/@16 = 0.241 0.170 0.150 0.149 [0.136,0.163]  BER@16=5.07e-02  NMSE med@1/@16=0.0388/0.0365 ok=0.0346  resc/lost(2->16)=55/1  tauL@1=0.258  fail% stuck/cyc2/other=12.7/1.0/1.2
    M-ours-gmm32         n=2560 BLER@1/@2/@8/@16 = 0.154 0.069 0.040 0.034 [0.027,0.041]  BER@16=1.28e-02  NMSE med@1/@16=0.0889/0.0294 ok=0.0289  resc/lost(2->16)=91/0  tauL@1=0.467  fail% stuck/cyc2/other=0.6/0.5/2.3
    M-ours-bstar         n=2560 BLER@1/@2/@8/@16 = 0.138 0.055 0.027 0.024 [0.019,0.030]  BER@16=8.73e-03  NMSE med@1/@16=0.0800/0.0271 ok=0.0269  resc/lost(2->16)=80/0  tauL@1=0.538  fail% stuck/cyc2/other=0.7/0.3/1.4
    M-ours-dscore-C-V0   n=2560 BLER@1/@2/@8/@16 = 0.464 0.938 0.980 0.953 [0.944,0.960]  BER@16=4.45e-01  NMSE med@1/@16=0.0912/1.1223 ok=0.2483  resc/lost(2->16)=90/127  tauL@1=0.273  fail% stuck/cyc2/other=0.2/7.3/87.7
    M-ours-dscore-C-V1   n=2560 BLER@1/@2/@8/@16 = 0.089 0.032 0.014 0.011 [0.008,0.016]  BER@16=4.07e-03  NMSE med@1/@16=0.0465/0.0130 ok=0.0129  resc/lost(2->16)=53/0  tauL@1=0.496  fail% stuck/cyc2/other=0.5/0.1/0.5
    M-ours-dscore-C-V4   n=2560 BLER@1/@2/@8/@16 = 0.086 0.030 0.014 0.008 [0.005,0.013]  BER@16=2.73e-03  NMSE med@1/@16=0.0438/0.0113 ok=0.0112  resc/lost(2->16)=55/0  tauL@1=0.471  fail% stuck/cyc2/other=0.5/0.0/0.3
    M-ours-dscore-C-V4b  n=2560 BLER@1/@2/@8/@16 = 0.086 0.030 0.013 0.010 [0.007,0.014]  BER@16=3.95e-03  NMSE med@1/@16=0.0438/0.0120 ok=0.0119  resc/lost(2->16)=53/0  tauL@1=0.471  fail% stuck/cyc2/other=0.5/0.1/0.4
    M-ours-bstar-scalar  n=2560 BLER@1/@2/@8/@16 = 0.141 0.060 0.029 0.027 [0.021,0.034]  BER@16=1.08e-02  NMSE med@1/@16=0.0803/0.0270 ok=0.0267  resc/lost(2->16)=84/0  tauL@1=0.492  fail% stuck/cyc2/other=1.2/0.2/1.2
    R5-genie             n=2560 BLER@1/@2/@8/@16 = 0.044 0.012 0.005 0.005 [0.003,0.008]  BER@16=1.53e-03  NMSE med@1/@16=nan/nan ok=nan  resc/lost(2->16)=18/0  tauL@1=0.387  fail% stuck/cyc2/other=0.2/0.0/0.3
   SNR +6 dB
    R0-pilot             n=2560 BLER@1/@2/@8/@16 = 0.100 0.057 0.030 0.025 [0.019,0.031]  BER@16=9.22e-03  NMSE med@1/@16=0.0583/0.0583 ok=0.0583  resc/lost(2->16)=84/0  tauL@1=0.280  fail% stuck/cyc2/other=0.5/0.4/1.6
    R1-turbo             n=2560 BLER@1/@2/@8/@16 = 0.100 0.063 0.043 0.039 [0.033,0.048]  BER@16=1.45e-02  NMSE med@1/@16=0.0583/0.0181 ok=0.0179  resc/lost(2->16)=60/0  tauL@1=0.280  fail% stuck/cyc2/other=2.6/0.0/1.4
    R2-ours-G            n=2560 BLER@1/@2/@8/@16 = 0.100 0.054 0.027 0.022 [0.017,0.029]  BER@16=9.21e-03  NMSE med@1/@16=0.0583/0.0180 ok=0.0179  resc/lost(2->16)=81/0  tauL@1=0.280  fail% stuck/cyc2/other=0.5/0.4/1.3
    R3-bigamp            n=2560 BLER@1/@2/@8/@16 = 0.136 0.093 0.061 0.053 [0.045,0.062]  BER@16=2.23e-02  NMSE med@1/@16=0.0589/0.0313 ok=0.0309  resc/lost(2->16)=104/0  tauL@1=0.162  fail% stuck/cyc2/other=0.5/0.5/4.3
    R4-llr               n=2560 BLER@1/@2/@8/@16 = 0.152 0.091 0.398 0.399 [0.380,0.418]  BER@16=3.49e-01  NMSE med@1/@16=0.0190/0.0223 ok=0.0179  resc/lost(2->16)=27/814  tauL@1=0.181  fail% stuck/cyc2/other=0.4/36.9/2.6
    R4-scvamp            n=2560 BLER@1/@2/@8/@16 = 0.152 0.107 0.098 0.098 [0.087,0.110]  BER@16=3.25e-02  NMSE med@1/@16=0.0190/0.0185 ok=0.0179  resc/lost(2->16)=25/1  tauL@1=0.181  fail% stuck/cyc2/other=7.5/1.6/0.7
    M-ours-gmm32         n=2560 BLER@1/@2/@8/@16 = 0.091 0.039 0.019 0.015 [0.011,0.021]  BER@16=5.73e-03  NMSE med@1/@16=0.0477/0.0153 ok=0.0152  resc/lost(2->16)=62/0  tauL@1=0.326  fail% stuck/cyc2/other=0.3/0.2/1.1
    M-ours-bstar         n=2560 BLER@1/@2/@8/@16 = 0.080 0.029 0.014 0.012 [0.008,0.017]  BER@16=4.45e-03  NMSE med@1/@16=0.0439/0.0146 ok=0.0145  resc/lost(2->16)=44/0  tauL@1=0.365  fail% stuck/cyc2/other=0.3/0.1/0.7
    M-ours-dscore-C-V0   n=2560 BLER@1/@2/@8/@16 = 0.811 0.918 0.964 0.948 [0.939,0.956]  BER@16=4.48e-01  NMSE med@1/@16=15.2231/2.2383 ok=0.3331  resc/lost(2->16)=95/173  tauL@1=0.009  fail% stuck/cyc2/other=0.3/8.9/85.7
    M-ours-dscore-C-V1   n=2560 BLER@1/@2/@8/@16 = 0.049 0.014 0.007 0.006 [0.004,0.010]  BER@16=2.17e-03  NMSE med@1/@16=0.0238/0.0064 ok=0.0064  resc/lost(2->16)=21/0  tauL@1=0.369  fail% stuck/cyc2/other=0.3/0.0/0.3
    M-ours-dscore-C-V4   n=2560 BLER@1/@2/@8/@16 = 0.046 0.016 0.007 0.006 [0.004,0.010]  BER@16=1.95e-03  NMSE med@1/@16=0.0213/0.0056 ok=0.0056  resc/lost(2->16)=26/0  tauL@1=0.351  fail% stuck/cyc2/other=0.4/0.0/0.3
    M-ours-dscore-C-V4b  n=2560 BLER@1/@2/@8/@16 = 0.046 0.016 0.007 0.006 [0.004,0.010]  BER@16=2.08e-03  NMSE med@1/@16=0.0213/0.0060 ok=0.0060  resc/lost(2->16)=25/0  tauL@1=0.351  fail% stuck/cyc2/other=0.3/0.0/0.3
    M-ours-bstar-scalar  n=2560 BLER@1/@2/@8/@16 = 0.082 0.031 0.014 0.014 [0.010,0.019]  BER@16=5.25e-03  NMSE med@1/@16=0.0440/0.0144 ok=0.0144  resc/lost(2->16)=43/0  tauL@1=0.342  fail% stuck/cyc2/other=0.6/0.0/0.8
    R5-genie             n=2560 BLER@1/@2/@8/@16 = 0.032 0.007 0.004 0.004 [0.002,0.007]  BER@16=1.32e-03  NMSE med@1/@16=nan/nan ok=nan  resc/lost(2->16)=10/0  tauL@1=0.283  fail% stuck/cyc2/other=0.1/0.0/0.2
   SNR +9 dB
    R0-pilot             n=2560 BLER@1/@2/@8/@16 = 0.064 0.035 0.017 0.014 [0.010,0.019]  BER@16=5.32e-03  NMSE med@1/@16=0.0300/0.0300 ok=0.0300  resc/lost(2->16)=54/0  tauL@1=0.201  fail% stuck/cyc2/other=0.2/0.4/0.8
    R1-turbo             n=2560 BLER@1/@2/@8/@16 = 0.064 0.036 0.025 0.024 [0.019,0.031]  BER@16=9.01e-03  NMSE med@1/@16=0.0300/0.0090 ok=0.0089  resc/lost(2->16)=30/0  tauL@1=0.201  fail% stuck/cyc2/other=1.7/0.0/0.7
    R2-ours-G            n=2560 BLER@1/@2/@8/@16 = 0.064 0.030 0.014 0.012 [0.009,0.017]  BER@16=4.87e-03  NMSE med@1/@16=0.0300/0.0090 ok=0.0089  resc/lost(2->16)=47/0  tauL@1=0.201  fail% stuck/cyc2/other=0.2/0.3/0.7
    R3-bigamp            n=2560 BLER@1/@2/@8/@16 = 0.107 0.072 0.055 0.051 [0.043,0.060]  BER@16=2.09e-02  NMSE med@1/@16=0.0238/0.0129 ok=0.0127  resc/lost(2->16)=55/0  tauL@1=0.111  fail% stuck/cyc2/other=0.4/0.4/4.4
    R4-llr               n=2560 BLER@1/@2/@8/@16 = 0.104 0.066 0.274 0.274 [0.257,0.292]  BER@16=2.41e-01  NMSE med@1/@16=0.0093/0.0101 ok=0.0089  resc/lost(2->16)=25/559  tauL@1=0.130  fail% stuck/cyc2/other=0.1/25.6/1.7
    R4-scvamp            n=2560 BLER@1/@2/@8/@16 = 0.104 0.077 0.070 0.070 [0.060,0.080]  BER@16=2.41e-02  NMSE med@1/@16=0.0093/0.0092 ok=0.0090  resc/lost(2->16)=19/0  tauL@1=0.130  fail% stuck/cyc2/other=5.3/1.2/0.5
    M-ours-gmm32         n=2560 BLER@1/@2/@8/@16 = 0.057 0.027 0.013 0.012 [0.008,0.017]  BER@16=4.99e-03  NMSE med@1/@16=0.0253/0.0079 ok=0.0079  resc/lost(2->16)=38/0  tauL@1=0.228  fail% stuck/cyc2/other=0.0/0.3/0.9
    M-ours-bstar         n=2560 BLER@1/@2/@8/@16 = 0.050 0.020 0.011 0.009 [0.006,0.014]  BER@16=3.70e-03  NMSE med@1/@16=0.0234/0.0075 ok=0.0074  resc/lost(2->16)=26/0  tauL@1=0.249  fail% stuck/cyc2/other=0.1/0.2/0.7
    M-ours-dscore-C-V0   n=2560 BLER@1/@2/@8/@16 = 0.913 0.848 0.910 0.909 [0.897,0.919]  BER@16=4.21e-01  NMSE med@1/@16=19.0096/1.4713 ok=0.2880  resc/lost(2->16)=150/306  tauL@1=0.004  fail% stuck/cyc2/other=0.4/8.9/81.6
    M-ours-dscore-C-V1   n=2560 BLER@1/@2/@8/@16 = 0.029 0.007 0.003 0.003 [0.001,0.006]  BER@16=9.95e-04  NMSE med@1/@16=0.0116/0.0031 ok=0.0031  resc/lost(2->16)=10/0  tauL@1=0.255  fail% stuck/cyc2/other=0.0/0.0/0.2
    M-ours-dscore-C-V4   n=2560 BLER@1/@2/@8/@16 = 0.027 0.007 0.004 0.003 [0.002,0.006]  BER@16=1.01e-03  NMSE med@1/@16=0.0101/0.0029 ok=0.0029  resc/lost(2->16)=10/0  tauL@1=0.237  fail% stuck/cyc2/other=0.1/0.0/0.2
    M-ours-dscore-C-V4b  n=2560 BLER@1/@2/@8/@16 = 0.027 0.007 0.003 0.003 [0.001,0.006]  BER@16=9.02e-04  NMSE med@1/@16=0.0101/0.0030 ok=0.0030  resc/lost(2->16)=11/0  tauL@1=0.237  fail% stuck/cyc2/other=0.1/0.0/0.2
    M-ours-bstar-scalar  n=2560 BLER@1/@2/@8/@16 = 0.052 0.022 0.009 0.007 [0.004,0.011]  BER@16=2.91e-03  NMSE med@1/@16=0.0232/0.0073 ok=0.0073  resc/lost(2->16)=38/0  tauL@1=0.233  fail% stuck/cyc2/other=0.2/0.1/0.4
    R5-genie             n=2560 BLER@1/@2/@8/@16 = 0.022 0.004 0.001 0.001 [0.000,0.003]  BER@16=2.79e-04  NMSE med@1/@16=nan/nan ok=nan  resc/lost(2->16)=7/0  tauL@1=0.189  fail% stuck/cyc2/other=0.0/0.0/0.0
   SNR +12 dB
    R0-pilot             n=2560 BLER@1/@2/@8/@16 = 0.047 0.026 0.014 0.011 [0.008,0.016]  BER@16=4.18e-03  NMSE med@1/@16=0.0153/0.0153 ok=0.0153  resc/lost(2->16)=39/0  tauL@1=0.147  fail% stuck/cyc2/other=0.2/0.3/0.7
    R1-turbo             n=2560 BLER@1/@2/@8/@16 = 0.047 0.027 0.018 0.018 [0.013,0.023]  BER@16=6.98e-03  NMSE med@1/@16=0.0153/0.0045 ok=0.0045  resc/lost(2->16)=25/0  tauL@1=0.147  fail% stuck/cyc2/other=1.1/0.0/0.6
    R2-ours-G            n=2560 BLER@1/@2/@8/@16 = 0.047 0.025 0.014 0.011 [0.008,0.016]  BER@16=4.66e-03  NMSE med@1/@16=0.0153/0.0045 ok=0.0045  resc/lost(2->16)=36/0  tauL@1=0.147  fail% stuck/cyc2/other=0.1/0.2/0.8
    R3-bigamp            n=2560 BLER@1/@2/@8/@16 = 0.099 0.067 0.058 0.057 [0.049,0.067]  BER@16=2.54e-02  NMSE med@1/@16=0.0099/0.0057 ok=0.0056  resc/lost(2->16)=27/3  tauL@1=0.083  fail% stuck/cyc2/other=0.1/0.8/4.9
    R4-llr               n=2560 BLER@1/@2/@8/@16 = 0.078 0.048 0.195 0.194 [0.179,0.210]  BER@16=1.71e-01  NMSE med@1/@16=0.0046/0.0048 ok=0.0045  resc/lost(2->16)=24/398  tauL@1=0.094  fail% stuck/cyc2/other=0.1/18.2/1.1
    R4-scvamp            n=2560 BLER@1/@2/@8/@16 = 0.078 0.056 0.048 0.048 [0.041,0.057]  BER@16=1.76e-02  NMSE med@1/@16=0.0046/0.0046 ok=0.0045  resc/lost(2->16)=20/0  tauL@1=0.094  fail% stuck/cyc2/other=3.7/0.7/0.4
    M-ours-gmm32         n=2560 BLER@1/@2/@8/@16 = 0.042 0.022 0.011 0.009 [0.006,0.014]  BER@16=3.79e-03  NMSE med@1/@16=0.0133/0.0041 ok=0.0040  resc/lost(2->16)=32/0  tauL@1=0.161  fail% stuck/cyc2/other=0.2/0.2/0.5
    M-ours-bstar         n=2560 BLER@1/@2/@8/@16 = 0.038 0.015 0.008 0.008 [0.005,0.012]  BER@16=2.69e-03  NMSE med@1/@16=0.0125/0.0039 ok=0.0039  resc/lost(2->16)=18/0  tauL@1=0.179  fail% stuck/cyc2/other=0.3/0.3/0.2
    M-ours-dscore-C-V0   n=2560 BLER@1/@2/@8/@16 = 0.897 0.751 0.827 0.817 [0.801,0.831]  BER@16=3.65e-01  NMSE med@1/@16=13.6225/0.6930 ok=0.2435  resc/lost(2->16)=261/429  tauL@1=0.003  fail% stuck/cyc2/other=0.7/9.8/71.2
    M-ours-dscore-C-V1   n=2560 BLER@1/@2/@8/@16 = 0.021 0.006 0.002 0.002 [0.001,0.005]  BER@16=4.46e-04  NMSE med@1/@16=0.0058/0.0016 ok=0.0016  resc/lost(2->16)=10/0  tauL@1=0.169  fail% stuck/cyc2/other=0.1/0.0/0.1
    M-ours-dscore-C-V4   n=2560 BLER@1/@2/@8/@16 = 0.021 0.006 0.002 0.002 [0.001,0.005]  BER@16=8.09e-04  NMSE med@1/@16=0.0052/0.0015 ok=0.0015  resc/lost(2->16)=10/0  tauL@1=0.155  fail% stuck/cyc2/other=0.2/0.0/0.1
    M-ours-dscore-C-V4b  n=2560 BLER@1/@2/@8/@16 = 0.021 0.006 0.002 0.002 [0.001,0.005]  BER@16=6.51e-04  NMSE med@1/@16=0.0052/0.0016 ok=0.0016  resc/lost(2->16)=11/0  tauL@1=0.155  fail% stuck/cyc2/other=0.1/0.0/0.1
    M-ours-bstar-scalar  n=2560 BLER@1/@2/@8/@16 = 0.039 0.016 0.010 0.009 [0.006,0.013]  BER@16=2.91e-03  NMSE med@1/@16=0.0123/0.0038 ok=0.0038  resc/lost(2->16)=20/0  tauL@1=0.165  fail% stuck/cyc2/other=0.3/0.1/0.4
    R5-genie             n=2560 BLER@1/@2/@8/@16 = 0.015 0.004 0.001 0.001 [0.000,0.003]  BER@16=1.67e-04  NMSE med@1/@16=nan/nan ok=nan  resc/lost(2->16)=8/0  tauL@1=0.123  fail% stuck/cyc2/other=0.1/0.0/0.0
   SNR +15 dB
    R0-pilot             n=2560 BLER@1/@2/@8/@16 = 0.036 0.012 0.007 0.005 [0.003,0.009]  BER@16=2.27e-03  NMSE med@1/@16=0.0078/0.0078 ok=0.0078  resc/lost(2->16)=16/0  tauL@1=0.105  fail% stuck/cyc2/other=0.0/0.1/0.4
    R1-turbo             n=2560 BLER@1/@2/@8/@16 = 0.036 0.014 0.009 0.008 [0.005,0.013]  BER@16=3.21e-03  NMSE med@1/@16=0.0078/0.0023 ok=0.0023  resc/lost(2->16)=14/0  tauL@1=0.105  fail% stuck/cyc2/other=0.4/0.1/0.3
    R2-ours-G            n=2560 BLER@1/@2/@8/@16 = 0.036 0.011 0.007 0.006 [0.004,0.010]  BER@16=2.48e-03  NMSE med@1/@16=0.0078/0.0023 ok=0.0023  resc/lost(2->16)=13/0  tauL@1=0.105  fail% stuck/cyc2/other=0.0/0.1/0.4
    R3-bigamp            n=2560 BLER@1/@2/@8/@16 = 0.105 0.075 0.058 0.055 [0.047,0.065]  BER@16=2.48e-02  NMSE med@1/@16=0.0048/0.0026 ok=0.0026  resc/lost(2->16)=50/1  tauL@1=0.071  fail% stuck/cyc2/other=0.2/0.9/4.5
    R4-llr               n=2560 BLER@1/@2/@8/@16 = 0.067 0.036 0.169 0.171 [0.157,0.186]  BER@16=1.51e-01  NMSE med@1/@16=0.0023/0.0024 ok=0.0023  resc/lost(2->16)=11/357  tauL@1=0.065  fail% stuck/cyc2/other=0.1/16.1/0.9
    R4-scvamp            n=2560 BLER@1/@2/@8/@16 = 0.067 0.044 0.037 0.037 [0.030,0.045]  BER@16=1.27e-02  NMSE med@1/@16=0.0023/0.0023 ok=0.0023  resc/lost(2->16)=18/0  tauL@1=0.065  fail% stuck/cyc2/other=3.2/0.4/0.2
    M-ours-gmm32         n=2560 BLER@1/@2/@8/@16 = 0.032 0.012 0.005 0.004 [0.002,0.007]  BER@16=1.56e-03  NMSE med@1/@16=0.0069/0.0021 ok=0.0021  resc/lost(2->16)=22/0  tauL@1=0.110  fail% stuck/cyc2/other=0.0/0.0/0.3
    M-ours-bstar         n=2560 BLER@1/@2/@8/@16 = 0.027 0.009 0.003 0.003 [0.001,0.006]  BER@16=1.03e-03  NMSE med@1/@16=0.0065/0.0020 ok=0.0020  resc/lost(2->16)=15/0  tauL@1=0.118  fail% stuck/cyc2/other=0.0/0.0/0.2
    M-ours-dscore-C-V0   n=2560 BLER@1/@2/@8/@16 = 0.861 0.632 0.498 0.446 [0.427,0.466]  BER@16=1.91e-01  NMSE med@1/@16=9.3382/0.1836 ok=0.0014  resc/lost(2->16)=689/213  tauL@1=0.002  fail% stuck/cyc2/other=1.0/6.1/37.5
    M-ours-dscore-C-V1   n=2560 BLER@1/@2/@8/@16 = 0.013 0.003 0.001 0.001 [0.000,0.003]  BER@16=3.07e-04  NMSE med@1/@16=0.0028/0.0009 ok=0.0009  resc/lost(2->16)=5/0  tauL@1=0.108  fail% stuck/cyc2/other=0.1/0.0/0.0
    M-ours-dscore-C-V4   n=2560 BLER@1/@2/@8/@16 = 0.013 0.003 0.002 0.002 [0.001,0.004]  BER@16=3.63e-04  NMSE med@1/@16=0.0027/0.0008 ok=0.0008  resc/lost(2->16)=4/0  tauL@1=0.101  fail% stuck/cyc2/other=0.1/0.0/0.0
    M-ours-dscore-C-V4b  n=2560 BLER@1/@2/@8/@16 = 0.013 0.003 0.002 0.002 [0.001,0.005]  BER@16=4.56e-04  NMSE med@1/@16=0.0027/0.0009 ok=0.0009  resc/lost(2->16)=3/0  tauL@1=0.101  fail% stuck/cyc2/other=0.1/0.1/0.0
    M-ours-bstar-scalar  n=2560 BLER@1/@2/@8/@16 = 0.028 0.009 0.003 0.003 [0.001,0.006]  BER@16=1.13e-03  NMSE med@1/@16=0.0064/0.0020 ok=0.0020  resc/lost(2->16)=15/0  tauL@1=0.111  fail% stuck/cyc2/other=0.0/0.0/0.2
    R5-genie             n=2560 BLER@1/@2/@8/@16 = 0.009 0.002 0.001 0.001 [0.000,0.003]  BER@16=3.91e-04  NMSE med@1/@16=nan/nan ok=nan  resc/lost(2->16)=4/0  tauL@1=0.075  fail% stuck/cyc2/other=0.0/0.0/0.0

  SNR@BLER 0.1 (log-linear interpolation; '<=x' already below at the lowest grid point, '>x' never reached)
  and the SNR@0.1 gain over R2-ours-G with a 90% PAIRED bootstrap CI (same resampled trials for both arms).
  SIGN CONVENTION (spelled out the same way as table B, so it cannot be read inverted): the number is
  SNR@0.1(this arm) MINUS SNR@0.1(R2-ours-G).  + dB = this arm needs MORE SNR than R2-ours-G to reach
  BLER 0.1;  - dB = it needs LESS.
    arm                  SNR@0.1   SNR@0.1 gap (this arm minus R2-ours-G)
    R0-pilot (@1)           6.03   +5.97 dB  [90% paired bootstrap +5.46, +6.57; censored replicates 0%]
    pilot_C (@16)           0.72   +0.67 dB  [90% paired bootstrap +0.47, +0.88; censored replicates 0%]
    R1-turbo                2.30   +2.24 dB  [90% paired bootstrap +1.92, +2.62; censored replicates 0%]
    R2-ours-G               0.06   -- (reference)
    R3-bigamp               2.31   +2.25 dB  [90% paired bootstrap +1.91, +2.62; censored replicates 0%]
    R4-llr                 >  15   >= +14.94 dB (R4-llr never reaches 0.1 on the grid)
    R4-scvamp               5.83   +5.77 dB  [90% paired bootstrap +5.15, +6.50; censored replicates 0%]
    M-ours-gmm32           -0.47   -0.53 dB  [90% paired bootstrap -0.72, -0.32; censored replicates 0%]
    M-ours-bstar           -0.72   -0.78 dB  [90% paired bootstrap -0.98, -0.57; censored replicates 0%]
    M-ours-dscore-C-V0     >  15   >= +14.94 dB (M-ours-dscore-C-V0 never reaches 0.1 on the grid)
    M-ours-dscore-C-V1     -2.23   -2.29 dB  [90% paired bootstrap -2.54, -2.03; censored replicates 0%]
    M-ours-dscore-C-V4     -2.08   -2.14 dB  [90% paired bootstrap -2.38, -1.90; censored replicates 0%]
    M-ours-dscore-C-V4b    -1.98   -2.04 dB  [90% paired bootstrap -2.28, -1.79; censored replicates 0%]
    M-ours-bstar-scalar    -0.56   -0.62 dB  [90% paired bootstrap -0.82, -0.43; censored replicates 0%]
    R5-genie              <=  -3   n/a (<=  -3 vs 0.06) — extend the SNR grid

  failure classes at @16, as a fraction of ALL blocks (exp_0921 operational definition; diverged = the arm's own flag, raised = the arm threw on that block (runner.py '<arm>|failed'); diverged AND raised blocks are KEPT in every mean above, a raised block counting as a block error):
    arm  [stuck/cyc2/other/diverged/raised]              -3 dB                           +0 dB                           +3 dB                           +6 dB                           +9 dB                           +12 dB                          +15 dB             
    R0-pilot (@1)                                         n/a                             n/a                             n/a                             n/a                             n/a                             n/a                             n/a                 (1-pass arm: no trajectory to classify)
    pilot_C (@16)                            0.306/0.014/0.156/n/a  /0.000   0.029/0.011/0.092/n/a  /0.000   0.009/0.004/0.029/n/a  /0.000   0.005/0.004/0.016/n/a  /0.000   0.002/0.004/0.008/n/a  /0.000   0.002/0.003/0.007/n/a  /0.000   0.000/0.001/0.004/n/a  /0.000  
    R1-turbo                                 0.526/0.000/0.016/n/a  /0.000   0.194/0.000/0.017/n/a  /0.000   0.065/0.000/0.015/n/a  /0.000   0.026/0.000/0.014/n/a  /0.000   0.017/0.000/0.007/n/a  /0.000   0.011/0.000/0.006/n/a  /0.000   0.004/0.001/0.003/n/a  /0.000  
    R2-ours-G                                0.086/0.061/0.182/n/a  /0.000   0.019/0.018/0.065/n/a  /0.000   0.009/0.004/0.025/n/a  /0.000   0.005/0.004/0.013/n/a  /0.000   0.002/0.003/0.007/n/a  /0.000   0.001/0.002/0.008/n/a  /0.000   0.000/0.001/0.004/n/a  /0.000  
    R3-bigamp                                0.419/0.034/0.091/0.000/0.000   0.097/0.015/0.098/0.000/0.000   0.023/0.006/0.051/0.000/0.000   0.005/0.005/0.043/0.000/0.000   0.004/0.004/0.044/0.000/0.000   0.001/0.008/0.049/0.000/0.000   0.002/0.009/0.045/0.000/0.000  
    R4-llr                                   0.410/0.435/0.021/0.000/0.000   0.111/0.681/0.040/0.000/0.000   0.021/0.549/0.030/0.000/0.000   0.004/0.369/0.026/0.000/0.000   0.001/0.256/0.017/0.000/0.000   0.001/0.182/0.011/0.000/0.000   0.001/0.161/0.009/0.000/0.000  
    R4-scvamp                                0.589/0.005/0.015/0.000/0.000   0.280/0.010/0.015/0.000/0.000   0.127/0.010/0.012/0.000/0.000   0.075/0.016/0.007/0.000/0.000   0.053/0.012/0.005/0.000/0.000   0.037/0.007/0.004/0.000/0.000   0.032/0.004/0.002/0.000/0.000  
    M-ours-gmm32                             0.067/0.040/0.157/n/a  /0.000   0.020/0.009/0.055/n/a  /0.000   0.006/0.005/0.023/n/a  /0.000   0.003/0.002/0.011/n/a  /0.000   0.000/0.003/0.009/n/a  /0.000   0.002/0.002/0.005/n/a  /0.000   0.000/0.000/0.003/n/a  /0.000  
    M-ours-bstar                             0.080/0.034/0.139/n/a  /0.000   0.018/0.005/0.051/n/a  /0.000   0.007/0.003/0.014/n/a  /0.000   0.003/0.001/0.007/n/a  /0.000   0.001/0.002/0.007/n/a  /0.000   0.003/0.003/0.002/n/a  /0.000   0.000/0.000/0.002/n/a  /0.000  
    M-ours-dscore-C-V0                       0.026/0.038/0.529/n/a  /0.000   0.003/0.055/0.786/n/a  /0.000   0.002/0.073/0.877/n/a  /0.000   0.003/0.089/0.857/n/a  /0.000   0.004/0.089/0.816/n/a  /0.000   0.007/0.098/0.712/n/a  /0.000   0.010/0.061/0.375/n/a  /0.000  
    M-ours-dscore-C-V1                       0.044/0.015/0.086/n/a  /0.000   0.012/0.003/0.020/n/a  /0.000   0.005/0.001/0.005/n/a  /0.000   0.003/0.000/0.003/n/a  /0.000   0.000/0.000/0.002/n/a  /0.000   0.001/0.000/0.001/n/a  /0.000   0.001/0.000/0.000/n/a  /0.000  
    M-ours-dscore-C-V4                       0.061/0.009/0.084/n/a  /0.000   0.016/0.005/0.016/n/a  /0.000   0.005/0.000/0.003/n/a  /0.000   0.004/0.000/0.003/n/a  /0.000   0.001/0.000/0.002/n/a  /0.000   0.002/0.000/0.001/n/a  /0.000   0.001/0.000/0.000/n/a  /0.000  
    M-ours-dscore-C-V4b                      0.060/0.011/0.090/n/a  /0.000   0.016/0.003/0.021/n/a  /0.000   0.005/0.001/0.004/n/a  /0.000   0.003/0.000/0.003/n/a  /0.000   0.001/0.000/0.002/n/a  /0.000   0.001/0.000/0.001/n/a  /0.000   0.001/0.001/0.000/n/a  /0.000  
    M-ours-bstar-scalar                      0.105/0.029/0.138/n/a  /0.000   0.030/0.006/0.043/n/a  /0.000   0.012/0.002/0.013/n/a  /0.000   0.006/0.000/0.008/n/a  /0.000   0.002/0.001/0.004/n/a  /0.000   0.003/0.001/0.004/n/a  /0.000   0.000/0.000/0.002/n/a  /0.000  
    R5-genie                                 0.014/0.002/0.018/n/a  /0.000   0.004/0.001/0.006/n/a  /0.000   0.002/0.000/0.003/n/a  /0.000   0.001/0.000/0.002/n/a  /0.000   0.000/0.000/0.000/n/a  /0.000   0.001/0.000/0.000/n/a  /0.000   0.000/0.000/0.000/n/a  /0.000  

  clip firing rates, mean over trials x iterations (tauL = variance-floor clip of the detector site, alphaD = alpha^D clip to [eps, 1-eps]):
    arm                             -3 dB             +0 dB             +3 dB             +6 dB             +9 dB            +12 dB            +15 dB
    R0-pilot              0.0000/0.1342     0.0004/0.7534     0.0017/0.9173     0.0013/0.9544     0.0011/0.9756     0.0006/0.9827     0.0005/0.9886  
    R1-turbo              0.0000/0.5845     0.0004/0.8410     0.0011/0.9338     0.0013/0.9613     0.0009/0.9790     0.0004/0.9846     0.0002/0.9901  
    R2-ours-G             0.0000/0.5043     0.0006/0.8144     0.0023/0.9247     0.0013/0.9577     0.0009/0.9771     0.0007/0.9827     0.0003/0.9896  
    R3-bigamp             0.0000/0.0000     0.0000/0.0000     0.0000/0.0000     0.0000/0.0000     0.0000/0.0000     0.0000/0.0000     0.0000/0.0000  
    R4-llr                0.3053/0.0000     0.5050/0.0000     0.6325/0.0000     0.6870/0.0000     0.7203/0.0000     0.7402/0.0000     0.7450/0.0000  
    R4-scvamp             0.2356/0.5200     0.3051/0.7221     0.3486/0.8584     0.3698/0.9173     0.3785/0.9491     0.3748/0.9630     0.3756/0.9726  
    M-ours-gmm32          0.0000/0.5667     0.0003/0.8318     0.0017/0.9293     0.0007/0.9626     0.0012/0.9775     0.0006/0.9853     0.0004/0.9895  
    M-ours-bstar          0.0000/0.5733     0.0002/0.8420     0.0006/0.9349     0.0005/0.9649     0.0008/0.9790     0.0003/0.9863     0.0001/0.9908  
    M-ours-dscore-C-V0    0.0859/0.4931     0.1255/0.4324     0.1103/0.4312     0.0721/0.4647     0.0485/0.5658     0.0312/0.6995     0.0153/0.8320  
    M-ours-dscore-C-V1    0.0000/0.7082     0.0001/0.8910     0.0002/0.9552     0.0002/0.9755     0.0002/0.9869     0.0000/0.9909     0.0000/0.9939  
    M-ours-dscore-C-V4    0.0000/0.7152     0.0001/0.8929     0.0001/0.9578     0.0000/0.9769     0.0001/0.9875     0.0000/0.9912     0.0000/0.9941  
    M-ours-dscore-C-V4b   0.0000/0.7068     0.0001/0.8917     0.0003/0.9575     0.0000/0.9770     0.0000/0.9877     0.0000/0.9911     0.0000/0.9941  
    M-ours-bstar-scalar   0.0000/0.5829     0.0004/0.8438     0.0007/0.9367     0.0005/0.9666     0.0004/0.9801     0.0004/0.9861     0.0001/0.9905  
    R5-genie              0.0000/0.8718     0.0000/0.9481     0.0000/0.9771     0.0000/0.9832     0.0000/0.9908     0.0000/0.9931     0.0000/0.9945  

  NMSE_H@16 median, WITH and WITHOUT the failed blocks (08_SPEC §5: both versions, never only one):
    arm                                   -3 dB                   +0 dB                   +3 dB                   +6 dB                   +9 dB                  +12 dB                  +15 dB     [all blocks / success-only]
    R0-pilot                3.183e-01/3.021e-01     1.924e-01/1.909e-01     1.090e-01/1.089e-01     5.832e-02/5.835e-02     3.004e-02/3.003e-02     1.528e-02/1.528e-02     7.780e-03/7.782e-03
    R1-turbo                2.011e-01/1.175e-01     7.139e-02/6.567e-02     3.547e-02/3.451e-02     1.807e-02/1.790e-02     9.004e-03/8.927e-03     4.506e-03/4.483e-03     2.273e-03/2.264e-03
    R2-ours-G               1.368e-01/1.189e-01     6.810e-02/6.586e-02     3.492e-02/3.452e-02     1.797e-02/1.786e-02     8.960e-03/8.925e-03     4.500e-03/4.482e-03     2.268e-03/2.263e-03
    R3-bigamp               3.576e-01/2.954e-01     1.655e-01/1.570e-01     7.403e-02/7.253e-02     3.130e-02/3.087e-02     1.292e-02/1.273e-02     5.669e-03/5.562e-03     2.619e-03/2.572e-03
    R4-llr                  3.724e-01/1.196e-01     1.414e+00/6.435e-02     1.203e+00/3.492e-02     2.232e-02/1.791e-02     1.005e-02/8.930e-03     4.844e-03/4.505e-03     2.427e-03/2.275e-03
    R4-scvamp               2.331e-01/1.180e-01     7.506e-02/6.563e-02     3.653e-02/3.461e-02     1.850e-02/1.789e-02     9.156e-03/8.953e-03     4.554e-03/4.487e-03     2.295e-03/2.263e-03
    M-ours-gmm32            1.093e-01/9.646e-02     5.578e-02/5.404e-02     2.938e-02/2.894e-02     1.531e-02/1.525e-02     7.905e-03/7.867e-03     4.055e-03/4.045e-03     2.076e-03/2.074e-03
    M-ours-bstar            1.000e-01/8.851e-02     5.069e-02/4.934e-02     2.708e-02/2.688e-02     1.461e-02/1.455e-02     7.466e-03/7.430e-03     3.920e-03/3.902e-03     1.995e-03/1.995e-03
    M-ours-dscore-C-V0      1.357e-01/6.273e-02     2.256e-01/5.422e-02     1.122e+00/2.483e-01     2.238e+00/3.331e-01     1.471e+00/2.880e-01     6.930e-01/2.435e-01     1.836e-01/1.446e-03
    M-ours-dscore-C-V1      5.474e-02/4.952e-02     2.571e-02/2.498e-02     1.298e-02/1.286e-02     6.427e-03/6.415e-03     3.120e-03/3.117e-03     1.642e-03/1.639e-03     8.827e-04/8.818e-04
    M-ours-dscore-C-V4      5.232e-02/4.666e-02     2.340e-02/2.269e-02     1.132e-02/1.121e-02     5.648e-03/5.639e-03     2.884e-03/2.883e-03     1.535e-03/1.531e-03     8.457e-04/8.448e-04
    M-ours-dscore-C-V4b     5.627e-02/5.038e-02     2.468e-02/2.411e-02     1.201e-02/1.195e-02     6.008e-03/5.990e-03     3.018e-03/3.014e-03     1.600e-03/1.599e-03     8.754e-04/8.745e-04
    M-ours-bstar-scalar     1.017e-01/8.889e-02     5.100e-02/4.942e-02     2.695e-02/2.671e-02     1.442e-02/1.436e-02     7.335e-03/7.319e-03     3.846e-03/3.829e-03     1.972e-03/1.971e-03
    R5-genie                            nan/nan                 nan/nan                 nan/nan                 nan/nan                 nan/nan                 nan/nan                 nan/nan

  fit / training cost (GMM EM wall-clock, seconds; 01_RULES §5 -- not hidden, 'n/a' where there is no fit):
    R0-pilot                  n/a s
    R1-turbo                  n/a s
    R2-ours-G                 n/a s
    R3-bigamp                 n/a s
    R4-llr                    n/a s
    R4-scvamp                 n/a s
    M-ours-gmm32            376.5 s
    M-ours-bstar          49597.8 s
    M-ours-dscore-C-V0    35774.5 s
    M-ours-dscore-C-V1    35774.5 s
    M-ours-dscore-C-V4    35774.5 s
    M-ours-dscore-C-V4b       n/a s
    M-ours-bstar-scalar   49597.8 s
    R5-genie                  n/a s

--- cell C5 (8x4, T=16, Tp=3, K=46)  prior S2  testbed D2   n per SNR: [2560, 2560, 2560, 2560, 2560, 2560, 2560]   b* = kron
  arms absent from the raw files (see 01_RULES §6 -- BLOCKED / FAILED-VERIFICATION): ['M-ours-dscore']
  arm                              SNR -3 dB                            SNR +0 dB                            SNR +3 dB                            SNR +6 dB                            SNR +9 dB                            SNR +12 dB                           SNR +15 dB             
  R0-pilot (@1)       0.968(0.960,0.974) 3.7e-01 4.94e-01  0.861(0.847,0.874) 3.0e-01 4.04e-01  0.739(0.722,0.756) 2.5e-01 3.35e-01  0.684(0.665,0.701) 2.3e-01 2.97e-01  0.623(0.604,0.641) 2.1e-01 2.67e-01  0.584(0.565,0.603) 1.9e-01 2.60e-01  0.570(0.550,0.589) 1.9e-01 2.41e-01 
  pilot_C (@16)       0.880(0.867,0.892) 3.5e-01 4.94e-01  0.645(0.626,0.663) 2.5e-01 4.04e-01  0.490(0.471,0.509) 1.9e-01 3.35e-01  0.421(0.402,0.440) 1.7e-01 2.97e-01  0.371(0.352,0.390) 1.5e-01 2.67e-01  0.362(0.344,0.381) 1.5e-01 2.60e-01  0.342(0.324,0.360) 1.4e-01 2.41e-01 
  R1-turbo            0.787(0.771,0.803) 3.3e-01 4.37e-01  0.547(0.528,0.566) 2.2e-01 2.16e-01  0.354(0.336,0.373) 1.5e-01 4.29e-02  0.278(0.261,0.295) 1.2e-01 2.09e-02  0.215(0.200,0.232) 9.6e-02 1.01e-02  0.175(0.160,0.190) 7.8e-02 5.01e-03  0.149(0.136,0.164) 6.7e-02 2.48e-03 
  R2-ours-G           0.607(0.588,0.626) 2.6e-01 3.32e-01  0.331(0.313,0.349) 1.4e-01 7.95e-02  0.214(0.199,0.230) 9.7e-02 3.90e-02  0.173(0.159,0.188) 8.0e-02 1.98e-02  0.147(0.134,0.162) 6.8e-02 9.80e-03  0.121(0.109,0.134) 5.5e-02 4.90e-03  0.114(0.103,0.127) 5.2e-02 2.45e-03 
  R3-bigamp           0.832(0.817,0.846) 3.6e-01 5.22e-01  0.616(0.597,0.634) 2.7e-01 3.54e-01  0.457(0.438,0.476) 2.0e-01 1.04e-01  0.379(0.360,0.397) 1.7e-01 3.94e-02  0.357(0.339,0.376) 1.6e-01 1.64e-02  0.384(0.365,0.403) 1.8e-01 7.33e-03  0.373(0.355,0.392) 1.7e-01 3.32e-03 
  R4-llr              0.926(0.915,0.935) 4.5e-01 5.99e-01  0.866(0.852,0.878) 5.1e-01 7.51e-01  0.861(0.847,0.874) 5.8e-01 1.32e+00  0.871(0.858,0.884) 6.2e-01 1.49e+00  0.873(0.860,0.886) 6.5e-01 1.56e+00  0.867(0.853,0.879) 6.4e-01 1.51e+00  0.833(0.818,0.847) 6.1e-01 1.36e+00 
  R4-scvamp           0.862(0.848,0.875) 3.6e-01 4.75e-01  0.674(0.656,0.692) 2.7e-01 3.24e-01  0.549(0.530,0.568) 2.2e-01 1.88e-01  0.507(0.488,0.527) 2.1e-01 8.83e-02  0.484(0.464,0.503) 2.0e-01 1.55e-02  0.466(0.447,0.486) 2.0e-01 7.12e-03  0.472(0.453,0.492) 2.0e-01 3.64e-03 
  M-ours-gmm32        0.547(0.528,0.566) 2.4e-01 2.23e-01  0.289(0.271,0.307) 1.3e-01 6.50e-02  0.191(0.176,0.206) 8.8e-02 3.21e-02  0.170(0.155,0.185) 7.8e-02 1.71e-02  0.139(0.126,0.153) 6.4e-02 8.64e-03  0.131(0.119,0.145) 6.2e-02 4.49e-03  0.134(0.121,0.147) 6.2e-02 2.24e-03 
  M-ours-bstar        0.517(0.497,0.536) 2.2e-01 1.64e-01  0.256(0.240,0.274) 1.1e-01 5.85e-02  0.164(0.151,0.179) 7.6e-02 3.01e-02  0.132(0.120,0.146) 6.1e-02 1.60e-02  0.134(0.121,0.147) 6.2e-02 8.18e-03  0.125(0.113,0.139) 5.9e-02 4.32e-03  0.121(0.109,0.134) 5.7e-02 2.17e-03 
  M-ours-dscore-C-V0  0.765(0.748,0.781) 3.6e-01 4.03e-01  0.896(0.883,0.907) 4.2e-01 5.24e-01  0.968(0.961,0.974) 4.6e-01 9.49e-01  0.981(0.975,0.986) 4.7e-01 1.40e+00  0.962(0.954,0.969) 4.6e-01 1.43e+00  0.895(0.882,0.906) 4.2e-01 1.04e+00  0.682(0.663,0.699) 3.1e-01 5.59e-01 
  M-ours-dscore-C-V1  0.400(0.382,0.420) 1.7e-01 7.50e-02  0.185(0.171,0.201) 8.2e-02 3.02e-02  0.121(0.109,0.134) 5.5e-02 1.47e-02  0.103(0.092,0.115) 4.6e-02 7.05e-03  0.119(0.107,0.132) 5.5e-02 3.56e-03  0.128(0.116,0.142) 6.1e-02 1.95e-03  0.155(0.141,0.169) 7.1e-02 1.05e-03 
  M-ours-dscore-C-V4  0.413(0.394,0.432) 1.8e-01 7.45e-02  0.212(0.196,0.228) 9.4e-02 2.80e-02  0.158(0.145,0.173) 7.0e-02 1.34e-02  0.148(0.134,0.162) 6.6e-02 6.51e-03  0.152(0.139,0.167) 7.0e-02 3.32e-03  0.160(0.146,0.175) 7.4e-02 1.88e-03  0.171(0.157,0.186) 7.8e-02 1.01e-03 
  M-ours-dscore-C-V4b 0.861(0.847,0.874) 4.0e-01 7.76e-01  0.725(0.707,0.742) 3.3e-01 5.11e-01  0.681(0.663,0.699) 3.1e-01 4.92e-01  0.714(0.696,0.731) 3.4e-01 6.30e-01  0.773(0.756,0.788) 3.7e-01 7.50e-01  0.799(0.783,0.814) 3.8e-01 8.59e-01  0.835(0.820,0.849) 4.0e-01 8.76e-01 
  M-ours-bstar-scalar 0.585(0.566,0.604) 2.5e-01 2.28e-01  0.338(0.320,0.357) 1.5e-01 6.35e-02  0.257(0.240,0.274) 1.2e-01 3.20e-02  0.225(0.210,0.242) 1.0e-01 1.67e-02  0.212(0.196,0.228) 9.6e-02 8.55e-03  0.214(0.198,0.230) 9.8e-02 4.50e-03  0.203(0.188,0.219) 9.4e-02 2.25e-03 
  R5-genie              0.036(0.029,0.043) 1.1e-02 nan       0.014(0.010,0.019) 4.4e-03 nan       0.007(0.005,0.012) 2.8e-03 nan       0.004(0.002,0.008) 1.6e-03 nan       0.001(0.000,0.003) 4.1e-04 nan       0.001(0.000,0.003) 2.7e-04 nan       0.000(-0.000,0.001) 0.0e+00 nan   

  per-point detail rows (exp_0921 convention M-1: BLER@1/@2/@8/@16, BER@16, NMSE median all / success-only, rescued/lost 2->16, tauL@1, failure-class %):
   SNR -3 dB
    R0-pilot             n=2560 BLER@1/@2/@8/@16 = 0.968 0.930 0.885 0.880 [0.867,0.892]  BER@16=3.50e-01  NMSE med@1/@16=0.4945/0.4945 ok=0.3457  resc/lost(2->16)=133/6  tauL@1=1.939  fail% stuck/cyc2/other=78.7/0.5/8.8
    R1-turbo             n=2560 BLER@1/@2/@8/@16 = 0.968 0.872 0.789 0.787 [0.771,0.803]  BER@16=3.26e-01  NMSE med@1/@16=0.4945/0.4370 ok=0.1217  resc/lost(2->16)=217/0  tauL@1=1.939  fail% stuck/cyc2/other=76.5/0.0/2.2
    R2-ours-G            n=2560 BLER@1/@2/@8/@16 = 0.968 0.851 0.643 0.607 [0.588,0.626]  BER@16=2.63e-01  NMSE med@1/@16=0.4945/0.3323 ok=0.1214  resc/lost(2->16)=623/0  tauL@1=1.939  fail% stuck/cyc2/other=13.0/17.0/30.7
    R3-bigamp            n=2560 BLER@1/@2/@8/@16 = 0.966 0.921 0.845 0.832 [0.817,0.846]  BER@16=3.59e-01  NMSE med@1/@16=0.5347/0.5224 ok=0.2942  resc/lost(2->16)=227/0  tauL@1=1.836  fail% stuck/cyc2/other=60.7/5.0/17.5
    R4-llr               n=2560 BLER@1/@2/@8/@16 = 0.956 0.895 0.925 0.926 [0.915,0.935]  BER@16=4.46e-01  NMSE med@1/@16=0.4467/0.5992 ok=0.1229  resc/lost(2->16)=27/107  tauL@1=1.196  fail% stuck/cyc2/other=57.7/32.5/2.4
    R4-scvamp            n=2560 BLER@1/@2/@8/@16 = 0.956 0.888 0.862 0.862 [0.848,0.875]  BER@16=3.55e-01  NMSE med@1/@16=0.4467/0.4751 ok=0.1211  resc/lost(2->16)=67/0  tauL@1=1.196  fail% stuck/cyc2/other=83.9/0.4/1.9
    M-ours-gmm32         n=2560 BLER@1/@2/@8/@16 = 0.956 0.813 0.585 0.547 [0.528,0.566]  BER@16=2.36e-01  NMSE med@1/@16=0.4354/0.2226 ok=0.0983  resc/lost(2->16)=681/0  tauL@1=2.174  fail% stuck/cyc2/other=8.9/11.0/34.8
    M-ours-bstar         n=2560 BLER@1/@2/@8/@16 = 0.964 0.830 0.557 0.517 [0.497,0.536]  BER@16=2.21e-01  NMSE med@1/@16=0.4223/0.1642 ok=0.0906  resc/lost(2->16)=802/1  tauL@1=2.470  fail% stuck/cyc2/other=9.6/8.8/33.3
    M-ours-dscore-C-V0   n=2560 BLER@1/@2/@8/@16 = 0.929 0.848 0.795 0.765 [0.748,0.781]  BER@16=3.56e-01  NMSE med@1/@16=0.4774/0.4033 ok=0.0612  resc/lost(2->16)=339/127  tauL@1=1.609  fail% stuck/cyc2/other=2.6/6.4/67.5
    M-ours-dscore-C-V1   n=2560 BLER@1/@2/@8/@16 = 0.892 0.690 0.437 0.400 [0.382,0.420]  BER@16=1.73e-01  NMSE med@1/@16=0.3625/0.0750 ok=0.0482  resc/lost(2->16)=742/1  tauL@1=1.725  fail% stuck/cyc2/other=7.6/5.5/27.0
    M-ours-dscore-C-V4   n=2560 BLER@1/@2/@8/@16 = 0.893 0.704 0.457 0.413 [0.394,0.432]  BER@16=1.78e-01  NMSE med@1/@16=0.3714/0.0745 ok=0.0458  resc/lost(2->16)=743/0  tauL@1=1.589  fail% stuck/cyc2/other=10.6/5.8/24.9
    M-ours-dscore-C-V4b  n=2560 BLER@1/@2/@8/@16 = 1.000 1.000 0.980 0.861 [0.847,0.874]  BER@16=3.98e-01  NMSE med@1/@16=1391879260.2472/0.7758 ok=0.0552  resc/lost(2->16)=355/0  tauL@1=1.641  fail% stuck/cyc2/other=4.6/8.5/73.0
    M-ours-bstar-scalar  n=2560 BLER@1/@2/@8/@16 = 0.952 0.846 0.630 0.585 [0.566,0.604]  BER@16=2.49e-01  NMSE med@1/@16=0.4405/0.2279 ok=0.0907  resc/lost(2->16)=668/0  tauL@1=1.844  fail% stuck/cyc2/other=14.6/12.6/31.2
    R5-genie             n=2560 BLER@1/@2/@8/@16 = 0.255 0.109 0.044 0.036 [0.029,0.043]  BER@16=1.09e-02  NMSE med@1/@16=nan/nan ok=nan  resc/lost(2->16)=189/0  tauL@1=0.781  fail% stuck/cyc2/other=1.6/0.2/1.7
   SNR +0 dB
    R0-pilot             n=2560 BLER@1/@2/@8/@16 = 0.861 0.766 0.662 0.645 [0.626,0.663]  BER@16=2.50e-01  NMSE med@1/@16=0.4038/0.4038 ok=0.2873  resc/lost(2->16)=313/3  tauL@1=1.392  fail% stuck/cyc2/other=37.1/1.4/25.9
    R1-turbo             n=2560 BLER@1/@2/@8/@16 = 0.861 0.632 0.548 0.547 [0.528,0.566]  BER@16=2.24e-01  NMSE med@1/@16=0.4038/0.2164 ok=0.0676  resc/lost(2->16)=219/0  tauL@1=1.392  fail% stuck/cyc2/other=52.3/0.0/2.4
    R2-ours-G            n=2560 BLER@1/@2/@8/@16 = 0.861 0.612 0.372 0.331 [0.313,0.349]  BER@16=1.45e-01  NMSE med@1/@16=0.4038/0.0795 ok=0.0672  resc/lost(2->16)=720/0  tauL@1=1.392  fail% stuck/cyc2/other=5.5/6.3/21.2
    R3-bigamp            n=2560 BLER@1/@2/@8/@16 = 0.864 0.768 0.645 0.616 [0.597,0.634]  BER@16=2.66e-01  NMSE med@1/@16=0.4278/0.3541 ok=0.1575  resc/lost(2->16)=390/1  tauL@1=0.597  fail% stuck/cyc2/other=33.0/3.9/24.7
    R4-llr               n=2560 BLER@1/@2/@8/@16 = 0.854 0.711 0.866 0.866 [0.852,0.878]  BER@16=5.07e-01  NMSE med@1/@16=0.3138/0.7511 ok=0.0662  resc/lost(2->16)=62/457  tauL@1=0.798  fail% stuck/cyc2/other=27.2/54.3/5.1
    R4-scvamp            n=2560 BLER@1/@2/@8/@16 = 0.854 0.715 0.676 0.674 [0.656,0.692]  BER@16=2.72e-01  NMSE med@1/@16=0.3138/0.3244 ok=0.0662  resc/lost(2->16)=105/0  tauL@1=0.798  fail% stuck/cyc2/other=64.4/0.8/2.2
    M-ours-gmm32         n=2560 BLER@1/@2/@8/@16 = 0.821 0.561 0.326 0.289 [0.271,0.307]  BER@16=1.27e-01  NMSE med@1/@16=0.3607/0.0650 ok=0.0555  resc/lost(2->16)=698/0  tauL@1=1.570  fail% stuck/cyc2/other=4.1/5.0/19.8
    M-ours-bstar         n=2560 BLER@1/@2/@8/@16 = 0.854 0.562 0.293 0.256 [0.240,0.274]  BER@16=1.13e-01  NMSE med@1/@16=0.3449/0.0585 ok=0.0508  resc/lost(2->16)=782/0  tauL@1=1.812  fail% stuck/cyc2/other=4.1/3.8/17.7
    M-ours-dscore-C-V0   n=2560 BLER@1/@2/@8/@16 = 0.810 0.818 0.924 0.896 [0.883,0.907]  BER@16=4.16e-01  NMSE med@1/@16=0.5813/0.5238 ok=0.0572  resc/lost(2->16)=128/327  tauL@1=0.847  fail% stuck/cyc2/other=0.2/6.4/82.9
    M-ours-dscore-C-V1   n=2560 BLER@1/@2/@8/@16 = 0.676 0.411 0.230 0.185 [0.171,0.201]  BER@16=8.18e-02  NMSE med@1/@16=0.2767/0.0302 ok=0.0254  resc/lost(2->16)=577/0  tauL@1=1.202  fail% stuck/cyc2/other=2.9/3.8/11.9
    M-ours-dscore-C-V4   n=2560 BLER@1/@2/@8/@16 = 0.698 0.434 0.242 0.212 [0.196,0.228]  BER@16=9.44e-02  NMSE med@1/@16=0.2967/0.0280 ok=0.0230  resc/lost(2->16)=570/0  tauL@1=1.139  fail% stuck/cyc2/other=7.6/2.1/11.5
    M-ours-dscore-C-V4b  n=2560 BLER@1/@2/@8/@16 = 1.000 1.000 0.973 0.725 [0.707,0.742]  BER@16=3.30e-01  NMSE med@1/@16=1381954015.1066/0.5108 ok=0.0278  resc/lost(2->16)=704/0  tauL@1=2.329  fail% stuck/cyc2/other=6.4/6.3/59.7
    M-ours-bstar-scalar  n=2560 BLER@1/@2/@8/@16 = 0.840 0.610 0.375 0.338 [0.320,0.357]  BER@16=1.49e-01  NMSE med@1/@16=0.3611/0.0635 ok=0.0516  resc/lost(2->16)=696/0  tauL@1=1.269  fail% stuck/cyc2/other=12.0/4.6/17.2
    R5-genie             n=2560 BLER@1/@2/@8/@16 = 0.101 0.035 0.016 0.014 [0.010,0.019]  BER@16=4.40e-03  NMSE med@1/@16=nan/nan ok=nan  resc/lost(2->16)=55/0  tauL@1=0.523  fail% stuck/cyc2/other=0.5/0.3/0.6
   SNR +3 dB
    R0-pilot             n=2560 BLER@1/@2/@8/@16 = 0.739 0.621 0.510 0.490 [0.471,0.509]  BER@16=1.89e-01  NMSE med@1/@16=0.3351/0.3351 ok=0.2374  resc/lost(2->16)=336/0  tauL@1=1.160  fail% stuck/cyc2/other=14.6/2.5/31.9
    R1-turbo             n=2560 BLER@1/@2/@8/@16 = 0.739 0.445 0.356 0.354 [0.336,0.373]  BER@16=1.49e-01  NMSE med@1/@16=0.3351/0.0429 ok=0.0360  resc/lost(2->16)=231/0  tauL@1=1.160  fail% stuck/cyc2/other=33.0/0.0/2.5
    R2-ours-G            n=2560 BLER@1/@2/@8/@16 = 0.739 0.412 0.239 0.214 [0.199,0.230]  BER@16=9.68e-02  NMSE med@1/@16=0.3351/0.0390 ok=0.0357  resc/lost(2->16)=507/0  tauL@1=1.160  fail% stuck/cyc2/other=2.7/3.2/15.6
    R3-bigamp            n=2560 BLER@1/@2/@8/@16 = 0.777 0.666 0.515 0.457 [0.438,0.476]  BER@16=2.04e-01  NMSE med@1/@16=0.3519/0.1044 ok=0.0741  resc/lost(2->16)=535/1  tauL@1=0.304  fail% stuck/cyc2/other=17.1/2.9/25.7
    R4-llr               n=2560 BLER@1/@2/@8/@16 = 0.746 0.571 0.863 0.861 [0.847,0.874]  BER@16=5.77e-01  NMSE med@1/@16=0.2238/1.3211 ok=0.0364  resc/lost(2->16)=74/817  tauL@1=0.612  fail% stuck/cyc2/other=8.8/69.0/8.3
    R4-scvamp            n=2560 BLER@1/@2/@8/@16 = 0.746 0.587 0.552 0.549 [0.530,0.568]  BER@16=2.21e-01  NMSE med@1/@16=0.2238/0.1879 ok=0.0362  resc/lost(2->16)=96/0  tauL@1=0.612  fail% stuck/cyc2/other=51.6/1.5/1.8
    M-ours-gmm32         n=2560 BLER@1/@2/@8/@16 = 0.696 0.374 0.210 0.191 [0.176,0.206]  BER@16=8.78e-02  NMSE med@1/@16=0.2923/0.0321 ok=0.0295  resc/lost(2->16)=469/0  tauL@1=1.242  fail% stuck/cyc2/other=2.0/2.8/14.3
    M-ours-bstar         n=2560 BLER@1/@2/@8/@16 = 0.738 0.379 0.186 0.164 [0.151,0.179]  BER@16=7.60e-02  NMSE med@1/@16=0.2917/0.0301 ok=0.0278  resc/lost(2->16)=549/0  tauL@1=1.463  fail% stuck/cyc2/other=2.0/2.5/11.9
    M-ours-dscore-C-V0   n=2560 BLER@1/@2/@8/@16 = 0.688 0.909 0.988 0.968 [0.961,0.974]  BER@16=4.58e-01  NMSE med@1/@16=0.4871/0.9485 ok=0.1999  resc/lost(2->16)=56/207  tauL@1=0.528  fail% stuck/cyc2/other=0.2/8.3/88.3
    M-ours-dscore-C-V1   n=2560 BLER@1/@2/@8/@16 = 0.516 0.283 0.146 0.121 [0.109,0.134]  BER@16=5.52e-02  NMSE med@1/@16=0.2207/0.0147 ok=0.0132  resc/lost(2->16)=415/0  tauL@1=0.897  fail% stuck/cyc2/other=1.4/2.0/8.7
    M-ours-dscore-C-V4   n=2560 BLER@1/@2/@8/@16 = 0.548 0.312 0.175 0.158 [0.145,0.173]  BER@16=7.05e-02  NMSE med@1/@16=0.2413/0.0134 ok=0.0116  resc/lost(2->16)=395/0  tauL@1=0.860  fail% stuck/cyc2/other=6.3/1.1/8.4
    M-ours-dscore-C-V4b  n=2560 BLER@1/@2/@8/@16 = 1.000 1.000 0.965 0.681 [0.663,0.699]  BER@16=3.15e-01  NMSE med@1/@16=1373537611.1022/0.4919 ok=0.0143  resc/lost(2->16)=816/0  tauL@1=2.983  fail% stuck/cyc2/other=8.9/5.6/53.6
    M-ours-bstar-scalar  n=2560 BLER@1/@2/@8/@16 = 0.713 0.452 0.275 0.257 [0.240,0.274]  BER@16=1.15e-01  NMSE med@1/@16=0.3125/0.0320 ok=0.0279  resc/lost(2->16)=501/0  tauL@1=0.973  fail% stuck/cyc2/other=9.1/3.2/13.4
    R5-genie             n=2560 BLER@1/@2/@8/@16 = 0.055 0.018 0.007 0.007 [0.005,0.012]  BER@16=2.77e-03  NMSE med@1/@16=nan/nan ok=nan  resc/lost(2->16)=27/0  tauL@1=0.390  fail% stuck/cyc2/other=0.3/0.1/0.4
   SNR +6 dB
    R0-pilot             n=2560 BLER@1/@2/@8/@16 = 0.684 0.557 0.442 0.421 [0.402,0.440]  BER@16=1.68e-01  NMSE med@1/@16=0.2971/0.2971 ok=0.2143  resc/lost(2->16)=349/1  tauL@1=1.046  fail% stuck/cyc2/other=9.8/3.6/28.6
    R1-turbo             n=2560 BLER@1/@2/@8/@16 = 0.684 0.362 0.280 0.278 [0.261,0.295]  BER@16=1.19e-01  NMSE med@1/@16=0.2971/0.0209 ok=0.0184  resc/lost(2->16)=215/0  tauL@1=1.046  fail% stuck/cyc2/other=23.6/0.2/4.0
    R2-ours-G            n=2560 BLER@1/@2/@8/@16 = 0.684 0.330 0.193 0.173 [0.159,0.188]  BER@16=7.97e-02  NMSE med@1/@16=0.2971/0.0198 ok=0.0184  resc/lost(2->16)=402/0  tauL@1=1.046  fail% stuck/cyc2/other=1.8/2.3/13.2
    R3-bigamp            n=2560 BLER@1/@2/@8/@16 = 0.716 0.592 0.436 0.379 [0.360,0.397]  BER@16=1.73e-01  NMSE med@1/@16=0.2825/0.0394 ok=0.0317  resc/lost(2->16)=546/0  tauL@1=0.195  fail% stuck/cyc2/other=8.5/2.9/26.5
    R4-llr               n=2560 BLER@1/@2/@8/@16 = 0.704 0.520 0.872 0.871 [0.858,0.884]  BER@16=6.23e-01  NMSE med@1/@16=0.1722/1.4858 ok=0.0184  resc/lost(2->16)=99/999  tauL@1=0.501  fail% stuck/cyc2/other=4.1/75.4/7.6
    R4-scvamp            n=2560 BLER@1/@2/@8/@16 = 0.704 0.539 0.508 0.507 [0.488,0.527]  BER@16=2.10e-01  NMSE med@1/@16=0.1722/0.0883 ok=0.0184  resc/lost(2->16)=83/1  tauL@1=0.501  fail% stuck/cyc2/other=46.2/2.3/2.2
    M-ours-gmm32         n=2560 BLER@1/@2/@8/@16 = 0.619 0.315 0.189 0.170 [0.155,0.185]  BER@16=7.75e-02  NMSE med@1/@16=0.2679/0.0171 ok=0.0158  resc/lost(2->16)=372/0  tauL@1=1.056  fail% stuck/cyc2/other=1.7/2.9/12.3
    M-ours-bstar         n=2560 BLER@1/@2/@8/@16 = 0.680 0.289 0.145 0.132 [0.120,0.146]  BER@16=6.14e-02  NMSE med@1/@16=0.2709/0.0160 ok=0.0148  resc/lost(2->16)=400/0  tauL@1=1.254  fail% stuck/cyc2/other=1.3/2.0/9.9
    M-ours-dscore-C-V0   n=2560 BLER@1/@2/@8/@16 = 0.613 0.923 0.982 0.981 [0.975,0.986]  BER@16=4.70e-01  NMSE med@1/@16=0.4026/1.4036 ok=0.2724  resc/lost(2->16)=26/176  tauL@1=0.392  fail% stuck/cyc2/other=0.3/11.1/86.7
    M-ours-dscore-C-V1   n=2560 BLER@1/@2/@8/@16 = 0.445 0.226 0.126 0.103 [0.092,0.115]  BER@16=4.63e-02  NMSE med@1/@16=0.1981/0.0071 ok=0.0065  resc/lost(2->16)=316/0  tauL@1=0.639  fail% stuck/cyc2/other=1.1/1.8/7.4
    M-ours-dscore-C-V4   n=2560 BLER@1/@2/@8/@16 = 0.481 0.264 0.163 0.148 [0.134,0.162]  BER@16=6.63e-02  NMSE med@1/@16=0.2165/0.0065 ok=0.0057  resc/lost(2->16)=297/0  tauL@1=0.633  fail% stuck/cyc2/other=5.5/1.1/8.1
    M-ours-dscore-C-V4b  n=2560 BLER@1/@2/@8/@16 = 1.000 1.000 0.976 0.714 [0.696,0.731]  BER@16=3.37e-01  NMSE med@1/@16=1337117935.5576/0.6304 ok=0.0068  resc/lost(2->16)=731/0  tauL@1=3.807  fail% stuck/cyc2/other=8.9/7.3/55.1
    M-ours-bstar-scalar  n=2560 BLER@1/@2/@8/@16 = 0.662 0.389 0.254 0.225 [0.210,0.242]  BER@16=1.02e-01  NMSE med@1/@16=0.2879/0.0167 ok=0.0148  resc/lost(2->16)=419/0  tauL@1=0.780  fail% stuck/cyc2/other=6.7/2.8/13.1
    R5-genie             n=2560 BLER@1/@2/@8/@16 = 0.037 0.012 0.004 0.004 [0.002,0.008]  BER@16=1.64e-03  NMSE med@1/@16=nan/nan ok=nan  resc/lost(2->16)=20/0  tauL@1=0.290  fail% stuck/cyc2/other=0.2/0.1/0.2
   SNR +9 dB
    R0-pilot             n=2560 BLER@1/@2/@8/@16 = 0.623 0.488 0.386 0.371 [0.352,0.390]  BER@16=1.51e-01  NMSE med@1/@16=0.2666/0.2666 ok=0.1914  resc/lost(2->16)=307/6  tauL@1=0.988  fail% stuck/cyc2/other=5.7/3.8/27.6
    R1-turbo             n=2560 BLER@1/@2/@8/@16 = 0.623 0.289 0.218 0.215 [0.200,0.232]  BER@16=9.62e-02  NMSE med@1/@16=0.2666/0.0101 ok=0.0092  resc/lost(2->16)=188/0  tauL@1=0.988  fail% stuck/cyc2/other=17.7/0.2/3.7
    R2-ours-G            n=2560 BLER@1/@2/@8/@16 = 0.623 0.275 0.168 0.147 [0.134,0.162]  BER@16=6.81e-02  NMSE med@1/@16=0.2666/0.0098 ok=0.0092  resc/lost(2->16)=327/0  tauL@1=0.988  fail% stuck/cyc2/other=1.4/2.2/11.1
    R3-bigamp            n=2560 BLER@1/@2/@8/@16 = 0.669 0.522 0.409 0.357 [0.339,0.376]  BER@16=1.64e-01  NMSE med@1/@16=0.2415/0.0164 ok=0.0135  resc/lost(2->16)=423/0  tauL@1=0.143  fail% stuck/cyc2/other=3.1/2.4/30.2
    R4-llr               n=2560 BLER@1/@2/@8/@16 = 0.663 0.486 0.876 0.873 [0.860,0.886]  BER@16=6.46e-01  NMSE med@1/@16=0.1529/1.5618 ok=0.0093  resc/lost(2->16)=96/1088  tauL@1=0.427  fail% stuck/cyc2/other=2.8/76.7/7.9
    R4-scvamp            n=2560 BLER@1/@2/@8/@16 = 0.663 0.507 0.484 0.484 [0.464,0.503]  BER@16=2.03e-01  NMSE med@1/@16=0.1529/0.0155 ok=0.0094  resc/lost(2->16)=62/1  tauL@1=0.427  fail% stuck/cyc2/other=43.8/3.1/1.4
    M-ours-gmm32         n=2560 BLER@1/@2/@8/@16 = 0.550 0.261 0.160 0.139 [0.126,0.153]  BER@16=6.43e-02  NMSE med@1/@16=0.2393/0.0086 ok=0.0082  resc/lost(2->16)=314/0  tauL@1=0.932  fail% stuck/cyc2/other=1.4/2.1/10.3
    M-ours-bstar         n=2560 BLER@1/@2/@8/@16 = 0.613 0.264 0.150 0.134 [0.121,0.147]  BER@16=6.19e-02  NMSE med@1/@16=0.2496/0.0082 ok=0.0078  resc/lost(2->16)=334/0  tauL@1=1.115  fail% stuck/cyc2/other=1.0/1.9/10.5
    M-ours-dscore-C-V0   n=2560 BLER@1/@2/@8/@16 = 0.740 0.907 0.964 0.962 [0.954,0.969]  BER@16=4.60e-01  NMSE med@1/@16=1.9122/1.4274 ok=0.2811  resc/lost(2->16)=63/204  tauL@1=0.060  fail% stuck/cyc2/other=0.6/12.5/83.0
    M-ours-dscore-C-V1   n=2560 BLER@1/@2/@8/@16 = 0.414 0.243 0.141 0.119 [0.107,0.132]  BER@16=5.47e-02  NMSE med@1/@16=0.1827/0.0036 ok=0.0031  resc/lost(2->16)=319/0  tauL@1=0.478  fail% stuck/cyc2/other=0.9/2.0/8.9
    M-ours-dscore-C-V4   n=2560 BLER@1/@2/@8/@16 = 0.448 0.270 0.175 0.152 [0.139,0.167]  BER@16=6.97e-02  NMSE med@1/@16=0.1985/0.0033 ok=0.0029  resc/lost(2->16)=301/1  tauL@1=0.482  fail% stuck/cyc2/other=5.2/1.6/8.5
    M-ours-dscore-C-V4b  n=2560 BLER@1/@2/@8/@16 = 1.000 0.999 0.967 0.773 [0.756,0.788]  BER@16=3.69e-01  NMSE med@1/@16=1285992786.3927/0.7502 ok=0.0037  resc/lost(2->16)=580/0  tauL@1=5.173  fail% stuck/cyc2/other=9.4/8.7/59.2
    M-ours-bstar-scalar  n=2560 BLER@1/@2/@8/@16 = 0.610 0.362 0.245 0.212 [0.196,0.228]  BER@16=9.60e-02  NMSE med@1/@16=0.2608/0.0085 ok=0.0077  resc/lost(2->16)=385/0  tauL@1=0.656  fail% stuck/cyc2/other=5.5/2.4/13.3
    R5-genie             n=2560 BLER@1/@2/@8/@16 = 0.022 0.004 0.001 0.001 [0.000,0.003]  BER@16=4.08e-04  NMSE med@1/@16=nan/nan ok=nan  resc/lost(2->16)=7/0  tauL@1=0.194  fail% stuck/cyc2/other=0.0/0.0/0.1
   SNR +12 dB
    R0-pilot             n=2560 BLER@1/@2/@8/@16 = 0.584 0.463 0.379 0.362 [0.344,0.381]  BER@16=1.51e-01  NMSE med@1/@16=0.2604/0.2604 ok=0.1775  resc/lost(2->16)=262/3  tauL@1=0.977  fail% stuck/cyc2/other=4.4/4.1/27.7
    R1-turbo             n=2560 BLER@1/@2/@8/@16 = 0.584 0.254 0.179 0.175 [0.160,0.190]  BER@16=7.80e-02  NMSE med@1/@16=0.2604/0.0050 ok=0.0047  resc/lost(2->16)=204/0  tauL@1=0.977  fail% stuck/cyc2/other=13.5/0.2/3.8
    R2-ours-G            n=2560 BLER@1/@2/@8/@16 = 0.584 0.247 0.137 0.121 [0.109,0.134]  BER@16=5.54e-02  NMSE med@1/@16=0.2604/0.0049 ok=0.0047  resc/lost(2->16)=323/0  tauL@1=0.977  fail% stuck/cyc2/other=1.3/2.0/8.8
    R3-bigamp            n=2560 BLER@1/@2/@8/@16 = 0.647 0.507 0.411 0.384 [0.365,0.403]  BER@16=1.79e-01  NMSE med@1/@16=0.2159/0.0073 ok=0.0058  resc/lost(2->16)=315/0  tauL@1=0.118  fail% stuck/cyc2/other=1.1/4.1/33.2
    R4-llr               n=2560 BLER@1/@2/@8/@16 = 0.642 0.469 0.866 0.867 [0.853,0.879]  BER@16=6.42e-01  NMSE med@1/@16=0.1416/1.5146 ok=0.0047  resc/lost(2->16)=82/1100  tauL@1=0.383  fail% stuck/cyc2/other=2.0/77.2/7.4
    R4-scvamp            n=2560 BLER@1/@2/@8/@16 = 0.642 0.491 0.467 0.466 [0.447,0.486]  BER@16=2.00e-01  NMSE med@1/@16=0.1416/0.0071 ok=0.0047  resc/lost(2->16)=63/1  tauL@1=0.383  fail% stuck/cyc2/other=42.9/3.1/0.7
    M-ours-gmm32         n=2560 BLER@1/@2/@8/@16 = 0.530 0.251 0.149 0.131 [0.119,0.145]  BER@16=6.19e-02  NMSE med@1/@16=0.2355/0.0045 ok=0.0043  resc/lost(2->16)=307/1  tauL@1=0.863  fail% stuck/cyc2/other=1.1/2.7/9.4
    M-ours-bstar         n=2560 BLER@1/@2/@8/@16 = 0.593 0.259 0.140 0.125 [0.113,0.139]  BER@16=5.85e-02  NMSE med@1/@16=0.2455/0.0043 ok=0.0041  resc/lost(2->16)=341/0  tauL@1=1.040  fail% stuck/cyc2/other=1.2/2.1/9.2
    M-ours-dscore-C-V0   n=2560 BLER@1/@2/@8/@16 = 0.598 0.829 0.886 0.895 [0.882,0.906]  BER@16=4.19e-01  NMSE med@1/@16=0.4505/1.0414 ok=0.2219  resc/lost(2->16)=121/290  tauL@1=0.114  fail% stuck/cyc2/other=1.3/12.6/75.5
    M-ours-dscore-C-V1   n=2560 BLER@1/@2/@8/@16 = 0.412 0.242 0.155 0.128 [0.116,0.142]  BER@16=6.10e-02  NMSE med@1/@16=0.1767/0.0020 ok=0.0018  resc/lost(2->16)=291/0  tauL@1=0.377  fail% stuck/cyc2/other=1.1/3.0/8.8
    M-ours-dscore-C-V4   n=2560 BLER@1/@2/@8/@16 = 0.436 0.261 0.179 0.160 [0.146,0.175]  BER@16=7.44e-02  NMSE med@1/@16=0.1900/0.0019 ok=0.0017  resc/lost(2->16)=258/0  tauL@1=0.411  fail% stuck/cyc2/other=4.3/2.0/9.8
    M-ours-dscore-C-V4b  n=2560 BLER@1/@2/@8/@16 = 1.000 0.998 0.954 0.799 [0.783,0.814]  BER@16=3.80e-01  NMSE med@1/@16=1185815459.8733/0.8587 ok=0.0019  resc/lost(2->16)=511/0  tauL@1=6.969  fail% stuck/cyc2/other=8.7/10.2/61.0
    M-ours-bstar-scalar  n=2560 BLER@1/@2/@8/@16 = 0.588 0.349 0.245 0.214 [0.198,0.230]  BER@16=9.80e-02  NMSE med@1/@16=0.2539/0.0045 ok=0.0041  resc/lost(2->16)=347/0  tauL@1=0.598  fail% stuck/cyc2/other=5.1/2.9/13.4
    R5-genie             n=2560 BLER@1/@2/@8/@16 = 0.014 0.002 0.001 0.001 [0.000,0.003]  BER@16=2.72e-04  NMSE med@1/@16=nan/nan ok=nan  resc/lost(2->16)=2/0  tauL@1=0.124  fail% stuck/cyc2/other=0.0/0.0/0.1
   SNR +15 dB
    R0-pilot             n=2560 BLER@1/@2/@8/@16 = 0.570 0.439 0.362 0.342 [0.324,0.360]  BER@16=1.40e-01  NMSE med@1/@16=0.2405/0.2405 ok=0.1661  resc/lost(2->16)=249/1  tauL@1=0.963  fail% stuck/cyc2/other=3.8/3.9/26.4
    R1-turbo             n=2560 BLER@1/@2/@8/@16 = 0.570 0.224 0.156 0.149 [0.136,0.164]  BER@16=6.75e-02  NMSE med@1/@16=0.2405/0.0025 ok=0.0024  resc/lost(2->16)=191/0  tauL@1=0.963  fail% stuck/cyc2/other=11.0/0.2/3.8
    R2-ours-G            n=2560 BLER@1/@2/@8/@16 = 0.570 0.221 0.126 0.114 [0.103,0.127]  BER@16=5.25e-02  NMSE med@1/@16=0.2405/0.0025 ok=0.0024  resc/lost(2->16)=272/0  tauL@1=0.963  fail% stuck/cyc2/other=0.9/2.6/7.9
    R3-bigamp            n=2560 BLER@1/@2/@8/@16 = 0.610 0.486 0.402 0.373 [0.355,0.392]  BER@16=1.74e-01  NMSE med@1/@16=0.1894/0.0033 ok=0.0027  resc/lost(2->16)=295/5  tauL@1=0.103  fail% stuck/cyc2/other=1.1/4.1/32.1
    R4-llr               n=2560 BLER@1/@2/@8/@16 = 0.656 0.470 0.833 0.833 [0.818,0.847]  BER@16=6.08e-01  NMSE med@1/@16=0.1507/1.3644 ok=0.0023  resc/lost(2->16)=99/1030  tauL@1=0.355  fail% stuck/cyc2/other=2.1/70.4/10.9
    R4-scvamp            n=2560 BLER@1/@2/@8/@16 = 0.656 0.496 0.473 0.472 [0.453,0.492]  BER@16=1.99e-01  NMSE med@1/@16=0.1507/0.0036 ok=0.0024  resc/lost(2->16)=62/0  tauL@1=0.355  fail% stuck/cyc2/other=42.8/3.9/0.5
    M-ours-gmm32         n=2560 BLER@1/@2/@8/@16 = 0.505 0.243 0.154 0.134 [0.121,0.147]  BER@16=6.18e-02  NMSE med@1/@16=0.2204/0.0022 ok=0.0021  resc/lost(2->16)=281/0  tauL@1=0.819  fail% stuck/cyc2/other=1.1/2.9/9.3
    M-ours-bstar         n=2560 BLER@1/@2/@8/@16 = 0.565 0.243 0.137 0.121 [0.109,0.134]  BER@16=5.66e-02  NMSE med@1/@16=0.2302/0.0022 ok=0.0021  resc/lost(2->16)=313/0  tauL@1=0.989  fail% stuck/cyc2/other=0.7/2.5/8.9
    M-ours-dscore-C-V0   n=2560 BLER@1/@2/@8/@16 = 0.590 0.723 0.693 0.682 [0.663,0.699]  BER@16=3.13e-01  NMSE med@1/@16=0.4276/0.5587 ok=0.0016  resc/lost(2->16)=340/233  tauL@1=0.084  fail% stuck/cyc2/other=2.1/9.9/56.1
    M-ours-dscore-C-V1   n=2560 BLER@1/@2/@8/@16 = 0.431 0.271 0.185 0.155 [0.141,0.169]  BER@16=7.06e-02  NMSE med@1/@16=0.1651/0.0011 ok=0.0009  resc/lost(2->16)=299/2  tauL@1=0.303  fail% stuck/cyc2/other=1.6/3.2/10.6
    M-ours-dscore-C-V4   n=2560 BLER@1/@2/@8/@16 = 0.434 0.264 0.191 0.171 [0.157,0.186]  BER@16=7.80e-02  NMSE med@1/@16=0.1738/0.0010 ok=0.0009  resc/lost(2->16)=241/1  tauL@1=0.366  fail% stuck/cyc2/other=5.4/2.2/9.5
    M-ours-dscore-C-V4b  n=2560 BLER@1/@2/@8/@16 = 1.000 0.999 0.967 0.835 [0.820,0.849]  BER@16=3.97e-01  NMSE med@1/@16=1061325102.9461/0.8763 ok=0.0010  resc/lost(2->16)=419/0  tauL@1=8.558  fail% stuck/cyc2/other=7.6/12.1/63.7
    M-ours-bstar-scalar  n=2560 BLER@1/@2/@8/@16 = 0.572 0.321 0.229 0.203 [0.188,0.219]  BER@16=9.43e-02  NMSE med@1/@16=0.2368/0.0023 ok=0.0021  resc/lost(2->16)=302/0  tauL@1=0.563  fail% stuck/cyc2/other=3.6/4.4/12.3
    R5-genie             n=2560 BLER@1/@2/@8/@16 = 0.012 0.001 0.000 0.000 [-0.000,0.001]  BER@16=0.00e+00  NMSE med@1/@16=nan/nan ok=nan  resc/lost(2->16)=3/0  tauL@1=0.073  fail% stuck/cyc2/other=0.0/0.0/0.0

  SNR@BLER 0.1 (log-linear interpolation; '<=x' already below at the lowest grid point, '>x' never reached)
  and the SNR@0.1 gain over R2-ours-G with a 90% PAIRED bootstrap CI (same resampled trials for both arms).
  SIGN CONVENTION (spelled out the same way as table B, so it cannot be read inverted): the number is
  SNR@0.1(this arm) MINUS SNR@0.1(R2-ours-G).  + dB = this arm needs MORE SNR than R2-ours-G to reach
  BLER 0.1;  - dB = it needs LESS.
    arm                  SNR@0.1   SNR@0.1 gap (this arm minus R2-ours-G)
    R0-pilot (@1)          >  15   n/a (>  15 vs >  15) — extend the SNR grid
    pilot_C (@16)          >  15   n/a (>  15 vs >  15) — extend the SNR grid
    R1-turbo               >  15   n/a (>  15 vs >  15) — extend the SNR grid
    R2-ours-G              >  15   -- (reference)
    R3-bigamp              >  15   n/a (>  15 vs >  15) — extend the SNR grid
    R4-llr                 >  15   n/a (>  15 vs >  15) — extend the SNR grid
    R4-scvamp              >  15   n/a (>  15 vs >  15) — extend the SNR grid
    M-ours-gmm32           >  15   n/a (>  15 vs >  15) — extend the SNR grid
    M-ours-bstar           >  15   n/a (>  15 vs >  15) — extend the SNR grid
    M-ours-dscore-C-V0     >  15   n/a (>  15 vs >  15) — extend the SNR grid
    M-ours-dscore-C-V1     >  15   n/a (>  15 vs >  15) — extend the SNR grid
    M-ours-dscore-C-V4     >  15   n/a (>  15 vs >  15) — extend the SNR grid
    M-ours-dscore-C-V4b    >  15   n/a (>  15 vs >  15) — extend the SNR grid
    M-ours-bstar-scalar    >  15   n/a (>  15 vs >  15) — extend the SNR grid
    R5-genie              <=  -3   n/a (<=  -3 vs >  15) — extend the SNR grid

  failure classes at @16, as a fraction of ALL blocks (exp_0921 operational definition; diverged = the arm's own flag, raised = the arm threw on that block (runner.py '<arm>|failed'); diverged AND raised blocks are KEPT in every mean above, a raised block counting as a block error):
    arm  [stuck/cyc2/other/diverged/raised]              -3 dB                           +0 dB                           +3 dB                           +6 dB                           +9 dB                           +12 dB                          +15 dB             
    R0-pilot (@1)                                         n/a                             n/a                             n/a                             n/a                             n/a                             n/a                             n/a                 (1-pass arm: no trajectory to classify)
    pilot_C (@16)                            0.787/0.005/0.087/n/a  /0.000   0.371/0.014/0.259/n/a  /0.000   0.146/0.025/0.319/n/a  /0.000   0.098/0.036/0.286/n/a  /0.000   0.057/0.037/0.276/n/a  /0.000   0.044/0.041/0.277/n/a  /0.000   0.038/0.039/0.264/n/a  /0.000  
    R1-turbo                                 0.765/0.000/0.022/n/a  /0.000   0.523/0.000/0.024/n/a  /0.000   0.330/0.000/0.025/n/a  /0.000   0.236/0.002/0.040/n/a  /0.000   0.177/0.002/0.037/n/a  /0.000   0.135/0.002/0.038/n/a  /0.000   0.110/0.002/0.037/n/a  /0.000  
    R2-ours-G                                0.130/0.170/0.307/n/a  /0.000   0.055/0.063/0.212/n/a  /0.000   0.027/0.032/0.156/n/a  /0.000   0.018/0.023/0.132/n/a  /0.000   0.014/0.022/0.111/n/a  /0.000   0.013/0.020/0.088/n/a  /0.000   0.009/0.026/0.079/n/a  /0.000  
    R3-bigamp                                0.607/0.050/0.175/0.000/0.000   0.330/0.039/0.247/0.000/0.000   0.171/0.029/0.257/0.000/0.000   0.085/0.029/0.265/0.000/0.000   0.031/0.024/0.302/0.000/0.000   0.011/0.041/0.332/0.000/0.000   0.011/0.041/0.321/0.000/0.000  
    R4-llr                                   0.577/0.325/0.024/0.000/0.000   0.272/0.543/0.051/0.000/0.000   0.087/0.690/0.083/0.000/0.000   0.041/0.754/0.076/0.000/0.000   0.028/0.767/0.079/0.000/0.000   0.020/0.772/0.074/0.000/0.000   0.021/0.704/0.109/0.000/0.000  
    R4-scvamp                                0.839/0.004/0.019/0.000/0.000   0.644/0.008/0.022/0.000/0.000   0.516/0.015/0.018/0.000/0.000   0.463/0.023/0.022/0.000/0.000   0.438/0.031/0.014/0.000/0.000   0.429/0.031/0.007/0.000/0.000   0.428/0.039/0.005/0.000/0.000  
    M-ours-gmm32                             0.089/0.110/0.348/n/a  /0.000   0.041/0.050/0.198/n/a  /0.000   0.020/0.028/0.143/n/a  /0.000   0.017/0.029/0.123/n/a  /0.000   0.014/0.021/0.103/n/a  /0.000   0.011/0.027/0.094/n/a  /0.000   0.011/0.029/0.093/n/a  /0.000  
    M-ours-bstar                             0.096/0.088/0.333/n/a  /0.000   0.041/0.037/0.177/n/a  /0.000   0.020/0.025/0.119/n/a  /0.000   0.013/0.020/0.099/n/a  /0.000   0.010/0.019/0.105/n/a  /0.000   0.012/0.021/0.092/n/a  /0.000   0.007/0.025/0.089/n/a  /0.000  
    M-ours-dscore-C-V0                       0.026/0.064/0.675/n/a  /0.000   0.002/0.064/0.829/n/a  /0.000   0.002/0.083/0.883/n/a  /0.000   0.003/0.111/0.867/n/a  /0.000   0.006/0.125/0.830/n/a  /0.000   0.013/0.126/0.755/n/a  /0.000   0.021/0.099/0.561/n/a  /0.000  
    M-ours-dscore-C-V1                       0.076/0.055/0.270/n/a  /0.000   0.029/0.037/0.119/n/a  /0.000   0.014/0.020/0.087/n/a  /0.000   0.011/0.018/0.074/n/a  /0.000   0.009/0.020/0.089/n/a  /0.000   0.011/0.030/0.088/n/a  /0.000   0.016/0.032/0.106/n/a  /0.000  
    M-ours-dscore-C-V4                       0.106/0.058/0.249/n/a  /0.000   0.076/0.021/0.115/n/a  /0.000   0.063/0.011/0.084/n/a  /0.000   0.055/0.011/0.081/n/a  /0.000   0.052/0.016/0.085/n/a  /0.000   0.043/0.020/0.098/n/a  /0.000   0.054/0.022/0.095/n/a  /0.000  
    M-ours-dscore-C-V4b                      0.046/0.085/0.730/n/a  /0.000   0.064/0.063/0.597/n/a  /0.000   0.089/0.056/0.536/n/a  /0.000   0.089/0.073/0.551/n/a  /0.000   0.094/0.087/0.592/n/a  /0.000   0.087/0.102/0.610/n/a  /0.000   0.076/0.121/0.637/n/a  /0.000  
    M-ours-bstar-scalar                      0.146/0.126/0.312/n/a  /0.000   0.120/0.046/0.172/n/a  /0.000   0.091/0.032/0.134/n/a  /0.000   0.067/0.028/0.131/n/a  /0.000   0.055/0.024/0.133/n/a  /0.000   0.051/0.029/0.134/n/a  /0.000   0.036/0.044/0.123/n/a  /0.000  
    R5-genie                                 0.016/0.002/0.017/n/a  /0.000   0.005/0.003/0.006/n/a  /0.000   0.003/0.001/0.004/n/a  /0.000   0.002/0.001/0.002/n/a  /0.000   0.000/0.000/0.001/n/a  /0.000   0.000/0.000/0.001/n/a  /0.000   0.000/0.000/0.000/n/a  /0.000  

  clip firing rates, mean over trials x iterations (tauL = variance-floor clip of the detector site, alphaD = alpha^D clip to [eps, 1-eps]):
    arm                             -3 dB             +0 dB             +3 dB             +6 dB             +9 dB            +12 dB            +15 dB
    R0-pilot              0.0000/0.0058     0.0000/0.1883     0.0004/0.3946     0.0021/0.4899     0.0053/0.5661     0.0098/0.5874     0.0102/0.6130  
    R1-turbo              0.0000/0.4389     0.0007/0.6999     0.0020/0.8142     0.0059/0.8512     0.0052/0.8756     0.0072/0.8837     0.0073/0.8897  
    R2-ours-G             0.0001/0.2665     0.0020/0.5611     0.0135/0.7210     0.0212/0.7910     0.0202/0.8296     0.0169/0.8589     0.0144/0.8739  
    R3-bigamp             0.0000/0.0000     0.0000/0.0000     0.0000/0.0000     0.0000/0.0000     0.0000/0.0000     0.0000/0.0000     0.0000/0.0000  
    R4-llr                0.1836/0.0000     0.3369/0.0000     0.4315/0.0000     0.4692/0.0000     0.4905/0.0000     0.5051/0.0000     0.4865/0.0000  
    R4-scvamp             0.1940/0.4045     0.2368/0.5581     0.2655/0.6457     0.2799/0.6957     0.3017/0.7456     0.3135/0.7742     0.3208/0.7937  
    M-ours-gmm32          0.0000/0.3142     0.0028/0.5987     0.0114/0.7414     0.0202/0.7961     0.0198/0.8375     0.0188/0.8585     0.0177/0.8701  
    M-ours-bstar          0.0000/0.3267     0.0013/0.6176     0.0075/0.7476     0.0148/0.8141     0.0202/0.8350     0.0176/0.8542     0.0154/0.8691  
    M-ours-dscore-C-V0    0.0903/0.3495     0.1373/0.3799     0.1412/0.4103     0.1068/0.4588     0.0799/0.5211     0.0543/0.6378     0.0363/0.7532  
    M-ours-dscore-C-V1    0.0000/0.4591     0.0010/0.6959     0.0072/0.8078     0.0126/0.8564     0.0143/0.8727     0.0145/0.8832     0.0158/0.8854  
    M-ours-dscore-C-V4    0.0000/0.4532     0.0016/0.6958     0.0064/0.8053     0.0113/0.8478     0.0138/0.8649     0.0133/0.8775     0.0110/0.8926  
    M-ours-dscore-C-V4b   0.1660/0.4510     0.1288/0.4130     0.1245/0.4287     0.1469/0.4655     0.1869/0.5023     0.2484/0.5681     0.2684/0.5975  
    M-ours-bstar-scalar   0.0000/0.2942     0.0021/0.5755     0.0132/0.7210     0.0217/0.7789     0.0238/0.8131     0.0219/0.8323     0.0187/0.8522  
    R5-genie              0.0000/0.8672     0.0000/0.9457     0.0000/0.9692     0.0000/0.9824     0.0000/0.9901     0.0000/0.9927     0.0000/0.9949  

  NMSE_H@16 median, WITH and WITHOUT the failed blocks (08_SPEC §5: both versions, never only one):
    arm                                   -3 dB                   +0 dB                   +3 dB                   +6 dB                   +9 dB                  +12 dB                  +15 dB     [all blocks / success-only]
    R0-pilot                4.945e-01/3.457e-01     4.038e-01/2.873e-01     3.351e-01/2.374e-01     2.971e-01/2.143e-01     2.666e-01/1.914e-01     2.604e-01/1.775e-01     2.405e-01/1.661e-01
    R1-turbo                4.370e-01/1.217e-01     2.164e-01/6.762e-02     4.288e-02/3.601e-02     2.093e-02/1.838e-02     1.009e-02/9.222e-03     5.012e-03/4.704e-03     2.482e-03/2.351e-03
    R2-ours-G               3.323e-01/1.214e-01     7.952e-02/6.721e-02     3.903e-02/3.571e-02     1.976e-02/1.839e-02     9.799e-03/9.249e-03     4.896e-03/4.698e-03     2.453e-03/2.352e-03
    R3-bigamp               5.224e-01/2.942e-01     3.541e-01/1.575e-01     1.044e-01/7.411e-02     3.938e-02/3.167e-02     1.637e-02/1.350e-02     7.332e-03/5.821e-03     3.317e-03/2.670e-03
    R4-llr                  5.992e-01/1.229e-01     7.511e-01/6.621e-02     1.321e+00/3.636e-02     1.486e+00/1.836e-02     1.562e+00/9.300e-03     1.515e+00/4.679e-03     1.364e+00/2.334e-03
    R4-scvamp               4.751e-01/1.211e-01     3.244e-01/6.621e-02     1.879e-01/3.624e-02     8.831e-02/1.844e-02     1.551e-02/9.395e-03     7.121e-03/4.732e-03     3.639e-03/2.359e-03
    M-ours-gmm32            2.226e-01/9.830e-02     6.498e-02/5.548e-02     3.207e-02/2.947e-02     1.706e-02/1.582e-02     8.643e-03/8.163e-03     4.488e-03/4.258e-03     2.235e-03/2.125e-03
    M-ours-bstar            1.642e-01/9.060e-02     5.849e-02/5.080e-02     3.014e-02/2.776e-02     1.598e-02/1.481e-02     8.176e-03/7.750e-03     4.321e-03/4.092e-03     2.168e-03/2.068e-03
    M-ours-dscore-C-V0      4.033e-01/6.117e-02     5.238e-01/5.720e-02     9.485e-01/1.999e-01     1.404e+00/2.724e-01     1.427e+00/2.811e-01     1.041e+00/2.219e-01     5.587e-01/1.616e-03
    M-ours-dscore-C-V1      7.504e-02/4.821e-02     3.024e-02/2.544e-02     1.473e-02/1.318e-02     7.053e-03/6.539e-03     3.555e-03/3.144e-03     1.955e-03/1.754e-03     1.050e-03/9.234e-04
    M-ours-dscore-C-V4      7.452e-02/4.584e-02     2.797e-02/2.295e-02     1.344e-02/1.165e-02     6.509e-03/5.714e-03     3.319e-03/2.938e-03     1.881e-03/1.672e-03     1.013e-03/8.723e-04
    M-ours-dscore-C-V4b     7.758e-01/5.521e-02     5.108e-01/2.781e-02     4.919e-01/1.427e-02     6.304e-01/6.824e-03     7.502e-01/3.689e-03     8.587e-01/1.929e-03     8.763e-01/1.024e-03
    M-ours-bstar-scalar     2.279e-01/9.068e-02     6.346e-02/5.158e-02     3.204e-02/2.794e-02     1.674e-02/1.479e-02     8.547e-03/7.693e-03     4.501e-03/4.097e-03     2.251e-03/2.060e-03
    R5-genie                            nan/nan                 nan/nan                 nan/nan                 nan/nan                 nan/nan                 nan/nan                 nan/nan

  fit / training cost (GMM EM wall-clock, seconds; 01_RULES §5 -- not hidden, 'n/a' where there is no fit):
    R0-pilot                  n/a s
    R1-turbo                  n/a s
    R2-ours-G                 n/a s
    R3-bigamp                 n/a s
    R4-llr                    n/a s
    R4-scvamp                 n/a s
    M-ours-gmm32            376.5 s
    M-ours-bstar          49597.8 s
    M-ours-dscore-C-V0    35774.5 s
    M-ours-dscore-C-V1    35774.5 s
    M-ours-dscore-C-V4    35774.5 s
    M-ours-dscore-C-V4b       n/a s
    M-ours-bstar-scalar   49597.8 s
    R5-genie                  n/a s

============================== TABLE B -- paired comparisons (08_SPEC §2) ==============================
Only the pairs listed in 08_SPEC §2 are computed; all-pairs is not done (multiple-comparison problem).
Sign test is paired per block (same channel/noise realisation, 06_SPEC §2). 'a:b' = only-first-fails : only-second-fails.
POWER GUARD (R6/R7, pre-registered): >= 3 decision points AND >= 6 discordant pairs at >= 2 of them,
otherwise UNDECIDED is printed and no significance call is made.
The decision SNRs of a pair are anchored on its BASELINE member (exp_0925's pre-registered rule; never on one
of our arms, which would let our own arm choose where it is evaluated). The anchor arm is printed on every row.

--- cell C1  prior S2  testbed D2   SNR grid ['-3', '+0', '+3', '+6', '+9', '+12', '+15']
  R1-turbo -> R2-ours-G        [decision-point anchor arm: R1-turbo]
    decision SNRs ['+9', '+12', '+15'] (anchor R1-turbo: |log10(BLER@16 of R1-turbo / 0.1)| smallest, BLER in [0.005, 0.9])
    sign test @16: +9 dB 255:23 p=1.1e-50  +12 dB 220:23 p=1.5e-41  +15 dB 206:30 p=1.8e-33   pooled 681:76 p=2.1e-122
    power guard: 3 decision points, 3 with >= 6 discordant pairs -> POWERED
    two-sided sign test at p < .05: second arm fewer failures at 3/3 points, first arm fewer failures at 0/3 points -> significant
    SNR@0.1 gap (R1-turbo minus R2-ours-G): n/a (>  15 vs >  15) — extend the SNR grid
  R2-ours-G -> M-ours-gmm32        [decision-point anchor arm: R2-ours-G]
    decision SNRs ['+9', '+12', '+15'] (anchor R2-ours-G: |log10(BLER@16 of R2-ours-G / 0.1)| smallest, BLER in [0.005, 0.9])
    sign test @16: +9 dB 376:378 p=0.97  +12 dB 352:366 p=0.63  +15 dB 372:361 p=0.71   pooled 1100:1105 p=0.93
    power guard: 3 decision points, 3 with >= 6 discordant pairs -> POWERED
    two-sided sign test at p < .05: second arm fewer failures at 0/3 points, first arm fewer failures at 0/3 points -> not significant
    SNR@0.1 gap (R2-ours-G minus M-ours-gmm32): n/a (>  15 vs >  15) — extend the SNR grid
  R2-ours-G -> M-ours-bstar        [decision-point anchor arm: R2-ours-G]
    decision SNRs ['+9', '+12', '+15'] (anchor R2-ours-G: |log10(BLER@16 of R2-ours-G / 0.1)| smallest, BLER in [0.005, 0.9])
    sign test @16: +9 dB 354:289 p=0.012  +12 dB 318:312 p=0.84  +15 dB 325:331 p=0.85   pooled 997:932 p=0.15
    power guard: 3 decision points, 3 with >= 6 discordant pairs -> POWERED
    two-sided sign test at p < .05: second arm fewer failures at 1/3 points, first arm fewer failures at 0/3 points -> not significant
    SNR@0.1 gap (R2-ours-G minus M-ours-bstar): n/a (>  15 vs >  15) — extend the SNR grid
  R2-ours-G -> R4-scvamp        [decision-point anchor arm: R2-ours-G]
    decision SNRs ['+9', '+12', '+15'] (anchor R2-ours-G: |log10(BLER@16 of R2-ours-G / 0.1)| smallest, BLER in [0.005, 0.9])
    sign test @16: +9 dB 28:925 p=1.5e-233  +12 dB 34:1003 p=9.5e-249  +15 dB 49:1194 p=3.7e-286   pooled 111:3122 p=0
    power guard: 3 decision points, 3 with >= 6 discordant pairs -> POWERED
    two-sided sign test at p < .05: second arm fewer failures at 0/3 points, first arm fewer failures at 3/3 points -> significant
    SNR@0.1 gap (R2-ours-G minus R4-scvamp): n/a (>  15 vs >  15) — extend the SNR grid
  R4-llr -> R4-scvamp        [decision-point anchor arm: R4-llr]
    decision SNRs ['+3', '+6'] (anchor R4-llr: |log10(BLER@16 of R4-llr / 0.1)| smallest, BLER in [0.005, 0.9])
    sign test @16: +3 dB 301:38 p=6.4e-52  +6 dB 491:68 p=4.7e-80   pooled 792:106 p=1.7e-130
    power guard: 2 decision points (needs 3), discordant-pair counts [339, 559] (needs >= 6 at >= 2) -> UNDECIDED
    UNDECIDED -- no significance call is made (08_SPEC §2). Raise n or extend the SNR grid.
    SNR@0.1 gap (R4-llr minus R4-scvamp): n/a (>  15 vs >  15) — extend the SNR grid
  R2-ours-G -> R3-bigamp        [decision-point anchor arm: R2-ours-G]
    decision SNRs ['+9', '+12', '+15'] (anchor R2-ours-G: |log10(BLER@16 of R2-ours-G / 0.1)| smallest, BLER in [0.005, 0.9])
    sign test @16: +9 dB 55:969 p=7.8e-217  +12 dB 30:1065 p=1.9e-271  +15 dB 33:1116 p=1.9e-282   pooled 118:3150 p=0
    power guard: 3 decision points, 3 with >= 6 discordant pairs -> POWERED
    two-sided sign test at p < .05: second arm fewer failures at 0/3 points, first arm fewer failures at 3/3 points -> significant
    SNR@0.1 gap (R2-ours-G minus R3-bigamp): n/a (>  15 vs >  15) — extend the SNR grid
  M-ours-gmm32 -> R5-genie        [decision-point anchor arm: R5-genie]
    decision SNRs ['-3', '+0', '+3'] (anchor R5-genie: |log10(BLER@16 of R5-genie / 0.1)| smallest, BLER in [0.005, 0.9])
    sign test @16: -3 dB 1822:2 p=0  +0 dB 1337:0 p=0  +3 dB 1152:1 p=0   pooled 4311:3 p=0
    power guard: 3 decision points, 3 with >= 6 discordant pairs -> POWERED
    two-sided sign test at p < .05: second arm fewer failures at 3/3 points, first arm fewer failures at 0/3 points -> significant
    SNR@0.1 gap (M-ours-gmm32 minus R5-genie): n/a (>  15 vs <=  -3) — extend the SNR grid
  M-ours-bstar -> R5-genie        [decision-point anchor arm: R5-genie]
    decision SNRs ['-3', '+0', '+3'] (anchor R5-genie: |log10(BLER@16 of R5-genie / 0.1)| smallest, BLER in [0.005, 0.9])
    sign test @16: -3 dB 1853:2 p=0  +0 dB 1307:1 p=0  +3 dB 1021:1 p=4.6e-305   pooled 4181:4 p=0
    power guard: 3 decision points, 3 with >= 6 discordant pairs -> POWERED
    two-sided sign test at p < .05: second arm fewer failures at 3/3 points, first arm fewer failures at 0/3 points -> significant
    SNR@0.1 gap (M-ours-bstar minus R5-genie): n/a (>  15 vs <=  -3) — extend the SNR grid
  R2-ours-G -> M-ours-dscore-C-V0        [decision-point anchor arm: R2-ours-G]
    decision SNRs ['+9', '+12', '+15'] (anchor R2-ours-G: |log10(BLER@16 of R2-ours-G / 0.1)| smallest, BLER in [0.005, 0.9])
    sign test @16: +9 dB 9:1526 p=0  +12 dB 13:1554 p=0  +15 dB 38:1394 p=0   pooled 60:4474 p=0
    power guard: 3 decision points, 3 with >= 6 discordant pairs -> POWERED
    two-sided sign test at p < .05: second arm fewer failures at 0/3 points, first arm fewer failures at 3/3 points -> significant
    SNR@0.1 gap (R2-ours-G minus M-ours-dscore-C-V0): n/a (>  15 vs >  15) — extend the SNR grid
  R2-ours-G -> M-ours-dscore-C-V1        [decision-point anchor arm: R2-ours-G]
    decision SNRs ['+9', '+12', '+15'] (anchor R2-ours-G: |log10(BLER@16 of R2-ours-G / 0.1)| smallest, BLER in [0.005, 0.9])
    sign test @16: +9 dB 394:456 p=0.036  +12 dB 331:485 p=7.8e-08  +15 dB 316:579 p=1.1e-18   pooled 1041:1520 p=2.7e-21
    power guard: 3 decision points, 3 with >= 6 discordant pairs -> POWERED
    two-sided sign test at p < .05: second arm fewer failures at 0/3 points, first arm fewer failures at 3/3 points -> significant
    SNR@0.1 gap (R2-ours-G minus M-ours-dscore-C-V1): n/a (>  15 vs >  15) — extend the SNR grid
  R2-ours-G -> M-ours-dscore-C-V4        [decision-point anchor arm: R2-ours-G]
    decision SNRs ['+9', '+12', '+15'] (anchor R2-ours-G: |log10(BLER@16 of R2-ours-G / 0.1)| smallest, BLER in [0.005, 0.9])
    sign test @16: +9 dB 375:359 p=0.58  +12 dB 353:364 p=0.71  +15 dB 318:398 p=0.0031   pooled 1046:1121 p=0.11
    power guard: 3 decision points, 3 with >= 6 discordant pairs -> POWERED
    two-sided sign test at p < .05: second arm fewer failures at 0/3 points, first arm fewer failures at 1/3 points -> not significant
    SNR@0.1 gap (R2-ours-G minus M-ours-dscore-C-V4): n/a (>  15 vs >  15) — extend the SNR grid
  R2-ours-G -> M-ours-dscore-C-V4b        [decision-point anchor arm: R2-ours-G]
    decision SNRs ['+9', '+12', '+15'] (anchor R2-ours-G: |log10(BLER@16 of R2-ours-G / 0.1)| smallest, BLER in [0.005, 0.9])
    sign test @16: +9 dB 28:1435 p=0  +12 dB 23:1535 p=0  +15 dB 29:1557 p=0   pooled 80:4527 p=0
    power guard: 3 decision points, 3 with >= 6 discordant pairs -> POWERED
    two-sided sign test at p < .05: second arm fewer failures at 0/3 points, first arm fewer failures at 3/3 points -> significant
    SNR@0.1 gap (R2-ours-G minus M-ours-dscore-C-V4b): n/a (>  15 vs >  15) — extend the SNR grid
  R2-ours-G -> M-ours-bstar-scalar        [decision-point anchor arm: R2-ours-G]
    decision SNRs ['+9', '+12', '+15'] (anchor R2-ours-G: |log10(BLER@16 of R2-ours-G / 0.1)| smallest, BLER in [0.005, 0.9])
    sign test @16: +9 dB 204:450 p=3.1e-22  +12 dB 184:447 p=3.4e-26  +15 dB 162:466 p=5.1e-35   pooled 550:1363 p=2.3e-79
    power guard: 3 decision points, 3 with >= 6 discordant pairs -> POWERED
    two-sided sign test at p < .05: second arm fewer failures at 0/3 points, first arm fewer failures at 3/3 points -> significant
    SNR@0.1 gap (R2-ours-G minus M-ours-bstar-scalar): n/a (>  15 vs >  15) — extend the SNR grid
  M-ours-bstar -> M-ours-dscore-C-V0        [decision-point anchor arm: M-ours-bstar]
    decision SNRs ['+6', '+12', '+15'] (anchor M-ours-bstar: |log10(BLER@16 of M-ours-bstar / 0.1)| smallest, BLER in [0.005, 0.9])
    sign test @16: +6 dB 2:1656 p=0  +12 dB 15:1562 p=0  +15 dB 62:1412 p=0   pooled 79:4630 p=0
    power guard: 3 decision points, 3 with >= 6 discordant pairs -> POWERED
    two-sided sign test at p < .05: second arm fewer failures at 0/3 points, first arm fewer failures at 3/3 points -> significant
    SNR@0.1 gap (M-ours-bstar minus M-ours-dscore-C-V0): n/a (>  15 vs >  15) — extend the SNR grid
  M-ours-bstar -> M-ours-dscore-C-V1        [decision-point anchor arm: M-ours-bstar]
    decision SNRs ['+6', '+12', '+15'] (anchor M-ours-bstar: |log10(BLER@16 of M-ours-bstar / 0.1)| smallest, BLER in [0.005, 0.9])
    sign test @16: +6 dB 353:518 p=2.5e-08  +12 dB 386:546 p=1.8e-07  +15 dB 370:627 p=3.6e-16   pooled 1109:1691 p=3.1e-28
    power guard: 3 decision points, 3 with >= 6 discordant pairs -> POWERED
    two-sided sign test at p < .05: second arm fewer failures at 0/3 points, first arm fewer failures at 3/3 points -> significant
    SNR@0.1 gap (M-ours-bstar minus M-ours-dscore-C-V1): n/a (>  15 vs >  15) — extend the SNR grid
  M-ours-bstar -> M-ours-dscore-C-V4        [decision-point anchor arm: M-ours-bstar]
    decision SNRs ['+6', '+12', '+15'] (anchor M-ours-bstar: |log10(BLER@16 of M-ours-bstar / 0.1)| smallest, BLER in [0.005, 0.9])
    sign test @16: +6 dB 348:480 p=5.1e-06  +12 dB 421:438 p=0.59  +15 dB 412:486 p=0.015   pooled 1181:1404 p=1.2e-05
    power guard: 3 decision points, 3 with >= 6 discordant pairs -> POWERED
    two-sided sign test at p < .05: second arm fewer failures at 0/3 points, first arm fewer failures at 2/3 points -> significant
    SNR@0.1 gap (M-ours-bstar minus M-ours-dscore-C-V4): n/a (>  15 vs >  15) — extend the SNR grid
  M-ours-bstar -> M-ours-dscore-C-V4b        [decision-point anchor arm: M-ours-bstar]
    decision SNRs ['+6', '+12', '+15'] (anchor M-ours-bstar: |log10(BLER@16 of M-ours-bstar / 0.1)| smallest, BLER in [0.005, 0.9])
    sign test @16: +6 dB 41:1494 p=0  +12 dB 36:1554 p=0  +15 dB 38:1560 p=0   pooled 115:4608 p=0
    power guard: 3 decision points, 3 with >= 6 discordant pairs -> POWERED
    two-sided sign test at p < .05: second arm fewer failures at 0/3 points, first arm fewer failures at 3/3 points -> significant
    SNR@0.1 gap (M-ours-bstar minus M-ours-dscore-C-V4b): n/a (>  15 vs >  15) — extend the SNR grid
  M-ours-bstar -> M-ours-bstar-scalar        [decision-point anchor arm: M-ours-bstar]
    decision SNRs ['+6', '+12', '+15'] (anchor M-ours-bstar: |log10(BLER@16 of M-ours-bstar / 0.1)| smallest, BLER in [0.005, 0.9])
    sign test @16: +6 dB 192:547 p=2.5e-40  +12 dB 282:551 p=7.4e-21  +15 dB 263:561 p=1.3e-25   pooled 737:1659 p=5.4e-81
    power guard: 3 decision points, 3 with >= 6 discordant pairs -> POWERED
    two-sided sign test at p < .05: second arm fewer failures at 0/3 points, first arm fewer failures at 3/3 points -> significant
    SNR@0.1 gap (M-ours-bstar minus M-ours-bstar-scalar): n/a (>  15 vs >  15) — extend the SNR grid
  M-ours-dscore-C-V0 -> R5-genie        [decision-point anchor arm: R5-genie]
    decision SNRs ['-3', '+0', '+3'] (anchor R5-genie: |log10(BLER@16 of R5-genie / 0.1)| smallest, BLER in [0.005, 0.9])
    sign test @16: -3 dB 2465:0 p=0  +0 dB 2461:0 p=0  +3 dB 2515:0 p=0   pooled 7441:0 p=0
    power guard: 3 decision points, 3 with >= 6 discordant pairs -> POWERED
    two-sided sign test at p < .05: second arm fewer failures at 3/3 points, first arm fewer failures at 0/3 points -> significant
    SNR@0.1 gap (M-ours-dscore-C-V0 minus R5-genie): n/a (>  15 vs <=  -3) — extend the SNR grid
  M-ours-dscore-C-V1 -> R5-genie        [decision-point anchor arm: R5-genie]
    decision SNRs ['-3', '+0', '+3'] (anchor R5-genie: |log10(BLER@16 of R5-genie / 0.1)| smallest, BLER in [0.005, 0.9])
    sign test @16: -3 dB 2420:0 p=0  +0 dB 1282:2 p=0  +3 dB 1046:0 p=2.7e-315   pooled 4748:2 p=0
    power guard: 3 decision points, 3 with >= 6 discordant pairs -> POWERED
    two-sided sign test at p < .05: second arm fewer failures at 3/3 points, first arm fewer failures at 0/3 points -> significant
    SNR@0.1 gap (M-ours-dscore-C-V1 minus R5-genie): n/a (>  15 vs <=  -3) — extend the SNR grid
  M-ours-dscore-C-V4 -> R5-genie        [decision-point anchor arm: R5-genie]
    decision SNRs ['-3', '+0', '+3'] (anchor R5-genie: |log10(BLER@16 of R5-genie / 0.1)| smallest, BLER in [0.005, 0.9])
    sign test @16: -3 dB 2354:1 p=0  +0 dB 1351:1 p=0  +3 dB 1125:0 p=0   pooled 4830:2 p=0
    power guard: 3 decision points, 3 with >= 6 discordant pairs -> POWERED
    two-sided sign test at p < .05: second arm fewer failures at 3/3 points, first arm fewer failures at 0/3 points -> significant
    SNR@0.1 gap (M-ours-dscore-C-V4 minus R5-genie): n/a (>  15 vs <=  -3) — extend the SNR grid
  M-ours-dscore-C-V4b -> R5-genie        [decision-point anchor arm: R5-genie]
    decision SNRs ['-3', '+0', '+3'] (anchor R5-genie: |log10(BLER@16 of R5-genie / 0.1)| smallest, BLER in [0.005, 0.9])
    sign test @16: -3 dB 2405:0 p=0  +0 dB 2399:0 p=0  +3 dB 2345:0 p=0   pooled 7149:0 p=0
    power guard: 3 decision points, 3 with >= 6 discordant pairs -> POWERED
    two-sided sign test at p < .05: second arm fewer failures at 3/3 points, first arm fewer failures at 0/3 points -> significant
    SNR@0.1 gap (M-ours-dscore-C-V4b minus R5-genie): n/a (>  15 vs <=  -3) — extend the SNR grid
  M-ours-bstar-scalar -> R5-genie        [decision-point anchor arm: R5-genie]
    decision SNRs ['-3', '+0', '+3'] (anchor R5-genie: |log10(BLER@16 of R5-genie / 0.1)| smallest, BLER in [0.005, 0.9])
    sign test @16: -3 dB 1971:0 p=0  +0 dB 1565:0 p=0  +3 dB 1352:0 p=0   pooled 4888:0 p=0
    power guard: 3 decision points, 3 with >= 6 discordant pairs -> POWERED
    two-sided sign test at p < .05: second arm fewer failures at 3/3 points, first arm fewer failures at 0/3 points -> significant
    SNR@0.1 gap (M-ours-bstar-scalar minus R5-genie): n/a (>  15 vs <=  -3) — extend the SNR grid

--- cell C2  prior S2  testbed D2   SNR grid ['-3', '+0', '+3', '+6', '+9', '+12', '+15']
  R1-turbo -> R2-ours-G        [decision-point anchor arm: R1-turbo]
    decision SNRs ['+0', '+3', '+6'] (anchor R1-turbo: |log10(BLER@16 of R1-turbo / 0.1)| smallest, BLER in [0.005, 0.9])
    sign test @16: +0 dB 282:3 p=1.2e-79  +3 dB 109:2 p=4.8e-30  +6 dB 47:3 p=3.7e-11   pooled 438:8 p=4.1e-118
    power guard: 3 decision points, 3 with >= 6 discordant pairs -> POWERED
    two-sided sign test at p < .05: second arm fewer failures at 3/3 points, first arm fewer failures at 0/3 points -> significant
    SNR@0.1 gap (R1-turbo minus R2-ours-G): +2.24 dB  [90% paired bootstrap +1.92, +2.62; censored replicates 0%]
  R2-ours-G -> M-ours-gmm32        [decision-point anchor arm: R2-ours-G]
    decision SNRs ['-3', '+0', '+3'] (anchor R2-ours-G: |log10(BLER@16 of R2-ours-G / 0.1)| smallest, BLER in [0.005, 0.9])
    sign test @16: -3 dB 224:60 p=2e-23  +0 dB 91:44 p=6.4e-05  +3 dB 36:25 p=0.2   pooled 351:129 p=8.8e-25
    power guard: 3 decision points, 3 with >= 6 discordant pairs -> POWERED
    two-sided sign test at p < .05: second arm fewer failures at 2/3 points, first arm fewer failures at 0/3 points -> significant
    SNR@0.1 gap (R2-ours-G minus M-ours-gmm32): +0.53 dB  [90% paired bootstrap +0.32, +0.72; censored replicates 0%]
  R2-ours-G -> M-ours-bstar        [decision-point anchor arm: R2-ours-G]
    decision SNRs ['-3', '+0', '+3'] (anchor R2-ours-G: |log10(BLER@16 of R2-ours-G / 0.1)| smallest, BLER in [0.005, 0.9])
    sign test @16: -3 dB 263:71 p=4.6e-27  +0 dB 107:37 p=4.4e-09  +3 dB 54:18 p=2.6e-05   pooled 424:126 p=1.1e-38
    power guard: 3 decision points, 3 with >= 6 discordant pairs -> POWERED
    two-sided sign test at p < .05: second arm fewer failures at 3/3 points, first arm fewer failures at 0/3 points -> significant
    SNR@0.1 gap (R2-ours-G minus M-ours-bstar): +0.78 dB  [90% paired bootstrap +0.57, +0.98; censored replicates 0%]
  R2-ours-G -> R4-scvamp        [decision-point anchor arm: R2-ours-G]
    decision SNRs ['-3', '+0', '+3'] (anchor R2-ours-G: |log10(BLER@16 of R2-ours-G / 0.1)| smallest, BLER in [0.005, 0.9])
    sign test @16: -3 dB 6:728 p=4.7e-207  +0 dB 7:527 p=8.5e-146  +3 dB 2:286 p=1.7e-82   pooled 15:1541 p=0
    power guard: 3 decision points, 3 with >= 6 discordant pairs -> POWERED
    two-sided sign test at p < .05: second arm fewer failures at 0/3 points, first arm fewer failures at 3/3 points -> significant
    SNR@0.1 gap (R2-ours-G minus R4-scvamp): -5.77 dB  [90% paired bootstrap -6.50, -5.15; censored replicates 0%]
  R4-llr -> R4-scvamp        [decision-point anchor arm: R4-llr]
    decision SNRs ['+9', '+12', '+15'] (anchor R4-llr: |log10(BLER@16 of R4-llr / 0.1)| smallest, BLER in [0.005, 0.9])
    sign test @16: +9 dB 566:42 p=2.9e-118  +12 dB 401:28 p=1.1e-85  +15 dB 359:17 p=1.6e-84   pooled 1326:87 p=3.5e-285
    power guard: 3 decision points, 3 with >= 6 discordant pairs -> POWERED
    two-sided sign test at p < .05: second arm fewer failures at 3/3 points, first arm fewer failures at 0/3 points -> significant
    SNR@0.1 gap (R4-llr minus R4-scvamp): >= +9.17 dB (R4-llr never reaches 0.1 on the grid)
  R2-ours-G -> R3-bigamp        [decision-point anchor arm: R2-ours-G]
    decision SNRs ['-3', '+0', '+3'] (anchor R2-ours-G: |log10(BLER@16 of R2-ours-G / 0.1)| smallest, BLER in [0.005, 0.9])
    sign test @16: -3 dB 57:609 p=1.3e-117  +0 dB 36:314 p=1.6e-56  +3 dB 29:137 p=5.5e-18   pooled 122:1060 p=3.9e-187
    power guard: 3 decision points, 3 with >= 6 discordant pairs -> POWERED
    two-sided sign test at p < .05: second arm fewer failures at 0/3 points, first arm fewer failures at 3/3 points -> significant
    SNR@0.1 gap (R2-ours-G minus R3-bigamp): -2.25 dB  [90% paired bootstrap -2.62, -1.91; censored replicates 0%]
  M-ours-gmm32 -> R5-genie        [decision-point anchor arm: R5-genie]
    decision SNRs ['-3', '+0'] (anchor R5-genie: |log10(BLER@16 of R5-genie / 0.1)| smallest, BLER in [0.005, 0.9])
    sign test @16: -3 dB 597:9 p=2.2e-163  +0 dB 189:1 p=2.4e-55   pooled 786:10 p=1.3e-217
    power guard: 2 decision points (needs 3), discordant-pair counts [606, 190] (needs >= 6 at >= 2) -> UNDECIDED
    UNDECIDED -- no significance call is made (08_SPEC §2). Raise n or extend the SNR grid.
    SNR@0.1 gap (M-ours-gmm32 minus R5-genie): >= +2.53 dB (R5-genie is already below 0.1 at the lowest grid SNR)
  M-ours-bstar -> R5-genie        [decision-point anchor arm: R5-genie]
    decision SNRs ['-3', '+0'] (anchor R5-genie: |log10(BLER@16 of R5-genie / 0.1)| smallest, BLER in [0.005, 0.9])
    sign test @16: -3 dB 570:10 p=5.6e-154  +0 dB 167:2 p=3.8e-47   pooled 737:12 p=4.1e-200
    power guard: 2 decision points (needs 3), discordant-pair counts [580, 169] (needs >= 6 at >= 2) -> UNDECIDED
    UNDECIDED -- no significance call is made (08_SPEC §2). Raise n or extend the SNR grid.
    SNR@0.1 gap (M-ours-bstar minus R5-genie): >= +2.28 dB (R5-genie is already below 0.1 at the lowest grid SNR)
  R2-ours-G -> M-ours-dscore-C-V0        [decision-point anchor arm: R2-ours-G]
    decision SNRs ['-3', '+0', '+3'] (anchor R2-ours-G: |log10(BLER@16 of R2-ours-G / 0.1)| smallest, BLER in [0.005, 0.9])
    sign test @16: -3 dB 166:844 p=7.6e-110  +0 dB 12:1913 p=0  +3 dB 1:2343 p=0   pooled 179:5100 p=0
    power guard: 3 decision points, 3 with >= 6 discordant pairs -> POWERED
    two-sided sign test at p < .05: second arm fewer failures at 0/3 points, first arm fewer failures at 3/3 points -> significant
    SNR@0.1 gap (R2-ours-G minus M-ours-dscore-C-V0): n/a (0.06 vs >  15) — extend the SNR grid
  R2-ours-G -> M-ours-dscore-C-V1        [decision-point anchor arm: R2-ours-G]
    decision SNRs ['-3', '+0', '+3'] (anchor R2-ours-G: |log10(BLER@16 of R2-ours-G / 0.1)| smallest, BLER in [0.005, 0.9])
    sign test @16: -3 dB 511:43 p=1.1e-102  +0 dB 189:16 p=1.1e-38  +3 dB 78:10 p=3.3e-14   pooled 778:69 p=8.4e-153
    power guard: 3 decision points, 3 with >= 6 discordant pairs -> POWERED
    two-sided sign test at p < .05: second arm fewer failures at 3/3 points, first arm fewer failures at 0/3 points -> significant
    SNR@0.1 gap (R2-ours-G minus M-ours-dscore-C-V1): +2.29 dB  [90% paired bootstrap +2.03, +2.54; censored replicates 0%]
  R2-ours-G -> M-ours-dscore-C-V4        [decision-point anchor arm: R2-ours-G]
    decision SNRs ['-3', '+0', '+3'] (anchor R2-ours-G: |log10(BLER@16 of R2-ours-G / 0.1)| smallest, BLER in [0.005, 0.9])
    sign test @16: -3 dB 500:55 p=8.1e-91  +0 dB 183:18 p=1.4e-35  +3 dB 83:7 p=1.3e-17   pooled 766:80 p=2.2e-141
    power guard: 3 decision points, 3 with >= 6 discordant pairs -> POWERED
    two-sided sign test at p < .05: second arm fewer failures at 3/3 points, first arm fewer failures at 0/3 points -> significant
    SNR@0.1 gap (R2-ours-G minus M-ours-dscore-C-V4): +2.14 dB  [90% paired bootstrap +1.90, +2.38; censored replicates 0%]
  R2-ours-G -> M-ours-dscore-C-V4b        [decision-point anchor arm: R2-ours-G]
    decision SNRs ['-3', '+0', '+3'] (anchor R2-ours-G: |log10(BLER@16 of R2-ours-G / 0.1)| smallest, BLER in [0.005, 0.9])
    sign test @16: -3 dB 482:56 p=1.5e-85  +0 dB 184:24 p=9.7e-32  +3 dB 80:8 p=4.6e-16   pooled 746:88 p=1.1e-130
    power guard: 3 decision points, 3 with >= 6 discordant pairs -> POWERED
    two-sided sign test at p < .05: second arm fewer failures at 3/3 points, first arm fewer failures at 0/3 points -> significant
    SNR@0.1 gap (R2-ours-G minus M-ours-dscore-C-V4b): +2.04 dB  [90% paired bootstrap +1.79, +2.28; censored replicates 0%]
  R2-ours-G -> M-ours-bstar-scalar        [decision-point anchor arm: R2-ours-G]
    decision SNRs ['-3', '+0', '+3'] (anchor R2-ours-G: |log10(BLER@16 of R2-ours-G / 0.1)| smallest, BLER in [0.005, 0.9])
    sign test @16: -3 dB 244:101 p=8.6e-15  +0 dB 103:45 p=2.1e-06  +3 dB 53:25 p=0.002   pooled 400:171 p=3.9e-22
    power guard: 3 decision points, 3 with >= 6 discordant pairs -> POWERED
    two-sided sign test at p < .05: second arm fewer failures at 3/3 points, first arm fewer failures at 0/3 points -> significant
    SNR@0.1 gap (R2-ours-G minus M-ours-bstar-scalar): +0.62 dB  [90% paired bootstrap +0.43, +0.82; censored replicates 0%]
  M-ours-bstar -> M-ours-dscore-C-V0        [decision-point anchor arm: M-ours-bstar]
    decision SNRs ['-3', '+0', '+3'] (anchor M-ours-bstar: |log10(BLER@16 of M-ours-bstar / 0.1)| smallest, BLER in [0.005, 0.9])
    sign test @16: -3 dB 119:989 p=3.3e-171  +0 dB 7:1978 p=0  +3 dB 0:2378 p=0   pooled 126:5345 p=0
    power guard: 3 decision points, 3 with >= 6 discordant pairs -> POWERED
    two-sided sign test at p < .05: second arm fewer failures at 0/3 points, first arm fewer failures at 3/3 points -> significant
    SNR@0.1 gap (M-ours-bstar minus M-ours-dscore-C-V0): n/a (-0.72 vs >  15) — extend the SNR grid
  M-ours-bstar -> M-ours-dscore-C-V1        [decision-point anchor arm: M-ours-bstar]
    decision SNRs ['-3', '+0', '+3'] (anchor M-ours-bstar: |log10(BLER@16 of M-ours-bstar / 0.1)| smallest, BLER in [0.005, 0.9])
    sign test @16: -3 dB 325:49 p=4.4e-51  +0 dB 122:19 p=1.3e-19  +3 dB 42:10 p=9.1e-06   pooled 489:78 p=1e-73
    power guard: 3 decision points, 3 with >= 6 discordant pairs -> POWERED
    two-sided sign test at p < .05: second arm fewer failures at 3/3 points, first arm fewer failures at 0/3 points -> significant
    SNR@0.1 gap (M-ours-bstar minus M-ours-dscore-C-V1): +1.51 dB  [90% paired bootstrap +1.30, +1.73; censored replicates 0%]
  M-ours-bstar -> M-ours-dscore-C-V4        [decision-point anchor arm: M-ours-bstar]
    decision SNRs ['-3', '+0', '+3'] (anchor M-ours-bstar: |log10(BLER@16 of M-ours-bstar / 0.1)| smallest, BLER in [0.005, 0.9])
    sign test @16: -3 dB 311:58 p=5.9e-43  +0 dB 115:20 p=2.1e-17  +3 dB 48:8 p=4.7e-08   pooled 474:86 p=6e-66
    power guard: 3 decision points, 3 with >= 6 discordant pairs -> POWERED
    two-sided sign test at p < .05: second arm fewer failures at 3/3 points, first arm fewer failures at 0/3 points -> significant
    SNR@0.1 gap (M-ours-bstar minus M-ours-dscore-C-V4): +1.36 dB  [90% paired bootstrap +1.17, +1.57; censored replicates 0%]
  M-ours-bstar -> M-ours-dscore-C-V4b        [decision-point anchor arm: M-ours-bstar]
    decision SNRs ['-3', '+0', '+3'] (anchor M-ours-bstar: |log10(BLER@16 of M-ours-bstar / 0.1)| smallest, BLER in [0.005, 0.9])
    sign test @16: -3 dB 297:63 p=1.9e-37  +0 dB 114:24 p=3.2e-15  +3 dB 45:9 p=7.3e-07   pooled 456:96 p=4.5e-57
    power guard: 3 decision points, 3 with >= 6 discordant pairs -> POWERED
    two-sided sign test at p < .05: second arm fewer failures at 3/3 points, first arm fewer failures at 0/3 points -> significant
    SNR@0.1 gap (M-ours-bstar minus M-ours-dscore-C-V4b): +1.26 dB  [90% paired bootstrap +1.07, +1.47; censored replicates 0%]
  M-ours-bstar -> M-ours-bstar-scalar        [decision-point anchor arm: M-ours-bstar]
    decision SNRs ['-3', '+0', '+3'] (anchor M-ours-bstar: |log10(BLER@16 of M-ours-bstar / 0.1)| smallest, BLER in [0.005, 0.9])
    sign test @16: -3 dB 51:100 p=8.2e-05  +0 dB 33:45 p=0.21  +3 dB 9:17 p=0.17   pooled 93:162 p=1.8e-05
    power guard: 3 decision points, 3 with >= 6 discordant pairs -> POWERED
    two-sided sign test at p < .05: second arm fewer failures at 0/3 points, first arm fewer failures at 1/3 points -> not significant
    SNR@0.1 gap (M-ours-bstar minus M-ours-bstar-scalar): -0.16 dB  [90% paired bootstrap -0.30, -0.02; censored replicates 0%]
  M-ours-dscore-C-V0 -> R5-genie        [decision-point anchor arm: R5-genie]
    decision SNRs ['-3', '+0'] (anchor R5-genie: |log10(BLER@16 of R5-genie / 0.1)| smallest, BLER in [0.005, 0.9])
    sign test @16: -3 dB 1431:1 p=0  +0 dB 2136:0 p=0   pooled 3567:1 p=0
    power guard: 2 decision points (needs 3), discordant-pair counts [1432, 2136] (needs >= 6 at >= 2) -> UNDECIDED
    UNDECIDED -- no significance call is made (08_SPEC §2). Raise n or extend the SNR grid.
    SNR@0.1 gap (M-ours-dscore-C-V0 minus R5-genie): n/a (>  15 vs <=  -3) — extend the SNR grid
  M-ours-dscore-C-V1 -> R5-genie        [decision-point anchor arm: R5-genie]
    decision SNRs ['-3', '+0'] (anchor R5-genie: |log10(BLER@16 of R5-genie / 0.1)| smallest, BLER in [0.005, 0.9])
    sign test @16: -3 dB 299:15 p=9.8e-70  +0 dB 65:3 p=3.6e-16   pooled 364:18 p=6.7e-85
    power guard: 2 decision points (needs 3), discordant-pair counts [314, 68] (needs >= 6 at >= 2) -> UNDECIDED
    UNDECIDED -- no significance call is made (08_SPEC §2). Raise n or extend the SNR grid.
    SNR@0.1 gap (M-ours-dscore-C-V1 minus R5-genie): >= +0.77 dB (R5-genie is already below 0.1 at the lowest grid SNR)
  M-ours-dscore-C-V4 -> R5-genie        [decision-point anchor arm: R5-genie]
    decision SNRs ['-3', '+0'] (anchor R5-genie: |log10(BLER@16 of R5-genie / 0.1)| smallest, BLER in [0.005, 0.9])
    sign test @16: -3 dB 316:9 p=3e-81  +0 dB 73:3 p=1.9e-18   pooled 389:12 p=1.2e-98
    power guard: 2 decision points (needs 3), discordant-pair counts [325, 76] (needs >= 6 at >= 2) -> UNDECIDED
    UNDECIDED -- no significance call is made (08_SPEC §2). Raise n or extend the SNR grid.
    SNR@0.1 gap (M-ours-dscore-C-V4 minus R5-genie): >= +0.92 dB (R5-genie is already below 0.1 at the lowest grid SNR)
  M-ours-dscore-C-V4b -> R5-genie        [decision-point anchor arm: R5-genie]
    decision SNRs ['-3', '+0'] (anchor R5-genie: |log10(BLER@16 of R5-genie / 0.1)| smallest, BLER in [0.005, 0.9])
    sign test @16: -3 dB 337:11 p=7e-85  +0 dB 78:3 p=7.3e-20   pooled 415:14 p=9.9e-104
    power guard: 2 decision points (needs 3), discordant-pair counts [348, 81] (needs >= 6 at >= 2) -> UNDECIDED
    UNDECIDED -- no significance call is made (08_SPEC §2). Raise n or extend the SNR grid.
    SNR@0.1 gap (M-ours-dscore-C-V4b minus R5-genie): >= +1.02 dB (R5-genie is already below 0.1 at the lowest grid SNR)
  M-ours-bstar-scalar -> R5-genie        [decision-point anchor arm: R5-genie]
    decision SNRs ['-3', '+0'] (anchor R5-genie: |log10(BLER@16 of R5-genie / 0.1)| smallest, BLER in [0.005, 0.9])
    sign test @16: -3 dB 617:8 p=8e-171  +0 dB 177:0 p=1e-53   pooled 794:8 p=3.1e-223
    power guard: 2 decision points (needs 3), discordant-pair counts [625, 177] (needs >= 6 at >= 2) -> UNDECIDED
    UNDECIDED -- no significance call is made (08_SPEC §2). Raise n or extend the SNR grid.
    SNR@0.1 gap (M-ours-bstar-scalar minus R5-genie): >= +2.44 dB (R5-genie is already below 0.1 at the lowest grid SNR)

--- cell C5  prior S2  testbed D2   SNR grid ['-3', '+0', '+3', '+6', '+9', '+12', '+15']
  R1-turbo -> R2-ours-G        [decision-point anchor arm: R1-turbo]
    decision SNRs ['+9', '+12', '+15'] (anchor R1-turbo: |log10(BLER@16 of R1-turbo / 0.1)| smallest, BLER in [0.005, 0.9])
    sign test @16: +9 dB 191:17 p=2e-38  +12 dB 154:17 p=8.5e-29  +15 dB 114:25 p=8.9e-15   pooled 459:59 p=8.7e-78
    power guard: 3 decision points, 3 with >= 6 discordant pairs -> POWERED
    two-sided sign test at p < .05: second arm fewer failures at 3/3 points, first arm fewer failures at 0/3 points -> significant
    SNR@0.1 gap (R1-turbo minus R2-ours-G): n/a (>  15 vs >  15) — extend the SNR grid
  R2-ours-G -> M-ours-gmm32        [decision-point anchor arm: R2-ours-G]
    decision SNRs ['+9', '+12', '+15'] (anchor R2-ours-G: |log10(BLER@16 of R2-ours-G / 0.1)| smallest, BLER in [0.005, 0.9])
    sign test @16: +9 dB 181:159 p=0.25  +12 dB 167:193 p=0.19  +15 dB 153:202 p=0.011   pooled 501:554 p=0.11
    power guard: 3 decision points, 3 with >= 6 discordant pairs -> POWERED
    two-sided sign test at p < .05: second arm fewer failures at 0/3 points, first arm fewer failures at 1/3 points -> not significant
    SNR@0.1 gap (R2-ours-G minus M-ours-gmm32): n/a (>  15 vs >  15) — extend the SNR grid
  R2-ours-G -> M-ours-bstar        [decision-point anchor arm: R2-ours-G]
    decision SNRs ['+9', '+12', '+15'] (anchor R2-ours-G: |log10(BLER@16 of R2-ours-G / 0.1)| smallest, BLER in [0.005, 0.9])
    sign test @16: +9 dB 189:154 p=0.066  +12 dB 166:177 p=0.59  +15 dB 158:175 p=0.38   pooled 513:506 p=0.85
    power guard: 3 decision points, 3 with >= 6 discordant pairs -> POWERED
    two-sided sign test at p < .05: second arm fewer failures at 0/3 points, first arm fewer failures at 0/3 points -> not significant
    SNR@0.1 gap (R2-ours-G minus M-ours-bstar): n/a (>  15 vs >  15) — extend the SNR grid
  R2-ours-G -> R4-scvamp        [decision-point anchor arm: R2-ours-G]
    decision SNRs ['+9', '+12', '+15'] (anchor R2-ours-G: |log10(BLER@16 of R2-ours-G / 0.1)| smallest, BLER in [0.005, 0.9])
    sign test @16: +9 dB 11:872 p=1.9e-241  +12 dB 18:902 p=6.8e-240  +15 dB 26:942 p=6.3e-241   pooled 55:2716 p=0
    power guard: 3 decision points, 3 with >= 6 discordant pairs -> POWERED
    two-sided sign test at p < .05: second arm fewer failures at 0/3 points, first arm fewer failures at 3/3 points -> significant
    SNR@0.1 gap (R2-ours-G minus R4-scvamp): n/a (>  15 vs >  15) — extend the SNR grid
  R4-llr -> R4-scvamp        [decision-point anchor arm: R4-llr]
    decision SNRs ['+0', '+3', '+15'] (anchor R4-llr: |log10(BLER@16 of R4-llr / 0.1)| smallest, BLER in [0.005, 0.9])
    sign test @16: +0 dB 555:65 p=6.2e-98  +3 dB 887:89 p=3.9e-166  +15 dB 1029:105 p=3.3e-191   pooled 2471:259 p=0
    power guard: 3 decision points, 3 with >= 6 discordant pairs -> POWERED
    two-sided sign test at p < .05: second arm fewer failures at 3/3 points, first arm fewer failures at 0/3 points -> significant
    SNR@0.1 gap (R4-llr minus R4-scvamp): n/a (>  15 vs >  15) — extend the SNR grid
  R2-ours-G -> R3-bigamp        [decision-point anchor arm: R2-ours-G]
    decision SNRs ['+9', '+12', '+15'] (anchor R2-ours-G: |log10(BLER@16 of R2-ours-G / 0.1)| smallest, BLER in [0.005, 0.9])
    sign test @16: +9 dB 75:612 p=1.3e-105  +12 dB 35:707 p=1.1e-163  +15 dB 43:705 p=2.6e-155   pooled 153:2024 p=0
    power guard: 3 decision points, 3 with >= 6 discordant pairs -> POWERED
    two-sided sign test at p < .05: second arm fewer failures at 0/3 points, first arm fewer failures at 3/3 points -> significant
    SNR@0.1 gap (R2-ours-G minus R3-bigamp): n/a (>  15 vs >  15) — extend the SNR grid
  M-ours-gmm32 -> R5-genie        [decision-point anchor arm: R5-genie]
    decision SNRs ['-3', '+0', '+3'] (anchor R5-genie: |log10(BLER@16 of R5-genie / 0.1)| smallest, BLER in [0.005, 0.9])
    sign test @16: -3 dB 1310:1 p=0  +0 dB 704:0 p=2.4e-212  +3 dB 470:1 p=1.5e-139   pooled 2484:2 p=0
    power guard: 3 decision points, 3 with >= 6 discordant pairs -> POWERED
    two-sided sign test at p < .05: second arm fewer failures at 3/3 points, first arm fewer failures at 0/3 points -> significant
    SNR@0.1 gap (M-ours-gmm32 minus R5-genie): n/a (>  15 vs <=  -3) — extend the SNR grid
  M-ours-bstar -> R5-genie        [decision-point anchor arm: R5-genie]
    decision SNRs ['-3', '+0', '+3'] (anchor R5-genie: |log10(BLER@16 of R5-genie / 0.1)| smallest, BLER in [0.005, 0.9])
    sign test @16: -3 dB 1232:0 p=0  +0 dB 624:3 p=1.5e-181  +3 dB 404:2 p=1e-117   pooled 2260:5 p=0
    power guard: 3 decision points, 3 with >= 6 discordant pairs -> POWERED
    two-sided sign test at p < .05: second arm fewer failures at 3/3 points, first arm fewer failures at 0/3 points -> significant
    SNR@0.1 gap (M-ours-bstar minus R5-genie): n/a (>  15 vs <=  -3) — extend the SNR grid
  R2-ours-G -> M-ours-dscore-C-V0        [decision-point anchor arm: R2-ours-G]
    decision SNRs ['+9', '+12', '+15'] (anchor R2-ours-G: |log10(BLER@16 of R2-ours-G / 0.1)| smallest, BLER in [0.005, 0.9])
    sign test @16: +9 dB 4:2090 p=0  +12 dB 12:1993 p=0  +15 dB 35:1487 p=0   pooled 51:5570 p=0
    power guard: 3 decision points, 3 with >= 6 discordant pairs -> POWERED
    two-sided sign test at p < .05: second arm fewer failures at 0/3 points, first arm fewer failures at 3/3 points -> significant
    SNR@0.1 gap (R2-ours-G minus M-ours-dscore-C-V0): n/a (>  15 vs >  15) — extend the SNR grid
  R2-ours-G -> M-ours-dscore-C-V1        [decision-point anchor arm: R2-ours-G]
    decision SNRs ['+9', '+12', '+15'] (anchor R2-ours-G: |log10(BLER@16 of R2-ours-G / 0.1)| smallest, BLER in [0.005, 0.9])
    sign test @16: +9 dB 262:189 p=0.00068  +12 dB 187:205 p=0.39  +15 dB 175:278 p=1.5e-06   pooled 624:672 p=0.19
    power guard: 3 decision points, 3 with >= 6 discordant pairs -> POWERED
    two-sided sign test at p < .05: second arm fewer failures at 1/3 points, first arm fewer failures at 1/3 points -> not significant
    SNR@0.1 gap (R2-ours-G minus M-ours-dscore-C-V1): n/a (>  15 vs >  15) — extend the SNR grid
  R2-ours-G -> M-ours-dscore-C-V4        [decision-point anchor arm: R2-ours-G]
    decision SNRs ['+9', '+12', '+15'] (anchor R2-ours-G: |log10(BLER@16 of R2-ours-G / 0.1)| smallest, BLER in [0.005, 0.9])
    sign test @16: +9 dB 207:220 p=0.56  +12 dB 162:262 p=1.4e-06  +15 dB 158:302 p=1.8e-11   pooled 527:784 p=1.3e-12
    power guard: 3 decision points, 3 with >= 6 discordant pairs -> POWERED
    two-sided sign test at p < .05: second arm fewer failures at 0/3 points, first arm fewer failures at 2/3 points -> significant
    SNR@0.1 gap (R2-ours-G minus M-ours-dscore-C-V4): n/a (>  15 vs >  15) — extend the SNR grid
  R2-ours-G -> M-ours-dscore-C-V4b        [decision-point anchor arm: R2-ours-G]
    decision SNRs ['+9', '+12', '+15'] (anchor R2-ours-G: |log10(BLER@16 of R2-ours-G / 0.1)| smallest, BLER in [0.005, 0.9])
    sign test @16: +9 dB 29:1630 p=0  +12 dB 29:1764 p=0  +15 dB 15:1860 p=0   pooled 73:5254 p=0
    power guard: 3 decision points, 3 with >= 6 discordant pairs -> POWERED
    two-sided sign test at p < .05: second arm fewer failures at 0/3 points, first arm fewer failures at 3/3 points -> significant
    SNR@0.1 gap (R2-ours-G minus M-ours-dscore-C-V4b): n/a (>  15 vs >  15) — extend the SNR grid
  R2-ours-G -> M-ours-bstar-scalar        [decision-point anchor arm: R2-ours-G]
    decision SNRs ['+9', '+12', '+15'] (anchor R2-ours-G: |log10(BLER@16 of R2-ours-G / 0.1)| smallest, BLER in [0.005, 0.9])
    sign test @16: +9 dB 112:277 p=3e-17  +12 dB 94:331 p=5.1e-32  +15 dB 94:320 p=6.5e-30   pooled 300:928 p=5.5e-75
    power guard: 3 decision points, 3 with >= 6 discordant pairs -> POWERED
    two-sided sign test at p < .05: second arm fewer failures at 0/3 points, first arm fewer failures at 3/3 points -> significant
    SNR@0.1 gap (R2-ours-G minus M-ours-bstar-scalar): n/a (>  15 vs >  15) — extend the SNR grid
  M-ours-bstar -> M-ours-dscore-C-V0        [decision-point anchor arm: M-ours-bstar]
    decision SNRs ['+6', '+12', '+15'] (anchor M-ours-bstar: |log10(BLER@16 of M-ours-bstar / 0.1)| smallest, BLER in [0.005, 0.9])
    sign test @16: +6 dB 0:2173 p=0  +12 dB 14:1984 p=0  +15 dB 46:1481 p=0   pooled 60:5638 p=0
    power guard: 3 decision points, 3 with >= 6 discordant pairs -> POWERED
    two-sided sign test at p < .05: second arm fewer failures at 0/3 points, first arm fewer failures at 3/3 points -> significant
    SNR@0.1 gap (M-ours-bstar minus M-ours-dscore-C-V0): n/a (>  15 vs >  15) — extend the SNR grid
  M-ours-bstar -> M-ours-dscore-C-V1        [decision-point anchor arm: M-ours-bstar]
    decision SNRs ['+6', '+12', '+15'] (anchor M-ours-bstar: |log10(BLER@16 of M-ours-bstar / 0.1)| smallest, BLER in [0.005, 0.9])
    sign test @16: +6 dB 232:156 p=0.00013  +12 dB 206:213 p=0.77  +15 dB 185:271 p=6.6e-05   pooled 623:640 p=0.65
    power guard: 3 decision points, 3 with >= 6 discordant pairs -> POWERED
    two-sided sign test at p < .05: second arm fewer failures at 1/3 points, first arm fewer failures at 1/3 points -> not significant
    SNR@0.1 gap (M-ours-bstar minus M-ours-dscore-C-V1): n/a (>  15 vs >  15) — extend the SNR grid
  M-ours-bstar -> M-ours-dscore-C-V4        [decision-point anchor arm: M-ours-bstar]
    decision SNRs ['+6', '+12', '+15'] (anchor M-ours-bstar: |log10(BLER@16 of M-ours-bstar / 0.1)| smallest, BLER in [0.005, 0.9])
    sign test @16: +6 dB 194:233 p=0.066  +12 dB 190:279 p=4.6e-05  +15 dB 163:290 p=2.6e-09   pooled 547:802 p=4e-12
    power guard: 3 decision points, 3 with >= 6 discordant pairs -> POWERED
    two-sided sign test at p < .05: second arm fewer failures at 0/3 points, first arm fewer failures at 2/3 points -> significant
    SNR@0.1 gap (M-ours-bstar minus M-ours-dscore-C-V4): n/a (>  15 vs >  15) — extend the SNR grid
  M-ours-bstar -> M-ours-dscore-C-V4b        [decision-point anchor arm: M-ours-bstar]
    decision SNRs ['+6', '+12', '+15'] (anchor M-ours-bstar: |log10(BLER@16 of M-ours-bstar / 0.1)| smallest, BLER in [0.005, 0.9])
    sign test @16: +6 dB 40:1529 p=0  +12 dB 37:1761 p=0  +15 dB 29:1857 p=0   pooled 106:5147 p=0
    power guard: 3 decision points, 3 with >= 6 discordant pairs -> POWERED
    two-sided sign test at p < .05: second arm fewer failures at 0/3 points, first arm fewer failures at 3/3 points -> significant
    SNR@0.1 gap (M-ours-bstar minus M-ours-dscore-C-V4b): n/a (>  15 vs >  15) — extend the SNR grid
  M-ours-bstar -> M-ours-bstar-scalar        [decision-point anchor arm: M-ours-bstar]
    decision SNRs ['+6', '+12', '+15'] (anchor M-ours-bstar: |log10(BLER@16 of M-ours-bstar / 0.1)| smallest, BLER in [0.005, 0.9])
    sign test @16: +6 dB 114:352 p=2.6e-29  +12 dB 118:344 p=1.1e-26  +15 dB 129:338 p=1.2e-22   pooled 361:1034 p=2.2e-75
    power guard: 3 decision points, 3 with >= 6 discordant pairs -> POWERED
    two-sided sign test at p < .05: second arm fewer failures at 0/3 points, first arm fewer failures at 3/3 points -> significant
    SNR@0.1 gap (M-ours-bstar minus M-ours-bstar-scalar): n/a (>  15 vs >  15) — extend the SNR grid
  M-ours-dscore-C-V0 -> R5-genie        [decision-point anchor arm: R5-genie]
    decision SNRs ['-3', '+0', '+3'] (anchor R5-genie: |log10(BLER@16 of R5-genie / 0.1)| smallest, BLER in [0.005, 0.9])
    sign test @16: -3 dB 1868:0 p=0  +0 dB 2258:0 p=0  +3 dB 2460:0 p=0   pooled 6586:0 p=0
    power guard: 3 decision points, 3 with >= 6 discordant pairs -> POWERED
    two-sided sign test at p < .05: second arm fewer failures at 3/3 points, first arm fewer failures at 0/3 points -> significant
    SNR@0.1 gap (M-ours-dscore-C-V0 minus R5-genie): n/a (>  15 vs <=  -3) — extend the SNR grid
  M-ours-dscore-C-V1 -> R5-genie        [decision-point anchor arm: R5-genie]
    decision SNRs ['-3', '+0', '+3'] (anchor R5-genie: |log10(BLER@16 of R5-genie / 0.1)| smallest, BLER in [0.005, 0.9])
    sign test @16: -3 dB 938:4 p=1.8e-273  +0 dB 447:8 p=9.4e-121  +3 dB 294:3 p=3.4e-83   pooled 1679:15 p=0
    power guard: 3 decision points, 3 with >= 6 discordant pairs -> POWERED
    two-sided sign test at p < .05: second arm fewer failures at 3/3 points, first arm fewer failures at 0/3 points -> significant
    SNR@0.1 gap (M-ours-dscore-C-V1 minus R5-genie): n/a (>  15 vs <=  -3) — extend the SNR grid
  M-ours-dscore-C-V4 -> R5-genie        [decision-point anchor arm: R5-genie]
    decision SNRs ['-3', '+0', '+3'] (anchor R5-genie: |log10(BLER@16 of R5-genie / 0.1)| smallest, BLER in [0.005, 0.9])
    sign test @16: -3 dB 972:5 p=1.2e-281  +0 dB 515:8 p=9.7e-141  +3 dB 388:2 p=6e-113   pooled 1875:15 p=0
    power guard: 3 decision points, 3 with >= 6 discordant pairs -> POWERED
    two-sided sign test at p < .05: second arm fewer failures at 3/3 points, first arm fewer failures at 0/3 points -> significant
    SNR@0.1 gap (M-ours-dscore-C-V4 minus R5-genie): n/a (>  15 vs <=  -3) — extend the SNR grid
  M-ours-dscore-C-V4b -> R5-genie        [decision-point anchor arm: R5-genie]
    decision SNRs ['-3', '+0', '+3'] (anchor R5-genie: |log10(BLER@16 of R5-genie / 0.1)| smallest, BLER in [0.005, 0.9])
    sign test @16: -3 dB 2114:0 p=0  +0 dB 1822:2 p=0  +3 dB 1725:0 p=0   pooled 5661:2 p=0
    power guard: 3 decision points, 3 with >= 6 discordant pairs -> POWERED
    two-sided sign test at p < .05: second arm fewer failures at 3/3 points, first arm fewer failures at 0/3 points -> significant
    SNR@0.1 gap (M-ours-dscore-C-V4b minus R5-genie): n/a (>  15 vs <=  -3) — extend the SNR grid
  M-ours-bstar-scalar -> R5-genie        [decision-point anchor arm: R5-genie]
    decision SNRs ['-3', '+0', '+3'] (anchor R5-genie: |log10(BLER@16 of R5-genie / 0.1)| smallest, BLER in [0.005, 0.9])
    sign test @16: -3 dB 1408:2 p=0  +0 dB 833:2 p=3e-246  +3 dB 639:1 p=2.8e-190   pooled 2880:5 p=0
    power guard: 3 decision points, 3 with >= 6 discordant pairs -> POWERED
    two-sided sign test at p < .05: second arm fewer failures at 3/3 points, first arm fewer failures at 0/3 points -> significant
    SNR@0.1 gap (M-ours-bstar-scalar minus R5-genie): n/a (>  15 vs <=  -3) — extend the SNR grid

============================== TABLE C -- cross-Tp goodput envelope (08_SPEC §3) ==============================

--- prior S2  testbed D2   T=16   upper bounds K/T: C1 (Tp=2) 3.125, C2 (Tp=4) 2.625
  arm  (goodput; SNR [dB])        -3       +0       +3       +6       +9      +12      +15
  R0-pilot (@1)        Tp=2     0.006    0.029    0.068    0.114    0.120    0.150    0.171
  R0-pilot (@1)        Tp=4     0.658    1.607    2.151    2.361    2.456    2.501    2.530
  pilot_C (@16)        Tp=2     0.071    0.306    0.536    0.706    0.706    0.784    0.801
  pilot_C (@16)        Tp=4     1.374    2.276    2.517    2.560    2.589    2.596    2.611
  R1-turbo             Tp=2     0.283    0.758    1.191    1.517    1.614    1.769    1.829
  R1-turbo             Tp=4     1.201    2.071    2.416    2.521    2.561    2.579    2.603
  R2-ours-G            Tp=2     0.653    1.306    1.674    1.893    1.897    2.009    2.043
  R2-ours-G            Tp=4     1.765    2.357    2.526    2.567    2.593    2.595    2.610
  R3-bigamp            Tp=2     0.190    0.471    0.671    0.848    0.781    0.746    0.721
  R3-bigamp            Tp=4     1.199    2.072    2.415    2.487    2.492    2.474    2.479
  R4-llr               Tp=2     0.117    0.292    0.396    0.408    0.287    0.240    0.193
  R4-llr               Tp=4     0.352    0.440    1.051    1.578    1.905    2.115    2.177
  R4-scvamp            Tp=2     0.172    0.476    0.717    0.924    0.802    0.826    0.646
  R4-scvamp            Tp=4     1.024    1.824    2.234    2.369    2.442    2.498    2.528
  M-ours-gmm32         Tp=2     0.787    1.459    1.700    1.920    1.895    1.992    2.057
  M-ours-gmm32         Tp=4     1.933    2.406    2.537    2.585    2.594    2.600    2.616
  M-ours-bstar         Tp=2     0.750    1.497    1.860    2.043    1.976    2.017    2.036
  M-ours-bstar         Tp=4     1.962    2.429    2.562    2.594    2.600    2.604    2.618
  M-ours-dscore-C-V0   Tp=2     0.000    0.087    0.035    0.024    0.045    0.128    0.388
  M-ours-dscore-C-V0   Tp=4     1.069    0.408    0.124    0.135    0.240    0.481    1.453
  M-ours-dscore-C-V1   Tp=2     0.055    1.528    1.829    1.842    1.821    1.821    1.722
  M-ours-dscore-C-V1   Tp=4     2.245    2.535    2.595    2.609    2.618    2.620    2.622
  M-ours-dscore-C-V4   Tp=2     0.137    1.443    1.732    1.882    1.917    1.996    1.946
  M-ours-dscore-C-V4   Tp=4     2.221    2.527    2.603    2.609    2.617    2.619    2.621
  M-ours-dscore-C-V4b  Tp=2     0.073    0.162    0.243    0.270    0.179    0.164    0.178
  M-ours-dscore-C-V4b  Tp=4     2.202    2.521    2.599    2.609    2.618    2.620    2.620
  M-ours-bstar-scalar  Tp=2     0.603    1.180    1.455    1.610    1.597    1.688    1.672
  M-ours-bstar-scalar  Tp=4     1.911    2.417    2.554    2.588    2.607    2.602    2.618
  R5-genie             Tp=2     3.009    3.091    3.105    3.119    3.120    3.123    3.124
  R5-genie             Tp=4     2.536    2.598    2.613    2.616    2.623    2.623    2.623
  second-moment envelope base = best of ['R2-ours-G', 'R0-pilot (@1)', 'pilot_C (@16)'] over both Tp:
  base                         1.765    2.357    2.526    2.567    2.593    2.596    2.611
  envelope gain over the second-moment envelope [%]:
    R0-pilot (@1)             -62.7%   -31.8%   -14.8%    -8.0%    -5.3%    -3.7%    -3.1%
    pilot_C (@16)             -22.1%    -3.4%    -0.3%    -0.2%    -0.2%    +0.0%    +0.0%
    R1-turbo                  -32.0%   -12.1%    -4.3%    -1.8%    -1.2%    -0.7%    -0.3%
    R2-ours-G                  +0.0%    +0.0%    +0.0%    +0.0%    +0.0%    -0.0%    -0.0%
    R3-bigamp                 -32.1%   -12.1%    -4.4%    -3.1%    -3.9%    -4.7%    -5.0%
    R4-llr                    -80.1%   -81.3%   -58.4%   -38.5%   -26.5%   -18.5%   -16.6%
    R4-scvamp                 -42.0%   -22.6%   -11.5%    -7.7%    -5.8%    -3.8%    -3.2%
    M-ours-gmm32               +9.5%    +2.0%    +0.4%    +0.7%    +0.0%    +0.2%    +0.2%
    M-ours-bstar              +11.2%    +3.0%    +1.5%    +1.1%    +0.3%    +0.3%    +0.3%
    M-ours-dscore-C-V0        -39.4%   -82.7%   -95.1%   -94.7%   -90.7%   -81.5%   -44.3%
    M-ours-dscore-C-V1        +27.2%    +7.5%    +2.8%    +1.6%    +0.9%    +0.9%    +0.4%
    M-ours-dscore-C-V4        +25.9%    +7.2%    +3.1%    +1.6%    +0.9%    +0.9%    +0.4%
    M-ours-dscore-C-V4b       +24.8%    +7.0%    +2.9%    +1.6%    +0.9%    +0.9%    +0.4%
    M-ours-bstar-scalar        +8.3%    +2.5%    +1.1%    +0.8%    +0.5%    +0.2%    +0.3%
    R5-genie                  +70.5%   +31.1%   +23.0%   +21.5%   +20.3%   +20.3%   +19.7%

============================== TABLE D -- training quality, independent of BLER (08_SPEC §3.5) ==============================
D2: GB' = held-out denoising NMSE of the GMM prior vs the diffusion prior on the SAME sigma_t grid. This is a comparison one stage BEFORE BLER and stands on its own.

  [GB' held-out denoising NMSE, GMM vs diffusion]  source: /home/HTJ/t2/conf/results/gate_D2.txt
    # date        : 2026-09-21 07:49:41 KST
    # git commit  : 86e43ef
    # versions    : python 3.12.14  numpy 2.5.2  scipy 1.18.1  torch 2.14.0+cu130 (cuda_available=True)
    # device      : CPU (192 cores) | dtype: complex128 / float64 | deterministic: yes (fixed seeds, no GPU in the receiver)
    # testbed     : D2
    # seed rule   : default_rng([20260926, TBID[testbed], PID[prior], Nr, T, Tp, int(snr)+100])  (trials of a point = ONE stream)
    # code        : rate-1/2 conv (133,171)_8 nu=6 terminated, QPSK, outer iterations = 16 for EVERY arm
    # Demo/ hashes: t2_route_a.py=95a5408901ec125c  t2_trellis.py=31cd0ee9c68e972b  t2_gmm.py=d064e58c7510c769
    # content     : GB' (04_SPEC §6) -- held-out denoising NMSE of the GMM prior vs the diffusion prior
    #               on the SAME frozen D2 sigma grid.  REPORT ONLY: never used to select anything.
    # *** The diffusion model here did NOT pass the D1 gates (best GC 0.2241 vs 0.15 over 959 trials).
    #     It is NOT an arm in any BLER table; M-ours-dscore stays BLOCKED on both testbeds. ***
    # architecture: copied verbatim from the best-D1-gate-score configuration, NOT re-searched (04_SPEC §6)
    #               {'arch': 'dit', 'param': 'vp', 'domain': 'angle', 'lr': 0.002238046051591068, 'ema': 0.999, 'batch': 256, 'emb': 256, 'width': 64, 'depth': 6, 'heads': 8, 'patch': 1}
    # GMM b*      : kron (kron K=512), selected by validation log-likelihood only
    
    # ====================================================================================================
    # CLAIM TESTBED -- sparse specular; conditional Gaussianity broken (see T2d). Upper bound = genie only.
    # ====================================================================================================
    
      k       sigma          nu     nmse_gmm    nmse_diff   diff/gmm
      0  3.3062e-02  2.1862e-03  1.96957e-03  1.16549e-03     0.5917
      1  3.9212e-02  3.0751e-03  2.73720e-03  1.56801e-03     0.5729
      2  4.6505e-02  4.3255e-03  3.79984e-03  2.11633e-03     0.5570
      3  5.5155e-02  6.0842e-03  5.27361e-03  2.86655e-03     0.5436
      4  6.5414e-02  8.5579e-03  7.31878e-03  3.89394e-03     0.5320
      5  7.7581e-02  1.2038e-02  1.01162e-02  5.30787e-03     0.5247
      6  9.2011e-02  1.6932e-02  1.39474e-02  7.25836e-03     0.5204
      7  1.0912e-01  2.3816e-02  1.91830e-02  9.98491e-03     0.5205
      8  1.2942e-01  3.3500e-02  2.62568e-02  1.38006e-02     0.5256
      9  1.5349e-01  4.7121e-02  3.58583e-02  1.91536e-02     0.5341
     10  1.8204e-01  6.6280e-02  4.86677e-02  2.66213e-02     0.5470
     11  2.1590e-01  9.3229e-02  6.55153e-02  3.67515e-02     0.5610
     12  2.5606e-01  1.3114e-01  8.72491e-02  5.07014e-02     0.5811
     13  3.0369e-01  1.8445e-01  1.15346e-01  6.98788e-02     0.6058
     14  3.6018e-01  2.5945e-01  1.50367e-01  9.62760e-02     0.6403
     15  4.2717e-01  3.6495e-01  1.94292e-01  1.31876e-01     0.6788
     16  5.0662e-01  5.1333e-01  2.47904e-01  1.79593e-01     0.7244
     17  6.0085e-01  7.2205e-01  3.12058e-01  2.42089e-01     0.7758
     18  7.1261e-01  1.0156e+00  3.86964e-01  3.21072e-01     0.8297
     19  8.4516e-01  1.4286e+00  4.71370e-01  4.13908e-01     0.8781
    
    summary: {'testbed': 'D2', 'prior': 'S2', 'n_eval': 512, 'Nr': 8, 'Nt': 4, 'worst_excess': -0.12190518636709069, 'note': "GB' is REPORT-ONLY (04_SPEC §6); arm selection was fixed by the D1 gates"}

  GMM fit table on D2, including the DEGRADATION RELATIVE TO D1 -- the second piece of evidence that the testbed actually broke conditional Gaussianity (08_SPEC §3.5):

  [GMM fits on D2, per K, vs D1]  source: /home/HTJ/t2/conf/results/gmm_fit_D2.txt
    # date        : 2026-09-20 14:27:54 KST
    # git commit  : 3f81778
    # versions    : python 3.12.14  numpy 2.5.2  scipy 1.18.1  torch 2.14.0+cu130 (cuda_available=True)
    # device      : CPU (192 cores) | dtype: complex128 / float64 | deterministic: yes (fixed seeds, no GPU in the receiver)
    # testbed     : D2
    # seed rule   : default_rng([20260926, TBID[testbed], PID[prior], Nr, T, Tp, int(snr)+100])  (trials of a point = ONE stream)
    # code        : rate-1/2 conv (133,171)_8 nu=6 terminated, QPSK, outer iterations = 16 for EVERY arm
    # Demo/ hashes: t2_route_a.py=95a5408901ec125c  t2_trellis.py=31cd0ee9c68e972b  t2_gmm.py=d064e58c7510c769
    # content     : conf/05_SPEC_testbed_D2.md §4 -- GMM re-fit on D2 (prior S2), K (16, 32, 64, 128, 256, 512) x {full, kron} x kappa (0, 16, 64, 256) x restarts, ntrain 10000, n_val = n_test = 5000
    # selection   : VALIDATION log-likelihood only.  BLER is never consulted (01_RULES §5).
    # D1 fits     : /home/HTJ/t2/Demo/exp_0925_fits (prior S, K (16, 32, 64)) -- reused verbatim, see DECISIONS
    # ====================================================================================================
    # CLAIM TESTBED -- sparse specular; conditional Gaussianity broken (see T2d). Upper bound = genie only.
    # ====================================================================================================
    
    Nr = 4 x Nt = 4
      fam      K  kappa   ll_train     ll_val      gap    ll_test   -gauss  reseed   EM min
      full    16      0    -26.196    -26.875    0.679    -26.876    6.844       0      2.3
      full    32      0    -23.934    -25.354    1.421    -25.346    8.374       0      4.6
      full    64      0    -22.261    -25.140    2.880    -25.093    8.627       0      5.4
      full   128      0    -21.174    -26.825    5.651    -26.704    7.017       0      6.1
      full   256     16    -26.269    -28.036    1.767    -27.950    5.771    3935      4.2
      full   512     16    -26.238    -28.039    1.801    -28.031    5.689   14363      7.8
      kron    16      0    -27.615    -27.776    0.161    -27.600    6.121       0      2.2
      kron    32      0    -26.027    -26.419    0.392    -26.246    7.475       0      5.3
      kron    64      0    -24.666    -25.386    0.720    -25.215    8.506       0     11.1
      kron   128      0    -23.442    -24.709    1.268    -24.482    9.239       0     19.1
      kron   256      0    -22.154    -24.207    2.053    -24.058    9.663       0     32.0
      kron   512      0    -21.254    -24.133    2.879    -23.941    9.779     970     22.7
      b* (validation log-likelihood) = kron K=512   ll_val -24.133
    
      degradation relative to D1 (05_SPEC §4)
      Absolute log-likelihoods of two DIFFERENT distributions are not comparable, so the
      comparable quantity is what the mixture buys over the Gaussian sample-covariance prior
      on the same held-out set:  G := ll_test(GMM) - ll_test(Gaussian)  [nat/sample].
      fam      K     G(D2)     G(D1)     D2-D1   gap(D2)   gap(D1)    KL(D1)
      full    16     6.844     3.276     3.569     0.679     0.477     0.291
      full    32     8.374     3.245     5.129     1.421     0.270     0.321
      full    64     8.627     3.239     5.388     2.880     0.321     0.327
      full   128     7.017       nan       nan     5.651       nan       nan
      full   256     5.771       nan       nan     1.767       nan       nan
      full   512     5.689       nan       nan     1.801       nan       nan
      kron    16     6.121     3.504     2.617     0.161     0.096     0.062
      kron    32     7.475     3.511     3.963     0.392     0.128     0.055
      kron    64     8.506     3.500     5.006     0.720     0.174     0.067
      kron   128     9.239       nan       nan     1.268       nan       nan
      kron   256     9.663       nan       nan     2.053       nan       nan
      kron   512     9.779       nan       nan     2.879       nan       nan
      KL(D1) = KL(true || fit) on the D1 test set [nat/sample]; D2 has no closed-form true
      density, so no KL column exists there (05_SPEC §3).
    
    Nr = 8 x Nt = 4
      fam      K  kappa   ll_train     ll_val      gap    ll_test   -gauss  reseed   EM min
      full    16      0    -37.734    -39.932    2.198    -39.346   26.281       0      6.4
      full    32      0    -32.768    -37.921    5.154    -37.272   28.355       0      8.1
      full    64      0    -30.647    -40.448    9.801    -39.997   25.630       0      9.4
      full   128      0    -32.167    -50.113   17.946    -49.492   16.135     103      8.3
      full   256      0    -33.390    -47.350   13.960    -46.941   18.685    2802      6.9
      full   512      0    -31.645    -38.853    7.208    -38.201   27.426   23891     16.3
      kron    16      0    -38.958    -39.574    0.617    -38.927   26.699       0      3.8
      kron    32      0    -32.368    -33.556    1.188    -32.878   32.749       0      8.7
      kron    64      0    -26.935    -29.015    2.080    -28.518   37.109       0     21.4
      kron   128      0    -22.557    -26.116    3.559    -25.820   39.807       0     58.1
      kron   256      0    -18.080    -23.936    5.856    -23.666   41.961       0     48.4
      kron   512      0    -14.339    -23.473    9.134    -23.144   42.482    1655     42.1
      b* (validation log-likelihood) = kron K=512   ll_val -23.473
    
      degradation relative to D1 (05_SPEC §4)
      Absolute log-likelihoods of two DIFFERENT distributions are not comparable, so the
      comparable quantity is what the mixture buys over the Gaussian sample-covariance prior
      on the same held-out set:  G := ll_test(GMM) - ll_test(Gaussian)  [nat/sample].
      fam      K     G(D2)     G(D1)     D2-D1   gap(D2)   gap(D1)    KL(D1)
      full    16    26.281     8.173    18.107     2.198     1.786     1.302
      full    32    28.355     8.106    20.248     5.154     1.517     1.369
      full    64    25.630     8.121    17.509     9.801     1.587     1.355
      full   128    16.135       nan       nan    17.946       nan       nan
      full   256    18.685       nan       nan    13.960       nan       nan
      full   512    27.426       nan       nan     7.208       nan       nan
      kron    16    26.699     9.233    17.466     0.617     0.082     0.242
      kron    32    32.749     9.277    23.471     1.188     0.261     0.198
      kron    64    37.109     9.188    27.920     2.080     0.497     0.287
      kron   128    39.807       nan       nan     3.559       nan       nan
      kron   256    41.961       nan       nan     5.856       nan       nan
      kron   512    42.482       nan       nan     9.134       nan       nan
      KL(D1) = KL(true || fit) on the D1 test set [nat/sample]; D2 has no closed-form true
      density, so no KL column exists there (05_SPEC §3).

