[run] M-ours-dscore: ABSENT -- no GATE-PASSING checkpoint (04_SPEC §5 gates GA-GD): no gate-passing checkpoint for D2; recorded PASS rows: none (searched conf/results/gate_D2.txt and LADDER.md)
[run] M-ours-dscore is NOT in this run.  The reason is written to every raw file as 'meta|dscore_status', so analysis.py reports its slot as BLOCKED / FAILED-VERIFICATION instead of quietly printing a table without it (01_RULES §6).
[run] Stage C arms ON (10_SPEC §3b/§3c): M-ours-dscore-C-{V0,V1,V4} + the mandatory GMM control M-ours-bstar-scalar, from /home/HTJ/t2/conf/ckpt/d2sx_N160000_a1.pt
[run] Stage C gate record: NO GATE RECORD mentions d2sx_N160000_a1.pt -- UNVERIFIED here.  (GA-GD are measurable on D1 only, 10_SPEC §5: a D2 re-train is qualified by its D1 sibling's gate row, which this string cannot prove.)
[run] D2 21 points x n=2560 -> 1344 tasks on 192 workers (prior S2, cells ['C2', 'C1', 'C5'], chunk 40) -> /home/HTJ/t2/conf/raw_C
1/1344 done    D2_C2_S2_Nr8_T16_Tp4_dft_snr15_skip280_n40.npz  (608 s)  BLER16: R2-ours-G=0.00 R3-bigamp=0.03 R4-scvamp=0.00 M-ours-gmm32=0.00 R5-genie=0.00
2/1344 done    D2_C2_S2_Nr8_T16_Tp4_dft_snr15_skip0_n40.npz  (623 s)  BLER16: R2-ours-G=0.00 R3-bigamp=0.05 R4-scvamp=0.00 M-ours-gmm32=0.00 R5-genie=0.00
3/1344 done    D2_C2_S2_Nr8_T16_Tp4_dft_snr9_skip0_n40.npz  (633 s)  BLER16: R2-ours-G=0.00 R3-bigamp=0.00 R4-scvamp=0.05 M-ours-gmm32=0.00 R5-genie=0.00
4/1344 done    D2_C2_S2_Nr8_T16_Tp4_dft_snr9_skip40_n40.npz  (636 s)  BLER16: R2-ours-G=0.00 R3-bigamp=0.00 R4-scvamp=0.00 M-ours-gmm32=0.00 R5-genie=0.00
5/1344 done    D2_C2_S2_Nr8_T16_Tp4_dft_snr12_skip40_n40.npz  (637 s)  BLER16: R2-ours-G=0.00 R3-bigamp=0.07 R4-scvamp=0.07 M-ours-gmm32=0.00 R5-genie=0.00
6/1344 done    D2_C2_S2_Nr8_T16_Tp4_dft_snr9_skip320_n40.npz  (643 s)  BLER16: R2-ours-G=0.00 R3-bigamp=0.03 R4-scvamp=0.03 M-ours-gmm32=0.00 R5-genie=0.00
7/1344 done    D2_C2_S2_Nr8_T16_Tp4_dft_snr3_skip40_n40.npz  (643 s)  BLER16: R2-ours-G=0.00 R3-bigamp=0.03 R4-scvamp=0.20 M-ours-gmm32=0.00 R5-genie=0.00
8/1344 done    D2_C2_S2_Nr8_T16_Tp4_dft_snr12_skip200_n40.npz  (644 s)  BLER16: R2-ours-G=0.00 R3-bigamp=0.05 R4-scvamp=0.05 M-ours-gmm32=0.00 R5-genie=0.00
9/1344 done    D2_C2_S2_Nr8_T16_Tp4_dft_snr3_skip120_n40.npz  (645 s)  BLER16: R2-ours-G=0.05 R3-bigamp=0.03 R4-scvamp=0.10 M-ours-gmm32=0.03 R5-genie=0.00
10/1344 done    D2_C2_S2_Nr8_T16_Tp4_dft_snr12_skip320_n40.npz  (648 s)  BLER16: R2-ours-G=0.00 R3-bigamp=0.05 R4-scvamp=0.07 M-ours-gmm32=0.00 R5-genie=0.00
11/1344 done    D2_C2_S2_Nr8_T16_Tp4_dft_snr0_skip280_n40.npz  (648 s)  BLER16: R2-ours-G=0.07 R3-bigamp=0.15 R4-scvamp=0.28 M-ours-gmm32=0.00 R5-genie=0.00
12/1344 done    D2_C2_S2_Nr8_T16_Tp4_dft_snr3_skip200_n40.npz  (648 s)  BLER16: R2-ours-G=0.03 R3-bigamp=0.05 R4-scvamp=0.23 M-ours-gmm32=0.05 R5-genie=0.00
13/1344 done    D2_C2_S2_Nr8_T16_Tp4_dft_snr0_skip0_n40.npz  (653 s)  BLER16: R2-ours-G=0.10 R3-bigamp=0.25 R4-scvamp=0.38 M-ours-gmm32=0.15 R5-genie=0.03
14/1344 done    D2_C2_S2_Nr8_T16_Tp4_dft_snr15_skip240_n40.npz  (654 s)  BLER16: R2-ours-G=0.00 R3-bigamp=0.05 R4-scvamp=0.03 M-ours-gmm32=0.00 R5-genie=0.00
15/1344 done    D2_C2_S2_Nr8_T16_Tp4_dft_snr3_skip160_n40.npz  (655 s)  BLER16: R2-ours-G=0.03 R3-bigamp=0.05 R4-scvamp=0.10 M-ours-gmm32=0.00 R5-genie=0.00
16/1344 done    D2_C2_S2_Nr8_T16_Tp4_dft_snr3_skip280_n40.npz  (656 s)  BLER16: R2-ours-G=0.05 R3-bigamp=0.10 R4-scvamp=0.25 M-ours-gmm32=0.07 R5-genie=0.03
17/1344 done    D2_C2_S2_Nr8_T16_Tp4_dft_snr6_skip0_n40.npz  (656 s)  BLER16: R2-ours-G=0.03 R3-bigamp=0.05 R4-scvamp=0.05 M-ours-gmm32=0.05 R5-genie=0.00
18/1344 done    D2_C2_S2_Nr8_T16_Tp4_dft_snr15_skip120_n40.npz  (657 s)  BLER16: R2-ours-G=0.00 R3-bigamp=0.03 R4-scvamp=0.00 M-ours-gmm32=0.00 R5-genie=0.00
19/1344 done    D2_C2_S2_Nr8_T16_Tp4_dft_snr12_skip240_n40.npz  (658 s)  BLER16: R2-ours-G=0.00 R3-bigamp=0.07 R4-scvamp=0.05 M-ours-gmm32=0.00 R5-genie=0.00
20/1344 done    D2_C2_S2_Nr8_T16_Tp4_dft_snr0_skip240_n40.npz  (659 s)  BLER16: R2-ours-G=0.07 R3-bigamp=0.17 R4-scvamp=0.53 M-ours-gmm32=0.05 R5-genie=0.03
21/1344 done    D2_C2_S2_Nr8_T16_Tp4_dft_snr3_skip240_n40.npz  (660 s)  BLER16: R2-ours-G=0.05 R3-bigamp=0.12 R4-scvamp=0.15 M-ours-gmm32=0.03 R5-genie=0.00
22/1344 done    D2_C2_S2_Nr8_T16_Tp4_dft_snr12_skip120_n40.npz  (660 s)  BLER16: R2-ours-G=0.00 R3-bigamp=0.03 R4-scvamp=0.07 M-ours-gmm32=0.00 R5-genie=0.00
23/1344 done    D2_C2_S2_Nr8_T16_Tp4_dft_snr0_skip320_n40.npz  (661 s)  BLER16: R2-ours-G=0.15 R3-bigamp=0.30 R4-scvamp=0.35 M-ours-gmm32=0.12 R5-genie=0.00
24/1344 done    D2_C2_S2_Nr8_T16_Tp4_dft_snr0_skip200_n40.npz  (661 s)  BLER16: R2-ours-G=0.10 R3-bigamp=0.23 R4-scvamp=0.25 M-ours-gmm32=0.10 R5-genie=0.00
25/1344 done    D2_C2_S2_Nr8_T16_Tp4_dft_snr3_skip80_n40.npz  (663 s)  BLER16: R2-ours-G=0.05 R3-bigamp=0.10 R4-scvamp=0.17 M-ours-gmm32=0.07 R5-genie=0.00
26/1344 done    D2_C2_S2_Nr8_T16_Tp4_dft_snr9_skip160_n40.npz  (664 s)  BLER16: R2-ours-G=0.03 R3-bigamp=0.03 R4-scvamp=0.05 M-ours-gmm32=0.00 R5-genie=0.00
27/1344 done    D2_C2_S2_Nr8_T16_Tp4_dft_snr12_skip0_n40.npz  (665 s)  BLER16: R2-ours-G=0.00 R3-bigamp=0.07 R4-scvamp=0.05 M-ours-gmm32=0.03 R5-genie=0.00
28/1344 done    D2_C2_S2_Nr8_T16_Tp4_dft_snr12_skip280_n40.npz  (665 s)  BLER16: R2-ours-G=0.00 R3-bigamp=0.03 R4-scvamp=0.07 M-ours-gmm32=0.00 R5-genie=0.00
29/1344 done    D2_C2_S2_Nr8_T16_Tp4_dft_snr15_skip320_n40.npz  (665 s)  BLER16: R2-ours-G=0.03 R3-bigamp=0.05 R4-scvamp=0.07 M-ours-gmm32=0.00 R5-genie=0.00
30/1344 done    D2_C2_S2_Nr8_T16_Tp4_dft_snr9_skip80_n40.npz  (666 s)  BLER16: R2-ours-G=0.00 R3-bigamp=0.03 R4-scvamp=0.03 M-ours-gmm32=0.00 R5-genie=0.00
31/1344 done    D2_C2_S2_Nr8_T16_Tp4_dft_snr6_skip40_n40.npz  (672 s)  BLER16: R2-ours-G=0.03 R3-bigamp=0.05 R4-scvamp=0.10 M-ours-gmm32=0.03 R5-genie=0.00
32/1344 done    D2_C2_S2_Nr8_T16_Tp4_dft_snr6_skip120_n40.npz  (672 s)  BLER16: R2-ours-G=0.03 R3-bigamp=0.00 R4-scvamp=0.03 M-ours-gmm32=0.00 R5-genie=0.00
33/1344 done    D2_C2_S2_Nr8_T16_Tp4_dft_snr15_skip200_n40.npz  (676 s)  BLER16: R2-ours-G=0.03 R3-bigamp=0.07 R4-scvamp=0.05 M-ours-gmm32=0.03 R5-genie=0.00
34/1344 done    D2_C2_S2_Nr8_T16_Tp4_dft_snr9_skip240_n40.npz  (676 s)  BLER16: R2-ours-G=0.00 R3-bigamp=0.00 R4-scvamp=0.07 M-ours-gmm32=0.00 R5-genie=0.00
35/1344 done    D2_C2_S2_Nr8_T16_Tp4_dft_snr15_skip160_n40.npz  (682 s)  BLER16: R2-ours-G=0.00 R3-bigamp=0.05 R4-scvamp=0.05 M-ours-gmm32=0.00 R5-genie=0.00
36/1344 done    D2_C2_S2_Nr8_T16_Tp4_dft_snr12_skip160_n40.npz  (687 s)  BLER16: R2-ours-G=0.05 R3-bigamp=0.15 R4-scvamp=0.12 M-ours-gmm32=0.00 R5-genie=0.00
37/1344 done    D2_C2_S2_Nr8_T16_Tp4_dft_snr6_skip200_n40.npz  (689 s)  BLER16: R2-ours-G=0.03 R3-bigamp=0.03 R4-scvamp=0.05 M-ours-gmm32=0.03 R5-genie=0.00
38/1344 done    D2_C2_S2_Nr8_T16_Tp4_dft_snr3_skip0_n40.npz  (689 s)  BLER16: R2-ours-G=0.03 R3-bigamp=0.15 R4-scvamp=0.30 M-ours-gmm32=0.03 R5-genie=0.00
39/1344 done    D2_C2_S2_Nr8_T16_Tp4_dft_snr3_skip360_n40.npz  (691 s)  BLER16: R2-ours-G=0.07 R3-bigamp=0.12 R4-scvamp=0.17 M-ours-gmm32=0.05 R5-genie=0.00
40/1344 done    D2_C2_S2_Nr8_T16_Tp4_dft_snr6_skip160_n40.npz  (697 s)  BLER16: R2-ours-G=0.00 R3-bigamp=0.03 R4-scvamp=0.10 M-ours-gmm32=0.00 R5-genie=0.00
41/1344 done    D2_C2_S2_Nr8_T16_Tp4_dft_snr-3_skip320_n40.npz  (709 s)  BLER16: R2-ours-G=0.17 R3-bigamp=0.53 R4-scvamp=0.55 M-ours-gmm32=0.12 R5-genie=0.00
42/1344 done    D2_C2_S2_Nr8_T16_Tp4_dft_snr-3_skip40_n40.npz  (709 s)  BLER16: R2-ours-G=0.28 R3-bigamp=0.42 R4-scvamp=0.50 M-ours-gmm32=0.30 R5-genie=0.03
43/1344 done    D2_C2_S2_Nr8_T16_Tp4_dft_snr-3_skip360_n40.npz  (713 s)  BLER16: R2-ours-G=0.15 R3-bigamp=0.55 R4-scvamp=0.55 M-ours-gmm32=0.17 R5-genie=0.00
44/1344 done    D2_C2_S2_Nr8_T16_Tp4_dft_snr0_skip360_n40.npz  (714 s)  BLER16: R2-ours-G=0.03 R3-bigamp=0.15 R4-scvamp=0.23 M-ours-gmm32=0.03 R5-genie=0.00
45/1344 done    D2_C5_S2_Nr8_T16_Tp3_dft_snr12_skip240_n40.npz  (714 s)  BLER16: R2-ours-G=0.10 R3-bigamp=0.25 R4-scvamp=0.50 M-ours-gmm32=0.17 R5-genie=0.00
46/1344 done    D2_C5_S2_Nr8_T16_Tp3_dft_snr15_skip320_n40.npz  (715 s)  BLER16: R2-ours-G=0.10 R3-bigamp=0.33 R4-scvamp=0.57 M-ours-gmm32=0.20 R5-genie=0.00
47/1344 done    D2_C2_S2_Nr8_T16_Tp4_dft_snr0_skip40_n40.npz  (721 s)  BLER16: R2-ours-G=0.07 R3-bigamp=0.25 R4-scvamp=0.20 M-ours-gmm32=0.10 R5-genie=0.00
48/1344 done    D2_C2_S2_Nr8_T16_Tp4_dft_snr15_skip40_n40.npz  (721 s)  BLER16: R2-ours-G=0.00 R3-bigamp=0.12 R4-scvamp=0.05 M-ours-gmm32=0.00 R5-genie=0.00
49/1344 done    D2_C2_S2_Nr8_T16_Tp4_dft_snr12_skip80_n40.npz  (722 s)  BLER16: R2-ours-G=0.03 R3-bigamp=0.00 R4-scvamp=0.05 M-ours-gmm32=0.03 R5-genie=0.00
50/1344 done    D2_C1_S2_Nr8_T16_Tp2_dft_snr-3_skip320_n40.npz  (722 s)  BLER16: R2-ours-G=0.68 R3-bigamp=0.93 R4-scvamp=0.97 M-ours-gmm32=0.70 R5-genie=0.03  [22 arm-trial exceptions recorded]
51/1344 done    D2_C2_S2_Nr8_T16_Tp4_dft_snr-3_skip0_n40.npz  (724 s)  BLER16: R2-ours-G=0.40 R3-bigamp=0.75 R4-scvamp=0.70 M-ours-gmm32=0.30 R5-genie=0.07
52/1344 done    D2_C2_S2_Nr8_T16_Tp4_dft_snr0_skip80_n40.npz  (724 s)  BLER16: R2-ours-G=0.17 R3-bigamp=0.25 R4-scvamp=0.33 M-ours-gmm32=0.10 R5-genie=0.00
53/1344 done    D2_C1_S2_Nr8_T16_Tp2_dft_snr-3_skip280_n40.npz  (724 s)  BLER16: R2-ours-G=0.70 R3-bigamp=0.95 R4-scvamp=0.95 M-ours-gmm32=0.80 R5-genie=0.03  [25 arm-trial exceptions recorded]
54/1344 done    D2_C2_S2_Nr8_T16_Tp4_dft_snr9_skip120_n40.npz  (726 s)  BLER16: R2-ours-G=0.03 R3-bigamp=0.12 R4-scvamp=0.17 M-ours-gmm32=0.00 R5-genie=0.00
55/1344 done    D2_C2_S2_Nr8_T16_Tp4_dft_snr6_skip280_n40.npz  (727 s)  BLER16: R2-ours-G=0.05 R3-bigamp=0.03 R4-scvamp=0.10 M-ours-gmm32=0.00 R5-genie=0.00
56/1344 done    D2_C1_S2_Nr8_T16_Tp2_dft_snr15_skip40_n40.npz  (730 s)  BLER16: R2-ours-G=0.33 R3-bigamp=0.80 R4-scvamp=0.95 M-ours-gmm32=0.30 R5-genie=0.00
57/1344 done    D2_C2_S2_Nr8_T16_Tp4_dft_snr-3_skip240_n40.npz  (731 s)  BLER16: R2-ours-G=0.20 R3-bigamp=0.40 R4-scvamp=0.62 M-ours-gmm32=0.20 R5-genie=0.00
58/1344 done    D2_C5_S2_Nr8_T16_Tp3_dft_snr9_skip200_n40.npz  (737 s)  BLER16: R2-ours-G=0.12 R3-bigamp=0.33 R4-scvamp=0.55 M-ours-gmm32=0.15 R5-genie=0.00
59/1344 done    D2_C2_S2_Nr8_T16_Tp4_dft_snr-3_skip200_n40.npz  (738 s)  BLER16: R2-ours-G=0.50 R3-bigamp=0.65 R4-scvamp=0.75 M-ours-gmm32=0.40 R5-genie=0.07
60/1344 done    D2_C5_S2_Nr8_T16_Tp3_dft_snr3_skip280_n40.npz  (739 s)  BLER16: R2-ours-G=0.12 R3-bigamp=0.33 R4-scvamp=0.50 M-ours-gmm32=0.12 R5-genie=0.03
61/1344 done    D2_C2_S2_Nr8_T16_Tp4_dft_snr0_skip120_n40.npz  (741 s)  BLER16: R2-ours-G=0.15 R3-bigamp=0.35 R4-scvamp=0.35 M-ours-gmm32=0.17 R5-genie=0.00
62/1344 done    D2_C5_S2_Nr8_T16_Tp3_dft_snr3_skip160_n40.npz  (742 s)  BLER16: R2-ours-G=0.25 R3-bigamp=0.47 R4-scvamp=0.57 M-ours-gmm32=0.12 R5-genie=0.00
63/1344 done    D2_C2_S2_Nr8_T16_Tp4_dft_snr-3_skip120_n40.npz  (743 s)  BLER16: R2-ours-G=0.40 R3-bigamp=0.47 R4-scvamp=0.65 M-ours-gmm32=0.28 R5-genie=0.00
64/1344 done    D2_C5_S2_Nr8_T16_Tp3_dft_snr0_skip80_n40.npz  (744 s)  BLER16: R2-ours-G=0.35 R3-bigamp=0.55 R4-scvamp=0.60 M-ours-gmm32=0.30 R5-genie=0.00
65/1344 done    D2_C2_S2_Nr8_T16_Tp4_dft_snr6_skip320_n40.npz  (744 s)  BLER16: R2-ours-G=0.00 R3-bigamp=0.05 R4-scvamp=0.12 M-ours-gmm32=0.00 R5-genie=0.00
66/1344 done    D2_C5_S2_Nr8_T16_Tp3_dft_snr12_skip160_n40.npz  (749 s)  BLER16: R2-ours-G=0.12 R3-bigamp=0.25 R4-scvamp=0.47 M-ours-gmm32=0.17 R5-genie=0.00
67/1344 done    D2_C5_S2_Nr8_T16_Tp3_dft_snr-3_skip200_n40.npz  (750 s)  BLER16: R2-ours-G=0.62 R3-bigamp=0.88 R4-scvamp=0.97 M-ours-gmm32=0.72 R5-genie=0.07
68/1344 done    D2_C1_S2_Nr8_T16_Tp2_dft_snr-3_skip120_n40.npz  (750 s)  BLER16: R2-ours-G=0.82 R3-bigamp=0.97 R4-scvamp=0.97 M-ours-gmm32=0.85 R5-genie=0.03  [25 arm-trial exceptions recorded]
69/1344 done    D2_C1_S2_Nr8_T16_Tp2_dft_snr6_skip160_n40.npz  (752 s)  BLER16: R2-ours-G=0.35 R3-bigamp=0.82 R4-scvamp=0.85 M-ours-gmm32=0.30 R5-genie=0.03
70/1344 done    D2_C5_S2_Nr8_T16_Tp3_dft_snr0_skip240_n40.npz  (754 s)  BLER16: R2-ours-G=0.40 R3-bigamp=0.50 R4-scvamp=0.68 M-ours-gmm32=0.25 R5-genie=0.03
71/1344 done    D2_C2_S2_Nr8_T16_Tp4_dft_snr3_skip320_n40.npz  (755 s)  BLER16: R2-ours-G=0.03 R3-bigamp=0.10 R4-scvamp=0.12 M-ours-gmm32=0.00 R5-genie=0.00
72/1344 done    D2_C2_S2_Nr8_T16_Tp4_dft_snr-3_skip80_n40.npz  (754 s)  BLER16: R2-ours-G=0.38 R3-bigamp=0.68 R4-scvamp=0.65 M-ours-gmm32=0.38 R5-genie=0.07
73/1344 done    D2_C5_S2_Nr8_T16_Tp3_dft_snr6_skip80_n40.npz  (754 s)  BLER16: R2-ours-G=0.28 R3-bigamp=0.35 R4-scvamp=0.57 M-ours-gmm32=0.20 R5-genie=0.03
74/1344 done    D2_C2_S2_Nr8_T16_Tp4_dft_snr9_skip200_n40.npz  (755 s)  BLER16: R2-ours-G=0.00 R3-bigamp=0.07 R4-scvamp=0.17 M-ours-gmm32=0.00 R5-genie=0.00
75/1344 done    D2_C1_S2_Nr8_T16_Tp2_dft_snr0_skip280_n40.npz  (756 s)  BLER16: R2-ours-G=0.45 R3-bigamp=0.78 R4-scvamp=0.82 M-ours-gmm32=0.47 R5-genie=0.05
76/1344 done    D2_C1_S2_Nr8_T16_Tp2_dft_snr0_skip240_n40.npz  (755 s)  BLER16: R2-ours-G=0.57 R3-bigamp=0.85 R4-scvamp=0.85 M-ours-gmm32=0.60 R5-genie=0.00
77/1344 done    D2_C2_S2_Nr8_T16_Tp4_dft_snr-3_skip160_n40.npz  (756 s)  BLER16: R2-ours-G=0.38 R3-bigamp=0.57 R4-scvamp=0.60 M-ours-gmm32=0.28 R5-genie=0.00
78/1344 done    D2_C2_S2_Nr8_T16_Tp4_dft_snr6_skip80_n40.npz  (756 s)  BLER16: R2-ours-G=0.05 R3-bigamp=0.05 R4-scvamp=0.10 M-ours-gmm32=0.05 R5-genie=0.00
79/1344 done    D2_C5_S2_Nr8_T16_Tp3_dft_snr9_skip120_n40.npz  (757 s)  BLER16: R2-ours-G=0.10 R3-bigamp=0.35 R4-scvamp=0.57 M-ours-gmm32=0.17 R5-genie=0.00
80/1344 done    D2_C1_S2_Nr8_T16_Tp2_dft_snr0_skip320_n40.npz  (758 s)  BLER16: R2-ours-G=0.55 R3-bigamp=0.88 R4-scvamp=0.85 M-ours-gmm32=0.57 R5-genie=0.00
81/1344 done    D2_C5_S2_Nr8_T16_Tp3_dft_snr-3_skip40_n40.npz  (758 s)  BLER16: R2-ours-G=0.60 R3-bigamp=0.93 R4-scvamp=0.95 M-ours-gmm32=0.62 R5-genie=0.03
82/1344 done    D2_C5_S2_Nr8_T16_Tp3_dft_snr-3_skip160_n40.npz  (758 s)  BLER16: R2-ours-G=0.68 R3-bigamp=0.82 R4-scvamp=0.80 M-ours-gmm32=0.65 R5-genie=0.05
83/1344 done    D2_C5_S2_Nr8_T16_Tp3_dft_snr9_skip320_n40.npz  (760 s)  BLER16: R2-ours-G=0.12 R3-bigamp=0.42 R4-scvamp=0.47 M-ours-gmm32=0.07 R5-genie=0.00
84/1344 done    D2_C5_S2_Nr8_T16_Tp3_dft_snr12_skip80_n40.npz  (761 s)  BLER16: R2-ours-G=0.03 R3-bigamp=0.30 R4-scvamp=0.47 M-ours-gmm32=0.10 R5-genie=0.00
85/1344 done    D2_C1_S2_Nr8_T16_Tp2_dft_snr3_skip200_n40.npz  (761 s)  BLER16: R2-ours-G=0.55 R3-bigamp=0.88 R4-scvamp=0.88 M-ours-gmm32=0.53 R5-genie=0.00
86/1344 done    D2_C1_S2_Nr8_T16_Tp2_dft_snr12_skip200_n40.npz  (764 s)  BLER16: R2-ours-G=0.38 R3-bigamp=0.78 R4-scvamp=0.85 M-ours-gmm32=0.40 R5-genie=0.00
87/1344 done    D2_C5_S2_Nr8_T16_Tp3_dft_snr15_skip280_n40.npz  (764 s)  BLER16: R2-ours-G=0.10 R3-bigamp=0.35 R4-scvamp=0.50 M-ours-gmm32=0.12 R5-genie=0.00
88/1344 done    D2_C1_S2_Nr8_T16_Tp2_dft_snr0_skip40_n40.npz  (765 s)  BLER16: R2-ours-G=0.55 R3-bigamp=0.72 R4-scvamp=0.72 M-ours-gmm32=0.50 R5-genie=0.00
89/1344 done    D2_C5_S2_Nr8_T16_Tp3_dft_snr12_skip120_n40.npz  (766 s)  BLER16: R2-ours-G=0.20 R3-bigamp=0.42 R4-scvamp=0.45 M-ours-gmm32=0.20 R5-genie=0.00
90/1344 done    D2_C1_S2_Nr8_T16_Tp2_dft_snr9_skip280_n40.npz  (766 s)  BLER16: R2-ours-G=0.45 R3-bigamp=0.75 R4-scvamp=0.93 M-ours-gmm32=0.53 R5-genie=0.00
91/1344 done    D2_C5_S2_Nr8_T16_Tp3_dft_snr6_skip120_n40.npz  (768 s)  BLER16: R2-ours-G=0.33 R3-bigamp=0.40 R4-scvamp=0.57 M-ours-gmm32=0.20 R5-genie=0.00
92/1344 done    D2_C1_S2_Nr8_T16_Tp2_dft_snr-3_skip80_n40.npz  (768 s)  BLER16: R2-ours-G=0.72 R3-bigamp=0.93 R4-scvamp=0.82 M-ours-gmm32=0.75 R5-genie=0.12  [28 arm-trial exceptions recorded]
93/1344 done    D2_C5_S2_Nr8_T16_Tp3_dft_snr-3_skip0_n40.npz  (770 s)  BLER16: R2-ours-G=0.57 R3-bigamp=0.80 R4-scvamp=0.88 M-ours-gmm32=0.42 R5-genie=0.00
94/1344 done    D2_C5_S2_Nr8_T16_Tp3_dft_snr6_skip280_n40.npz  (770 s)  BLER16: R2-ours-G=0.15 R3-bigamp=0.33 R4-scvamp=0.42 M-ours-gmm32=0.20 R5-genie=0.00
95/1344 done    D2_C5_S2_Nr8_T16_Tp3_dft_snr0_skip40_n40.npz  (771 s)  BLER16: R2-ours-G=0.38 R3-bigamp=0.62 R4-scvamp=0.68 M-ours-gmm32=0.35 R5-genie=0.05
96/1344 done    D2_C1_S2_Nr8_T16_Tp2_dft_snr6_skip40_n40.npz  (771 s)  BLER16: R2-ours-G=0.35 R3-bigamp=0.68 R4-scvamp=0.80 M-ours-gmm32=0.40 R5-genie=0.00
97/1344 done    D2_C1_S2_Nr8_T16_Tp2_dft_snr15_skip280_n40.npz  (772 s)  BLER16: R2-ours-G=0.57 R3-bigamp=0.90 R4-scvamp=0.90 M-ours-gmm32=0.53 R5-genie=0.00
98/1344 done    D2_C5_S2_Nr8_T16_Tp3_dft_snr6_skip40_n40.npz  (772 s)  BLER16: R2-ours-G=0.20 R3-bigamp=0.25 R4-scvamp=0.60 M-ours-gmm32=0.17 R5-genie=0.00
99/1344 done    D2_C1_S2_Nr8_T16_Tp2_dft_snr6_skip0_n40.npz  (773 s)  BLER16: R2-ours-G=0.33 R3-bigamp=0.72 R4-scvamp=0.78 M-ours-gmm32=0.35 R5-genie=0.00
100/1344 done    D2_C2_S2_Nr8_T16_Tp4_dft_snr6_skip240_n40.npz  (774 s)  BLER16: R2-ours-G=0.03 R3-bigamp=0.10 R4-scvamp=0.07 M-ours-gmm32=0.00 R5-genie=0.00
101/1344 done    D2_C2_S2_Nr8_T16_Tp4_dft_snr15_skip80_n40.npz  (774 s)  BLER16: R2-ours-G=0.00 R3-bigamp=0.07 R4-scvamp=0.03 M-ours-gmm32=0.00 R5-genie=0.00
102/1344 done    D2_C5_S2_Nr8_T16_Tp3_dft_snr6_skip320_n40.npz  (774 s)  BLER16: R2-ours-G=0.20 R3-bigamp=0.33 R4-scvamp=0.62 M-ours-gmm32=0.20 R5-genie=0.00
103/1344 done    D2_C1_S2_Nr8_T16_Tp2_dft_snr-3_skip40_n40.npz  (776 s)  BLER16: R2-ours-G=0.95 R3-bigamp=0.93 R4-scvamp=0.95 M-ours-gmm32=0.93 R5-genie=0.10  [21 arm-trial exceptions recorded]
104/1344 done    D2_C1_S2_Nr8_T16_Tp2_dft_snr-3_skip240_n40.npz  (777 s)  BLER16: R2-ours-G=0.75 R3-bigamp=0.93 R4-scvamp=0.88 M-ours-gmm32=0.80 R5-genie=0.05  [18 arm-trial exceptions recorded]
105/1344 done    D2_C1_S2_Nr8_T16_Tp2_dft_snr0_skip0_n40.npz  (778 s)  BLER16: R2-ours-G=0.65 R3-bigamp=0.80 R4-scvamp=0.90 M-ours-gmm32=0.70 R5-genie=0.00
106/1344 done    D2_C1_S2_Nr8_T16_Tp2_dft_snr-3_skip160_n40.npz  (778 s)  BLER16: R2-ours-G=0.85 R3-bigamp=0.97 R4-scvamp=0.95 M-ours-gmm32=0.78 R5-genie=0.03  [22 arm-trial exceptions recorded]
107/1344 done    D2_C1_S2_Nr8_T16_Tp2_dft_snr9_skip80_n40.npz  (778 s)  BLER16: R2-ours-G=0.30 R3-bigamp=0.72 R4-scvamp=0.78 M-ours-gmm32=0.42 R5-genie=0.00
108/1344 done    D2_C5_S2_Nr8_T16_Tp3_dft_snr12_skip200_n40.npz  (782 s)  BLER16: R2-ours-G=0.15 R3-bigamp=0.42 R4-scvamp=0.47 M-ours-gmm32=0.17 R5-genie=0.00
109/1344 done    D2_C2_S2_Nr8_T16_Tp4_dft_snr-3_skip280_n40.npz  (782 s)  BLER16: R2-ours-G=0.42 R3-bigamp=0.62 R4-scvamp=0.62 M-ours-gmm32=0.35 R5-genie=0.00
110/1344 done    D2_C5_S2_Nr8_T16_Tp3_dft_snr9_skip40_n40.npz  (783 s)  BLER16: R2-ours-G=0.15 R3-bigamp=0.38 R4-scvamp=0.55 M-ours-gmm32=0.12 R5-genie=0.00
111/1344 done    D2_C1_S2_Nr8_T16_Tp2_dft_snr6_skip200_n40.npz  (783 s)  BLER16: R2-ours-G=0.45 R3-bigamp=0.68 R4-scvamp=0.85 M-ours-gmm32=0.40 R5-genie=0.00
112/1344 done    D2_C1_S2_Nr8_T16_Tp2_dft_snr15_skip200_n40.npz  (784 s)  BLER16: R2-ours-G=0.42 R3-bigamp=0.80 R4-scvamp=0.90 M-ours-gmm32=0.45 R5-genie=0.00
113/1344 done    D2_C1_S2_Nr8_T16_Tp2_dft_snr15_skip80_n40.npz  (784 s)  BLER16: R2-ours-G=0.47 R3-bigamp=0.80 R4-scvamp=0.93 M-ours-gmm32=0.42 R5-genie=0.00
114/1344 done    D2_C5_S2_Nr8_T16_Tp3_dft_snr15_skip240_n40.npz  (785 s)  BLER16: R2-ours-G=0.12 R3-bigamp=0.35 R4-scvamp=0.53 M-ours-gmm32=0.10 R5-genie=0.00
115/1344 done    D2_C5_S2_Nr8_T16_Tp3_dft_snr0_skip280_n40.npz  (785 s)  BLER16: R2-ours-G=0.33 R3-bigamp=0.62 R4-scvamp=0.70 M-ours-gmm32=0.42 R5-genie=0.03
116/1344 done    D2_C1_S2_Nr8_T16_Tp2_dft_snr9_skip120_n40.npz  (789 s)  BLER16: R2-ours-G=0.30 R3-bigamp=0.80 R4-scvamp=0.80 M-ours-gmm32=0.47 R5-genie=0.00
117/1344 done    D2_C1_S2_Nr8_T16_Tp2_dft_snr12_skip320_n40.npz  (789 s)  BLER16: R2-ours-G=0.33 R3-bigamp=0.75 R4-scvamp=0.85 M-ours-gmm32=0.45 R5-genie=0.00
118/1344 done    D2_C5_S2_Nr8_T16_Tp3_dft_snr-3_skip240_n40.npz  (790 s)  BLER16: R2-ours-G=0.53 R3-bigamp=0.95 R4-scvamp=0.90 M-ours-gmm32=0.60 R5-genie=0.00
119/1344 done    D2_C1_S2_Nr8_T16_Tp2_dft_snr15_skip160_n40.npz  (791 s)  BLER16: R2-ours-G=0.30 R3-bigamp=0.70 R4-scvamp=0.95 M-ours-gmm32=0.45 R5-genie=0.00
120/1344 done    D2_C1_S2_Nr8_T16_Tp2_dft_snr3_skip0_n40.npz  (792 s)  BLER16: R2-ours-G=0.38 R3-bigamp=0.70 R4-scvamp=0.78 M-ours-gmm32=0.30 R5-genie=0.00
121/1344 done    D2_C1_S2_Nr8_T16_Tp2_dft_snr9_skip240_n40.npz  (793 s)  BLER16: R2-ours-G=0.28 R3-bigamp=0.68 R4-scvamp=0.75 M-ours-gmm32=0.42 R5-genie=0.00
122/1344 done    D2_C5_S2_Nr8_T16_Tp3_dft_snr3_skip320_n40.npz  (794 s)  BLER16: R2-ours-G=0.28 R3-bigamp=0.38 R4-scvamp=0.65 M-ours-gmm32=0.33 R5-genie=0.00
123/1344 done    D2_C1_S2_Nr8_T16_Tp2_dft_snr-3_skip200_n40.npz  (794 s)  BLER16: R2-ours-G=0.78 R3-bigamp=0.97 R4-scvamp=0.95 M-ours-gmm32=0.88 R5-genie=0.03  [18 arm-trial exceptions recorded]
124/1344 done    D2_C5_S2_Nr8_T16_Tp3_dft_snr9_skip240_n40.npz  (794 s)  BLER16: R2-ours-G=0.12 R3-bigamp=0.35 R4-scvamp=0.53 M-ours-gmm32=0.20 R5-genie=0.00
125/1344 done    D2_C1_S2_Nr8_T16_Tp2_dft_snr6_skip120_n40.npz  (795 s)  BLER16: R2-ours-G=0.30 R3-bigamp=0.57 R4-scvamp=0.78 M-ours-gmm32=0.33 R5-genie=0.00
126/1344 done    D2_C1_S2_Nr8_T16_Tp2_dft_snr6_skip280_n40.npz  (796 s)  BLER16: R2-ours-G=0.55 R3-bigamp=0.80 R4-scvamp=0.90 M-ours-gmm32=0.38 R5-genie=0.00
127/1344 done    D2_C5_S2_Nr8_T16_Tp3_dft_snr15_skip40_n40.npz  (796 s)  BLER16: R2-ours-G=0.23 R3-bigamp=0.38 R4-scvamp=0.60 M-ours-gmm32=0.23 R5-genie=0.00
128/1344 done    D2_C5_S2_Nr8_T16_Tp3_dft_snr-3_skip120_n40.npz  (796 s)  BLER16: R2-ours-G=0.57 R3-bigamp=0.85 R4-scvamp=0.85 M-ours-gmm32=0.55 R5-genie=0.03
129/1344 done    D2_C1_S2_Nr8_T16_Tp2_dft_snr9_skip0_n40.npz  (797 s)  BLER16: R2-ours-G=0.35 R3-bigamp=0.80 R4-scvamp=0.95 M-ours-gmm32=0.53 R5-genie=0.00
130/1344 done    D2_C1_S2_Nr8_T16_Tp2_dft_snr12_skip120_n40.npz  (796 s)  BLER16: R2-ours-G=0.45 R3-bigamp=0.88 R4-scvamp=0.80 M-ours-gmm32=0.40 R5-genie=0.00
131/1344 done    D2_C1_S2_Nr8_T16_Tp2_dft_snr12_skip160_n40.npz  (798 s)  BLER16: R2-ours-G=0.35 R3-bigamp=0.88 R4-scvamp=0.88 M-ours-gmm32=0.47 R5-genie=0.00
132/1344 done    D2_C1_S2_Nr8_T16_Tp2_dft_snr-3_skip0_n40.npz  (799 s)  BLER16: R2-ours-G=0.82 R3-bigamp=0.97 R4-scvamp=0.95 M-ours-gmm32=0.80 R5-genie=0.05  [25 arm-trial exceptions recorded]
133/1344 done    D2_C1_S2_Nr8_T16_Tp2_dft_snr0_skip160_n40.npz  (800 s)  BLER16: R2-ours-G=0.65 R3-bigamp=0.97 R4-scvamp=0.90 M-ours-gmm32=0.57 R5-genie=0.00
134/1344 done    D2_C5_S2_Nr8_T16_Tp3_dft_snr15_skip200_n40.npz  (801 s)  BLER16: R2-ours-G=0.05 R3-bigamp=0.33 R4-scvamp=0.57 M-ours-gmm32=0.25 R5-genie=0.00
135/1344 done    D2_C5_S2_Nr8_T16_Tp3_dft_snr6_skip200_n40.npz  (802 s)  BLER16: R2-ours-G=0.23 R3-bigamp=0.35 R4-scvamp=0.47 M-ours-gmm32=0.15 R5-genie=0.00
136/1344 done    D2_C5_S2_Nr8_T16_Tp3_dft_snr6_skip160_n40.npz  (803 s)  BLER16: R2-ours-G=0.25 R3-bigamp=0.42 R4-scvamp=0.47 M-ours-gmm32=0.17 R5-genie=0.00
137/1344 done    D2_C1_S2_Nr8_T16_Tp2_dft_snr3_skip320_n40.npz  (803 s)  BLER16: R2-ours-G=0.47 R3-bigamp=0.95 R4-scvamp=0.82 M-ours-gmm32=0.53 R5-genie=0.00
138/1344 done    D2_C5_S2_Nr8_T16_Tp3_dft_snr3_skip0_n40.npz  (805 s)  BLER16: R2-ours-G=0.23 R3-bigamp=0.53 R4-scvamp=0.55 M-ours-gmm32=0.33 R5-genie=0.03
139/1344 done    D2_C5_S2_Nr8_T16_Tp3_dft_snr6_skip0_n40.npz  (811 s)  BLER16: R2-ours-G=0.17 R3-bigamp=0.40 R4-scvamp=0.62 M-ours-gmm32=0.20 R5-genie=0.05
140/1344 done    D2_C1_S2_Nr8_T16_Tp2_dft_snr6_skip80_n40.npz  (816 s)  BLER16: R2-ours-G=0.45 R3-bigamp=0.75 R4-scvamp=0.93 M-ours-gmm32=0.53 R5-genie=0.03
141/1344 done    D2_C5_S2_Nr8_T16_Tp3_dft_snr0_skip0_n40.npz  (817 s)  BLER16: R2-ours-G=0.50 R3-bigamp=0.70 R4-scvamp=0.80 M-ours-gmm32=0.30 R5-genie=0.00
142/1344 done    D2_C5_S2_Nr8_T16_Tp3_dft_snr-3_skip80_n40.npz  (817 s)  BLER16: R2-ours-G=0.72 R3-bigamp=0.82 R4-scvamp=0.88 M-ours-gmm32=0.65 R5-genie=0.03
143/1344 done    D2_C5_S2_Nr8_T16_Tp3_dft_snr0_skip120_n40.npz  (821 s)  BLER16: R2-ours-G=0.20 R3-bigamp=0.65 R4-scvamp=0.55 M-ours-gmm32=0.12 R5-genie=0.00
144/1344 done    D2_C1_S2_Nr8_T16_Tp2_dft_snr15_skip320_n40.npz  (824 s)  BLER16: R2-ours-G=0.53 R3-bigamp=0.85 R4-scvamp=0.88 M-ours-gmm32=0.50 R5-genie=0.00
145/1344 done    D2_C1_S2_Nr8_T16_Tp2_dft_snr3_skip40_n40.npz  (824 s)  BLER16: R2-ours-G=0.60 R3-bigamp=0.88 R4-scvamp=0.85 M-ours-gmm32=0.62 R5-genie=0.00
146/1344 done    D2_C1_S2_Nr8_T16_Tp2_dft_snr15_skip120_n40.npz  (826 s)  BLER16: R2-ours-G=0.42 R3-bigamp=0.85 R4-scvamp=0.90 M-ours-gmm32=0.62 R5-genie=0.00
147/1344 done    D2_C2_S2_Nr8_T16_Tp4_dft_snr0_skip160_n40.npz  (830 s)  BLER16: R2-ours-G=0.12 R3-bigamp=0.25 R4-scvamp=0.28 M-ours-gmm32=0.07 R5-genie=0.00
148/1344 done    D2_C1_S2_Nr8_T16_Tp2_dft_snr6_skip320_n40.npz  (830 s)  BLER16: R2-ours-G=0.25 R3-bigamp=0.57 R4-scvamp=0.72 M-ours-gmm32=0.35 R5-genie=0.00
149/1344 done    D2_C5_S2_Nr8_T16_Tp3_dft_snr9_skip80_n40.npz  (830 s)  BLER16: R2-ours-G=0.17 R3-bigamp=0.38 R4-scvamp=0.42 M-ours-gmm32=0.10 R5-genie=0.00
150/1344 done    D2_C5_S2_Nr8_T16_Tp3_dft_snr0_skip160_n40.npz  (832 s)  BLER16: R2-ours-G=0.30 R3-bigamp=0.53 R4-scvamp=0.65 M-ours-gmm32=0.25 R5-genie=0.03
151/1344 done    D2_C5_S2_Nr8_T16_Tp3_dft_snr-3_skip280_n40.npz  (833 s)  BLER16: R2-ours-G=0.57 R3-bigamp=0.80 R4-scvamp=0.90 M-ours-gmm32=0.55 R5-genie=0.00
152/1344 done    D2_C1_S2_Nr8_T16_Tp2_dft_snr3_skip120_n40.npz  (836 s)  BLER16: R2-ours-G=0.60 R3-bigamp=0.85 R4-scvamp=0.93 M-ours-gmm32=0.57 R5-genie=0.03
153/1344 done    D2_C5_S2_Nr8_T16_Tp3_dft_snr0_skip320_n40.npz  (839 s)  BLER16: R2-ours-G=0.35 R3-bigamp=0.60 R4-scvamp=0.60 M-ours-gmm32=0.28 R5-genie=0.03
154/1344 done    D2_C2_S2_Nr8_T16_Tp4_dft_snr9_skip280_n40.npz  (840 s)  BLER16: R2-ours-G=0.00 R3-bigamp=0.07 R4-scvamp=0.07 M-ours-gmm32=0.00 R5-genie=0.00
155/1344 done    D2_C5_S2_Nr8_T16_Tp3_dft_snr3_skip240_n40.npz  (840 s)  BLER16: R2-ours-G=0.10 R3-bigamp=0.47 R4-scvamp=0.50 M-ours-gmm32=0.20 R5-genie=0.00
156/1344 done    D2_C5_S2_Nr8_T16_Tp3_dft_snr12_skip0_n40.npz  (841 s)  BLER16: R2-ours-G=0.07 R3-bigamp=0.50 R4-scvamp=0.50 M-ours-gmm32=0.12 R5-genie=0.00
157/1344 done    D2_C1_S2_Nr8_T16_Tp2_dft_snr3_skip160_n40.npz  (842 s)  BLER16: R2-ours-G=0.50 R3-bigamp=0.70 R4-scvamp=0.82 M-ours-gmm32=0.53 R5-genie=0.03
158/1344 done    D2_C5_S2_Nr8_T16_Tp3_dft_snr9_skip160_n40.npz  (842 s)  BLER16: R2-ours-G=0.23 R3-bigamp=0.47 R4-scvamp=0.55 M-ours-gmm32=0.20 R5-genie=0.00
159/1344 done    D2_C1_S2_Nr8_T16_Tp2_dft_snr15_skip240_n40.npz  (844 s)  BLER16: R2-ours-G=0.38 R3-bigamp=0.82 R4-scvamp=0.90 M-ours-gmm32=0.50 R5-genie=0.00
160/1344 done    D2_C1_S2_Nr8_T16_Tp2_dft_snr15_skip0_n40.npz  (844 s)  BLER16: R2-ours-G=0.42 R3-bigamp=0.78 R4-scvamp=0.97 M-ours-gmm32=0.62 R5-genie=0.00
161/1344 done    D2_C1_S2_Nr8_T16_Tp2_dft_snr0_skip200_n40.npz  (844 s)  BLER16: R2-ours-G=0.60 R3-bigamp=0.85 R4-scvamp=0.82 M-ours-gmm32=0.53 R5-genie=0.00
162/1344 done    D2_C1_S2_Nr8_T16_Tp2_dft_snr6_skip240_n40.npz  (846 s)  BLER16: R2-ours-G=0.38 R3-bigamp=0.72 R4-scvamp=0.72 M-ours-gmm32=0.33 R5-genie=0.00
163/1344 done    D2_C5_S2_Nr8_T16_Tp3_dft_snr6_skip240_n40.npz  (849 s)  BLER16: R2-ours-G=0.23 R3-bigamp=0.45 R4-scvamp=0.62 M-ours-gmm32=0.28 R5-genie=0.00
164/1344 done    D2_C1_S2_Nr8_T16_Tp2_dft_snr9_skip320_n40.npz  (852 s)  BLER16: R2-ours-G=0.42 R3-bigamp=0.72 R4-scvamp=0.80 M-ours-gmm32=0.68 R5-genie=0.00
165/1344 done    D2_C5_S2_Nr8_T16_Tp3_dft_snr3_skip200_n40.npz  (857 s)  BLER16: R2-ours-G=0.15 R3-bigamp=0.40 R4-scvamp=0.55 M-ours-gmm32=0.15 R5-genie=0.00
166/1344 done    D2_C5_S2_Nr8_T16_Tp3_dft_snr3_skip80_n40.npz  (857 s)  BLER16: R2-ours-G=0.20 R3-bigamp=0.33 R4-scvamp=0.40 M-ours-gmm32=0.15 R5-genie=0.00
167/1344 done    D2_C1_S2_Nr8_T16_Tp2_dft_snr3_skip280_n40.npz  (860 s)  BLER16: R2-ours-G=0.47 R3-bigamp=0.82 R4-scvamp=0.78 M-ours-gmm32=0.50 R5-genie=0.00
168/1344 done    D2_C5_S2_Nr8_T16_Tp3_dft_snr3_skip120_n40.npz  (861 s)  BLER16: R2-ours-G=0.15 R3-bigamp=0.38 R4-scvamp=0.53 M-ours-gmm32=0.20 R5-genie=0.00
169/1344 done    D2_C5_S2_Nr8_T16_Tp3_dft_snr12_skip280_n40.npz  (862 s)  BLER16: R2-ours-G=0.17 R3-bigamp=0.42 R4-scvamp=0.68 M-ours-gmm32=0.15 R5-genie=0.00
170/1344 done    D2_C1_S2_Nr8_T16_Tp2_dft_snr9_skip200_n40.npz  (867 s)  BLER16: R2-ours-G=0.42 R3-bigamp=0.65 R4-scvamp=0.80 M-ours-gmm32=0.42 R5-genie=0.00
171/1344 done    D2_C5_S2_Nr8_T16_Tp3_dft_snr15_skip0_n40.npz  (869 s)  BLER16: R2-ours-G=0.05 R3-bigamp=0.23 R4-scvamp=0.55 M-ours-gmm32=0.07 R5-genie=0.00
172/1344 done    D2_C1_S2_Nr8_T16_Tp2_dft_snr12_skip240_n40.npz  (869 s)  BLER16: R2-ours-G=0.53 R3-bigamp=0.90 R4-scvamp=0.88 M-ours-gmm32=0.60 R5-genie=0.00
173/1344 done    D2_C5_S2_Nr8_T16_Tp3_dft_snr12_skip320_n40.npz  (869 s)  BLER16: R2-ours-G=0.10 R3-bigamp=0.35 R4-scvamp=0.72 M-ours-gmm32=0.17 R5-genie=0.00
174/1344 done    D2_C1_S2_Nr8_T16_Tp2_dft_snr12_skip0_n40.npz  (869 s)  BLER16: R2-ours-G=0.45 R3-bigamp=0.72 R4-scvamp=0.82 M-ours-gmm32=0.45 R5-genie=0.00
175/1344 done    D2_C5_S2_Nr8_T16_Tp3_dft_snr15_skip120_n40.npz  (871 s)  BLER16: R2-ours-G=0.07 R3-bigamp=0.33 R4-scvamp=0.57 M-ours-gmm32=0.10 R5-genie=0.00
176/1344 done    D2_C1_S2_Nr8_T16_Tp2_dft_snr3_skip80_n40.npz  (875 s)  BLER16: R2-ours-G=0.55 R3-bigamp=0.82 R4-scvamp=0.75 M-ours-gmm32=0.57 R5-genie=0.00
177/1344 done    D2_C1_S2_Nr8_T16_Tp2_dft_snr12_skip80_n40.npz  (878 s)  BLER16: R2-ours-G=0.47 R3-bigamp=0.75 R4-scvamp=0.95 M-ours-gmm32=0.47 R5-genie=0.00
178/1344 done    D2_C5_S2_Nr8_T16_Tp3_dft_snr15_skip80_n40.npz  (882 s)  BLER16: R2-ours-G=0.15 R3-bigamp=0.25 R4-scvamp=0.55 M-ours-gmm32=0.07 R5-genie=0.00
179/1344 done    D2_C1_S2_Nr8_T16_Tp2_dft_snr0_skip120_n40.npz  (882 s)  BLER16: R2-ours-G=0.62 R3-bigamp=0.95 R4-scvamp=0.88 M-ours-gmm32=0.68 R5-genie=0.00
180/1344 done    D2_C5_S2_Nr8_T16_Tp3_dft_snr12_skip40_n40.npz  (883 s)  BLER16: R2-ours-G=0.20 R3-bigamp=0.53 R4-scvamp=0.70 M-ours-gmm32=0.35 R5-genie=0.00
181/1344 done    D2_C5_S2_Nr8_T16_Tp3_dft_snr9_skip280_n40.npz  (885 s)  BLER16: R2-ours-G=0.12 R3-bigamp=0.30 R4-scvamp=0.47 M-ours-gmm32=0.23 R5-genie=0.00
182/1344 done    D2_C5_S2_Nr8_T16_Tp3_dft_snr3_skip40_n40.npz  (886 s)  BLER16: R2-ours-G=0.15 R3-bigamp=0.47 R4-scvamp=0.57 M-ours-gmm32=0.25 R5-genie=0.00
183/1344 done    D2_C5_S2_Nr8_T16_Tp3_dft_snr15_skip160_n40.npz  (887 s)  BLER16: R2-ours-G=0.07 R3-bigamp=0.38 R4-scvamp=0.55 M-ours-gmm32=0.10 R5-genie=0.00
184/1344 done    D2_C1_S2_Nr8_T16_Tp2_dft_snr9_skip160_n40.npz  (888 s)  BLER16: R2-ours-G=0.35 R3-bigamp=0.80 R4-scvamp=0.85 M-ours-gmm32=0.40 R5-genie=0.00
185/1344 done    D2_C5_S2_Nr8_T16_Tp3_dft_snr-3_skip320_n40.npz  (889 s)  BLER16: R2-ours-G=0.53 R3-bigamp=0.75 R4-scvamp=0.85 M-ours-gmm32=0.55 R5-genie=0.05
186/1344 done    D2_C1_S2_Nr8_T16_Tp2_dft_snr12_skip280_n40.npz  (891 s)  BLER16: R2-ours-G=0.40 R3-bigamp=0.75 R4-scvamp=0.88 M-ours-gmm32=0.30 R5-genie=0.00
187/1344 done    D2_C1_S2_Nr8_T16_Tp2_dft_snr0_skip80_n40.npz  (898 s)  BLER16: R2-ours-G=0.53 R3-bigamp=0.90 R4-scvamp=0.88 M-ours-gmm32=0.60 R5-genie=0.03
188/1344 done    D2_C1_S2_Nr8_T16_Tp2_dft_snr9_skip40_n40.npz  (899 s)  BLER16: R2-ours-G=0.50 R3-bigamp=0.85 R4-scvamp=0.85 M-ours-gmm32=0.55 R5-genie=0.00
189/1344 done    D2_C1_S2_Nr8_T16_Tp2_dft_snr12_skip40_n40.npz  (903 s)  BLER16: R2-ours-G=0.33 R3-bigamp=0.68 R4-scvamp=0.95 M-ours-gmm32=0.42 R5-genie=0.00
190/1344 done    D2_C5_S2_Nr8_T16_Tp3_dft_snr9_skip0_n40.npz  (918 s)  BLER16: R2-ours-G=0.10 R3-bigamp=0.30 R4-scvamp=0.47 M-ours-gmm32=0.10 R5-genie=0.00
191/1344 done    D2_C5_S2_Nr8_T16_Tp3_dft_snr0_skip200_n40.npz  (929 s)  BLER16: R2-ours-G=0.25 R3-bigamp=0.55 R4-scvamp=0.65 M-ours-gmm32=0.33 R5-genie=0.00
192/1344 done    D2_C1_S2_Nr8_T16_Tp2_dft_snr3_skip240_n40.npz  (991 s)  BLER16: R2-ours-G=0.47 R3-bigamp=0.72 R4-scvamp=0.78 M-ours-gmm32=0.57 R5-genie=0.03
193/1344 done    D2_C2_S2_Nr8_T16_Tp4_dft_snr9_skip360_n40.npz  (619 s)  BLER16: R2-ours-G=0.03 R3-bigamp=0.07 R4-scvamp=0.07 M-ours-gmm32=0.00 R5-genie=0.00
194/1344 done    D2_C2_S2_Nr8_T16_Tp4_dft_snr12_skip360_n40.npz  (617 s)  BLER16: R2-ours-G=0.00 R3-bigamp=0.10 R4-scvamp=0.03 M-ours-gmm32=0.00 R5-genie=0.00
195/1344 done    D2_C2_S2_Nr8_T16_Tp4_dft_snr6_skip360_n40.npz  (644 s)  BLER16: R2-ours-G=0.00 R3-bigamp=0.07 R4-scvamp=0.12 M-ours-gmm32=0.00 R5-genie=0.00
196/1344 done    D2_C2_S2_Nr8_T16_Tp4_dft_snr9_skip400_n40.npz  (604 s)  BLER16: R2-ours-G=0.00 R3-bigamp=0.07 R4-scvamp=0.03 M-ours-gmm32=0.00 R5-genie=0.00
197/1344 done    D2_C2_S2_Nr8_T16_Tp4_dft_snr3_skip400_n40.npz  (605 s)  BLER16: R2-ours-G=0.03 R3-bigamp=0.07 R4-scvamp=0.17 M-ours-gmm32=0.05 R5-genie=0.00
198/1344 done    D2_C2_S2_Nr8_T16_Tp4_dft_snr15_skip360_n40.npz  (645 s)  BLER16: R2-ours-G=0.00 R3-bigamp=0.03 R4-scvamp=0.03 M-ours-gmm32=0.00 R5-genie=0.00
199/1344 done    D2_C2_S2_Nr8_T16_Tp4_dft_snr0_skip400_n40.npz  (638 s)  BLER16: R2-ours-G=0.07 R3-bigamp=0.33 R4-scvamp=0.25 M-ours-gmm32=0.10 R5-genie=0.05
200/1344 done    D2_C2_S2_Nr8_T16_Tp4_dft_snr15_skip400_n40.npz  (653 s)  BLER16: R2-ours-G=0.00 R3-bigamp=0.07 R4-scvamp=0.03 M-ours-gmm32=0.00 R5-genie=0.00
201/1344 done    D2_C2_S2_Nr8_T16_Tp4_dft_snr12_skip400_n40.npz  (660 s)  BLER16: R2-ours-G=0.03 R3-bigamp=0.03 R4-scvamp=0.07 M-ours-gmm32=0.00 R5-genie=0.00
202/1344 done    D2_C2_S2_Nr8_T16_Tp4_dft_snr0_skip440_n40.npz  (616 s)  BLER16: R2-ours-G=0.07 R3-bigamp=0.12 R4-scvamp=0.50 M-ours-gmm32=0.05 R5-genie=0.00
203/1344 done    D2_C2_S2_Nr8_T16_Tp4_dft_snr12_skip440_n40.npz  (611 s)  BLER16: R2-ours-G=0.00 R3-bigamp=0.05 R4-scvamp=0.05 M-ours-gmm32=0.00 R5-genie=0.00
204/1344 done    D2_C2_S2_Nr8_T16_Tp4_dft_snr3_skip440_n40.npz  (618 s)  BLER16: R2-ours-G=0.10 R3-bigamp=0.15 R4-scvamp=0.17 M-ours-gmm32=0.07 R5-genie=0.03
205/1344 done    D2_C1_S2_Nr8_T16_Tp2_dft_snr-3_skip400_n40.npz  (664 s)  BLER16: R2-ours-G=0.75 R3-bigamp=0.90 R4-scvamp=0.95 M-ours-gmm32=0.75 R5-genie=0.05  [29 arm-trial exceptions recorded]
206/1344 done    D2_C1_S2_Nr8_T16_Tp2_dft_snr-3_skip360_n40.npz  (693 s)  BLER16: R2-ours-G=0.88 R3-bigamp=0.93 R4-scvamp=1.00 M-ours-gmm32=0.88 R5-genie=0.03  [23 arm-trial exceptions recorded]
207/1344 done    D2_C2_S2_Nr8_T16_Tp4_dft_snr6_skip400_n40.npz  (671 s)  BLER16: R2-ours-G=0.05 R3-bigamp=0.12 R4-scvamp=0.10 M-ours-gmm32=0.05 R5-genie=0.05
208/1344 done    D2_C2_S2_Nr8_T16_Tp4_dft_snr9_skip520_n40.npz  (576 s)  BLER16: R2-ours-G=0.00 R3-bigamp=0.10 R4-scvamp=0.07 M-ours-gmm32=0.00 R5-genie=0.00
209/1344 done    D2_C2_S2_Nr8_T16_Tp4_dft_snr15_skip440_n40.npz  (630 s)  BLER16: R2-ours-G=0.00 R3-bigamp=0.03 R4-scvamp=0.00 M-ours-gmm32=0.00 R5-genie=0.00
210/1344 done    D2_C2_S2_Nr8_T16_Tp4_dft_snr6_skip440_n40.npz  (637 s)  BLER16: R2-ours-G=0.03 R3-bigamp=0.03 R4-scvamp=0.12 M-ours-gmm32=0.03 R5-genie=0.00
211/1344 done    D2_C2_S2_Nr8_T16_Tp4_dft_snr15_skip520_n40.npz  (589 s)  BLER16: R2-ours-G=0.03 R3-bigamp=0.03 R4-scvamp=0.03 M-ours-gmm32=0.00 R5-genie=0.00
212/1344 done    D2_C1_S2_Nr8_T16_Tp2_dft_snr0_skip360_n40.npz  (720 s)  BLER16: R2-ours-G=0.62 R3-bigamp=0.95 R4-scvamp=0.88 M-ours-gmm32=0.68 R5-genie=0.00
213/1344 done    D2_C2_S2_Nr8_T16_Tp4_dft_snr3_skip480_n40.npz  (620 s)  BLER16: R2-ours-G=0.07 R3-bigamp=0.07 R4-scvamp=0.10 M-ours-gmm32=0.07 R5-genie=0.00
214/1344 done    D2_C5_S2_Nr8_T16_Tp3_dft_snr0_skip360_n40.npz  (714 s)  BLER16: R2-ours-G=0.42 R3-bigamp=0.55 R4-scvamp=0.72 M-ours-gmm32=0.25 R5-genie=0.03
215/1344 done    D2_C2_S2_Nr8_T16_Tp4_dft_snr12_skip560_n40.npz  (586 s)  BLER16: R2-ours-G=0.00 R3-bigamp=0.05 R4-scvamp=0.07 M-ours-gmm32=0.00 R5-genie=0.00
216/1344 done    D2_C2_S2_Nr8_T16_Tp4_dft_snr6_skip520_n40.npz  (606 s)  BLER16: R2-ours-G=0.05 R3-bigamp=0.05 R4-scvamp=0.12 M-ours-gmm32=0.03 R5-genie=0.00
217/1344 done    D2_C2_S2_Nr8_T16_Tp4_dft_snr9_skip560_n40.npz  (590 s)  BLER16: R2-ours-G=0.00 R3-bigamp=0.10 R4-scvamp=0.10 M-ours-gmm32=0.00 R5-genie=0.00
218/1344 done    D2_C2_S2_Nr8_T16_Tp4_dft_snr12_skip520_n40.npz  (613 s)  BLER16: R2-ours-G=0.03 R3-bigamp=0.03 R4-scvamp=0.05 M-ours-gmm32=0.00 R5-genie=0.00
219/1344 done    D2_C2_S2_Nr8_T16_Tp4_dft_snr15_skip480_n40.npz  (630 s)  BLER16: R2-ours-G=0.00 R3-bigamp=0.05 R4-scvamp=0.00 M-ours-gmm32=0.00 R5-genie=0.00
220/1344 done    D2_C2_S2_Nr8_T16_Tp4_dft_snr6_skip560_n40.npz  (602 s)  BLER16: R2-ours-G=0.03 R3-bigamp=0.07 R4-scvamp=0.10 M-ours-gmm32=0.05 R5-genie=0.00
221/1344 done    D2_C2_S2_Nr8_T16_Tp4_dft_snr0_skip480_n40.npz  (641 s)  BLER16: R2-ours-G=0.12 R3-bigamp=0.23 R4-scvamp=0.42 M-ours-gmm32=0.12 R5-genie=0.00
222/1344 done    D2_C1_S2_Nr8_T16_Tp2_dft_snr6_skip400_n40.npz  (718 s)  BLER16: R2-ours-G=0.33 R3-bigamp=0.65 R4-scvamp=0.82 M-ours-gmm32=0.47 R5-genie=0.00
223/1344 done    D2_C2_S2_Nr8_T16_Tp4_dft_snr15_skip600_n40.npz  (591 s)  BLER16: R2-ours-G=0.00 R3-bigamp=0.03 R4-scvamp=0.00 M-ours-gmm32=0.00 R5-genie=0.03
224/1344 done    D2_C1_S2_Nr8_T16_Tp2_dft_snr3_skip360_n40.npz  (746 s)  BLER16: R2-ours-G=0.47 R3-bigamp=0.80 R4-scvamp=0.80 M-ours-gmm32=0.38 R5-genie=0.00
225/1344 done    D2_C1_S2_Nr8_T16_Tp2_dft_snr15_skip400_n40.npz  (720 s)  BLER16: R2-ours-G=0.35 R3-bigamp=0.72 R4-scvamp=0.85 M-ours-gmm32=0.42 R5-genie=0.00
226/1344 done    D2_C2_S2_Nr8_T16_Tp4_dft_snr9_skip440_n40.npz  (683 s)  BLER16: R2-ours-G=0.00 R3-bigamp=0.00 R4-scvamp=0.00 M-ours-gmm32=0.00 R5-genie=0.00
227/1344 done    D2_C1_S2_Nr8_T16_Tp2_dft_snr0_skip400_n40.npz  (732 s)  BLER16: R2-ours-G=0.53 R3-bigamp=0.80 R4-scvamp=0.82 M-ours-gmm32=0.42 R5-genie=0.03
228/1344 done    D2_C2_S2_Nr8_T16_Tp4_dft_snr-3_skip400_n40.npz  (741 s)  BLER16: R2-ours-G=0.35 R3-bigamp=0.55 R4-scvamp=0.57 M-ours-gmm32=0.33 R5-genie=0.05
229/1344 done    D2_C2_S2_Nr8_T16_Tp4_dft_snr6_skip480_n40.npz  (655 s)  BLER16: R2-ours-G=0.03 R3-bigamp=0.00 R4-scvamp=0.05 M-ours-gmm32=0.03 R5-genie=0.00
230/1344 done    D2_C1_S2_Nr8_T16_Tp2_dft_snr9_skip400_n40.npz  (733 s)  BLER16: R2-ours-G=0.45 R3-bigamp=0.65 R4-scvamp=0.80 M-ours-gmm32=0.47 R5-genie=0.00
231/1344 done    D2_C2_S2_Nr8_T16_Tp4_dft_snr0_skip520_n40.npz  (639 s)  BLER16: R2-ours-G=0.03 R3-bigamp=0.12 R4-scvamp=0.25 M-ours-gmm32=0.05 R5-genie=0.00
232/1344 done    D2_C1_S2_Nr8_T16_Tp2_dft_snr12_skip400_n40.npz  (728 s)  BLER16: R2-ours-G=0.42 R3-bigamp=0.75 R4-scvamp=0.82 M-ours-gmm32=0.40 R5-genie=0.00
233/1344 done    D2_C1_S2_Nr8_T16_Tp2_dft_snr9_skip360_n40.npz  (755 s)  BLER16: R2-ours-G=0.38 R3-bigamp=0.68 R4-scvamp=0.85 M-ours-gmm32=0.50 R5-genie=0.00
234/1344 done    D2_C5_S2_Nr8_T16_Tp3_dft_snr15_skip360_n40.npz  (744 s)  BLER16: R2-ours-G=0.15 R3-bigamp=0.35 R4-scvamp=0.53 M-ours-gmm32=0.17 R5-genie=0.00
235/1344 done    D2_C5_S2_Nr8_T16_Tp3_dft_snr6_skip360_n40.npz  (749 s)  BLER16: R2-ours-G=0.17 R3-bigamp=0.53 R4-scvamp=0.47 M-ours-gmm32=0.17 R5-genie=0.00
236/1344 done    D2_C2_S2_Nr8_T16_Tp4_dft_snr-3_skip440_n40.npz  (708 s)  BLER16: R2-ours-G=0.35 R3-bigamp=0.55 R4-scvamp=0.53 M-ours-gmm32=0.30 R5-genie=0.07
237/1344 done    D2_C5_S2_Nr8_T16_Tp3_dft_snr-3_skip360_n40.npz  (759 s)  BLER16: R2-ours-G=0.70 R3-bigamp=0.90 R4-scvamp=0.97 M-ours-gmm32=0.62 R5-genie=0.03
238/1344 done    D2_C2_S2_Nr8_T16_Tp4_dft_snr3_skip560_n40.npz  (631 s)  BLER16: R2-ours-G=0.03 R3-bigamp=0.07 R4-scvamp=0.15 M-ours-gmm32=0.03 R5-genie=0.00
239/1344 done    D2_C1_S2_Nr8_T16_Tp2_dft_snr15_skip360_n40.npz  (764 s)  BLER16: R2-ours-G=0.57 R3-bigamp=0.90 R4-scvamp=0.95 M-ours-gmm32=0.35 R5-genie=0.00
240/1344 done    D2_C2_S2_Nr8_T16_Tp4_dft_snr0_skip600_n40.npz  (617 s)  BLER16: R2-ours-G=0.10 R3-bigamp=0.15 R4-scvamp=0.17 M-ours-gmm32=0.10 R5-genie=0.00
241/1344 done    D2_C2_S2_Nr8_T16_Tp4_dft_snr-3_skip520_n40.npz  (655 s)  BLER16: R2-ours-G=0.28 R3-bigamp=0.50 R4-scvamp=0.65 M-ours-gmm32=0.28 R5-genie=0.00
242/1344 done    D2_C5_S2_Nr8_T16_Tp3_dft_snr9_skip400_n40.npz  (727 s)  BLER16: R2-ours-G=0.15 R3-bigamp=0.30 R4-scvamp=0.57 M-ours-gmm32=0.12 R5-genie=0.00
243/1344 done    D2_C2_S2_Nr8_T16_Tp4_dft_snr3_skip520_n40.npz  (658 s)  BLER16: R2-ours-G=0.05 R3-bigamp=0.12 R4-scvamp=0.17 M-ours-gmm32=0.03 R5-genie=0.00
244/1344 done    D2_C5_S2_Nr8_T16_Tp3_dft_snr3_skip360_n40.npz  (765 s)  BLER16: R2-ours-G=0.25 R3-bigamp=0.40 R4-scvamp=0.55 M-ours-gmm32=0.25 R5-genie=0.00
245/1344 done    D2_C1_S2_Nr8_T16_Tp2_dft_snr12_skip360_n40.npz  (777 s)  BLER16: R2-ours-G=0.47 R3-bigamp=0.85 R4-scvamp=0.90 M-ours-gmm32=0.45 R5-genie=0.00
246/1344 done    D2_C2_S2_Nr8_T16_Tp4_dft_snr15_skip560_n40.npz  (642 s)  BLER16: R2-ours-G=0.03 R3-bigamp=0.05 R4-scvamp=0.03 M-ours-gmm32=0.00 R5-genie=0.00
247/1344 done    D2_C5_S2_Nr8_T16_Tp3_dft_snr3_skip400_n40.npz  (745 s)  BLER16: R2-ours-G=0.30 R3-bigamp=0.53 R4-scvamp=0.70 M-ours-gmm32=0.35 R5-genie=0.03
248/1344 done    D2_C1_S2_Nr8_T16_Tp2_dft_snr-3_skip440_n40.npz  (706 s)  BLER16: R2-ours-G=0.82 R3-bigamp=0.93 R4-scvamp=0.97 M-ours-gmm32=0.78 R5-genie=0.03  [23 arm-trial exceptions recorded]
249/1344 done    D2_C1_S2_Nr8_T16_Tp2_dft_snr-3_skip480_n40.npz  (677 s)  BLER16: R2-ours-G=0.65 R3-bigamp=0.93 R4-scvamp=0.90 M-ours-gmm32=0.75 R5-genie=0.03  [22 arm-trial exceptions recorded]
250/1344 done    D2_C2_S2_Nr8_T16_Tp4_dft_snr12_skip600_n40.npz  (631 s)  BLER16: R2-ours-G=0.03 R3-bigamp=0.12 R4-scvamp=0.05 M-ours-gmm32=0.03 R5-genie=0.00
251/1344 done    D2_C2_S2_Nr8_T16_Tp4_dft_snr9_skip480_n40.npz  (684 s)  BLER16: R2-ours-G=0.03 R3-bigamp=0.07 R4-scvamp=0.03 M-ours-gmm32=0.03 R5-genie=0.00
252/1344 done    D2_C5_S2_Nr8_T16_Tp3_dft_snr-3_skip400_n40.npz  (756 s)  BLER16: R2-ours-G=0.65 R3-bigamp=0.88 R4-scvamp=0.85 M-ours-gmm32=0.57 R5-genie=0.05
253/1344 done    D2_C2_S2_Nr8_T16_Tp4_dft_snr3_skip600_n40.npz  (638 s)  BLER16: R2-ours-G=0.05 R3-bigamp=0.10 R4-scvamp=0.12 M-ours-gmm32=0.05 R5-genie=0.03
254/1344 done    D2_C2_S2_Nr8_T16_Tp4_dft_snr9_skip600_n40.npz  (640 s)  BLER16: R2-ours-G=0.05 R3-bigamp=0.15 R4-scvamp=0.12 M-ours-gmm32=0.05 R5-genie=0.03
255/1344 done    D2_C2_S2_Nr8_T16_Tp4_dft_snr12_skip640_n40.npz  (608 s)  BLER16: R2-ours-G=0.03 R3-bigamp=0.05 R4-scvamp=0.05 M-ours-gmm32=0.03 R5-genie=0.00
256/1344 done    D2_C5_S2_Nr8_T16_Tp3_dft_snr0_skip400_n40.npz  (765 s)  BLER16: R2-ours-G=0.35 R3-bigamp=0.60 R4-scvamp=0.75 M-ours-gmm32=0.42 R5-genie=0.00
257/1344 done    D2_C2_S2_Nr8_T16_Tp4_dft_snr0_skip640_n40.npz  (616 s)  BLER16: R2-ours-G=0.05 R3-bigamp=0.17 R4-scvamp=0.33 M-ours-gmm32=0.07 R5-genie=0.00
258/1344 done    D2_C2_S2_Nr8_T16_Tp4_dft_snr0_skip560_n40.npz  (665 s)  BLER16: R2-ours-G=0.15 R3-bigamp=0.33 R4-scvamp=0.38 M-ours-gmm32=0.07 R5-genie=0.00
259/1344 done    D2_C5_S2_Nr8_T16_Tp3_dft_snr9_skip440_n40.npz  (708 s)  BLER16: R2-ours-G=0.15 R3-bigamp=0.30 R4-scvamp=0.60 M-ours-gmm32=0.20 R5-genie=0.00
260/1344 done    D2_C1_S2_Nr8_T16_Tp2_dft_snr15_skip440_n40.npz  (722 s)  BLER16: R2-ours-G=0.33 R3-bigamp=0.75 R4-scvamp=0.93 M-ours-gmm32=0.42 R5-genie=0.00
261/1344 done    D2_C2_S2_Nr8_T16_Tp4_dft_snr3_skip640_n40.npz  (618 s)  BLER16: R2-ours-G=0.03 R3-bigamp=0.15 R4-scvamp=0.17 M-ours-gmm32=0.00 R5-genie=0.00
262/1344 done    D2_C2_S2_Nr8_T16_Tp4_dft_snr12_skip480_n40.npz  (699 s)  BLER16: R2-ours-G=0.00 R3-bigamp=0.03 R4-scvamp=0.03 M-ours-gmm32=0.00 R5-genie=0.00
263/1344 done    D2_C5_S2_Nr8_T16_Tp3_dft_snr6_skip400_n40.npz  (770 s)  BLER16: R2-ours-G=0.25 R3-bigamp=0.42 R4-scvamp=0.65 M-ours-gmm32=0.25 R5-genie=0.00
264/1344 done    D2_C1_S2_Nr8_T16_Tp2_dft_snr12_skip440_n40.npz  (736 s)  BLER16: R2-ours-G=0.45 R3-bigamp=0.78 R4-scvamp=0.82 M-ours-gmm32=0.50 R5-genie=0.00
265/1344 done    D2_C1_S2_Nr8_T16_Tp2_dft_snr6_skip360_n40.npz  (818 s)  BLER16: R2-ours-G=0.47 R3-bigamp=0.75 R4-scvamp=0.90 M-ours-gmm32=0.57 R5-genie=0.00
266/1344 done    D2_C2_S2_Nr8_T16_Tp4_dft_snr6_skip680_n40.npz  (601 s)  BLER16: R2-ours-G=0.03 R3-bigamp=0.07 R4-scvamp=0.12 M-ours-gmm32=0.03 R5-genie=0.00
267/1344 done    D2_C2_S2_Nr8_T16_Tp4_dft_snr-3_skip560_n40.npz  (687 s)  BLER16: R2-ours-G=0.30 R3-bigamp=0.68 R4-scvamp=0.72 M-ours-gmm32=0.33 R5-genie=0.03
268/1344 done    D2_C2_S2_Nr8_T16_Tp4_dft_snr9_skip680_n40.npz  (600 s)  BLER16: R2-ours-G=0.00 R3-bigamp=0.03 R4-scvamp=0.10 M-ours-gmm32=0.03 R5-genie=0.00
269/1344 done    D2_C2_S2_Nr8_T16_Tp4_dft_snr-3_skip480_n40.npz  (725 s)  BLER16: R2-ours-G=0.30 R3-bigamp=0.40 R4-scvamp=0.50 M-ours-gmm32=0.28 R5-genie=0.05
270/1344 done    D2_C2_S2_Nr8_T16_Tp4_dft_snr6_skip600_n40.npz  (671 s)  BLER16: R2-ours-G=0.03 R3-bigamp=0.05 R4-scvamp=0.12 M-ours-gmm32=0.05 R5-genie=0.00
271/1344 done    D2_C2_S2_Nr8_T16_Tp4_dft_snr0_skip680_n40.npz  (608 s)  BLER16: R2-ours-G=0.10 R3-bigamp=0.15 R4-scvamp=0.23 M-ours-gmm32=0.10 R5-genie=0.03
272/1344 done    D2_C1_S2_Nr8_T16_Tp2_dft_snr12_skip480_n40.npz  (716 s)  BLER16: R2-ours-G=0.17 R3-bigamp=0.68 R4-scvamp=0.82 M-ours-gmm32=0.35 R5-genie=0.00
273/1344 done    D2_C1_S2_Nr8_T16_Tp2_dft_snr3_skip440_n40.npz  (749 s)  BLER16: R2-ours-G=0.38 R3-bigamp=0.78 R4-scvamp=0.90 M-ours-gmm32=0.47 R5-genie=0.00
274/1344 done    D2_C5_S2_Nr8_T16_Tp3_dft_snr15_skip440_n40.npz  (733 s)  BLER16: R2-ours-G=0.12 R3-bigamp=0.38 R4-scvamp=0.70 M-ours-gmm32=0.20 R5-genie=0.00
275/1344 done    D2_C2_S2_Nr8_T16_Tp4_dft_snr15_skip640_n40.npz  (640 s)  BLER16: R2-ours-G=0.00 R3-bigamp=0.10 R4-scvamp=0.05 M-ours-gmm32=0.00 R5-genie=0.00
276/1344 done    D2_C5_S2_Nr8_T16_Tp3_dft_snr0_skip520_n40.npz  (704 s)  BLER16: R2-ours-G=0.30 R3-bigamp=0.53 R4-scvamp=0.70 M-ours-gmm32=0.35 R5-genie=0.03
277/1344 done    D2_C1_S2_Nr8_T16_Tp2_dft_snr3_skip400_n40.npz  (812 s)  BLER16: R2-ours-G=0.40 R3-bigamp=0.80 R4-scvamp=0.75 M-ours-gmm32=0.60 R5-genie=0.00
278/1344 done    D2_C5_S2_Nr8_T16_Tp3_dft_snr12_skip440_n40.npz  (742 s)  BLER16: R2-ours-G=0.12 R3-bigamp=0.38 R4-scvamp=0.53 M-ours-gmm32=0.20 R5-genie=0.00
279/1344 done    D2_C1_S2_Nr8_T16_Tp2_dft_snr3_skip600_n40.npz  (682 s)  BLER16: R2-ours-G=0.35 R3-bigamp=0.62 R4-scvamp=0.62 M-ours-gmm32=0.35 R5-genie=0.00
280/1344 done    D2_C5_S2_Nr8_T16_Tp3_dft_snr9_skip360_n40.npz  (826 s)  BLER16: R2-ours-G=0.10 R3-bigamp=0.28 R4-scvamp=0.47 M-ours-gmm32=0.23 R5-genie=0.00
281/1344 done    D2_C1_S2_Nr8_T16_Tp2_dft_snr12_skip520_n40.npz  (714 s)  BLER16: R2-ours-G=0.45 R3-bigamp=0.78 R4-scvamp=0.85 M-ours-gmm32=0.60 R5-genie=0.00
282/1344 done    D2_C2_S2_Nr8_T16_Tp4_dft_snr9_skip640_n40.npz  (654 s)  BLER16: R2-ours-G=0.00 R3-bigamp=0.05 R4-scvamp=0.07 M-ours-gmm32=0.00 R5-genie=0.00
283/1344 done    D2_C2_S2_Nr8_T16_Tp4_dft_snr0_skip720_n40.npz  (588 s)  BLER16: R2-ours-G=0.05 R3-bigamp=0.17 R4-scvamp=0.28 M-ours-gmm32=0.07 R5-genie=0.03
284/1344 done    D2_C5_S2_Nr8_T16_Tp3_dft_snr3_skip440_n40.npz  (759 s)  BLER16: R2-ours-G=0.35 R3-bigamp=0.47 R4-scvamp=0.65 M-ours-gmm32=0.25 R5-genie=0.00
285/1344 done    D2_C1_S2_Nr8_T16_Tp2_dft_snr6_skip480_n40.npz  (736 s)  BLER16: R2-ours-G=0.38 R3-bigamp=0.75 R4-scvamp=0.80 M-ours-gmm32=0.40 R5-genie=0.00
286/1344 done    D2_C1_S2_Nr8_T16_Tp2_dft_snr-3_skip560_n40.npz  (711 s)  BLER16: R2-ours-G=0.70 R3-bigamp=0.95 R4-scvamp=0.93 M-ours-gmm32=0.85 R5-genie=0.03  [27 arm-trial exceptions recorded]
287/1344 done    D2_C5_S2_Nr8_T16_Tp3_dft_snr6_skip520_n40.npz  (722 s)  BLER16: R2-ours-G=0.10 R3-bigamp=0.35 R4-scvamp=0.45 M-ours-gmm32=0.07 R5-genie=0.03
288/1344 done    D2_C2_S2_Nr8_T16_Tp4_dft_snr15_skip680_n40.npz  (626 s)  BLER16: R2-ours-G=0.00 R3-bigamp=0.03 R4-scvamp=0.03 M-ours-gmm32=0.00 R5-genie=0.00
289/1344 done    D2_C5_S2_Nr8_T16_Tp3_dft_snr0_skip560_n40.npz  (708 s)  BLER16: R2-ours-G=0.33 R3-bigamp=0.68 R4-scvamp=0.65 M-ours-gmm32=0.35 R5-genie=0.00
290/1344 done    D2_C2_S2_Nr8_T16_Tp4_dft_snr12_skip680_n40.npz  (630 s)  BLER16: R2-ours-G=0.03 R3-bigamp=0.10 R4-scvamp=0.07 M-ours-gmm32=0.03 R5-genie=0.00
291/1344 done    D2_C5_S2_Nr8_T16_Tp3_dft_snr15_skip520_n40.npz  (725 s)  BLER16: R2-ours-G=0.10 R3-bigamp=0.47 R4-scvamp=0.70 M-ours-gmm32=0.25 R5-genie=0.00
292/1344 done    D2_C1_S2_Nr8_T16_Tp2_dft_snr9_skip480_n40.npz  (749 s)  BLER16: R2-ours-G=0.60 R3-bigamp=0.80 R4-scvamp=0.88 M-ours-gmm32=0.42 R5-genie=0.00
293/1344 done    D2_C2_S2_Nr8_T16_Tp4_dft_snr3_skip680_n40.npz  (644 s)  BLER16: R2-ours-G=0.00 R3-bigamp=0.03 R4-scvamp=0.07 M-ours-gmm32=0.00 R5-genie=0.00
294/1344 done    D2_C1_S2_Nr8_T16_Tp2_dft_snr12_skip560_n40.npz  (720 s)  BLER16: R2-ours-G=0.38 R3-bigamp=0.72 R4-scvamp=0.78 M-ours-gmm32=0.38 R5-genie=0.00
295/1344 done    D2_C2_S2_Nr8_T16_Tp4_dft_snr6_skip640_n40.npz  (677 s)  BLER16: R2-ours-G=0.05 R3-bigamp=0.12 R4-scvamp=0.12 M-ours-gmm32=0.07 R5-genie=0.00
296/1344 done    D2_C5_S2_Nr8_T16_Tp3_dft_snr6_skip440_n40.npz  (777 s)  BLER16: R2-ours-G=0.20 R3-bigamp=0.42 R4-scvamp=0.62 M-ours-gmm32=0.28 R5-genie=0.00
297/1344 done    D2_C5_S2_Nr8_T16_Tp3_dft_snr15_skip400_n40.npz  (820 s)  BLER16: R2-ours-G=0.20 R3-bigamp=0.42 R4-scvamp=0.68 M-ours-gmm32=0.17 R5-genie=0.00
298/1344 done    D2_C1_S2_Nr8_T16_Tp2_dft_snr0_skip520_n40.npz  (744 s)  BLER16: R2-ours-G=0.60 R3-bigamp=0.82 R4-scvamp=0.80 M-ours-gmm32=0.78 R5-genie=0.03
299/1344 done    D2_C1_S2_Nr8_T16_Tp2_dft_snr3_skip560_n40.npz  (728 s)  BLER16: R2-ours-G=0.45 R3-bigamp=0.82 R4-scvamp=0.78 M-ours-gmm32=0.60 R5-genie=0.00
300/1344 done    D2_C1_S2_Nr8_T16_Tp2_dft_snr15_skip600_n40.npz  (712 s)  BLER16: R2-ours-G=0.42 R3-bigamp=0.80 R4-scvamp=0.93 M-ours-gmm32=0.40 R5-genie=0.00
301/1344 done    D2_C1_S2_Nr8_T16_Tp2_dft_snr-3_skip520_n40.npz  (749 s)  BLER16: R2-ours-G=0.82 R3-bigamp=0.97 R4-scvamp=0.97 M-ours-gmm32=0.75 R5-genie=0.03  [25 arm-trial exceptions recorded]
302/1344 done    D2_C5_S2_Nr8_T16_Tp3_dft_snr-3_skip520_n40.npz  (745 s)  BLER16: R2-ours-G=0.62 R3-bigamp=0.70 R4-scvamp=0.80 M-ours-gmm32=0.53 R5-genie=0.07
303/1344 done    D2_C5_S2_Nr8_T16_Tp3_dft_snr12_skip480_n40.npz  (759 s)  BLER16: R2-ours-G=0.12 R3-bigamp=0.40 R4-scvamp=0.50 M-ours-gmm32=0.05 R5-genie=0.00
304/1344 done    D2_C1_S2_Nr8_T16_Tp2_dft_snr0_skip480_n40.npz  (767 s)  BLER16: R2-ours-G=0.57 R3-bigamp=0.78 R4-scvamp=0.88 M-ours-gmm32=0.60 R5-genie=0.00
305/1344 done    D2_C2_S2_Nr8_T16_Tp4_dft_snr3_skip720_n40.npz  (617 s)  BLER16: R2-ours-G=0.05 R3-bigamp=0.07 R4-scvamp=0.23 M-ours-gmm32=0.03 R5-genie=0.00
306/1344 done    D2_C1_S2_Nr8_T16_Tp2_dft_snr6_skip520_n40.npz  (752 s)  BLER16: R2-ours-G=0.42 R3-bigamp=0.82 R4-scvamp=0.80 M-ours-gmm32=0.47 R5-genie=0.00
307/1344 done    D2_C5_S2_Nr8_T16_Tp3_dft_snr9_skip520_n40.npz  (749 s)  BLER16: R2-ours-G=0.15 R3-bigamp=0.25 R4-scvamp=0.57 M-ours-gmm32=0.12 R5-genie=0.00
308/1344 done    D2_C1_S2_Nr8_T16_Tp2_dft_snr3_skip520_n40.npz  (759 s)  BLER16: R2-ours-G=0.38 R3-bigamp=0.62 R4-scvamp=0.80 M-ours-gmm32=0.47 R5-genie=0.00
309/1344 done    D2_C5_S2_Nr8_T16_Tp3_dft_snr12_skip560_n40.npz  (733 s)  BLER16: R2-ours-G=0.15 R3-bigamp=0.45 R4-scvamp=0.53 M-ours-gmm32=0.15 R5-genie=0.00
310/1344 done    D2_C1_S2_Nr8_T16_Tp2_dft_snr0_skip440_n40.npz  (807 s)  BLER16: R2-ours-G=0.60 R3-bigamp=0.75 R4-scvamp=0.85 M-ours-gmm32=0.68 R5-genie=0.03
311/1344 done    D2_C2_S2_Nr8_T16_Tp4_dft_snr-3_skip640_n40.npz  (707 s)  BLER16: R2-ours-G=0.33 R3-bigamp=0.47 R4-scvamp=0.60 M-ours-gmm32=0.20 R5-genie=0.00
312/1344 done    D2_C1_S2_Nr8_T16_Tp2_dft_snr6_skip440_n40.npz  (814 s)  BLER16: R2-ours-G=0.40 R3-bigamp=0.62 R4-scvamp=0.65 M-ours-gmm32=0.47 R5-genie=0.00
313/1344 done    D2_C5_S2_Nr8_T16_Tp3_dft_snr6_skip480_n40.npz  (780 s)  BLER16: R2-ours-G=0.28 R3-bigamp=0.45 R4-scvamp=0.60 M-ours-gmm32=0.23 R5-genie=0.00
314/1344 done    D2_C1_S2_Nr8_T16_Tp2_dft_snr0_skip560_n40.npz  (756 s)  BLER16: R2-ours-G=0.57 R3-bigamp=0.82 R4-scvamp=0.80 M-ours-gmm32=0.65 R5-genie=0.03
315/1344 done    D2_C5_S2_Nr8_T16_Tp3_dft_snr3_skip560_n40.npz  (748 s)  BLER16: R2-ours-G=0.28 R3-bigamp=0.50 R4-scvamp=0.57 M-ours-gmm32=0.33 R5-genie=0.00
316/1344 done    D2_C5_S2_Nr8_T16_Tp3_dft_snr12_skip360_n40.npz  (886 s)  BLER16: R2-ours-G=0.25 R3-bigamp=0.42 R4-scvamp=0.60 M-ours-gmm32=0.30 R5-genie=0.00
317/1344 done    D2_C5_S2_Nr8_T16_Tp3_dft_snr3_skip600_n40.npz  (727 s)  BLER16: R2-ours-G=0.23 R3-bigamp=0.30 R4-scvamp=0.65 M-ours-gmm32=0.12 R5-genie=0.00
318/1344 done    D2_C1_S2_Nr8_T16_Tp2_dft_snr-3_skip600_n40.npz  (745 s)  BLER16: R2-ours-G=0.93 R3-bigamp=0.97 R4-scvamp=1.00 M-ours-gmm32=0.80 R5-genie=0.00  [21 arm-trial exceptions recorded]
319/1344 done    D2_C1_S2_Nr8_T16_Tp2_dft_snr9_skip640_n40.npz  (702 s)  BLER16: R2-ours-G=0.55 R3-bigamp=0.78 R4-scvamp=0.88 M-ours-gmm32=0.55 R5-genie=0.00
320/1344 done    D2_C1_S2_Nr8_T16_Tp2_dft_snr9_skip440_n40.npz  (821 s)  BLER16: R2-ours-G=0.50 R3-bigamp=0.80 R4-scvamp=0.93 M-ours-gmm32=0.45 R5-genie=0.00
321/1344 done    D2_C1_S2_Nr8_T16_Tp2_dft_snr9_skip560_n40.npz  (761 s)  BLER16: R2-ours-G=0.42 R3-bigamp=0.75 R4-scvamp=0.78 M-ours-gmm32=0.55 R5-genie=0.00
322/1344 done    D2_C5_S2_Nr8_T16_Tp3_dft_snr12_skip400_n40.npz  (857 s)  BLER16: R2-ours-G=0.20 R3-bigamp=0.42 R4-scvamp=0.53 M-ours-gmm32=0.30 R5-genie=0.00
323/1344 done    D2_C5_S2_Nr8_T16_Tp3_dft_snr15_skip600_n40.npz  (724 s)  BLER16: R2-ours-G=0.12 R3-bigamp=0.40 R4-scvamp=0.60 M-ours-gmm32=0.05 R5-genie=0.00
324/1344 done    D2_C1_S2_Nr8_T16_Tp2_dft_snr15_skip560_n40.npz  (759 s)  BLER16: R2-ours-G=0.33 R3-bigamp=0.80 R4-scvamp=0.95 M-ours-gmm32=0.50 R5-genie=0.00
325/1344 done    D2_C5_S2_Nr8_T16_Tp3_dft_snr-3_skip600_n40.npz  (744 s)  BLER16: R2-ours-G=0.72 R3-bigamp=0.82 R4-scvamp=0.93 M-ours-gmm32=0.68 R5-genie=0.05
326/1344 done    D2_C1_S2_Nr8_T16_Tp2_dft_snr9_skip600_n40.npz  (749 s)  BLER16: R2-ours-G=0.50 R3-bigamp=0.85 R4-scvamp=0.88 M-ours-gmm32=0.53 R5-genie=0.00
327/1344 done    D2_C1_S2_Nr8_T16_Tp2_dft_snr0_skip600_n40.npz  (754 s)  BLER16: R2-ours-G=0.47 R3-bigamp=0.82 R4-scvamp=0.78 M-ours-gmm32=0.53 R5-genie=0.03
328/1344 done    D2_C5_S2_Nr8_T16_Tp3_dft_snr15_skip480_n40.npz  (797 s)  BLER16: R2-ours-G=0.15 R3-bigamp=0.30 R4-scvamp=0.60 M-ours-gmm32=0.15 R5-genie=0.00
329/1344 done    D2_C5_S2_Nr8_T16_Tp3_dft_snr0_skip480_n40.npz  (800 s)  BLER16: R2-ours-G=0.38 R3-bigamp=0.65 R4-scvamp=0.65 M-ours-gmm32=0.40 R5-genie=0.00
330/1344 done    D2_C5_S2_Nr8_T16_Tp3_dft_snr-3_skip560_n40.npz  (767 s)  BLER16: R2-ours-G=0.65 R3-bigamp=0.85 R4-scvamp=0.88 M-ours-gmm32=0.57 R5-genie=0.03
331/1344 done    D2_C2_S2_Nr8_T16_Tp4_dft_snr9_skip720_n40.npz  (629 s)  BLER16: R2-ours-G=0.00 R3-bigamp=0.00 R4-scvamp=0.03 M-ours-gmm32=0.00 R5-genie=0.00
332/1344 done    D2_C1_S2_Nr8_T16_Tp2_dft_snr9_skip520_n40.npz  (791 s)  BLER16: R2-ours-G=0.45 R3-bigamp=0.70 R4-scvamp=0.90 M-ours-gmm32=0.57 R5-genie=0.00
333/1344 done    D2_C2_S2_Nr8_T16_Tp4_dft_snr-3_skip720_n40.npz  (666 s)  BLER16: R2-ours-G=0.20 R3-bigamp=0.57 R4-scvamp=0.57 M-ours-gmm32=0.17 R5-genie=0.03
334/1344 done    D2_C1_S2_Nr8_T16_Tp2_dft_snr15_skip480_n40.npz  (809 s)  BLER16: R2-ours-G=0.33 R3-bigamp=0.78 R4-scvamp=0.90 M-ours-gmm32=0.23 R5-genie=0.00
335/1344 done    D2_C1_S2_Nr8_T16_Tp2_dft_snr6_skip560_n40.npz  (783 s)  BLER16: R2-ours-G=0.42 R3-bigamp=0.70 R4-scvamp=0.82 M-ours-gmm32=0.45 R5-genie=0.00
336/1344 done    D2_C5_S2_Nr8_T16_Tp3_dft_snr12_skip520_n40.npz  (794 s)  BLER16: R2-ours-G=0.12 R3-bigamp=0.40 R4-scvamp=0.72 M-ours-gmm32=0.17 R5-genie=0.00
337/1344 done    D2_C1_S2_Nr8_T16_Tp2_dft_snr12_skip600_n40.npz  (766 s)  BLER16: R2-ours-G=0.45 R3-bigamp=0.90 R4-scvamp=0.80 M-ours-gmm32=0.57 R5-genie=0.00
338/1344 done    D2_C5_S2_Nr8_T16_Tp3_dft_snr12_skip640_n40.npz  (724 s)  BLER16: R2-ours-G=0.17 R3-bigamp=0.50 R4-scvamp=0.53 M-ours-gmm32=0.25 R5-genie=0.00
339/1344 done    D2_C5_S2_Nr8_T16_Tp3_dft_snr0_skip600_n40.npz  (764 s)  BLER16: R2-ours-G=0.28 R3-bigamp=0.57 R4-scvamp=0.68 M-ours-gmm32=0.28 R5-genie=0.00
340/1344 done    D2_C5_S2_Nr8_T16_Tp3_dft_snr-3_skip480_n40.npz  (822 s)  BLER16: R2-ours-G=0.65 R3-bigamp=0.80 R4-scvamp=0.85 M-ours-gmm32=0.53 R5-genie=0.03
341/1344 done    D2_C5_S2_Nr8_T16_Tp3_dft_snr9_skip560_n40.npz  (785 s)  BLER16: R2-ours-G=0.15 R3-bigamp=0.33 R4-scvamp=0.47 M-ours-gmm32=0.15 R5-genie=0.00
342/1344 done    D2_C5_S2_Nr8_T16_Tp3_dft_snr3_skip520_n40.npz  (809 s)  BLER16: R2-ours-G=0.10 R3-bigamp=0.38 R4-scvamp=0.53 M-ours-gmm32=0.10 R5-genie=0.00
343/1344 done    D2_C5_S2_Nr8_T16_Tp3_dft_snr9_skip480_n40.npz  (826 s)  BLER16: R2-ours-G=0.17 R3-bigamp=0.25 R4-scvamp=0.45 M-ours-gmm32=0.12 R5-genie=0.00
344/1344 done    D2_C5_S2_Nr8_T16_Tp3_dft_snr0_skip440_n40.npz  (856 s)  BLER16: R2-ours-G=0.35 R3-bigamp=0.72 R4-scvamp=0.78 M-ours-gmm32=0.33 R5-genie=0.03
345/1344 done    D2_C5_S2_Nr8_T16_Tp3_dft_snr3_skip480_n40.npz  (828 s)  BLER16: R2-ours-G=0.30 R3-bigamp=0.55 R4-scvamp=0.53 M-ours-gmm32=0.23 R5-genie=0.03
346/1344 done    D2_C1_S2_Nr8_T16_Tp2_dft_snr-3_skip680_n40.npz  (722 s)  BLER16: R2-ours-G=0.90 R3-bigamp=0.95 R4-scvamp=1.00 M-ours-gmm32=0.82 R5-genie=0.03  [21 arm-trial exceptions recorded]
347/1344 done    D2_C1_S2_Nr8_T16_Tp2_dft_snr6_skip600_n40.npz  (790 s)  BLER16: R2-ours-G=0.28 R3-bigamp=0.65 R4-scvamp=0.80 M-ours-gmm32=0.25 R5-genie=0.00
348/1344 done    D2_C5_S2_Nr8_T16_Tp3_dft_snr12_skip600_n40.npz  (777 s)  BLER16: R2-ours-G=0.28 R3-bigamp=0.45 R4-scvamp=0.68 M-ours-gmm32=0.30 R5-genie=0.00
349/1344 done    D2_C1_S2_Nr8_T16_Tp2_dft_snr0_skip640_n40.npz  (761 s)  BLER16: R2-ours-G=0.60 R3-bigamp=0.80 R4-scvamp=0.85 M-ours-gmm32=0.55 R5-genie=0.00
350/1344 done    D2_C1_S2_Nr8_T16_Tp2_dft_snr3_skip680_n40.npz  (731 s)  BLER16: R2-ours-G=0.55 R3-bigamp=0.85 R4-scvamp=0.88 M-ours-gmm32=0.65 R5-genie=0.00
351/1344 done    D2_C5_S2_Nr8_T16_Tp3_dft_snr3_skip640_n40.npz  (760 s)  BLER16: R2-ours-G=0.25 R3-bigamp=0.47 R4-scvamp=0.60 M-ours-gmm32=0.25 R5-genie=0.00
352/1344 done    D2_C2_S2_Nr8_T16_Tp4_dft_snr-3_skip600_n40.npz  (811 s)  BLER16: R2-ours-G=0.20 R3-bigamp=0.53 R4-scvamp=0.50 M-ours-gmm32=0.20 R5-genie=0.00
353/1344 done    D2_C5_S2_Nr8_T16_Tp3_dft_snr-3_skip440_n40.npz  (882 s)  BLER16: R2-ours-G=0.57 R3-bigamp=0.82 R4-scvamp=0.88 M-ours-gmm32=0.60 R5-genie=0.05
354/1344 done    D2_C5_S2_Nr8_T16_Tp3_dft_snr-3_skip640_n40.npz  (765 s)  BLER16: R2-ours-G=0.40 R3-bigamp=0.78 R4-scvamp=0.78 M-ours-gmm32=0.40 R5-genie=0.00
355/1344 done    D2_C2_S2_Nr8_T16_Tp4_dft_snr-3_skip680_n40.npz  (751 s)  BLER16: R2-ours-G=0.40 R3-bigamp=0.65 R4-scvamp=0.60 M-ours-gmm32=0.30 R5-genie=0.05
356/1344 done    D2_C5_S2_Nr8_T16_Tp3_dft_snr9_skip600_n40.npz  (792 s)  BLER16: R2-ours-G=0.17 R3-bigamp=0.42 R4-scvamp=0.50 M-ours-gmm32=0.20 R5-genie=0.00
357/1344 done    D2_C1_S2_Nr8_T16_Tp2_dft_snr12_skip680_n40.npz  (727 s)  BLER16: R2-ours-G=0.38 R3-bigamp=0.80 R4-scvamp=0.88 M-ours-gmm32=0.38 R5-genie=0.00
358/1344 done    D2_C1_S2_Nr8_T16_Tp2_dft_snr15_skip640_n40.npz  (768 s)  BLER16: R2-ours-G=0.28 R3-bigamp=0.68 R4-scvamp=0.90 M-ours-gmm32=0.28 R5-genie=0.00
359/1344 done    D2_C5_S2_Nr8_T16_Tp3_dft_snr6_skip560_n40.npz  (822 s)  BLER16: R2-ours-G=0.17 R3-bigamp=0.25 R4-scvamp=0.45 M-ours-gmm32=0.23 R5-genie=0.00
360/1344 done    D2_C1_S2_Nr8_T16_Tp2_dft_snr15_skip520_n40.npz  (845 s)  BLER16: R2-ours-G=0.35 R3-bigamp=0.70 R4-scvamp=0.82 M-ours-gmm32=0.30 R5-genie=0.00
361/1344 done    D2_C2_S2_Nr8_T16_Tp4_dft_snr6_skip720_n40.npz  (703 s)  BLER16: R2-ours-G=0.03 R3-bigamp=0.12 R4-scvamp=0.17 M-ours-gmm32=0.03 R5-genie=0.03
362/1344 done    D2_C5_S2_Nr8_T16_Tp3_dft_snr-3_skip680_n40.npz  (738 s)  BLER16: R2-ours-G=0.68 R3-bigamp=0.82 R4-scvamp=0.90 M-ours-gmm32=0.68 R5-genie=0.05
363/1344 done    D2_C5_S2_Nr8_T16_Tp3_dft_snr15_skip640_n40.npz  (767 s)  BLER16: R2-ours-G=0.10 R3-bigamp=0.33 R4-scvamp=0.68 M-ours-gmm32=0.15 R5-genie=0.00
364/1344 done    D2_C5_S2_Nr8_T16_Tp3_dft_snr6_skip600_n40.npz  (808 s)  BLER16: R2-ours-G=0.10 R3-bigamp=0.17 R4-scvamp=0.53 M-ours-gmm32=0.12 R5-genie=0.00
365/1344 done    D2_C1_S2_Nr8_T16_Tp2_dft_snr-3_skip640_n40.npz  (790 s)  BLER16: R2-ours-G=0.82 R3-bigamp=0.90 R4-scvamp=0.95 M-ours-gmm32=0.78 R5-genie=0.03  [19 arm-trial exceptions recorded]
366/1344 done    D2_C1_S2_Nr8_T16_Tp2_dft_snr12_skip640_n40.npz  (786 s)  BLER16: R2-ours-G=0.40 R3-bigamp=0.68 R4-scvamp=0.93 M-ours-gmm32=0.40 R5-genie=0.00
367/1344 done    D2_C2_S2_Nr8_T16_Tp4_dft_snr12_skip720_n40.npz  (640 s)  BLER16: R2-ours-G=0.00 R3-bigamp=0.10 R4-scvamp=0.05 M-ours-gmm32=0.00 R5-genie=0.00
368/1344 done    D2_C1_S2_Nr8_T16_Tp2_dft_snr3_skip640_n40.npz  (792 s)  BLER16: R2-ours-G=0.53 R3-bigamp=0.88 R4-scvamp=0.82 M-ours-gmm32=0.45 R5-genie=0.00
369/1344 done    D2_C1_S2_Nr8_T16_Tp2_dft_snr3_skip480_n40.npz  (888 s)  BLER16: R2-ours-G=0.53 R3-bigamp=0.82 R4-scvamp=0.90 M-ours-gmm32=0.45 R5-genie=0.00
370/1344 done    D2_C5_S2_Nr8_T16_Tp3_dft_snr0_skip640_n40.npz  (800 s)  BLER16: R2-ours-G=0.42 R3-bigamp=0.55 R4-scvamp=0.70 M-ours-gmm32=0.38 R5-genie=0.00
371/1344 done    D2_C5_S2_Nr8_T16_Tp3_dft_snr15_skip560_n40.npz  (853 s)  BLER16: R2-ours-G=0.05 R3-bigamp=0.28 R4-scvamp=0.57 M-ours-gmm32=0.10 R5-genie=0.00
372/1344 done    D2_C5_S2_Nr8_T16_Tp3_dft_snr15_skip680_n40.npz  (756 s)  BLER16: R2-ours-G=0.17 R3-bigamp=0.35 R4-scvamp=0.68 M-ours-gmm32=0.23 R5-genie=0.00
373/1344 done    D2_C1_S2_Nr8_T16_Tp2_dft_snr0_skip680_n40.npz  (784 s)  BLER16: R2-ours-G=0.57 R3-bigamp=0.85 R4-scvamp=0.88 M-ours-gmm32=0.62 R5-genie=0.00
374/1344 done    D2_C5_S2_Nr8_T16_Tp3_dft_snr3_skip680_n40.npz  (768 s)  BLER16: R2-ours-G=0.28 R3-bigamp=0.47 R4-scvamp=0.60 M-ours-gmm32=0.33 R5-genie=0.03
375/1344 done    D2_C5_S2_Nr8_T16_Tp3_dft_snr6_skip640_n40.npz  (813 s)  BLER16: R2-ours-G=0.12 R3-bigamp=0.38 R4-scvamp=0.55 M-ours-gmm32=0.17 R5-genie=0.00
376/1344 done    D2_C5_S2_Nr8_T16_Tp3_dft_snr12_skip680_n40.npz  (778 s)  BLER16: R2-ours-G=0.03 R3-bigamp=0.42 R4-scvamp=0.45 M-ours-gmm32=0.15 R5-genie=0.00
377/1344 done    D2_C5_S2_Nr8_T16_Tp3_dft_snr9_skip640_n40.npz  (825 s)  BLER16: R2-ours-G=0.12 R3-bigamp=0.45 R4-scvamp=0.55 M-ours-gmm32=0.25 R5-genie=0.00
378/1344 done    D2_C1_S2_Nr8_T16_Tp2_dft_snr6_skip680_n40.npz  (822 s)  BLER16: R2-ours-G=0.45 R3-bigamp=0.78 R4-scvamp=0.78 M-ours-gmm32=0.45 R5-genie=0.00
379/1344 done    D2_C5_S2_Nr8_T16_Tp3_dft_snr6_skip680_n40.npz  (812 s)  BLER16: R2-ours-G=0.12 R3-bigamp=0.40 R4-scvamp=0.45 M-ours-gmm32=0.15 R5-genie=0.00
380/1344 done    D2_C1_S2_Nr8_T16_Tp2_dft_snr6_skip640_n40.npz  (864 s)  BLER16: R2-ours-G=0.45 R3-bigamp=0.62 R4-scvamp=0.85 M-ours-gmm32=0.42 R5-genie=0.00
381/1344 done    D2_C1_S2_Nr8_T16_Tp2_dft_snr15_skip680_n40.npz  (824 s)  BLER16: R2-ours-G=0.30 R3-bigamp=0.72 R4-scvamp=0.88 M-ours-gmm32=0.33 R5-genie=0.00
382/1344 done    D2_C5_S2_Nr8_T16_Tp3_dft_snr0_skip680_n40.npz  (823 s)  BLER16: R2-ours-G=0.40 R3-bigamp=0.78 R4-scvamp=0.80 M-ours-gmm32=0.35 R5-genie=0.00
383/1344 done    D2_C5_S2_Nr8_T16_Tp3_dft_snr9_skip680_n40.npz  (857 s)  BLER16: R2-ours-G=0.15 R3-bigamp=0.35 R4-scvamp=0.40 M-ours-gmm32=0.15 R5-genie=0.00
384/1344 done    D2_C1_S2_Nr8_T16_Tp2_dft_snr9_skip680_n40.npz  (881 s)  BLER16: R2-ours-G=0.33 R3-bigamp=0.57 R4-scvamp=0.90 M-ours-gmm32=0.50 R5-genie=0.00
385/1344 done    D2_C2_S2_Nr8_T16_Tp4_dft_snr15_skip720_n40.npz  (612 s)  BLER16: R2-ours-G=0.03 R3-bigamp=0.05 R4-scvamp=0.05 M-ours-gmm32=0.03 R5-genie=0.03
386/1344 done    D2_C2_S2_Nr8_T16_Tp4_dft_snr9_skip760_n40.npz  (590 s)  BLER16: R2-ours-G=0.00 R3-bigamp=0.05 R4-scvamp=0.05 M-ours-gmm32=0.00 R5-genie=0.00
387/1344 done    D2_C2_S2_Nr8_T16_Tp4_dft_snr3_skip760_n40.npz  (610 s)  BLER16: R2-ours-G=0.05 R3-bigamp=0.12 R4-scvamp=0.15 M-ours-gmm32=0.03 R5-genie=0.03
388/1344 done    D2_C1_S2_Nr8_T16_Tp2_dft_snr0_skip720_n40.npz  (717 s)  BLER16: R2-ours-G=0.65 R3-bigamp=0.85 R4-scvamp=0.93 M-ours-gmm32=0.53 R5-genie=0.00
389/1344 done    D2_C2_S2_Nr8_T16_Tp4_dft_snr6_skip760_n40.npz  (617 s)  BLER16: R2-ours-G=0.03 R3-bigamp=0.07 R4-scvamp=0.05 M-ours-gmm32=0.03 R5-genie=0.00
390/1344 done    D2_C2_S2_Nr8_T16_Tp4_dft_snr0_skip760_n40.npz  (631 s)  BLER16: R2-ours-G=0.23 R3-bigamp=0.30 R4-scvamp=0.40 M-ours-gmm32=0.20 R5-genie=0.03
391/1344 done    D2_C2_S2_Nr8_T16_Tp4_dft_snr3_skip800_n40.npz  (577 s)  BLER16: R2-ours-G=0.03 R3-bigamp=0.05 R4-scvamp=0.05 M-ours-gmm32=0.03 R5-genie=0.00
392/1344 done    D2_C2_S2_Nr8_T16_Tp4_dft_snr15_skip800_n40.npz  (573 s)  BLER16: R2-ours-G=0.00 R3-bigamp=0.07 R4-scvamp=0.00 M-ours-gmm32=0.00 R5-genie=0.00
393/1344 done    D2_C1_S2_Nr8_T16_Tp2_dft_snr9_skip720_n40.npz  (715 s)  BLER16: R2-ours-G=0.45 R3-bigamp=0.75 R4-scvamp=0.90 M-ours-gmm32=0.53 R5-genie=0.03
394/1344 done    D2_C2_S2_Nr8_T16_Tp4_dft_snr-3_skip760_n40.npz  (656 s)  BLER16: R2-ours-G=0.40 R3-bigamp=0.68 R4-scvamp=0.68 M-ours-gmm32=0.33 R5-genie=0.05
395/1344 done    D2_C5_S2_Nr8_T16_Tp3_dft_snr3_skip720_n40.npz  (671 s)  BLER16: R2-ours-G=0.17 R3-bigamp=0.38 R4-scvamp=0.53 M-ours-gmm32=0.15 R5-genie=0.00
396/1344 done    D2_C5_S2_Nr8_T16_Tp3_dft_snr6_skip720_n40.npz  (673 s)  BLER16: R2-ours-G=0.12 R3-bigamp=0.40 R4-scvamp=0.42 M-ours-gmm32=0.23 R5-genie=0.00
397/1344 done    D2_C1_S2_Nr8_T16_Tp2_dft_snr6_skip720_n40.npz  (744 s)  BLER16: R2-ours-G=0.35 R3-bigamp=0.78 R4-scvamp=0.80 M-ours-gmm32=0.33 R5-genie=0.00
398/1344 done    D2_C2_S2_Nr8_T16_Tp4_dft_snr12_skip760_n40.npz  (647 s)  BLER16: R2-ours-G=0.00 R3-bigamp=0.00 R4-scvamp=0.05 M-ours-gmm32=0.00 R5-genie=0.00
399/1344 done    D2_C2_S2_Nr8_T16_Tp4_dft_snr9_skip800_n40.npz  (612 s)  BLER16: R2-ours-G=0.00 R3-bigamp=0.05 R4-scvamp=0.07 M-ours-gmm32=0.00 R5-genie=0.00
400/1344 done    D2_C2_S2_Nr8_T16_Tp4_dft_snr3_skip840_n40.npz  (582 s)  BLER16: R2-ours-G=0.10 R3-bigamp=0.07 R4-scvamp=0.15 M-ours-gmm32=0.05 R5-genie=0.00
401/1344 done    D2_C1_S2_Nr8_T16_Tp2_dft_snr-3_skip720_n40.npz  (770 s)  BLER16: R2-ours-G=0.90 R3-bigamp=0.97 R4-scvamp=0.95 M-ours-gmm32=0.82 R5-genie=0.05  [26 arm-trial exceptions recorded]
402/1344 done    D2_C2_S2_Nr8_T16_Tp4_dft_snr15_skip840_n40.npz  (592 s)  BLER16: R2-ours-G=0.00 R3-bigamp=0.03 R4-scvamp=0.03 M-ours-gmm32=0.00 R5-genie=0.00
403/1344 done    D2_C5_S2_Nr8_T16_Tp3_dft_snr9_skip720_n40.npz  (706 s)  BLER16: R2-ours-G=0.10 R3-bigamp=0.33 R4-scvamp=0.33 M-ours-gmm32=0.07 R5-genie=0.00
404/1344 done    D2_C2_S2_Nr8_T16_Tp4_dft_snr15_skip760_n40.npz  (668 s)  BLER16: R2-ours-G=0.00 R3-bigamp=0.05 R4-scvamp=0.05 M-ours-gmm32=0.00 R5-genie=0.00
405/1344 done    D2_C2_S2_Nr8_T16_Tp4_dft_snr12_skip880_n40.npz  (569 s)  BLER16: R2-ours-G=0.00 R3-bigamp=0.03 R4-scvamp=0.00 M-ours-gmm32=0.00 R5-genie=0.00
406/1344 done    D2_C2_S2_Nr8_T16_Tp4_dft_snr6_skip800_n40.npz  (647 s)  BLER16: R2-ours-G=0.05 R3-bigamp=0.12 R4-scvamp=0.23 M-ours-gmm32=0.03 R5-genie=0.03
407/1344 done    D2_C1_S2_Nr8_T16_Tp2_dft_snr3_skip720_n40.npz  (789 s)  BLER16: R2-ours-G=0.47 R3-bigamp=0.70 R4-scvamp=0.85 M-ours-gmm32=0.55 R5-genie=0.00
408/1344 done    D2_C5_S2_Nr8_T16_Tp3_dft_snr0_skip720_n40.npz  (730 s)  BLER16: R2-ours-G=0.53 R3-bigamp=0.75 R4-scvamp=0.70 M-ours-gmm32=0.42 R5-genie=0.05
409/1344 done    D2_C2_S2_Nr8_T16_Tp4_dft_snr0_skip800_n40.npz  (658 s)  BLER16: R2-ours-G=0.03 R3-bigamp=0.17 R4-scvamp=0.17 M-ours-gmm32=0.03 R5-genie=0.00
410/1344 done    D2_C5_S2_Nr8_T16_Tp3_dft_snr12_skip720_n40.npz  (730 s)  BLER16: R2-ours-G=0.15 R3-bigamp=0.40 R4-scvamp=0.60 M-ours-gmm32=0.20 R5-genie=0.00
411/1344 done    D2_C2_S2_Nr8_T16_Tp4_dft_snr3_skip920_n40.npz  (556 s)  BLER16: R2-ours-G=0.00 R3-bigamp=0.05 R4-scvamp=0.12 M-ours-gmm32=0.00 R5-genie=0.00
412/1344 done    D2_C2_S2_Nr8_T16_Tp4_dft_snr12_skip800_n40.npz  (662 s)  BLER16: R2-ours-G=0.03 R3-bigamp=0.05 R4-scvamp=0.03 M-ours-gmm32=0.00 R5-genie=0.00
413/1344 done    D2_C5_S2_Nr8_T16_Tp3_dft_snr0_skip760_n40.npz  (684 s)  BLER16: R2-ours-G=0.35 R3-bigamp=0.47 R4-scvamp=0.57 M-ours-gmm32=0.40 R5-genie=0.00
414/1344 done    D2_C2_S2_Nr8_T16_Tp4_dft_snr-3_skip840_n40.npz  (645 s)  BLER16: R2-ours-G=0.45 R3-bigamp=0.60 R4-scvamp=0.70 M-ours-gmm32=0.33 R5-genie=0.03
415/1344 done    D2_C1_S2_Nr8_T16_Tp2_dft_snr-3_skip760_n40.npz  (707 s)  BLER16: R2-ours-G=0.80 R3-bigamp=0.97 R4-scvamp=0.97 M-ours-gmm32=0.82 R5-genie=0.03  [30 arm-trial exceptions recorded]
416/1344 done    D2_C5_S2_Nr8_T16_Tp3_dft_snr-3_skip760_n40.npz  (694 s)  BLER16: R2-ours-G=0.50 R3-bigamp=0.80 R4-scvamp=0.80 M-ours-gmm32=0.55 R5-genie=0.03
417/1344 done    D2_C2_S2_Nr8_T16_Tp4_dft_snr9_skip840_n40.npz  (649 s)  BLER16: R2-ours-G=0.00 R3-bigamp=0.07 R4-scvamp=0.05 M-ours-gmm32=0.00 R5-genie=0.00
418/1344 done    D2_C1_S2_Nr8_T16_Tp2_dft_snr-3_skip800_n40.npz  (681 s)  BLER16: R2-ours-G=0.68 R3-bigamp=0.93 R4-scvamp=0.95 M-ours-gmm32=0.62 R5-genie=0.03  [21 arm-trial exceptions recorded]
419/1344 done    D2_C2_S2_Nr8_T16_Tp4_dft_snr15_skip880_n40.npz  (614 s)  BLER16: R2-ours-G=0.00 R3-bigamp=0.03 R4-scvamp=0.03 M-ours-gmm32=0.00 R5-genie=0.00
420/1344 done    D2_C2_S2_Nr8_T16_Tp4_dft_snr15_skip920_n40.npz  (584 s)  BLER16: R2-ours-G=0.00 R3-bigamp=0.05 R4-scvamp=0.03 M-ours-gmm32=0.00 R5-genie=0.00
421/1344 done    D2_C5_S2_Nr8_T16_Tp3_dft_snr3_skip800_n40.npz  (673 s)  BLER16: R2-ours-G=0.17 R3-bigamp=0.40 R4-scvamp=0.53 M-ours-gmm32=0.28 R5-genie=0.00
422/1344 done    D2_C2_S2_Nr8_T16_Tp4_dft_snr0_skip840_n40.npz  (671 s)  BLER16: R2-ours-G=0.10 R3-bigamp=0.25 R4-scvamp=0.28 M-ours-gmm32=0.07 R5-genie=0.00
423/1344 done    D2_C5_S2_Nr8_T16_Tp3_dft_snr-3_skip720_n40.npz  (779 s)  BLER16: R2-ours-G=0.62 R3-bigamp=0.90 R4-scvamp=0.95 M-ours-gmm32=0.65 R5-genie=0.03
424/1344 done    D2_C1_S2_Nr8_T16_Tp2_dft_snr15_skip720_n40.npz  (785 s)  BLER16: R2-ours-G=0.47 R3-bigamp=0.85 R4-scvamp=0.95 M-ours-gmm32=0.50 R5-genie=0.00
425/1344 done    D2_C1_S2_Nr8_T16_Tp2_dft_snr12_skip720_n40.npz  (806 s)  BLER16: R2-ours-G=0.53 R3-bigamp=0.78 R4-scvamp=0.97 M-ours-gmm32=0.42 R5-genie=0.00
426/1344 done    D2_C5_S2_Nr8_T16_Tp3_dft_snr15_skip720_n40.npz  (775 s)  BLER16: R2-ours-G=0.15 R3-bigamp=0.25 R4-scvamp=0.60 M-ours-gmm32=0.10 R5-genie=0.00
427/1344 done    D2_C1_S2_Nr8_T16_Tp2_dft_snr6_skip800_n40.npz  (697 s)  BLER16: R2-ours-G=0.42 R3-bigamp=0.82 R4-scvamp=0.82 M-ours-gmm32=0.55 R5-genie=0.00
428/1344 done    D2_C1_S2_Nr8_T16_Tp2_dft_snr12_skip800_n40.npz  (699 s)  BLER16: R2-ours-G=0.40 R3-bigamp=0.65 R4-scvamp=0.80 M-ours-gmm32=0.38 R5-genie=0.00
429/1344 done    D2_C2_S2_Nr8_T16_Tp4_dft_snr12_skip920_n40.npz  (603 s)  BLER16: R2-ours-G=0.00 R3-bigamp=0.00 R4-scvamp=0.00 M-ours-gmm32=0.00 R5-genie=0.00
430/1344 done    D2_C2_S2_Nr8_T16_Tp4_dft_snr6_skip840_n40.npz  (680 s)  BLER16: R2-ours-G=0.00 R3-bigamp=0.00 R4-scvamp=0.07 M-ours-gmm32=0.00 R5-genie=0.00
431/1344 done    D2_C2_S2_Nr8_T16_Tp4_dft_snr3_skip960_n40.npz  (580 s)  BLER16: R2-ours-G=0.05 R3-bigamp=0.10 R4-scvamp=0.17 M-ours-gmm32=0.05 R5-genie=0.00
432/1344 done    D2_C2_S2_Nr8_T16_Tp4_dft_snr12_skip840_n40.npz  (679 s)  BLER16: R2-ours-G=0.03 R3-bigamp=0.07 R4-scvamp=0.07 M-ours-gmm32=0.00 R5-genie=0.00
433/1344 done    D2_C2_S2_Nr8_T16_Tp4_dft_snr9_skip880_n40.npz  (648 s)  BLER16: R2-ours-G=0.00 R3-bigamp=0.05 R4-scvamp=0.05 M-ours-gmm32=0.00 R5-genie=0.00
434/1344 done    D2_C2_S2_Nr8_T16_Tp4_dft_snr6_skip920_n40.npz  (616 s)  BLER16: R2-ours-G=0.00 R3-bigamp=0.00 R4-scvamp=0.05 M-ours-gmm32=0.00 R5-genie=0.00
435/1344 done    D2_C1_S2_Nr8_T16_Tp2_dft_snr3_skip760_n40.npz  (756 s)  BLER16: R2-ours-G=0.55 R3-bigamp=0.82 R4-scvamp=0.72 M-ours-gmm32=0.57 R5-genie=0.00
436/1344 done    D2_C5_S2_Nr8_T16_Tp3_dft_snr15_skip840_n40.npz  (659 s)  BLER16: R2-ours-G=0.12 R3-bigamp=0.35 R4-scvamp=0.50 M-ours-gmm32=0.30 R5-genie=0.00
437/1344 done    D2_C2_S2_Nr8_T16_Tp4_dft_snr0_skip880_n40.npz  (658 s)  BLER16: R2-ours-G=0.10 R3-bigamp=0.20 R4-scvamp=0.30 M-ours-gmm32=0.12 R5-genie=0.05
438/1344 done    D2_C2_S2_Nr8_T16_Tp4_dft_snr-3_skip800_n40.npz  (730 s)  BLER16: R2-ours-G=0.23 R3-bigamp=0.55 R4-scvamp=0.62 M-ours-gmm32=0.23 R5-genie=0.00
439/1344 done    D2_C2_S2_Nr8_T16_Tp4_dft_snr9_skip920_n40.npz  (626 s)  BLER16: R2-ours-G=0.00 R3-bigamp=0.07 R4-scvamp=0.05 M-ours-gmm32=0.00 R5-genie=0.00
440/1344 done    D2_C2_S2_Nr8_T16_Tp4_dft_snr-3_skip920_n40.npz  (632 s)  BLER16: R2-ours-G=0.47 R3-bigamp=0.78 R4-scvamp=0.72 M-ours-gmm32=0.40 R5-genie=0.07
441/1344 done    D2_C2_S2_Nr8_T16_Tp4_dft_snr9_skip960_n40.npz  (593 s)  BLER16: R2-ours-G=0.03 R3-bigamp=0.03 R4-scvamp=0.07 M-ours-gmm32=0.00 R5-genie=0.00
442/1344 done    D2_C2_S2_Nr8_T16_Tp4_dft_snr15_skip960_n40.npz  (593 s)  BLER16: R2-ours-G=0.00 R3-bigamp=0.03 R4-scvamp=0.03 M-ours-gmm32=0.00 R5-genie=0.00
443/1344 done    D2_C2_S2_Nr8_T16_Tp4_dft_snr-3_skip880_n40.npz  (671 s)  BLER16: R2-ours-G=0.30 R3-bigamp=0.50 R4-scvamp=0.57 M-ours-gmm32=0.23 R5-genie=0.03
444/1344 done    D2_C1_S2_Nr8_T16_Tp2_dft_snr12_skip760_n40.npz  (760 s)  BLER16: R2-ours-G=0.40 R3-bigamp=0.85 R4-scvamp=0.80 M-ours-gmm32=0.42 R5-genie=0.00
445/1344 done    D2_C5_S2_Nr8_T16_Tp3_dft_snr12_skip800_n40.npz  (715 s)  BLER16: R2-ours-G=0.20 R3-bigamp=0.55 R4-scvamp=0.62 M-ours-gmm32=0.07 R5-genie=0.00
446/1344 done    D2_C5_S2_Nr8_T16_Tp3_dft_snr9_skip760_n40.npz  (751 s)  BLER16: R2-ours-G=0.23 R3-bigamp=0.42 R4-scvamp=0.53 M-ours-gmm32=0.23 R5-genie=0.00
447/1344 done    D2_C2_S2_Nr8_T16_Tp4_dft_snr3_skip880_n40.npz  (677 s)  BLER16: R2-ours-G=0.00 R3-bigamp=0.00 R4-scvamp=0.10 M-ours-gmm32=0.00 R5-genie=0.00
448/1344 done    D2_C5_S2_Nr8_T16_Tp3_dft_snr15_skip800_n40.npz  (723 s)  BLER16: R2-ours-G=0.07 R3-bigamp=0.30 R4-scvamp=0.55 M-ours-gmm32=0.07 R5-genie=0.00
449/1344 done    D2_C5_S2_Nr8_T16_Tp3_dft_snr3_skip760_n40.npz  (763 s)  BLER16: R2-ours-G=0.23 R3-bigamp=0.33 R4-scvamp=0.50 M-ours-gmm32=0.20 R5-genie=0.00
450/1344 done    D2_C1_S2_Nr8_T16_Tp2_dft_snr15_skip760_n40.npz  (770 s)  BLER16: R2-ours-G=0.25 R3-bigamp=0.65 R4-scvamp=0.85 M-ours-gmm32=0.47 R5-genie=0.00
451/1344 done    D2_C1_S2_Nr8_T16_Tp2_dft_snr0_skip840_n40.npz  (711 s)  BLER16: R2-ours-G=0.72 R3-bigamp=0.85 R4-scvamp=0.88 M-ours-gmm32=0.60 R5-genie=0.00
452/1344 done    D2_C5_S2_Nr8_T16_Tp3_dft_snr12_skip760_n40.npz  (757 s)  BLER16: R2-ours-G=0.23 R3-bigamp=0.47 R4-scvamp=0.57 M-ours-gmm32=0.28 R5-genie=0.00
453/1344 done    D2_C2_S2_Nr8_T16_Tp4_dft_snr6_skip880_n40.npz  (683 s)  BLER16: R2-ours-G=0.03 R3-bigamp=0.07 R4-scvamp=0.07 M-ours-gmm32=0.00 R5-genie=0.00
454/1344 done    D2_C5_S2_Nr8_T16_Tp3_dft_snr9_skip800_n40.npz  (732 s)  BLER16: R2-ours-G=0.10 R3-bigamp=0.28 R4-scvamp=0.40 M-ours-gmm32=0.15 R5-genie=0.00
455/1344 done    D2_C1_S2_Nr8_T16_Tp2_dft_snr9_skip760_n40.npz  (780 s)  BLER16: R2-ours-G=0.33 R3-bigamp=0.68 R4-scvamp=0.82 M-ours-gmm32=0.33 R5-genie=0.00
456/1344 done    D2_C5_S2_Nr8_T16_Tp3_dft_snr15_skip880_n40.npz  (671 s)  BLER16: R2-ours-G=0.07 R3-bigamp=0.33 R4-scvamp=0.53 M-ours-gmm32=0.17 R5-genie=0.00
457/1344 done    D2_C5_S2_Nr8_T16_Tp3_dft_snr15_skip760_n40.npz  (771 s)  BLER16: R2-ours-G=0.07 R3-bigamp=0.42 R4-scvamp=0.50 M-ours-gmm32=0.17 R5-genie=0.00
458/1344 done    D2_C1_S2_Nr8_T16_Tp2_dft_snr12_skip880_n40.npz  (685 s)  BLER16: R2-ours-G=0.35 R3-bigamp=0.72 R4-scvamp=0.80 M-ours-gmm32=0.38 R5-genie=0.00
459/1344 done    D2_C1_S2_Nr8_T16_Tp2_dft_snr-3_skip840_n40.npz  (731 s)  BLER16: R2-ours-G=0.88 R3-bigamp=1.00 R4-scvamp=0.97 M-ours-gmm32=0.85 R5-genie=0.05  [30 arm-trial exceptions recorded]
460/1344 done    D2_C1_S2_Nr8_T16_Tp2_dft_snr6_skip880_n40.npz  (691 s)  BLER16: R2-ours-G=0.40 R3-bigamp=0.65 R4-scvamp=0.75 M-ours-gmm32=0.42 R5-genie=0.00
461/1344 done    D2_C1_S2_Nr8_T16_Tp2_dft_snr9_skip800_n40.npz  (766 s)  BLER16: R2-ours-G=0.50 R3-bigamp=0.72 R4-scvamp=0.85 M-ours-gmm32=0.45 R5-genie=0.00
462/1344 done    D2_C1_S2_Nr8_T16_Tp2_dft_snr-3_skip880_n40.npz  (699 s)  BLER16: R2-ours-G=0.75 R3-bigamp=0.90 R4-scvamp=0.97 M-ours-gmm32=0.80 R5-genie=0.03  [19 arm-trial exceptions recorded]
463/1344 done    D2_C5_S2_Nr8_T16_Tp3_dft_snr6_skip760_n40.npz  (789 s)  BLER16: R2-ours-G=0.12 R3-bigamp=0.35 R4-scvamp=0.50 M-ours-gmm32=0.23 R5-genie=0.00
464/1344 done    D2_C1_S2_Nr8_T16_Tp2_dft_snr9_skip880_n40.npz  (697 s)  BLER16: R2-ours-G=0.38 R3-bigamp=0.70 R4-scvamp=0.88 M-ours-gmm32=0.53 R5-genie=0.00
465/1344 done    D2_C2_S2_Nr8_T16_Tp4_dft_snr12_skip1000_n40.npz  (609 s)  BLER16: R2-ours-G=0.00 R3-bigamp=0.03 R4-scvamp=0.07 M-ours-gmm32=0.03 R5-genie=0.00
466/1344 done    D2_C1_S2_Nr8_T16_Tp2_dft_snr0_skip920_n40.npz  (670 s)  BLER16: R2-ours-G=0.62 R3-bigamp=0.90 R4-scvamp=0.97 M-ours-gmm32=0.55 R5-genie=0.00
467/1344 done    D2_C1_S2_Nr8_T16_Tp2_dft_snr15_skip800_n40.npz  (769 s)  BLER16: R2-ours-G=0.28 R3-bigamp=0.80 R4-scvamp=0.85 M-ours-gmm32=0.35 R5-genie=0.00
468/1344 done    D2_C1_S2_Nr8_T16_Tp2_dft_snr6_skip920_n40.npz  (672 s)  BLER16: R2-ours-G=0.23 R3-bigamp=0.78 R4-scvamp=0.82 M-ours-gmm32=0.30 R5-genie=0.00
469/1344 done    D2_C2_S2_Nr8_T16_Tp4_dft_snr15_skip1000_n40.npz  (613 s)  BLER16: R2-ours-G=0.00 R3-bigamp=0.07 R4-scvamp=0.03 M-ours-gmm32=0.00 R5-genie=0.00
470/1344 done    D2_C2_S2_Nr8_T16_Tp4_dft_snr6_skip960_n40.npz  (651 s)  BLER16: R2-ours-G=0.03 R3-bigamp=0.00 R4-scvamp=0.07 M-ours-gmm32=0.00 R5-genie=0.00
471/1344 done    D2_C5_S2_Nr8_T16_Tp3_dft_snr9_skip880_n40.npz  (695 s)  BLER16: R2-ours-G=0.20 R3-bigamp=0.50 R4-scvamp=0.53 M-ours-gmm32=0.23 R5-genie=0.00
472/1344 done    D2_C2_S2_Nr8_T16_Tp4_dft_snr9_skip1000_n40.npz  (618 s)  BLER16: R2-ours-G=0.03 R3-bigamp=0.10 R4-scvamp=0.17 M-ours-gmm32=0.03 R5-genie=0.00
473/1344 done    D2_C5_S2_Nr8_T16_Tp3_dft_snr-3_skip800_n40.npz  (776 s)  BLER16: R2-ours-G=0.68 R3-bigamp=0.95 R4-scvamp=0.85 M-ours-gmm32=0.65 R5-genie=0.10
474/1344 done    D2_C5_S2_Nr8_T16_Tp3_dft_snr6_skip800_n40.npz  (771 s)  BLER16: R2-ours-G=0.10 R3-bigamp=0.28 R4-scvamp=0.55 M-ours-gmm32=0.17 R5-genie=0.00
475/1344 done    D2_C5_S2_Nr8_T16_Tp3_dft_snr0_skip880_n40.npz  (704 s)  BLER16: R2-ours-G=0.30 R3-bigamp=0.50 R4-scvamp=0.57 M-ours-gmm32=0.38 R5-genie=0.03
476/1344 done    D2_C2_S2_Nr8_T16_Tp4_dft_snr0_skip920_n40.npz  (694 s)  BLER16: R2-ours-G=0.05 R3-bigamp=0.15 R4-scvamp=0.23 M-ours-gmm32=0.10 R5-genie=0.00
477/1344 done    D2_C5_S2_Nr8_T16_Tp3_dft_snr9_skip840_n40.npz  (732 s)  BLER16: R2-ours-G=0.17 R3-bigamp=0.35 R4-scvamp=0.45 M-ours-gmm32=0.20 R5-genie=0.00
478/1344 done    D2_C2_S2_Nr8_T16_Tp4_dft_snr15_skip1040_n40.npz  (580 s)  BLER16: R2-ours-G=0.00 R3-bigamp=0.05 R4-scvamp=0.05 M-ours-gmm32=0.00 R5-genie=0.00
479/1344 done    D2_C5_S2_Nr8_T16_Tp3_dft_snr0_skip800_n40.npz  (787 s)  BLER16: R2-ours-G=0.38 R3-bigamp=0.57 R4-scvamp=0.68 M-ours-gmm32=0.28 R5-genie=0.00
480/1344 done    D2_C2_S2_Nr8_T16_Tp4_dft_snr3_skip1000_n40.npz  (638 s)  BLER16: R2-ours-G=0.03 R3-bigamp=0.05 R4-scvamp=0.15 M-ours-gmm32=0.05 R5-genie=0.00
481/1344 done    D2_C1_S2_Nr8_T16_Tp2_dft_snr3_skip800_n40.npz  (798 s)  BLER16: R2-ours-G=0.50 R3-bigamp=0.78 R4-scvamp=0.88 M-ours-gmm32=0.57 R5-genie=0.00
482/1344 done    D2_C1_S2_Nr8_T16_Tp2_dft_snr9_skip840_n40.npz  (762 s)  BLER16: R2-ours-G=0.38 R3-bigamp=0.65 R4-scvamp=0.80 M-ours-gmm32=0.38 R5-genie=0.00
483/1344 done    D2_C2_S2_Nr8_T16_Tp4_dft_snr6_skip1000_n40.npz  (647 s)  BLER16: R2-ours-G=0.03 R3-bigamp=0.03 R4-scvamp=0.10 M-ours-gmm32=0.03 R5-genie=0.00
484/1344 done    D2_C1_S2_Nr8_T16_Tp2_dft_snr15_skip920_n40.npz  (695 s)  BLER16: R2-ours-G=0.25 R3-bigamp=0.72 R4-scvamp=0.82 M-ours-gmm32=0.50 R5-genie=0.00
485/1344 done    D2_C5_S2_Nr8_T16_Tp3_dft_snr3_skip880_n40.npz  (721 s)  BLER16: R2-ours-G=0.33 R3-bigamp=0.62 R4-scvamp=0.68 M-ours-gmm32=0.33 R5-genie=0.05
486/1344 done    D2_C5_S2_Nr8_T16_Tp3_dft_snr12_skip840_n40.npz  (751 s)  BLER16: R2-ours-G=0.03 R3-bigamp=0.42 R4-scvamp=0.57 M-ours-gmm32=0.20 R5-genie=0.00
487/1344 done    D2_C1_S2_Nr8_T16_Tp2_dft_snr6_skip840_n40.npz  (774 s)  BLER16: R2-ours-G=0.45 R3-bigamp=0.70 R4-scvamp=0.88 M-ours-gmm32=0.40 R5-genie=0.00
488/1344 done    D2_C5_S2_Nr8_T16_Tp3_dft_snr6_skip920_n40.npz  (694 s)  BLER16: R2-ours-G=0.10 R3-bigamp=0.30 R4-scvamp=0.55 M-ours-gmm32=0.12 R5-genie=0.03
489/1344 done    D2_C5_S2_Nr8_T16_Tp3_dft_snr15_skip920_n40.npz  (688 s)  BLER16: R2-ours-G=0.15 R3-bigamp=0.38 R4-scvamp=0.62 M-ours-gmm32=0.12 R5-genie=0.00
490/1344 done    D2_C5_S2_Nr8_T16_Tp3_dft_snr12_skip880_n40.npz  (727 s)  BLER16: R2-ours-G=0.23 R3-bigamp=0.53 R4-scvamp=0.57 M-ours-gmm32=0.25 R5-genie=0.00
491/1344 done    D2_C1_S2_Nr8_T16_Tp2_dft_snr0_skip760_n40.npz  (859 s)  BLER16: R2-ours-G=0.55 R3-bigamp=0.93 R4-scvamp=0.85 M-ours-gmm32=0.53 R5-genie=0.03
492/1344 done    D2_C1_S2_Nr8_T16_Tp2_dft_snr6_skip960_n40.npz  (680 s)  BLER16: R2-ours-G=0.42 R3-bigamp=0.70 R4-scvamp=0.78 M-ours-gmm32=0.38 R5-genie=0.00
493/1344 done    D2_C1_S2_Nr8_T16_Tp2_dft_snr6_skip760_n40.npz  (851 s)  BLER16: R2-ours-G=0.40 R3-bigamp=0.65 R4-scvamp=0.75 M-ours-gmm32=0.40 R5-genie=0.00
494/1344 done    D2_C2_S2_Nr8_T16_Tp4_dft_snr6_skip1040_n40.npz  (619 s)  BLER16: R2-ours-G=0.03 R3-bigamp=0.05 R4-scvamp=0.07 M-ours-gmm32=0.03 R5-genie=0.00
495/1344 done    D2_C5_S2_Nr8_T16_Tp3_dft_snr0_skip840_n40.npz  (768 s)  BLER16: R2-ours-G=0.25 R3-bigamp=0.57 R4-scvamp=0.60 M-ours-gmm32=0.20 R5-genie=0.00
496/1344 done    D2_C2_S2_Nr8_T16_Tp4_dft_snr0_skip960_n40.npz  (691 s)  BLER16: R2-ours-G=0.05 R3-bigamp=0.12 R4-scvamp=0.25 M-ours-gmm32=0.07 R5-genie=0.05
497/1344 done    D2_C5_S2_Nr8_T16_Tp3_dft_snr3_skip840_n40.npz  (769 s)  BLER16: R2-ours-G=0.20 R3-bigamp=0.57 R4-scvamp=0.68 M-ours-gmm32=0.25 R5-genie=0.00
498/1344 done    D2_C5_S2_Nr8_T16_Tp3_dft_snr6_skip840_n40.npz  (770 s)  BLER16: R2-ours-G=0.20 R3-bigamp=0.47 R4-scvamp=0.60 M-ours-gmm32=0.23 R5-genie=0.00
499/1344 done    D2_C1_S2_Nr8_T16_Tp2_dft_snr0_skip880_n40.npz  (755 s)  BLER16: R2-ours-G=0.57 R3-bigamp=0.93 R4-scvamp=0.85 M-ours-gmm32=0.50 R5-genie=0.00
500/1344 done    D2_C1_S2_Nr8_T16_Tp2_dft_snr12_skip840_n40.npz  (789 s)  BLER16: R2-ours-G=0.50 R3-bigamp=0.78 R4-scvamp=0.90 M-ours-gmm32=0.53 R5-genie=0.00
501/1344 done    D2_C5_S2_Nr8_T16_Tp3_dft_snr3_skip960_n40.npz  (684 s)  BLER16: R2-ours-G=0.28 R3-bigamp=0.57 R4-scvamp=0.70 M-ours-gmm32=0.30 R5-genie=0.00
502/1344 done    D2_C5_S2_Nr8_T16_Tp3_dft_snr-3_skip840_n40.npz  (781 s)  BLER16: R2-ours-G=0.50 R3-bigamp=0.70 R4-scvamp=0.78 M-ours-gmm32=0.55 R5-genie=0.07
503/1344 done    D2_C1_S2_Nr8_T16_Tp2_dft_snr0_skip800_n40.npz  (835 s)  BLER16: R2-ours-G=0.60 R3-bigamp=0.93 R4-scvamp=0.90 M-ours-gmm32=0.62 R5-genie=0.00
504/1344 done    D2_C5_S2_Nr8_T16_Tp3_dft_snr-3_skip920_n40.npz  (727 s)  BLER16: R2-ours-G=0.72 R3-bigamp=0.93 R4-scvamp=0.93 M-ours-gmm32=0.70 R5-genie=0.07
505/1344 done    D2_C2_S2_Nr8_T16_Tp4_dft_snr9_skip1080_n40.npz  (547 s)  BLER16: R2-ours-G=0.00 R3-bigamp=0.05 R4-scvamp=0.07 M-ours-gmm32=0.00 R5-genie=0.00
506/1344 done    D2_C2_S2_Nr8_T16_Tp4_dft_snr3_skip1040_n40.npz  (643 s)  BLER16: R2-ours-G=0.07 R3-bigamp=0.07 R4-scvamp=0.10 M-ours-gmm32=0.07 R5-genie=0.00
507/1344 done    D2_C1_S2_Nr8_T16_Tp2_dft_snr3_skip880_n40.npz  (771 s)  BLER16: R2-ours-G=0.47 R3-bigamp=0.88 R4-scvamp=0.88 M-ours-gmm32=0.60 R5-genie=0.05
508/1344 done    D2_C2_S2_Nr8_T16_Tp4_dft_snr-3_skip1000_n40.npz  (688 s)  BLER16: R2-ours-G=0.40 R3-bigamp=0.50 R4-scvamp=0.55 M-ours-gmm32=0.38 R5-genie=0.05
509/1344 done    D2_C1_S2_Nr8_T16_Tp2_dft_snr-3_skip960_n40.npz  (710 s)  BLER16: R2-ours-G=0.78 R3-bigamp=0.97 R4-scvamp=0.93 M-ours-gmm32=0.82 R5-genie=0.03  [30 arm-trial exceptions recorded]
510/1344 done    D2_C2_S2_Nr8_T16_Tp4_dft_snr0_skip1000_n40.npz  (690 s)  BLER16: R2-ours-G=0.12 R3-bigamp=0.20 R4-scvamp=0.35 M-ours-gmm32=0.05 R5-genie=0.00
511/1344 done    D2_C1_S2_Nr8_T16_Tp2_dft_snr9_skip960_n40.npz  (709 s)  BLER16: R2-ours-G=0.45 R3-bigamp=0.80 R4-scvamp=0.85 M-ours-gmm32=0.47 R5-genie=0.00
512/1344 done    D2_C2_S2_Nr8_T16_Tp4_dft_snr12_skip960_n40.npz  (715 s)  BLER16: R2-ours-G=0.00 R3-bigamp=0.07 R4-scvamp=0.00 M-ours-gmm32=0.00 R5-genie=0.00
513/1344 done    D2_C1_S2_Nr8_T16_Tp2_dft_snr-3_skip1040_n40.npz  (639 s)  BLER16: R2-ours-G=0.88 R3-bigamp=0.95 R4-scvamp=0.95 M-ours-gmm32=0.90 R5-genie=0.07  [25 arm-trial exceptions recorded]
514/1344 done    D2_C1_S2_Nr8_T16_Tp2_dft_snr-3_skip920_n40.npz  (751 s)  BLER16: R2-ours-G=0.82 R3-bigamp=0.97 R4-scvamp=0.97 M-ours-gmm32=0.80 R5-genie=0.10  [16 arm-trial exceptions recorded]
515/1344 done    D2_C5_S2_Nr8_T16_Tp3_dft_snr0_skip920_n40.npz  (741 s)  BLER16: R2-ours-G=0.30 R3-bigamp=0.60 R4-scvamp=0.68 M-ours-gmm32=0.30 R5-genie=0.00
516/1344 done    D2_C1_S2_Nr8_T16_Tp2_dft_snr15_skip880_n40.npz  (777 s)  BLER16: R2-ours-G=0.28 R3-bigamp=0.78 R4-scvamp=0.88 M-ours-gmm32=0.35 R5-genie=0.00
517/1344 done    D2_C5_S2_Nr8_T16_Tp3_dft_snr9_skip920_n40.npz  (741 s)  BLER16: R2-ours-G=0.23 R3-bigamp=0.42 R4-scvamp=0.60 M-ours-gmm32=0.17 R5-genie=0.00
518/1344 done    D2_C5_S2_Nr8_T16_Tp3_dft_snr6_skip880_n40.npz  (776 s)  BLER16: R2-ours-G=0.17 R3-bigamp=0.40 R4-scvamp=0.65 M-ours-gmm32=0.25 R5-genie=0.00
519/1344 done    D2_C1_S2_Nr8_T16_Tp2_dft_snr12_skip920_n40.npz  (753 s)  BLER16: R2-ours-G=0.40 R3-bigamp=0.75 R4-scvamp=0.90 M-ours-gmm32=0.42 R5-genie=0.00
520/1344 done    D2_C5_S2_Nr8_T16_Tp3_dft_snr-3_skip880_n40.npz  (783 s)  BLER16: R2-ours-G=0.50 R3-bigamp=0.95 R4-scvamp=0.88 M-ours-gmm32=0.53 R5-genie=0.05
521/1344 done    D2_C1_S2_Nr8_T16_Tp2_dft_snr15_skip840_n40.npz  (824 s)  BLER16: R2-ours-G=0.38 R3-bigamp=0.75 R4-scvamp=0.90 M-ours-gmm32=0.45 R5-genie=0.00
522/1344 done    D2_C5_S2_Nr8_T16_Tp3_dft_snr3_skip920_n40.npz  (758 s)  BLER16: R2-ours-G=0.17 R3-bigamp=0.45 R4-scvamp=0.60 M-ours-gmm32=0.23 R5-genie=0.03
523/1344 done    D2_C1_S2_Nr8_T16_Tp2_dft_snr12_skip1000_n40.npz  (706 s)  BLER16: R2-ours-G=0.30 R3-bigamp=0.75 R4-scvamp=0.88 M-ours-gmm32=0.42 R5-genie=0.00
524/1344 done    D2_C1_S2_Nr8_T16_Tp2_dft_snr3_skip1000_n40.npz  (717 s)  BLER16: R2-ours-G=0.55 R3-bigamp=0.85 R4-scvamp=0.90 M-ours-gmm32=0.47 R5-genie=0.03
525/1344 done    D2_C1_S2_Nr8_T16_Tp2_dft_snr15_skip960_n40.npz  (748 s)  BLER16: R2-ours-G=0.45 R3-bigamp=0.93 R4-scvamp=0.97 M-ours-gmm32=0.42 R5-genie=0.00
526/1344 done    D2_C2_S2_Nr8_T16_Tp4_dft_snr-3_skip1040_n40.npz  (691 s)  BLER16: R2-ours-G=0.42 R3-bigamp=0.57 R4-scvamp=0.62 M-ours-gmm32=0.30 R5-genie=0.00
527/1344 done    D2_C2_S2_Nr8_T16_Tp4_dft_snr-3_skip960_n40.npz  (769 s)  BLER16: R2-ours-G=0.25 R3-bigamp=0.50 R4-scvamp=0.70 M-ours-gmm32=0.25 R5-genie=0.03
528/1344 done    D2_C1_S2_Nr8_T16_Tp2_dft_snr3_skip840_n40.npz  (861 s)  BLER16: R2-ours-G=0.53 R3-bigamp=0.93 R4-scvamp=0.82 M-ours-gmm32=0.60 R5-genie=0.03
529/1344 done    D2_C5_S2_Nr8_T16_Tp3_dft_snr6_skip960_n40.npz  (752 s)  BLER16: R2-ours-G=0.15 R3-bigamp=0.33 R4-scvamp=0.50 M-ours-gmm32=0.12 R5-genie=0.03
530/1344 done    D2_C1_S2_Nr8_T16_Tp2_dft_snr3_skip920_n40.npz  (795 s)  BLER16: R2-ours-G=0.38 R3-bigamp=0.70 R4-scvamp=0.85 M-ours-gmm32=0.42 R5-genie=0.00
531/1344 done    D2_C5_S2_Nr8_T16_Tp3_dft_snr-3_skip1000_n40.npz  (718 s)  BLER16: R2-ours-G=0.80 R3-bigamp=0.90 R4-scvamp=0.97 M-ours-gmm32=0.60 R5-genie=0.05
532/1344 done    D2_C2_S2_Nr8_T16_Tp4_dft_snr3_skip1080_n40.npz  (619 s)  BLER16: R2-ours-G=0.03 R3-bigamp=0.15 R4-scvamp=0.17 M-ours-gmm32=0.00 R5-genie=0.00
533/1344 done    D2_C2_S2_Nr8_T16_Tp4_dft_snr0_skip1040_n40.npz  (708 s)  BLER16: R2-ours-G=0.03 R3-bigamp=0.20 R4-scvamp=0.33 M-ours-gmm32=0.05 R5-genie=0.00
534/1344 done    D2_C5_S2_Nr8_T16_Tp3_dft_snr-3_skip960_n40.npz  (767 s)  BLER16: R2-ours-G=0.60 R3-bigamp=0.90 R4-scvamp=0.85 M-ours-gmm32=0.55 R5-genie=0.00
535/1344 done    D2_C2_S2_Nr8_T16_Tp4_dft_snr15_skip1080_n40.npz  (613 s)  BLER16: R2-ours-G=0.00 R3-bigamp=0.05 R4-scvamp=0.05 M-ours-gmm32=0.00 R5-genie=0.00
536/1344 done    D2_C2_S2_Nr8_T16_Tp4_dft_snr9_skip1040_n40.npz  (707 s)  BLER16: R2-ours-G=0.00 R3-bigamp=0.00 R4-scvamp=0.10 M-ours-gmm32=0.00 R5-genie=0.00
537/1344 done    D2_C1_S2_Nr8_T16_Tp2_dft_snr0_skip960_n40.npz  (783 s)  BLER16: R2-ours-G=0.65 R3-bigamp=0.85 R4-scvamp=0.88 M-ours-gmm32=0.57 R5-genie=0.03
538/1344 done    D2_C5_S2_Nr8_T16_Tp3_dft_snr6_skip1040_n40.npz  (680 s)  BLER16: R2-ours-G=0.25 R3-bigamp=0.40 R4-scvamp=0.53 M-ours-gmm32=0.20 R5-genie=0.00
539/1344 done    D2_C1_S2_Nr8_T16_Tp2_dft_snr0_skip1000_n40.npz  (752 s)  BLER16: R2-ours-G=0.75 R3-bigamp=0.88 R4-scvamp=0.85 M-ours-gmm32=0.57 R5-genie=0.00
540/1344 done    D2_C5_S2_Nr8_T16_Tp3_dft_snr9_skip960_n40.npz  (778 s)  BLER16: R2-ours-G=0.20 R3-bigamp=0.40 R4-scvamp=0.62 M-ours-gmm32=0.17 R5-genie=0.00
541/1344 done    D2_C5_S2_Nr8_T16_Tp3_dft_snr12_skip960_n40.npz  (783 s)  BLER16: R2-ours-G=0.12 R3-bigamp=0.17 R4-scvamp=0.45 M-ours-gmm32=0.12 R5-genie=0.00
542/1344 done    D2_C1_S2_Nr8_T16_Tp2_dft_snr12_skip960_n40.npz  (795 s)  BLER16: R2-ours-G=0.45 R3-bigamp=0.88 R4-scvamp=0.90 M-ours-gmm32=0.47 R5-genie=0.00
543/1344 done    D2_C5_S2_Nr8_T16_Tp3_dft_snr3_skip1000_n40.npz  (743 s)  BLER16: R2-ours-G=0.17 R3-bigamp=0.47 R4-scvamp=0.60 M-ours-gmm32=0.23 R5-genie=0.00
544/1344 done    D2_C5_S2_Nr8_T16_Tp3_dft_snr6_skip1000_n40.npz  (741 s)  BLER16: R2-ours-G=0.17 R3-bigamp=0.28 R4-scvamp=0.53 M-ours-gmm32=0.12 R5-genie=0.00
545/1344 done    D2_C1_S2_Nr8_T16_Tp2_dft_snr9_skip920_n40.npz  (829 s)  BLER16: R2-ours-G=0.38 R3-bigamp=0.70 R4-scvamp=0.82 M-ours-gmm32=0.47 R5-genie=0.00
546/1344 done    D2_C1_S2_Nr8_T16_Tp2_dft_snr3_skip1040_n40.npz  (721 s)  BLER16: R2-ours-G=0.45 R3-bigamp=0.75 R4-scvamp=0.78 M-ours-gmm32=0.47 R5-genie=0.00
547/1344 done    D2_C1_S2_Nr8_T16_Tp2_dft_snr9_skip1000_n40.npz  (769 s)  BLER16: R2-ours-G=0.45 R3-bigamp=0.78 R4-scvamp=0.85 M-ours-gmm32=0.42 R5-genie=0.00
548/1344 done    D2_C5_S2_Nr8_T16_Tp3_dft_snr0_skip960_n40.npz  (799 s)  BLER16: R2-ours-G=0.53 R3-bigamp=0.60 R4-scvamp=0.72 M-ours-gmm32=0.42 R5-genie=0.03
549/1344 done    D2_C5_S2_Nr8_T16_Tp3_dft_snr15_skip960_n40.npz  (792 s)  BLER16: R2-ours-G=0.20 R3-bigamp=0.42 R4-scvamp=0.70 M-ours-gmm32=0.23 R5-genie=0.00
550/1344 done    D2_C1_S2_Nr8_T16_Tp2_dft_snr3_skip960_n40.npz  (815 s)  BLER16: R2-ours-G=0.57 R3-bigamp=0.90 R4-scvamp=0.90 M-ours-gmm32=0.60 R5-genie=0.00
551/1344 done    D2_C5_S2_Nr8_T16_Tp3_dft_snr9_skip1000_n40.npz  (759 s)  BLER16: R2-ours-G=0.23 R3-bigamp=0.42 R4-scvamp=0.65 M-ours-gmm32=0.28 R5-genie=0.00
552/1344 done    D2_C1_S2_Nr8_T16_Tp2_dft_snr6_skip1000_n40.npz  (781 s)  BLER16: R2-ours-G=0.40 R3-bigamp=0.62 R4-scvamp=0.72 M-ours-gmm32=0.33 R5-genie=0.00
553/1344 done    D2_C5_S2_Nr8_T16_Tp3_dft_snr0_skip1040_n40.npz  (721 s)  BLER16: R2-ours-G=0.42 R3-bigamp=0.65 R4-scvamp=0.78 M-ours-gmm32=0.38 R5-genie=0.05
554/1344 done    D2_C2_S2_Nr8_T16_Tp4_dft_snr12_skip1080_n40.npz  (662 s)  BLER16: R2-ours-G=0.03 R3-bigamp=0.05 R4-scvamp=0.03 M-ours-gmm32=0.03 R5-genie=0.00
555/1344 done    D2_C2_S2_Nr8_T16_Tp4_dft_snr12_skip1040_n40.npz  (753 s)  BLER16: R2-ours-G=0.03 R3-bigamp=0.10 R4-scvamp=0.05 M-ours-gmm32=0.00 R5-genie=0.00
556/1344 done    D2_C5_S2_Nr8_T16_Tp3_dft_snr15_skip1040_n40.npz  (711 s)  BLER16: R2-ours-G=0.12 R3-bigamp=0.30 R4-scvamp=0.60 M-ours-gmm32=0.15 R5-genie=0.00
557/1344 done    D2_C5_S2_Nr8_T16_Tp3_dft_snr15_skip1000_n40.npz  (762 s)  BLER16: R2-ours-G=0.07 R3-bigamp=0.25 R4-scvamp=0.53 M-ours-gmm32=0.12 R5-genie=0.00
558/1344 done    D2_C1_S2_Nr8_T16_Tp2_dft_snr12_skip1040_n40.npz  (743 s)  BLER16: R2-ours-G=0.40 R3-bigamp=0.68 R4-scvamp=0.78 M-ours-gmm32=0.50 R5-genie=0.00
559/1344 done    D2_C5_S2_Nr8_T16_Tp3_dft_snr12_skip920_n40.npz  (844 s)  BLER16: R2-ours-G=0.17 R3-bigamp=0.35 R4-scvamp=0.60 M-ours-gmm32=0.20 R5-genie=0.00
560/1344 done    D2_C1_S2_Nr8_T16_Tp2_dft_snr15_skip1000_n40.npz  (784 s)  BLER16: R2-ours-G=0.35 R3-bigamp=0.80 R4-scvamp=0.90 M-ours-gmm32=0.40 R5-genie=0.00
561/1344 done    D2_C5_S2_Nr8_T16_Tp3_dft_snr9_skip1040_n40.npz  (728 s)  BLER16: R2-ours-G=0.15 R3-bigamp=0.23 R4-scvamp=0.55 M-ours-gmm32=0.15 R5-genie=0.00
562/1344 done    D2_C5_S2_Nr8_T16_Tp3_dft_snr12_skip1040_n40.npz  (731 s)  BLER16: R2-ours-G=0.12 R3-bigamp=0.47 R4-scvamp=0.53 M-ours-gmm32=0.23 R5-genie=0.00
563/1344 done    D2_C2_S2_Nr8_T16_Tp4_dft_snr6_skip1080_n40.npz  (688 s)  BLER16: R2-ours-G=0.00 R3-bigamp=0.05 R4-scvamp=0.07 M-ours-gmm32=0.00 R5-genie=0.03
564/1344 done    D2_C1_S2_Nr8_T16_Tp2_dft_snr6_skip1040_n40.npz  (772 s)  BLER16: R2-ours-G=0.55 R3-bigamp=0.80 R4-scvamp=0.90 M-ours-gmm32=0.38 R5-genie=0.00
565/1344 done    D2_C5_S2_Nr8_T16_Tp3_dft_snr0_skip1000_n40.npz  (807 s)  BLER16: R2-ours-G=0.20 R3-bigamp=0.68 R4-scvamp=0.62 M-ours-gmm32=0.25 R5-genie=0.00
566/1344 done    D2_C1_S2_Nr8_T16_Tp2_dft_snr-3_skip1000_n40.npz  (828 s)  BLER16: R2-ours-G=0.72 R3-bigamp=0.93 R4-scvamp=0.93 M-ours-gmm32=0.72 R5-genie=0.00  [26 arm-trial exceptions recorded]
567/1344 done    D2_C2_S2_Nr8_T16_Tp4_dft_snr0_skip1080_n40.npz  (734 s)  BLER16: R2-ours-G=0.12 R3-bigamp=0.20 R4-scvamp=0.23 M-ours-gmm32=0.07 R5-genie=0.00
568/1344 done    D2_C1_S2_Nr8_T16_Tp2_dft_snr0_skip1040_n40.npz  (787 s)  BLER16: R2-ours-G=0.78 R3-bigamp=0.88 R4-scvamp=0.93 M-ours-gmm32=0.70 R5-genie=0.03
569/1344 done    D2_C2_S2_Nr8_T16_Tp4_dft_snr-3_skip1080_n40.npz  (751 s)  BLER16: R2-ours-G=0.33 R3-bigamp=0.57 R4-scvamp=0.60 M-ours-gmm32=0.23 R5-genie=0.07
570/1344 done    D2_C5_S2_Nr8_T16_Tp3_dft_snr-3_skip1040_n40.npz  (776 s)  BLER16: R2-ours-G=0.57 R3-bigamp=0.80 R4-scvamp=0.90 M-ours-gmm32=0.62 R5-genie=0.00
571/1344 done    D2_C5_S2_Nr8_T16_Tp3_dft_snr3_skip1040_n40.npz  (798 s)  BLER16: R2-ours-G=0.10 R3-bigamp=0.40 R4-scvamp=0.50 M-ours-gmm32=0.23 R5-genie=0.00
572/1344 done    D2_C5_S2_Nr8_T16_Tp3_dft_snr12_skip1000_n40.npz  (843 s)  BLER16: R2-ours-G=0.05 R3-bigamp=0.25 R4-scvamp=0.53 M-ours-gmm32=0.25 R5-genie=0.00
573/1344 done    D2_C1_S2_Nr8_T16_Tp2_dft_snr9_skip1040_n40.npz  (837 s)  BLER16: R2-ours-G=0.40 R3-bigamp=0.75 R4-scvamp=0.88 M-ours-gmm32=0.55 R5-genie=0.00
574/1344 done    D2_C1_S2_Nr8_T16_Tp2_dft_snr0_skip1080_n40.npz  (709 s)  BLER16: R2-ours-G=0.68 R3-bigamp=0.88 R4-scvamp=0.90 M-ours-gmm32=0.70 R5-genie=0.05
575/1344 done    D2_C1_S2_Nr8_T16_Tp2_dft_snr15_skip1040_n40.npz  (852 s)  BLER16: R2-ours-G=0.25 R3-bigamp=0.68 R4-scvamp=0.85 M-ours-gmm32=0.33 R5-genie=0.00
576/1344 done    D2_C1_S2_Nr8_T16_Tp2_dft_snr-3_skip1080_n40.npz  (798 s)  BLER16: R2-ours-G=0.80 R3-bigamp=0.93 R4-scvamp=0.97 M-ours-gmm32=0.82 R5-genie=0.10  [22 arm-trial exceptions recorded]
577/1344 done    D2_C2_S2_Nr8_T16_Tp4_dft_snr6_skip1120_n40.npz  (567 s)  BLER16: R2-ours-G=0.00 R3-bigamp=0.03 R4-scvamp=0.00 M-ours-gmm32=0.00 R5-genie=0.00
578/1344 done    D2_C1_S2_Nr8_T16_Tp2_dft_snr3_skip1080_n40.npz  (759 s)  BLER16: R2-ours-G=0.53 R3-bigamp=0.80 R4-scvamp=0.80 M-ours-gmm32=0.47 R5-genie=0.00
579/1344 done    D2_C2_S2_Nr8_T16_Tp4_dft_snr9_skip1120_n40.npz  (619 s)  BLER16: R2-ours-G=0.00 R3-bigamp=0.05 R4-scvamp=0.03 M-ours-gmm32=0.00 R5-genie=0.00
580/1344 done    D2_C2_S2_Nr8_T16_Tp4_dft_snr0_skip1120_n40.npz  (639 s)  BLER16: R2-ours-G=0.10 R3-bigamp=0.35 R4-scvamp=0.30 M-ours-gmm32=0.10 R5-genie=0.00
581/1344 done    D2_C5_S2_Nr8_T16_Tp3_dft_snr12_skip1080_n40.npz  (665 s)  BLER16: R2-ours-G=0.17 R3-bigamp=0.42 R4-scvamp=0.47 M-ours-gmm32=0.15 R5-genie=0.03
582/1344 done    D2_C5_S2_Nr8_T16_Tp3_dft_snr0_skip1080_n40.npz  (688 s)  BLER16: R2-ours-G=0.33 R3-bigamp=0.68 R4-scvamp=0.65 M-ours-gmm32=0.33 R5-genie=0.00
583/1344 done    D2_C1_S2_Nr8_T16_Tp2_dft_snr12_skip1080_n40.npz  (699 s)  BLER16: R2-ours-G=0.35 R3-bigamp=0.75 R4-scvamp=0.93 M-ours-gmm32=0.38 R5-genie=0.00
584/1344 done    D2_C1_S2_Nr8_T16_Tp2_dft_snr15_skip1080_n40.npz  (699 s)  BLER16: R2-ours-G=0.40 R3-bigamp=0.78 R4-scvamp=0.97 M-ours-gmm32=0.42 R5-genie=0.00
585/1344 done    D2_C2_S2_Nr8_T16_Tp4_dft_snr3_skip1120_n40.npz  (667 s)  BLER16: R2-ours-G=0.00 R3-bigamp=0.05 R4-scvamp=0.07 M-ours-gmm32=0.00 R5-genie=0.00
586/1344 done    D2_C2_S2_Nr8_T16_Tp4_dft_snr9_skip1200_n40.npz  (551 s)  BLER16: R2-ours-G=0.03 R3-bigamp=0.00 R4-scvamp=0.07 M-ours-gmm32=0.00 R5-genie=0.00
587/1344 done    D2_C2_S2_Nr8_T16_Tp4_dft_snr12_skip1120_n40.npz  (657 s)  BLER16: R2-ours-G=0.03 R3-bigamp=0.10 R4-scvamp=0.05 M-ours-gmm32=0.00 R5-genie=0.00
588/1344 done    D2_C5_S2_Nr8_T16_Tp3_dft_snr15_skip1080_n40.npz  (700 s)  BLER16: R2-ours-G=0.17 R3-bigamp=0.42 R4-scvamp=0.57 M-ours-gmm32=0.30 R5-genie=0.00
589/1344 done    D2_C5_S2_Nr8_T16_Tp3_dft_snr6_skip1080_n40.npz  (706 s)  BLER16: R2-ours-G=0.15 R3-bigamp=0.47 R4-scvamp=0.60 M-ours-gmm32=0.25 R5-genie=0.00
590/1344 done    D2_C2_S2_Nr8_T16_Tp4_dft_snr6_skip1160_n40.npz  (608 s)  BLER16: R2-ours-G=0.03 R3-bigamp=0.10 R4-scvamp=0.10 M-ours-gmm32=0.03 R5-genie=0.00
591/1344 done    D2_C5_S2_Nr8_T16_Tp3_dft_snr-3_skip1080_n40.npz  (732 s)  BLER16: R2-ours-G=0.57 R3-bigamp=0.72 R4-scvamp=0.82 M-ours-gmm32=0.47 R5-genie=0.00
592/1344 done    D2_C2_S2_Nr8_T16_Tp4_dft_snr15_skip1200_n40.npz  (565 s)  BLER16: R2-ours-G=0.00 R3-bigamp=0.10 R4-scvamp=0.03 M-ours-gmm32=0.00 R5-genie=0.00
593/1344 done    D2_C2_S2_Nr8_T16_Tp4_dft_snr-3_skip1120_n40.npz  (704 s)  BLER16: R2-ours-G=0.30 R3-bigamp=0.55 R4-scvamp=0.62 M-ours-gmm32=0.28 R5-genie=0.05
594/1344 done    D2_C2_S2_Nr8_T16_Tp4_dft_snr0_skip1160_n40.npz  (623 s)  BLER16: R2-ours-G=0.07 R3-bigamp=0.12 R4-scvamp=0.38 M-ours-gmm32=0.10 R5-genie=0.00
595/1344 done    D2_C2_S2_Nr8_T16_Tp4_dft_snr15_skip1160_n40.npz  (619 s)  BLER16: R2-ours-G=0.00 R3-bigamp=0.05 R4-scvamp=0.03 M-ours-gmm32=0.00 R5-genie=0.00
596/1344 done    D2_C2_S2_Nr8_T16_Tp4_dft_snr15_skip1240_n40.npz  (540 s)  BLER16: R2-ours-G=0.03 R3-bigamp=0.05 R4-scvamp=0.07 M-ours-gmm32=0.03 R5-genie=0.00
597/1344 done    D2_C1_S2_Nr8_T16_Tp2_dft_snr9_skip1080_n40.npz  (767 s)  BLER16: R2-ours-G=0.28 R3-bigamp=0.70 R4-scvamp=0.68 M-ours-gmm32=0.45 R5-genie=0.00
598/1344 done    D2_C2_S2_Nr8_T16_Tp4_dft_snr0_skip1200_n40.npz  (600 s)  BLER16: R2-ours-G=0.10 R3-bigamp=0.17 R4-scvamp=0.30 M-ours-gmm32=0.10 R5-genie=0.00
599/1344 done    D2_C1_S2_Nr8_T16_Tp2_dft_snr0_skip1120_n40.npz  (695 s)  BLER16: R2-ours-G=0.50 R3-bigamp=0.80 R4-scvamp=0.80 M-ours-gmm32=0.55 R5-genie=0.03
600/1344 done    D2_C1_S2_Nr8_T16_Tp2_dft_snr6_skip1080_n40.npz  (791 s)  BLER16: R2-ours-G=0.40 R3-bigamp=0.72 R4-scvamp=0.72 M-ours-gmm32=0.33 R5-genie=0.00
601/1344 done    D2_C2_S2_Nr8_T16_Tp4_dft_snr15_skip1120_n40.npz  (709 s)  BLER16: R2-ours-G=0.00 R3-bigamp=0.07 R4-scvamp=0.03 M-ours-gmm32=0.00 R5-genie=0.00
602/1344 done    D2_C1_S2_Nr8_T16_Tp2_dft_snr9_skip1120_n40.npz  (689 s)  BLER16: R2-ours-G=0.47 R3-bigamp=0.88 R4-scvamp=0.80 M-ours-gmm32=0.53 R5-genie=0.00
603/1344 done    D2_C2_S2_Nr8_T16_Tp4_dft_snr6_skip1200_n40.npz  (609 s)  BLER16: R2-ours-G=0.05 R3-bigamp=0.17 R4-scvamp=0.12 M-ours-gmm32=0.03 R5-genie=0.00
604/1344 done    D2_C2_S2_Nr8_T16_Tp4_dft_snr12_skip1200_n40.npz  (608 s)  BLER16: R2-ours-G=0.00 R3-bigamp=0.05 R4-scvamp=0.00 M-ours-gmm32=0.00 R5-genie=0.00
605/1344 done    D2_C5_S2_Nr8_T16_Tp3_dft_snr3_skip1120_n40.npz  (684 s)  BLER16: R2-ours-G=0.25 R3-bigamp=0.40 R4-scvamp=0.62 M-ours-gmm32=0.28 R5-genie=0.00
606/1344 done    D2_C1_S2_Nr8_T16_Tp2_dft_snr3_skip1120_n40.npz  (710 s)  BLER16: R2-ours-G=0.50 R3-bigamp=0.80 R4-scvamp=0.80 M-ours-gmm32=0.42 R5-genie=0.03
607/1344 done    D2_C2_S2_Nr8_T16_Tp4_dft_snr9_skip1240_n40.npz  (581 s)  BLER16: R2-ours-G=0.03 R3-bigamp=0.05 R4-scvamp=0.07 M-ours-gmm32=0.05 R5-genie=0.00
608/1344 done    D2_C2_S2_Nr8_T16_Tp4_dft_snr12_skip1240_n40.npz  (578 s)  BLER16: R2-ours-G=0.03 R3-bigamp=0.10 R4-scvamp=0.05 M-ours-gmm32=0.03 R5-genie=0.00
609/1344 done    D2_C5_S2_Nr8_T16_Tp3_dft_snr12_skip1120_n40.npz  (686 s)  BLER16: R2-ours-G=0.12 R3-bigamp=0.35 R4-scvamp=0.60 M-ours-gmm32=0.20 R5-genie=0.00
610/1344 done    D2_C2_S2_Nr8_T16_Tp4_dft_snr3_skip1200_n40.npz  (629 s)  BLER16: R2-ours-G=0.03 R3-bigamp=0.07 R4-scvamp=0.17 M-ours-gmm32=0.00 R5-genie=0.00
611/1344 done    D2_C5_S2_Nr8_T16_Tp3_dft_snr-3_skip1120_n40.npz  (710 s)  BLER16: R2-ours-G=0.62 R3-bigamp=0.88 R4-scvamp=0.78 M-ours-gmm32=0.68 R5-genie=0.05
612/1344 done    D2_C2_S2_Nr8_T16_Tp4_dft_snr3_skip1160_n40.npz  (678 s)  BLER16: R2-ours-G=0.03 R3-bigamp=0.05 R4-scvamp=0.12 M-ours-gmm32=0.00 R5-genie=0.00
613/1344 done    D2_C1_S2_Nr8_T16_Tp2_dft_snr15_skip1120_n40.npz  (716 s)  BLER16: R2-ours-G=0.38 R3-bigamp=0.70 R4-scvamp=0.82 M-ours-gmm32=0.40 R5-genie=0.00
614/1344 done    D2_C2_S2_Nr8_T16_Tp4_dft_snr9_skip1160_n40.npz  (679 s)  BLER16: R2-ours-G=0.00 R3-bigamp=0.03 R4-scvamp=0.05 M-ours-gmm32=0.00 R5-genie=0.00
615/1344 done    D2_C5_S2_Nr8_T16_Tp3_dft_snr9_skip1080_n40.npz  (787 s)  BLER16: R2-ours-G=0.23 R3-bigamp=0.42 R4-scvamp=0.72 M-ours-gmm32=0.20 R5-genie=0.00
616/1344 done    D2_C2_S2_Nr8_T16_Tp4_dft_snr6_skip1240_n40.npz  (604 s)  BLER16: R2-ours-G=0.03 R3-bigamp=0.03 R4-scvamp=0.05 M-ours-gmm32=0.00 R5-genie=0.00
617/1344 done    D2_C1_S2_Nr8_T16_Tp2_dft_snr-3_skip1120_n40.npz  (752 s)  BLER16: R2-ours-G=0.85 R3-bigamp=0.90 R4-scvamp=0.97 M-ours-gmm32=0.82 R5-genie=0.00  [23 arm-trial exceptions recorded]
618/1344 done    D2_C2_S2_Nr8_T16_Tp4_dft_snr3_skip1240_n40.npz  (613 s)  BLER16: R2-ours-G=0.03 R3-bigamp=0.05 R4-scvamp=0.15 M-ours-gmm32=0.00 R5-genie=0.00
619/1344 done    D2_C1_S2_Nr8_T16_Tp2_dft_snr3_skip1160_n40.npz  (688 s)  BLER16: R2-ours-G=0.35 R3-bigamp=0.70 R4-scvamp=0.82 M-ours-gmm32=0.50 R5-genie=0.00
620/1344 done    D2_C2_S2_Nr8_T16_Tp4_dft_snr6_skip1280_n40.npz  (584 s)  BLER16: R2-ours-G=0.00 R3-bigamp=0.00 R4-scvamp=0.05 M-ours-gmm32=0.00 R5-genie=0.00
621/1344 done    D2_C5_S2_Nr8_T16_Tp3_dft_snr6_skip1120_n40.npz  (728 s)  BLER16: R2-ours-G=0.10 R3-bigamp=0.25 R4-scvamp=0.45 M-ours-gmm32=0.23 R5-genie=0.00
622/1344 done    D2_C2_S2_Nr8_T16_Tp4_dft_snr-3_skip1160_n40.npz  (716 s)  BLER16: R2-ours-G=0.30 R3-bigamp=0.50 R4-scvamp=0.60 M-ours-gmm32=0.30 R5-genie=0.05
623/1344 done    D2_C2_S2_Nr8_T16_Tp4_dft_snr12_skip1160_n40.npz  (702 s)  BLER16: R2-ours-G=0.03 R3-bigamp=0.05 R4-scvamp=0.03 M-ours-gmm32=0.00 R5-genie=0.00
624/1344 done    D2_C2_S2_Nr8_T16_Tp4_dft_snr0_skip1240_n40.npz  (629 s)  BLER16: R2-ours-G=0.05 R3-bigamp=0.15 R4-scvamp=0.30 M-ours-gmm32=0.07 R5-genie=0.00
625/1344 done    D2_C5_S2_Nr8_T16_Tp3_dft_snr6_skip1160_n40.npz  (689 s)  BLER16: R2-ours-G=0.25 R3-bigamp=0.45 R4-scvamp=0.65 M-ours-gmm32=0.28 R5-genie=0.00
626/1344 done    D2_C1_S2_Nr8_T16_Tp2_dft_snr6_skip1160_n40.npz  (704 s)  BLER16: R2-ours-G=0.55 R3-bigamp=0.72 R4-scvamp=0.82 M-ours-gmm32=0.62 R5-genie=0.00
627/1344 done    D2_C5_S2_Nr8_T16_Tp3_dft_snr9_skip1160_n40.npz  (693 s)  BLER16: R2-ours-G=0.20 R3-bigamp=0.47 R4-scvamp=0.75 M-ours-gmm32=0.17 R5-genie=0.00
628/1344 done    D2_C5_S2_Nr8_T16_Tp3_dft_snr0_skip1120_n40.npz  (758 s)  BLER16: R2-ours-G=0.40 R3-bigamp=0.53 R4-scvamp=0.62 M-ours-gmm32=0.25 R5-genie=0.05
629/1344 done    D2_C5_S2_Nr8_T16_Tp3_dft_snr0_skip1200_n40.npz  (662 s)  BLER16: R2-ours-G=0.38 R3-bigamp=0.68 R4-scvamp=0.65 M-ours-gmm32=0.45 R5-genie=0.03
630/1344 done    D2_C1_S2_Nr8_T16_Tp2_dft_snr-3_skip1160_n40.npz  (719 s)  BLER16: R2-ours-G=0.78 R3-bigamp=0.88 R4-scvamp=0.93 M-ours-gmm32=0.75 R5-genie=0.05  [25 arm-trial exceptions recorded]
631/1344 done    D2_C1_S2_Nr8_T16_Tp2_dft_snr6_skip1120_n40.npz  (786 s)  BLER16: R2-ours-G=0.42 R3-bigamp=0.68 R4-scvamp=0.82 M-ours-gmm32=0.33 R5-genie=0.00
632/1344 done    D2_C5_S2_Nr8_T16_Tp3_dft_snr9_skip1120_n40.npz  (768 s)  BLER16: R2-ours-G=0.07 R3-bigamp=0.33 R4-scvamp=0.53 M-ours-gmm32=0.23 R5-genie=0.00
633/1344 done    D2_C5_S2_Nr8_T16_Tp3_dft_snr3_skip1080_n40.npz  (869 s)  BLER16: R2-ours-G=0.15 R3-bigamp=0.47 R4-scvamp=0.55 M-ours-gmm32=0.25 R5-genie=0.03
634/1344 done    D2_C2_S2_Nr8_T16_Tp4_dft_snr3_skip1280_n40.npz  (631 s)  BLER16: R2-ours-G=0.03 R3-bigamp=0.10 R4-scvamp=0.10 M-ours-gmm32=0.03 R5-genie=0.00
635/1344 done    D2_C5_S2_Nr8_T16_Tp3_dft_snr15_skip1200_n40.npz  (674 s)  BLER16: R2-ours-G=0.20 R3-bigamp=0.47 R4-scvamp=0.47 M-ours-gmm32=0.17 R5-genie=0.00
636/1344 done    D2_C5_S2_Nr8_T16_Tp3_dft_snr6_skip1200_n40.npz  (677 s)  BLER16: R2-ours-G=0.20 R3-bigamp=0.28 R4-scvamp=0.50 M-ours-gmm32=0.23 R5-genie=0.00
637/1344 done    D2_C1_S2_Nr8_T16_Tp2_dft_snr0_skip1160_n40.npz  (741 s)  BLER16: R2-ours-G=0.72 R3-bigamp=0.97 R4-scvamp=0.93 M-ours-gmm32=0.72 R5-genie=0.03
638/1344 done    D2_C2_S2_Nr8_T16_Tp4_dft_snr-3_skip1240_n40.npz  (676 s)  BLER16: R2-ours-G=0.30 R3-bigamp=0.47 R4-scvamp=0.60 M-ours-gmm32=0.23 R5-genie=0.03
639/1344 done    D2_C2_S2_Nr8_T16_Tp4_dft_snr6_skip1320_n40.npz  (600 s)  BLER16: R2-ours-G=0.03 R3-bigamp=0.05 R4-scvamp=0.07 M-ours-gmm32=0.00 R5-genie=0.00
640/1344 done    D2_C2_S2_Nr8_T16_Tp4_dft_snr12_skip1280_n40.npz  (637 s)  BLER16: R2-ours-G=0.03 R3-bigamp=0.03 R4-scvamp=0.05 M-ours-gmm32=0.03 R5-genie=0.00
641/1344 done    D2_C2_S2_Nr8_T16_Tp4_dft_snr0_skip1280_n40.npz  (645 s)  BLER16: R2-ours-G=0.07 R3-bigamp=0.17 R4-scvamp=0.33 M-ours-gmm32=0.03 R5-genie=0.00
642/1344 done    D2_C1_S2_Nr8_T16_Tp2_dft_snr9_skip1160_n40.npz  (744 s)  BLER16: R2-ours-G=0.47 R3-bigamp=0.80 R4-scvamp=0.80 M-ours-gmm32=0.47 R5-genie=0.00
643/1344 done    D2_C2_S2_Nr8_T16_Tp4_dft_snr9_skip1280_n40.npz  (646 s)  BLER16: R2-ours-G=0.05 R3-bigamp=0.10 R4-scvamp=0.10 M-ours-gmm32=0.03 R5-genie=0.00
644/1344 done    D2_C5_S2_Nr8_T16_Tp3_dft_snr15_skip1120_n40.npz  (778 s)  BLER16: R2-ours-G=0.10 R3-bigamp=0.50 R4-scvamp=0.55 M-ours-gmm32=0.12 R5-genie=0.00
645/1344 done    D2_C5_S2_Nr8_T16_Tp3_dft_snr12_skip1200_n40.npz  (692 s)  BLER16: R2-ours-G=0.10 R3-bigamp=0.38 R4-scvamp=0.60 M-ours-gmm32=0.23 R5-genie=0.00
646/1344 done    D2_C5_S2_Nr8_T16_Tp3_dft_snr-3_skip1160_n40.npz  (750 s)  BLER16: R2-ours-G=0.78 R3-bigamp=0.90 R4-scvamp=0.97 M-ours-gmm32=0.68 R5-genie=0.03
647/1344 done    D2_C1_S2_Nr8_T16_Tp2_dft_snr0_skip1240_n40.npz  (682 s)  BLER16: R2-ours-G=0.50 R3-bigamp=0.90 R4-scvamp=0.88 M-ours-gmm32=0.55 R5-genie=0.03
648/1344 done    D2_C2_S2_Nr8_T16_Tp4_dft_snr12_skip1320_n40.npz  (620 s)  BLER16: R2-ours-G=0.03 R3-bigamp=0.10 R4-scvamp=0.12 M-ours-gmm32=0.00 R5-genie=0.00
649/1344 done    D2_C1_S2_Nr8_T16_Tp2_dft_snr12_skip1160_n40.npz  (764 s)  BLER16: R2-ours-G=0.35 R3-bigamp=0.78 R4-scvamp=0.90 M-ours-gmm32=0.38 R5-genie=0.00
650/1344 done    D2_C2_S2_Nr8_T16_Tp4_dft_snr15_skip1280_n40.npz  (659 s)  BLER16: R2-ours-G=0.00 R3-bigamp=0.05 R4-scvamp=0.05 M-ours-gmm32=0.00 R5-genie=0.00
651/1344 done    D2_C2_S2_Nr8_T16_Tp4_dft_snr-3_skip1200_n40.npz  (745 s)  BLER16: R2-ours-G=0.38 R3-bigamp=0.55 R4-scvamp=0.62 M-ours-gmm32=0.28 R5-genie=0.03
652/1344 done    D2_C5_S2_Nr8_T16_Tp3_dft_snr12_skip1160_n40.npz  (752 s)  BLER16: R2-ours-G=0.10 R3-bigamp=0.40 R4-scvamp=0.57 M-ours-gmm32=0.28 R5-genie=0.00
653/1344 done    D2_C5_S2_Nr8_T16_Tp3_dft_snr9_skip1200_n40.npz  (710 s)  BLER16: R2-ours-G=0.10 R3-bigamp=0.33 R4-scvamp=0.45 M-ours-gmm32=0.17 R5-genie=0.00
654/1344 done    D2_C5_S2_Nr8_T16_Tp3_dft_snr3_skip1160_n40.npz  (761 s)  BLER16: R2-ours-G=0.30 R3-bigamp=0.45 R4-scvamp=0.57 M-ours-gmm32=0.35 R5-genie=0.03
655/1344 done    D2_C2_S2_Nr8_T16_Tp4_dft_snr15_skip1360_n40.npz  (577 s)  BLER16: R2-ours-G=0.00 R3-bigamp=0.05 R4-scvamp=0.05 M-ours-gmm32=0.00 R5-genie=0.00
656/1344 done    D2_C1_S2_Nr8_T16_Tp2_dft_snr15_skip1160_n40.npz  (769 s)  BLER16: R2-ours-G=0.30 R3-bigamp=0.68 R4-scvamp=0.93 M-ours-gmm32=0.47 R5-genie=0.00
657/1344 done    D2_C2_S2_Nr8_T16_Tp4_dft_snr9_skip1320_n40.npz  (636 s)  BLER16: R2-ours-G=0.00 R3-bigamp=0.03 R4-scvamp=0.05 M-ours-gmm32=0.00 R5-genie=0.00
658/1344 done    D2_C1_S2_Nr8_T16_Tp2_dft_snr6_skip1200_n40.npz  (737 s)  BLER16: R2-ours-G=0.47 R3-bigamp=0.85 R4-scvamp=0.80 M-ours-gmm32=0.45 R5-genie=0.00
659/1344 done    D2_C5_S2_Nr8_T16_Tp3_dft_snr-3_skip1200_n40.npz  (740 s)  BLER16: R2-ours-G=0.55 R3-bigamp=0.78 R4-scvamp=0.80 M-ours-gmm32=0.57 R5-genie=0.05
660/1344 done    D2_C5_S2_Nr8_T16_Tp3_dft_snr3_skip1200_n40.npz  (737 s)  BLER16: R2-ours-G=0.25 R3-bigamp=0.57 R4-scvamp=0.62 M-ours-gmm32=0.30 R5-genie=0.03
661/1344 done    D2_C2_S2_Nr8_T16_Tp4_dft_snr3_skip1320_n40.npz  (648 s)  BLER16: R2-ours-G=0.00 R3-bigamp=0.07 R4-scvamp=0.10 M-ours-gmm32=0.00 R5-genie=0.00
662/1344 done    D2_C2_S2_Nr8_T16_Tp4_dft_snr-3_skip1280_n40.npz  (690 s)  BLER16: R2-ours-G=0.55 R3-bigamp=0.75 R4-scvamp=0.70 M-ours-gmm32=0.40 R5-genie=0.12
663/1344 done    D2_C1_S2_Nr8_T16_Tp2_dft_snr9_skip1240_n40.npz  (704 s)  BLER16: R2-ours-G=0.57 R3-bigamp=0.88 R4-scvamp=0.90 M-ours-gmm32=0.55 R5-genie=0.00
664/1344 done    D2_C5_S2_Nr8_T16_Tp3_dft_snr15_skip1160_n40.npz  (771 s)  BLER16: R2-ours-G=0.17 R3-bigamp=0.40 R4-scvamp=0.47 M-ours-gmm32=0.10 R5-genie=0.00
665/1344 done    D2_C1_S2_Nr8_T16_Tp2_dft_snr-3_skip1200_n40.npz  (754 s)  BLER16: R2-ours-G=0.78 R3-bigamp=0.93 R4-scvamp=0.88 M-ours-gmm32=0.80 R5-genie=0.00  [19 arm-trial exceptions recorded]
666/1344 done    D2_C1_S2_Nr8_T16_Tp2_dft_snr-3_skip1280_n40.npz  (681 s)  BLER16: R2-ours-G=0.68 R3-bigamp=0.85 R4-scvamp=0.90 M-ours-gmm32=0.70 R5-genie=0.03  [22 arm-trial exceptions recorded]
667/1344 done    D2_C5_S2_Nr8_T16_Tp3_dft_snr0_skip1160_n40.npz  (785 s)  BLER16: R2-ours-G=0.23 R3-bigamp=0.60 R4-scvamp=0.62 M-ours-gmm32=0.25 R5-genie=0.00
668/1344 done    D2_C5_S2_Nr8_T16_Tp3_dft_snr12_skip1240_n40.npz  (704 s)  BLER16: R2-ours-G=0.15 R3-bigamp=0.45 R4-scvamp=0.47 M-ours-gmm32=0.17 R5-genie=0.00
669/1344 done    D2_C5_S2_Nr8_T16_Tp3_dft_snr15_skip1240_n40.npz  (708 s)  BLER16: R2-ours-G=0.07 R3-bigamp=0.38 R4-scvamp=0.42 M-ours-gmm32=0.05 R5-genie=0.00
670/1344 done    D2_C2_S2_Nr8_T16_Tp4_dft_snr15_skip1320_n40.npz  (663 s)  BLER16: R2-ours-G=0.00 R3-bigamp=0.03 R4-scvamp=0.03 M-ours-gmm32=0.00 R5-genie=0.00
671/1344 done    D2_C5_S2_Nr8_T16_Tp3_dft_snr0_skip1240_n40.npz  (722 s)  BLER16: R2-ours-G=0.17 R3-bigamp=0.60 R4-scvamp=0.57 M-ours-gmm32=0.30 R5-genie=0.05
672/1344 done    D2_C5_S2_Nr8_T16_Tp3_dft_snr9_skip1240_n40.npz  (725 s)  BLER16: R2-ours-G=0.12 R3-bigamp=0.50 R4-scvamp=0.50 M-ours-gmm32=0.23 R5-genie=0.00
673/1344 done    D2_C5_S2_Nr8_T16_Tp3_dft_snr15_skip1280_n40.npz  (689 s)  BLER16: R2-ours-G=0.17 R3-bigamp=0.30 R4-scvamp=0.60 M-ours-gmm32=0.20 R5-genie=0.00
674/1344 done    D2_C2_S2_Nr8_T16_Tp4_dft_snr0_skip1360_n40.npz  (634 s)  BLER16: R2-ours-G=0.10 R3-bigamp=0.23 R4-scvamp=0.28 M-ours-gmm32=0.10 R5-genie=0.03
675/1344 done    D2_C1_S2_Nr8_T16_Tp2_dft_snr12_skip1200_n40.npz  (781 s)  BLER16: R2-ours-G=0.30 R3-bigamp=0.75 R4-scvamp=0.90 M-ours-gmm32=0.33 R5-genie=0.03
676/1344 done    D2_C1_S2_Nr8_T16_Tp2_dft_snr0_skip1200_n40.npz  (786 s)  BLER16: R2-ours-G=0.57 R3-bigamp=0.82 R4-scvamp=0.90 M-ours-gmm32=0.60 R5-genie=0.00
677/1344 done    D2_C1_S2_Nr8_T16_Tp2_dft_snr-3_skip1240_n40.npz  (752 s)  BLER16: R2-ours-G=0.85 R3-bigamp=1.00 R4-scvamp=1.00 M-ours-gmm32=0.78 R5-genie=0.03  [22 arm-trial exceptions recorded]
678/1344 done    D2_C1_S2_Nr8_T16_Tp2_dft_snr6_skip1280_n40.npz  (713 s)  BLER16: R2-ours-G=0.40 R3-bigamp=0.72 R4-scvamp=0.85 M-ours-gmm32=0.45 R5-genie=0.00
679/1344 done    D2_C2_S2_Nr8_T16_Tp4_dft_snr6_skip1360_n40.npz  (641 s)  BLER16: R2-ours-G=0.00 R3-bigamp=0.00 R4-scvamp=0.07 M-ours-gmm32=0.00 R5-genie=0.00
680/1344 done    D2_C2_S2_Nr8_T16_Tp4_dft_snr12_skip1400_n40.npz  (586 s)  BLER16: R2-ours-G=0.03 R3-bigamp=0.07 R4-scvamp=0.05 M-ours-gmm32=0.03 R5-genie=0.00
681/1344 done    D2_C2_S2_Nr8_T16_Tp4_dft_snr9_skip1360_n40.npz  (637 s)  BLER16: R2-ours-G=0.03 R3-bigamp=0.07 R4-scvamp=0.07 M-ours-gmm32=0.00 R5-genie=0.00
682/1344 done    D2_C1_S2_Nr8_T16_Tp2_dft_snr3_skip1200_n40.npz  (793 s)  BLER16: R2-ours-G=0.42 R3-bigamp=0.70 R4-scvamp=0.80 M-ours-gmm32=0.53 R5-genie=0.00
683/1344 done    D2_C2_S2_Nr8_T16_Tp4_dft_snr15_skip1400_n40.npz  (584 s)  BLER16: R2-ours-G=0.00 R3-bigamp=0.03 R4-scvamp=0.03 M-ours-gmm32=0.00 R5-genie=0.00
684/1344 done    D2_C1_S2_Nr8_T16_Tp2_dft_snr0_skip1280_n40.npz  (727 s)  BLER16: R2-ours-G=0.42 R3-bigamp=0.82 R4-scvamp=0.78 M-ours-gmm32=0.50 R5-genie=0.03
685/1344 done    D2_C1_S2_Nr8_T16_Tp2_dft_snr9_skip1280_n40.npz  (724 s)  BLER16: R2-ours-G=0.38 R3-bigamp=0.75 R4-scvamp=0.78 M-ours-gmm32=0.40 R5-genie=0.00
686/1344 done    D2_C5_S2_Nr8_T16_Tp3_dft_snr6_skip1280_n40.npz  (719 s)  BLER16: R2-ours-G=0.20 R3-bigamp=0.60 R4-scvamp=0.60 M-ours-gmm32=0.20 R5-genie=0.00
687/1344 done    D2_C1_S2_Nr8_T16_Tp2_dft_snr3_skip1280_n40.npz  (727 s)  BLER16: R2-ours-G=0.53 R3-bigamp=0.82 R4-scvamp=0.82 M-ours-gmm32=0.60 R5-genie=0.00
688/1344 done    D2_C5_S2_Nr8_T16_Tp3_dft_snr6_skip1240_n40.npz  (755 s)  BLER16: R2-ours-G=0.20 R3-bigamp=0.42 R4-scvamp=0.57 M-ours-gmm32=0.23 R5-genie=0.00
689/1344 done    D2_C2_S2_Nr8_T16_Tp4_dft_snr-3_skip1320_n40.npz  (718 s)  BLER16: R2-ours-G=0.20 R3-bigamp=0.53 R4-scvamp=0.60 M-ours-gmm32=0.23 R5-genie=0.00
690/1344 done    D2_C1_S2_Nr8_T16_Tp2_dft_snr-3_skip1320_n40.npz  (705 s)  BLER16: R2-ours-G=0.82 R3-bigamp=0.95 R4-scvamp=0.97 M-ours-gmm32=0.82 R5-genie=0.05  [23 arm-trial exceptions recorded]
691/1344 done    D2_C2_S2_Nr8_T16_Tp4_dft_snr-3_skip1360_n40.npz  (666 s)  BLER16: R2-ours-G=0.33 R3-bigamp=0.42 R4-scvamp=0.50 M-ours-gmm32=0.30 R5-genie=0.05
692/1344 done    D2_C1_S2_Nr8_T16_Tp2_dft_snr0_skip1320_n40.npz  (709 s)  BLER16: R2-ours-G=0.60 R3-bigamp=0.85 R4-scvamp=0.90 M-ours-gmm32=0.50 R5-genie=0.03
693/1344 done    D2_C1_S2_Nr8_T16_Tp2_dft_snr15_skip1240_n40.npz  (772 s)  BLER16: R2-ours-G=0.20 R3-bigamp=0.70 R4-scvamp=0.88 M-ours-gmm32=0.28 R5-genie=0.00
694/1344 done    D2_C2_S2_Nr8_T16_Tp4_dft_snr0_skip1320_n40.npz  (731 s)  BLER16: R2-ours-G=0.07 R3-bigamp=0.28 R4-scvamp=0.28 M-ours-gmm32=0.07 R5-genie=0.00
695/1344 done    D2_C5_S2_Nr8_T16_Tp3_dft_snr-3_skip1280_n40.npz  (749 s)  BLER16: R2-ours-G=0.57 R3-bigamp=0.85 R4-scvamp=0.80 M-ours-gmm32=0.65 R5-genie=0.10
696/1344 done    D2_C1_S2_Nr8_T16_Tp2_dft_snr9_skip1200_n40.npz  (831 s)  BLER16: R2-ours-G=0.45 R3-bigamp=0.80 R4-scvamp=0.90 M-ours-gmm32=0.47 R5-genie=0.00
697/1344 done    D2_C1_S2_Nr8_T16_Tp2_dft_snr9_skip1320_n40.npz  (731 s)  BLER16: R2-ours-G=0.42 R3-bigamp=0.78 R4-scvamp=0.80 M-ours-gmm32=0.38 R5-genie=0.00
698/1344 done    D2_C1_S2_Nr8_T16_Tp2_dft_snr12_skip1120_n40.npz  (942 s)  BLER16: R2-ours-G=0.25 R3-bigamp=0.70 R4-scvamp=0.88 M-ours-gmm32=0.42 R5-genie=0.00
699/1344 done    D2_C2_S2_Nr8_T16_Tp4_dft_snr0_skip1400_n40.npz  (654 s)  BLER16: R2-ours-G=0.10 R3-bigamp=0.20 R4-scvamp=0.25 M-ours-gmm32=0.10 R5-genie=0.03
700/1344 done    D2_C2_S2_Nr8_T16_Tp4_dft_snr6_skip1400_n40.npz  (648 s)  BLER16: R2-ours-G=0.03 R3-bigamp=0.00 R4-scvamp=0.05 M-ours-gmm32=0.03 R5-genie=0.00
701/1344 done    D2_C5_S2_Nr8_T16_Tp3_dft_snr15_skip1320_n40.npz  (718 s)  BLER16: R2-ours-G=0.07 R3-bigamp=0.35 R4-scvamp=0.55 M-ours-gmm32=0.12 R5-genie=0.00
702/1344 done    D2_C1_S2_Nr8_T16_Tp2_dft_snr3_skip1240_n40.npz  (815 s)  BLER16: R2-ours-G=0.50 R3-bigamp=0.82 R4-scvamp=0.85 M-ours-gmm32=0.53 R5-genie=0.00
703/1344 done    D2_C1_S2_Nr8_T16_Tp2_dft_snr15_skip1320_n40.npz  (746 s)  BLER16: R2-ours-G=0.38 R3-bigamp=0.80 R4-scvamp=0.95 M-ours-gmm32=0.45 R5-genie=0.00
704/1344 done    D2_C5_S2_Nr8_T16_Tp3_dft_snr-3_skip1320_n40.npz  (745 s)  BLER16: R2-ours-G=0.62 R3-bigamp=0.82 R4-scvamp=0.82 M-ours-gmm32=0.57 R5-genie=0.00
705/1344 done    D2_C1_S2_Nr8_T16_Tp2_dft_snr12_skip1320_n40.npz  (749 s)  BLER16: R2-ours-G=0.35 R3-bigamp=0.82 R4-scvamp=0.85 M-ours-gmm32=0.45 R5-genie=0.00
706/1344 done    D2_C5_S2_Nr8_T16_Tp3_dft_snr0_skip1320_n40.npz  (747 s)  BLER16: R2-ours-G=0.40 R3-bigamp=0.65 R4-scvamp=0.68 M-ours-gmm32=0.45 R5-genie=0.03
707/1344 done    D2_C5_S2_Nr8_T16_Tp3_dft_snr12_skip1320_n40.npz  (737 s)  BLER16: R2-ours-G=0.10 R3-bigamp=0.38 R4-scvamp=0.57 M-ours-gmm32=0.10 R5-genie=0.00
708/1344 done    D2_C1_S2_Nr8_T16_Tp2_dft_snr3_skip1360_n40.npz  (706 s)  BLER16: R2-ours-G=0.50 R3-bigamp=0.80 R4-scvamp=0.90 M-ours-gmm32=0.55 R5-genie=0.03
709/1344 done    D2_C1_S2_Nr8_T16_Tp2_dft_snr15_skip1280_n40.npz  (793 s)  BLER16: R2-ours-G=0.42 R3-bigamp=0.82 R4-scvamp=0.95 M-ours-gmm32=0.55 R5-genie=0.00
710/1344 done    D2_C1_S2_Nr8_T16_Tp2_dft_snr15_skip1200_n40.npz  (869 s)  BLER16: R2-ours-G=0.35 R3-bigamp=0.70 R4-scvamp=0.88 M-ours-gmm32=0.45 R5-genie=0.00
711/1344 done    D2_C1_S2_Nr8_T16_Tp2_dft_snr3_skip1320_n40.npz  (767 s)  BLER16: R2-ours-G=0.62 R3-bigamp=0.85 R4-scvamp=0.80 M-ours-gmm32=0.55 R5-genie=0.03
712/1344 done    D2_C2_S2_Nr8_T16_Tp4_dft_snr3_skip1360_n40.npz  (727 s)  BLER16: R2-ours-G=0.00 R3-bigamp=0.05 R4-scvamp=0.05 M-ours-gmm32=0.00 R5-genie=0.00
713/1344 done    D2_C2_S2_Nr8_T16_Tp4_dft_snr3_skip1400_n40.npz  (681 s)  BLER16: R2-ours-G=0.03 R3-bigamp=0.07 R4-scvamp=0.15 M-ours-gmm32=0.03 R5-genie=0.00
714/1344 done    D2_C2_S2_Nr8_T16_Tp4_dft_snr9_skip1400_n40.npz  (674 s)  BLER16: R2-ours-G=0.00 R3-bigamp=0.03 R4-scvamp=0.00 M-ours-gmm32=0.00 R5-genie=0.00
715/1344 done    D2_C1_S2_Nr8_T16_Tp2_dft_snr12_skip1240_n40.npz  (836 s)  BLER16: R2-ours-G=0.40 R3-bigamp=0.78 R4-scvamp=0.93 M-ours-gmm32=0.42 R5-genie=0.00
716/1344 done    D2_C1_S2_Nr8_T16_Tp2_dft_snr0_skip1360_n40.npz  (720 s)  BLER16: R2-ours-G=0.38 R3-bigamp=0.72 R4-scvamp=0.75 M-ours-gmm32=0.50 R5-genie=0.00
717/1344 done    D2_C5_S2_Nr8_T16_Tp3_dft_snr0_skip1360_n40.npz  (718 s)  BLER16: R2-ours-G=0.50 R3-bigamp=0.75 R4-scvamp=0.72 M-ours-gmm32=0.35 R5-genie=0.00
718/1344 done    D2_C5_S2_Nr8_T16_Tp3_dft_snr3_skip1280_n40.npz  (818 s)  BLER16: R2-ours-G=0.23 R3-bigamp=0.42 R4-scvamp=0.45 M-ours-gmm32=0.23 R5-genie=0.03
719/1344 done    D2_C1_S2_Nr8_T16_Tp2_dft_snr15_skip1360_n40.npz  (731 s)  BLER16: R2-ours-G=0.30 R3-bigamp=0.82 R4-scvamp=0.90 M-ours-gmm32=0.28 R5-genie=0.00
720/1344 done    D2_C5_S2_Nr8_T16_Tp3_dft_snr12_skip1360_n40.npz  (708 s)  BLER16: R2-ours-G=0.10 R3-bigamp=0.35 R4-scvamp=0.42 M-ours-gmm32=0.17 R5-genie=0.00
721/1344 done    D2_C2_S2_Nr8_T16_Tp4_dft_snr6_skip1440_n40.npz  (644 s)  BLER16: R2-ours-G=0.03 R3-bigamp=0.03 R4-scvamp=0.05 M-ours-gmm32=0.05 R5-genie=0.00
722/1344 done    D2_C5_S2_Nr8_T16_Tp3_dft_snr6_skip1320_n40.npz  (788 s)  BLER16: R2-ours-G=0.20 R3-bigamp=0.47 R4-scvamp=0.68 M-ours-gmm32=0.20 R5-genie=0.00
723/1344 done    D2_C2_S2_Nr8_T16_Tp4_dft_snr15_skip1440_n40.npz  (620 s)  BLER16: R2-ours-G=0.00 R3-bigamp=0.12 R4-scvamp=0.05 M-ours-gmm32=0.00 R5-genie=0.00
724/1344 done    D2_C1_S2_Nr8_T16_Tp2_dft_snr-3_skip1360_n40.npz  (758 s)  BLER16: R2-ours-G=0.85 R3-bigamp=0.95 R4-scvamp=0.95 M-ours-gmm32=0.80 R5-genie=0.05  [29 arm-trial exceptions recorded]
725/1344 done    D2_C1_S2_Nr8_T16_Tp2_dft_snr6_skip1360_n40.npz  (752 s)  BLER16: R2-ours-G=0.40 R3-bigamp=0.78 R4-scvamp=0.85 M-ours-gmm32=0.55 R5-genie=0.00
726/1344 done    D2_C2_S2_Nr8_T16_Tp4_dft_snr12_skip1360_n40.npz  (764 s)  BLER16: R2-ours-G=0.03 R3-bigamp=0.03 R4-scvamp=0.03 M-ours-gmm32=0.00 R5-genie=0.00
727/1344 done    D2_C2_S2_Nr8_T16_Tp4_dft_snr9_skip1440_n40.npz  (653 s)  BLER16: R2-ours-G=0.03 R3-bigamp=0.03 R4-scvamp=0.05 M-ours-gmm32=0.03 R5-genie=0.00
728/1344 done    D2_C1_S2_Nr8_T16_Tp2_dft_snr9_skip1360_n40.npz  (754 s)  BLER16: R2-ours-G=0.42 R3-bigamp=0.68 R4-scvamp=0.85 M-ours-gmm32=0.45 R5-genie=0.00
729/1344 done    D2_C1_S2_Nr8_T16_Tp2_dft_snr15_skip1400_n40.npz  (705 s)  BLER16: R2-ours-G=0.33 R3-bigamp=0.70 R4-scvamp=0.90 M-ours-gmm32=0.38 R5-genie=0.00
730/1344 done    D2_C1_S2_Nr8_T16_Tp2_dft_snr12_skip1280_n40.npz  (848 s)  BLER16: R2-ours-G=0.45 R3-bigamp=0.78 R4-scvamp=0.88 M-ours-gmm32=0.60 R5-genie=0.00
731/1344 done    D2_C5_S2_Nr8_T16_Tp3_dft_snr9_skip1360_n40.npz  (737 s)  BLER16: R2-ours-G=0.17 R3-bigamp=0.40 R4-scvamp=0.55 M-ours-gmm32=0.28 R5-genie=0.00
732/1344 done    D2_C2_S2_Nr8_T16_Tp4_dft_snr-3_skip1440_n40.npz  (676 s)  BLER16: R2-ours-G=0.10 R3-bigamp=0.45 R4-scvamp=0.53 M-ours-gmm32=0.03 R5-genie=0.00
733/1344 done    D2_C5_S2_Nr8_T16_Tp3_dft_snr6_skip1400_n40.npz  (707 s)  BLER16: R2-ours-G=0.25 R3-bigamp=0.40 R4-scvamp=0.40 M-ours-gmm32=0.12 R5-genie=0.00
734/1344 done    D2_C5_S2_Nr8_T16_Tp3_dft_snr6_skip1360_n40.npz  (751 s)  BLER16: R2-ours-G=0.10 R3-bigamp=0.38 R4-scvamp=0.68 M-ours-gmm32=0.17 R5-genie=0.00
735/1344 done    D2_C5_S2_Nr8_T16_Tp3_dft_snr9_skip1320_n40.npz  (819 s)  BLER16: R2-ours-G=0.12 R3-bigamp=0.33 R4-scvamp=0.60 M-ours-gmm32=0.20 R5-genie=0.00
736/1344 done    D2_C2_S2_Nr8_T16_Tp4_dft_snr12_skip1440_n40.npz  (676 s)  BLER16: R2-ours-G=0.03 R3-bigamp=0.05 R4-scvamp=0.05 M-ours-gmm32=0.03 R5-genie=0.03
737/1344 done    D2_C1_S2_Nr8_T16_Tp2_dft_snr-3_skip1400_n40.npz  (733 s)  BLER16: R2-ours-G=0.78 R3-bigamp=1.00 R4-scvamp=0.97 M-ours-gmm32=0.95 R5-genie=0.05  [27 arm-trial exceptions recorded]
738/1344 done    D2_C2_S2_Nr8_T16_Tp4_dft_snr-3_skip1400_n40.npz  (756 s)  BLER16: R2-ours-G=0.38 R3-bigamp=0.57 R4-scvamp=0.72 M-ours-gmm32=0.40 R5-genie=0.07
739/1344 done    D2_C1_S2_Nr8_T16_Tp2_dft_snr6_skip1320_n40.npz  (844 s)  BLER16: R2-ours-G=0.42 R3-bigamp=0.80 R4-scvamp=0.72 M-ours-gmm32=0.53 R5-genie=0.00
740/1344 done    D2_C1_S2_Nr8_T16_Tp2_dft_snr12_skip1360_n40.npz  (785 s)  BLER16: R2-ours-G=0.40 R3-bigamp=0.88 R4-scvamp=0.90 M-ours-gmm32=0.47 R5-genie=0.00
741/1344 done    D2_C5_S2_Nr8_T16_Tp3_dft_snr0_skip1280_n40.npz  (879 s)  BLER16: R2-ours-G=0.17 R3-bigamp=0.60 R4-scvamp=0.62 M-ours-gmm32=0.20 R5-genie=0.00
742/1344 done    D2_C5_S2_Nr8_T16_Tp3_dft_snr3_skip1240_n40.npz  (916 s)  BLER16: R2-ours-G=0.25 R3-bigamp=0.42 R4-scvamp=0.60 M-ours-gmm32=0.05 R5-genie=0.00
743/1344 done    D2_C5_S2_Nr8_T16_Tp3_dft_snr15_skip1400_n40.npz  (718 s)  BLER16: R2-ours-G=0.00 R3-bigamp=0.35 R4-scvamp=0.55 M-ours-gmm32=0.17 R5-genie=0.00
744/1344 done    D2_C5_S2_Nr8_T16_Tp3_dft_snr9_skip1280_n40.npz  (881 s)  BLER16: R2-ours-G=0.12 R3-bigamp=0.23 R4-scvamp=0.53 M-ours-gmm32=0.17 R5-genie=0.00
745/1344 done    D2_C5_S2_Nr8_T16_Tp3_dft_snr0_skip1400_n40.npz  (745 s)  BLER16: R2-ours-G=0.30 R3-bigamp=0.53 R4-scvamp=0.57 M-ours-gmm32=0.25 R5-genie=0.00
746/1344 done    D2_C5_S2_Nr8_T16_Tp3_dft_snr12_skip1400_n40.npz  (736 s)  BLER16: R2-ours-G=0.10 R3-bigamp=0.47 R4-scvamp=0.55 M-ours-gmm32=0.12 R5-genie=0.00
747/1344 done    D2_C1_S2_Nr8_T16_Tp2_dft_snr12_skip1400_n40.npz  (760 s)  BLER16: R2-ours-G=0.45 R3-bigamp=0.72 R4-scvamp=0.85 M-ours-gmm32=0.47 R5-genie=0.00
748/1344 done    D2_C5_S2_Nr8_T16_Tp3_dft_snr15_skip1360_n40.npz  (788 s)  BLER16: R2-ours-G=0.05 R3-bigamp=0.42 R4-scvamp=0.60 M-ours-gmm32=0.23 R5-genie=0.00
749/1344 done    D2_C1_S2_Nr8_T16_Tp2_dft_snr6_skip1400_n40.npz  (768 s)  BLER16: R2-ours-G=0.35 R3-bigamp=0.80 R4-scvamp=0.85 M-ours-gmm32=0.50 R5-genie=0.00
750/1344 done    D2_C1_S2_Nr8_T16_Tp2_dft_snr0_skip1400_n40.npz  (774 s)  BLER16: R2-ours-G=0.57 R3-bigamp=0.82 R4-scvamp=0.90 M-ours-gmm32=0.57 R5-genie=0.00
751/1344 done    D2_C5_S2_Nr8_T16_Tp3_dft_snr9_skip1400_n40.npz  (761 s)  BLER16: R2-ours-G=0.05 R3-bigamp=0.40 R4-scvamp=0.40 M-ours-gmm32=0.15 R5-genie=0.00
752/1344 done    D2_C1_S2_Nr8_T16_Tp2_dft_snr-3_skip1440_n40.npz  (700 s)  BLER16: R2-ours-G=0.93 R3-bigamp=0.93 R4-scvamp=0.95 M-ours-gmm32=0.82 R5-genie=0.07  [24 arm-trial exceptions recorded]
753/1344 done    D2_C5_S2_Nr8_T16_Tp3_dft_snr-3_skip1360_n40.npz  (824 s)  BLER16: R2-ours-G=0.60 R3-bigamp=0.80 R4-scvamp=0.88 M-ours-gmm32=0.60 R5-genie=0.00
754/1344 done    D2_C5_S2_Nr8_T16_Tp3_dft_snr3_skip1320_n40.npz  (885 s)  BLER16: R2-ours-G=0.17 R3-bigamp=0.45 R4-scvamp=0.68 M-ours-gmm32=0.30 R5-genie=0.03
755/1344 done    D2_C5_S2_Nr8_T16_Tp3_dft_snr-3_skip1240_n40.npz  (966 s)  BLER16: R2-ours-G=0.55 R3-bigamp=0.65 R4-scvamp=0.80 M-ours-gmm32=0.47 R5-genie=0.03
756/1344 done    D2_C5_S2_Nr8_T16_Tp3_dft_snr3_skip1400_n40.npz  (789 s)  BLER16: R2-ours-G=0.28 R3-bigamp=0.45 R4-scvamp=0.47 M-ours-gmm32=0.25 R5-genie=0.03
757/1344 done    D2_C2_S2_Nr8_T16_Tp4_dft_snr0_skip1440_n40.npz  (768 s)  BLER16: R2-ours-G=0.15 R3-bigamp=0.38 R4-scvamp=0.33 M-ours-gmm32=0.12 R5-genie=0.00
758/1344 done    D2_C1_S2_Nr8_T16_Tp2_dft_snr6_skip1240_n40.npz  (989 s)  BLER16: R2-ours-G=0.42 R3-bigamp=0.78 R4-scvamp=0.72 M-ours-gmm32=0.50 R5-genie=0.00
759/1344 done    D2_C5_S2_Nr8_T16_Tp3_dft_snr-3_skip1400_n40.npz  (822 s)  BLER16: R2-ours-G=0.70 R3-bigamp=0.78 R4-scvamp=0.88 M-ours-gmm32=0.57 R5-genie=0.05
760/1344 done    D2_C5_S2_Nr8_T16_Tp3_dft_snr3_skip1360_n40.npz  (871 s)  BLER16: R2-ours-G=0.33 R3-bigamp=0.53 R4-scvamp=0.65 M-ours-gmm32=0.23 R5-genie=0.00
761/1344 done    D2_C5_S2_Nr8_T16_Tp3_dft_snr12_skip1280_n40.npz  (972 s)  BLER16: R2-ours-G=0.10 R3-bigamp=0.25 R4-scvamp=0.42 M-ours-gmm32=0.12 R5-genie=0.00
762/1344 done    D2_C2_S2_Nr8_T16_Tp4_dft_snr3_skip1440_n40.npz  (807 s)  BLER16: R2-ours-G=0.05 R3-bigamp=0.12 R4-scvamp=0.15 M-ours-gmm32=0.05 R5-genie=0.00
763/1344 done    D2_C1_S2_Nr8_T16_Tp2_dft_snr3_skip1440_n40.npz  (750 s)  BLER16: R2-ours-G=0.42 R3-bigamp=0.80 R4-scvamp=0.70 M-ours-gmm32=0.53 R5-genie=0.00
764/1344 done    D2_C1_S2_Nr8_T16_Tp2_dft_snr6_skip1440_n40.npz  (780 s)  BLER16: R2-ours-G=0.47 R3-bigamp=0.78 R4-scvamp=0.82 M-ours-gmm32=0.65 R5-genie=0.00
765/1344 done    D2_C1_S2_Nr8_T16_Tp2_dft_snr9_skip1400_n40.npz  (920 s)  BLER16: R2-ours-G=0.53 R3-bigamp=0.80 R4-scvamp=0.90 M-ours-gmm32=0.38 R5-genie=0.03
766/1344 done    D2_C1_S2_Nr8_T16_Tp2_dft_snr9_skip1440_n40.npz  (753 s)  BLER16: R2-ours-G=0.42 R3-bigamp=0.78 R4-scvamp=0.88 M-ours-gmm32=0.60 R5-genie=0.00
767/1344 done    D2_C1_S2_Nr8_T16_Tp2_dft_snr3_skip1400_n40.npz  (934 s)  BLER16: R2-ours-G=0.42 R3-bigamp=0.72 R4-scvamp=0.90 M-ours-gmm32=0.55 R5-genie=0.00
768/1344 done    D2_C2_S2_Nr8_T16_Tp4_dft_snr3_skip1480_n40.npz  (601 s)  BLER16: R2-ours-G=0.00 R3-bigamp=0.07 R4-scvamp=0.15 M-ours-gmm32=0.00 R5-genie=0.00
769/1344 done    D2_C2_S2_Nr8_T16_Tp4_dft_snr15_skip1480_n40.npz  (597 s)  BLER16: R2-ours-G=0.00 R3-bigamp=0.05 R4-scvamp=0.10 M-ours-gmm32=0.00 R5-genie=0.00
770/1344 done    D2_C2_S2_Nr8_T16_Tp4_dft_snr6_skip1480_n40.npz  (614 s)  BLER16: R2-ours-G=0.00 R3-bigamp=0.00 R4-scvamp=0.15 M-ours-gmm32=0.03 R5-genie=0.00
