[run] M-ours-dscore: ABSENT -- no GATE-PASSING checkpoint (04_SPEC §5 gates GA-GD): no gate-passing checkpoint for D2; recorded PASS rows: none (searched conf/results/gate_D2.txt and LADDER.md)
[run] M-ours-dscore is NOT in this run.  The reason is written to every raw file as 'meta|dscore_status', so analysis.py reports its slot as BLOCKED / FAILED-VERIFICATION instead of quietly printing a table without it (01_RULES §6).
[run] Stage C arms ON (10_SPEC §3b/§3c): M-ours-dscore-C-{V0,V1,V4} + the mandatory GMM control M-ours-bstar-scalar, from /home/HTJ/t2/conf/ckpt/d2sx_N10000_a3.pt
[run] Stage C gate record: NO GATE RECORD mentions d2sx_N10000_a3.pt -- UNVERIFIED here.  (GA-GD are measurable on D1 only, 10_SPEC §5: a D2 re-train is qualified by its D1 sibling's gate row, which this string cannot prove.)
[run] D2 7 points x n=2560 -> 448 tasks on 192 workers (prior S2, cells ['C2'], chunk 40) -> /home/HTJ/t2/conf/raw_B1e4s3
1/448 done    D2_C2_S2_Nr8_T16_Tp4_dft_snr15_skip440_n40.npz  (522 s)  BLER16: R2-ours-G=0.00 R3-bigamp=0.03 R4-scvamp=0.00 M-ours-gmm32=0.00 R5-genie=0.00
2/448 done    D2_C2_S2_Nr8_T16_Tp4_dft_snr6_skip200_n40.npz  (538 s)  BLER16: R2-ours-G=0.03 R3-bigamp=0.03 R4-scvamp=0.05 M-ours-gmm32=0.03 R5-genie=0.00
3/448 done    D2_C2_S2_Nr8_T16_Tp4_dft_snr15_skip0_n40.npz  (558 s)  BLER16: R2-ours-G=0.00 R3-bigamp=0.05 R4-scvamp=0.00 M-ours-gmm32=0.00 R5-genie=0.00
4/448 done    D2_C2_S2_Nr8_T16_Tp4_dft_snr3_skip160_n40.npz  (571 s)  BLER16: R2-ours-G=0.03 R3-bigamp=0.05 R4-scvamp=0.10 M-ours-gmm32=0.00 R5-genie=0.00
5/448 done    D2_C2_S2_Nr8_T16_Tp4_dft_snr15_skip40_n40.npz  (578 s)  BLER16: R2-ours-G=0.00 R3-bigamp=0.12 R4-scvamp=0.05 M-ours-gmm32=0.00 R5-genie=0.00
6/448 done    D2_C2_S2_Nr8_T16_Tp4_dft_snr9_skip0_n40.npz  (580 s)  BLER16: R2-ours-G=0.00 R3-bigamp=0.00 R4-scvamp=0.05 M-ours-gmm32=0.00 R5-genie=0.00
7/448 done    D2_C2_S2_Nr8_T16_Tp4_dft_snr12_skip520_n40.npz  (586 s)  BLER16: R2-ours-G=0.03 R3-bigamp=0.03 R4-scvamp=0.05 M-ours-gmm32=0.00 R5-genie=0.00
8/448 done    D2_C2_S2_Nr8_T16_Tp4_dft_snr9_skip800_n40.npz  (591 s)  BLER16: R2-ours-G=0.00 R3-bigamp=0.05 R4-scvamp=0.07 M-ours-gmm32=0.00 R5-genie=0.00
9/448 done    D2_C2_S2_Nr8_T16_Tp4_dft_snr6_skip640_n40.npz  (592 s)  BLER16: R2-ours-G=0.05 R3-bigamp=0.12 R4-scvamp=0.12 M-ours-gmm32=0.07 R5-genie=0.00
10/448 done    D2_C2_S2_Nr8_T16_Tp4_dft_snr12_skip80_n40.npz  (592 s)  BLER16: R2-ours-G=0.03 R3-bigamp=0.00 R4-scvamp=0.05 M-ours-gmm32=0.03 R5-genie=0.00
11/448 done    D2_C2_S2_Nr8_T16_Tp4_dft_snr12_skip960_n40.npz  (593 s)  BLER16: R2-ours-G=0.00 R3-bigamp=0.07 R4-scvamp=0.00 M-ours-gmm32=0.00 R5-genie=0.00
12/448 done    D2_C2_S2_Nr8_T16_Tp4_dft_snr9_skip920_n40.npz  (593 s)  BLER16: R2-ours-G=0.00 R3-bigamp=0.07 R4-scvamp=0.05 M-ours-gmm32=0.00 R5-genie=0.00
13/448 done    D2_C2_S2_Nr8_T16_Tp4_dft_snr9_skip720_n40.npz  (595 s)  BLER16: R2-ours-G=0.00 R3-bigamp=0.00 R4-scvamp=0.03 M-ours-gmm32=0.00 R5-genie=0.00
14/448 done    D2_C2_S2_Nr8_T16_Tp4_dft_snr12_skip920_n40.npz  (596 s)  BLER16: R2-ours-G=0.00 R3-bigamp=0.00 R4-scvamp=0.00 M-ours-gmm32=0.00 R5-genie=0.00
15/448 done    D2_C2_S2_Nr8_T16_Tp4_dft_snr3_skip280_n40.npz  (596 s)  BLER16: R2-ours-G=0.05 R3-bigamp=0.10 R4-scvamp=0.25 M-ours-gmm32=0.07 R5-genie=0.03
16/448 done    D2_C2_S2_Nr8_T16_Tp4_dft_snr0_skip80_n40.npz  (597 s)  BLER16: R2-ours-G=0.17 R3-bigamp=0.25 R4-scvamp=0.33 M-ours-gmm32=0.10 R5-genie=0.00
17/448 done    D2_C2_S2_Nr8_T16_Tp4_dft_snr9_skip680_n40.npz  (597 s)  BLER16: R2-ours-G=0.00 R3-bigamp=0.03 R4-scvamp=0.10 M-ours-gmm32=0.03 R5-genie=0.00
18/448 done    D2_C2_S2_Nr8_T16_Tp4_dft_snr15_skip320_n40.npz  (599 s)  BLER16: R2-ours-G=0.03 R3-bigamp=0.05 R4-scvamp=0.07 M-ours-gmm32=0.00 R5-genie=0.00
19/448 done    D2_C2_S2_Nr8_T16_Tp4_dft_snr15_skip840_n40.npz  (599 s)  BLER16: R2-ours-G=0.00 R3-bigamp=0.03 R4-scvamp=0.03 M-ours-gmm32=0.00 R5-genie=0.00
20/448 done    D2_C2_S2_Nr8_T16_Tp4_dft_snr3_skip880_n40.npz  (600 s)  BLER16: R2-ours-G=0.00 R3-bigamp=0.00 R4-scvamp=0.10 M-ours-gmm32=0.00 R5-genie=0.00
21/448 done    D2_C2_S2_Nr8_T16_Tp4_dft_snr15_skip920_n40.npz  (600 s)  BLER16: R2-ours-G=0.00 R3-bigamp=0.05 R4-scvamp=0.03 M-ours-gmm32=0.00 R5-genie=0.00
22/448 done    D2_C2_S2_Nr8_T16_Tp4_dft_snr12_skip880_n40.npz  (601 s)  BLER16: R2-ours-G=0.00 R3-bigamp=0.03 R4-scvamp=0.00 M-ours-gmm32=0.00 R5-genie=0.00
23/448 done    D2_C2_S2_Nr8_T16_Tp4_dft_snr12_skip400_n40.npz  (602 s)  BLER16: R2-ours-G=0.03 R3-bigamp=0.03 R4-scvamp=0.07 M-ours-gmm32=0.00 R5-genie=0.00
24/448 done    D2_C2_S2_Nr8_T16_Tp4_dft_snr3_skip40_n40.npz  (602 s)  BLER16: R2-ours-G=0.00 R3-bigamp=0.03 R4-scvamp=0.20 M-ours-gmm32=0.00 R5-genie=0.00
25/448 done    D2_C2_S2_Nr8_T16_Tp4_dft_snr9_skip960_n40.npz  (602 s)  BLER16: R2-ours-G=0.03 R3-bigamp=0.03 R4-scvamp=0.07 M-ours-gmm32=0.00 R5-genie=0.00
26/448 done    D2_C2_S2_Nr8_T16_Tp4_dft_snr12_skip440_n40.npz  (603 s)  BLER16: R2-ours-G=0.00 R3-bigamp=0.05 R4-scvamp=0.05 M-ours-gmm32=0.00 R5-genie=0.00
27/448 done    D2_C2_S2_Nr8_T16_Tp4_dft_snr6_skip880_n40.npz  (603 s)  BLER16: R2-ours-G=0.03 R3-bigamp=0.07 R4-scvamp=0.07 M-ours-gmm32=0.00 R5-genie=0.00
28/448 done    D2_C2_S2_Nr8_T16_Tp4_dft_snr6_skip400_n40.npz  (603 s)  BLER16: R2-ours-G=0.05 R3-bigamp=0.12 R4-scvamp=0.10 M-ours-gmm32=0.05 R5-genie=0.05
29/448 done    D2_C2_S2_Nr8_T16_Tp4_dft_snr12_skip320_n40.npz  (603 s)  BLER16: R2-ours-G=0.00 R3-bigamp=0.05 R4-scvamp=0.07 M-ours-gmm32=0.00 R5-genie=0.00
30/448 done    D2_C2_S2_Nr8_T16_Tp4_dft_snr15_skip280_n40.npz  (604 s)  BLER16: R2-ours-G=0.00 R3-bigamp=0.03 R4-scvamp=0.00 M-ours-gmm32=0.00 R5-genie=0.00
31/448 done    D2_C2_S2_Nr8_T16_Tp4_dft_snr9_skip280_n40.npz  (604 s)  BLER16: R2-ours-G=0.00 R3-bigamp=0.07 R4-scvamp=0.07 M-ours-gmm32=0.00 R5-genie=0.00
32/448 done    D2_C2_S2_Nr8_T16_Tp4_dft_snr12_skip240_n40.npz  (604 s)  BLER16: R2-ours-G=0.00 R3-bigamp=0.07 R4-scvamp=0.05 M-ours-gmm32=0.00 R5-genie=0.00
33/448 done    D2_C2_S2_Nr8_T16_Tp4_dft_snr15_skip520_n40.npz  (604 s)  BLER16: R2-ours-G=0.03 R3-bigamp=0.03 R4-scvamp=0.03 M-ours-gmm32=0.00 R5-genie=0.00
34/448 done    D2_C2_S2_Nr8_T16_Tp4_dft_snr6_skip40_n40.npz  (605 s)  BLER16: R2-ours-G=0.03 R3-bigamp=0.05 R4-scvamp=0.10 M-ours-gmm32=0.03 R5-genie=0.00
35/448 done    D2_C2_S2_Nr8_T16_Tp4_dft_snr15_skip680_n40.npz  (606 s)  BLER16: R2-ours-G=0.00 R3-bigamp=0.03 R4-scvamp=0.03 M-ours-gmm32=0.00 R5-genie=0.00
36/448 done    D2_C2_S2_Nr8_T16_Tp4_dft_snr6_skip720_n40.npz  (606 s)  BLER16: R2-ours-G=0.03 R3-bigamp=0.12 R4-scvamp=0.17 M-ours-gmm32=0.03 R5-genie=0.03
37/448 done    D2_C2_S2_Nr8_T16_Tp4_dft_snr6_skip440_n40.npz  (606 s)  BLER16: R2-ours-G=0.03 R3-bigamp=0.03 R4-scvamp=0.12 M-ours-gmm32=0.03 R5-genie=0.00
38/448 done    D2_C2_S2_Nr8_T16_Tp4_dft_snr9_skip200_n40.npz  (606 s)  BLER16: R2-ours-G=0.00 R3-bigamp=0.07 R4-scvamp=0.17 M-ours-gmm32=0.00 R5-genie=0.00
39/448 done    D2_C2_S2_Nr8_T16_Tp4_dft_snr3_skip400_n40.npz  (607 s)  BLER16: R2-ours-G=0.03 R3-bigamp=0.07 R4-scvamp=0.17 M-ours-gmm32=0.05 R5-genie=0.00
40/448 done    D2_C2_S2_Nr8_T16_Tp4_dft_snr9_skip320_n40.npz  (607 s)  BLER16: R2-ours-G=0.00 R3-bigamp=0.03 R4-scvamp=0.03 M-ours-gmm32=0.00 R5-genie=0.00
41/448 done    D2_C2_S2_Nr8_T16_Tp4_dft_snr15_skip800_n40.npz  (607 s)  BLER16: R2-ours-G=0.00 R3-bigamp=0.07 R4-scvamp=0.00 M-ours-gmm32=0.00 R5-genie=0.00
42/448 done    D2_C2_S2_Nr8_T16_Tp4_dft_snr12_skip280_n40.npz  (607 s)  BLER16: R2-ours-G=0.00 R3-bigamp=0.03 R4-scvamp=0.07 M-ours-gmm32=0.00 R5-genie=0.00
43/448 done    D2_C2_S2_Nr8_T16_Tp4_dft_snr9_skip880_n40.npz  (607 s)  BLER16: R2-ours-G=0.00 R3-bigamp=0.05 R4-scvamp=0.05 M-ours-gmm32=0.00 R5-genie=0.00
44/448 done    D2_C2_S2_Nr8_T16_Tp4_dft_snr15_skip360_n40.npz  (607 s)  BLER16: R2-ours-G=0.00 R3-bigamp=0.03 R4-scvamp=0.03 M-ours-gmm32=0.00 R5-genie=0.00
45/448 done    D2_C2_S2_Nr8_T16_Tp4_dft_snr12_skip840_n40.npz  (607 s)  BLER16: R2-ours-G=0.03 R3-bigamp=0.07 R4-scvamp=0.07 M-ours-gmm32=0.00 R5-genie=0.00
46/448 done    D2_C2_S2_Nr8_T16_Tp4_dft_snr12_skip680_n40.npz  (607 s)  BLER16: R2-ours-G=0.03 R3-bigamp=0.10 R4-scvamp=0.07 M-ours-gmm32=0.03 R5-genie=0.00
47/448 done    D2_C2_S2_Nr8_T16_Tp4_dft_snr15_skip720_n40.npz  (609 s)  BLER16: R2-ours-G=0.03 R3-bigamp=0.05 R4-scvamp=0.05 M-ours-gmm32=0.03 R5-genie=0.03
48/448 done    D2_C2_S2_Nr8_T16_Tp4_dft_snr9_skip1000_n40.npz  (609 s)  BLER16: R2-ours-G=0.03 R3-bigamp=0.10 R4-scvamp=0.17 M-ours-gmm32=0.03 R5-genie=0.00
49/448 done    D2_C2_S2_Nr8_T16_Tp4_dft_snr15_skip880_n40.npz  (609 s)  BLER16: R2-ours-G=0.00 R3-bigamp=0.03 R4-scvamp=0.03 M-ours-gmm32=0.00 R5-genie=0.00
50/448 done    D2_C2_S2_Nr8_T16_Tp4_dft_snr12_skip120_n40.npz  (610 s)  BLER16: R2-ours-G=0.00 R3-bigamp=0.03 R4-scvamp=0.07 M-ours-gmm32=0.00 R5-genie=0.00
51/448 done    D2_C2_S2_Nr8_T16_Tp4_dft_snr12_skip0_n40.npz  (610 s)  BLER16: R2-ours-G=0.00 R3-bigamp=0.07 R4-scvamp=0.05 M-ours-gmm32=0.03 R5-genie=0.00
52/448 done    D2_C2_S2_Nr8_T16_Tp4_dft_snr12_skip800_n40.npz  (611 s)  BLER16: R2-ours-G=0.03 R3-bigamp=0.05 R4-scvamp=0.03 M-ours-gmm32=0.00 R5-genie=0.00
53/448 done    D2_C2_S2_Nr8_T16_Tp4_dft_snr6_skip760_n40.npz  (611 s)  BLER16: R2-ours-G=0.03 R3-bigamp=0.07 R4-scvamp=0.05 M-ours-gmm32=0.03 R5-genie=0.00
54/448 done    D2_C2_S2_Nr8_T16_Tp4_dft_snr15_skip560_n40.npz  (611 s)  BLER16: R2-ours-G=0.03 R3-bigamp=0.05 R4-scvamp=0.03 M-ours-gmm32=0.00 R5-genie=0.00
55/448 done    D2_C2_S2_Nr8_T16_Tp4_dft_snr15_skip200_n40.npz  (611 s)  BLER16: R2-ours-G=0.03 R3-bigamp=0.07 R4-scvamp=0.05 M-ours-gmm32=0.03 R5-genie=0.00
56/448 done    D2_C2_S2_Nr8_T16_Tp4_dft_snr12_skip720_n40.npz  (611 s)  BLER16: R2-ours-G=0.00 R3-bigamp=0.10 R4-scvamp=0.05 M-ours-gmm32=0.00 R5-genie=0.00
57/448 done    D2_C2_S2_Nr8_T16_Tp4_dft_snr3_skip0_n40.npz  (612 s)  BLER16: R2-ours-G=0.03 R3-bigamp=0.15 R4-scvamp=0.30 M-ours-gmm32=0.03 R5-genie=0.00
58/448 done    D2_C2_S2_Nr8_T16_Tp4_dft_snr6_skip960_n40.npz  (612 s)  BLER16: R2-ours-G=0.03 R3-bigamp=0.00 R4-scvamp=0.07 M-ours-gmm32=0.00 R5-genie=0.00
59/448 done    D2_C2_S2_Nr8_T16_Tp4_dft_snr3_skip920_n40.npz  (612 s)  BLER16: R2-ours-G=0.00 R3-bigamp=0.05 R4-scvamp=0.12 M-ours-gmm32=0.00 R5-genie=0.00
60/448 done    D2_C2_S2_Nr8_T16_Tp4_dft_snr3_skip720_n40.npz  (612 s)  BLER16: R2-ours-G=0.05 R3-bigamp=0.07 R4-scvamp=0.23 M-ours-gmm32=0.03 R5-genie=0.00
61/448 done    D2_C2_S2_Nr8_T16_Tp4_dft_snr6_skip520_n40.npz  (614 s)  BLER16: R2-ours-G=0.05 R3-bigamp=0.05 R4-scvamp=0.12 M-ours-gmm32=0.03 R5-genie=0.00
62/448 done    D2_C2_S2_Nr8_T16_Tp4_dft_snr9_skip400_n40.npz  (615 s)  BLER16: R2-ours-G=0.00 R3-bigamp=0.07 R4-scvamp=0.03 M-ours-gmm32=0.00 R5-genie=0.00
63/448 done    D2_C2_S2_Nr8_T16_Tp4_dft_snr3_skip520_n40.npz  (615 s)  BLER16: R2-ours-G=0.05 R3-bigamp=0.12 R4-scvamp=0.17 M-ours-gmm32=0.03 R5-genie=0.00
64/448 done    D2_C2_S2_Nr8_T16_Tp4_dft_snr15_skip160_n40.npz  (617 s)  BLER16: R2-ours-G=0.00 R3-bigamp=0.05 R4-scvamp=0.05 M-ours-gmm32=0.00 R5-genie=0.00
65/448 done    D2_C2_S2_Nr8_T16_Tp4_dft_snr0_skip920_n40.npz  (617 s)  BLER16: R2-ours-G=0.05 R3-bigamp=0.15 R4-scvamp=0.23 M-ours-gmm32=0.10 R5-genie=0.00
66/448 done    D2_C2_S2_Nr8_T16_Tp4_dft_snr9_skip360_n40.npz  (618 s)  BLER16: R2-ours-G=0.03 R3-bigamp=0.07 R4-scvamp=0.07 M-ours-gmm32=0.00 R5-genie=0.00
67/448 done    D2_C2_S2_Nr8_T16_Tp4_dft_snr3_skip680_n40.npz  (618 s)  BLER16: R2-ours-G=0.00 R3-bigamp=0.03 R4-scvamp=0.07 M-ours-gmm32=0.00 R5-genie=0.00
68/448 done    D2_C2_S2_Nr8_T16_Tp4_dft_snr15_skip640_n40.npz  (619 s)  BLER16: R2-ours-G=0.00 R3-bigamp=0.10 R4-scvamp=0.05 M-ours-gmm32=0.00 R5-genie=0.00
69/448 done    D2_C2_S2_Nr8_T16_Tp4_dft_snr0_skip680_n40.npz  (619 s)  BLER16: R2-ours-G=0.10 R3-bigamp=0.15 R4-scvamp=0.23 M-ours-gmm32=0.10 R5-genie=0.03
70/448 done    D2_C2_S2_Nr8_T16_Tp4_dft_snr3_skip320_n40.npz  (620 s)  BLER16: R2-ours-G=0.03 R3-bigamp=0.10 R4-scvamp=0.12 M-ours-gmm32=0.00 R5-genie=0.00
71/448 done    D2_C2_S2_Nr8_T16_Tp4_dft_snr0_skip960_n40.npz  (621 s)  BLER16: R2-ours-G=0.05 R3-bigamp=0.12 R4-scvamp=0.25 M-ours-gmm32=0.07 R5-genie=0.05
72/448 done    D2_C2_S2_Nr8_T16_Tp4_dft_snr3_skip440_n40.npz  (621 s)  BLER16: R2-ours-G=0.10 R3-bigamp=0.15 R4-scvamp=0.17 M-ours-gmm32=0.07 R5-genie=0.03
73/448 done    D2_C2_S2_Nr8_T16_Tp4_dft_snr0_skip280_n40.npz  (621 s)  BLER16: R2-ours-G=0.07 R3-bigamp=0.15 R4-scvamp=0.28 M-ours-gmm32=0.00 R5-genie=0.00
74/448 done    D2_C2_S2_Nr8_T16_Tp4_dft_snr15_skip120_n40.npz  (622 s)  BLER16: R2-ours-G=0.00 R3-bigamp=0.03 R4-scvamp=0.00 M-ours-gmm32=0.00 R5-genie=0.00
75/448 done    D2_C2_S2_Nr8_T16_Tp4_dft_snr15_skip400_n40.npz  (623 s)  BLER16: R2-ours-G=0.00 R3-bigamp=0.07 R4-scvamp=0.03 M-ours-gmm32=0.00 R5-genie=0.00
76/448 done    D2_C2_S2_Nr8_T16_Tp4_dft_snr0_skip720_n40.npz  (623 s)  BLER16: R2-ours-G=0.05 R3-bigamp=0.17 R4-scvamp=0.28 M-ours-gmm32=0.07 R5-genie=0.03
77/448 done    D2_C2_S2_Nr8_T16_Tp4_dft_snr0_skip200_n40.npz  (625 s)  BLER16: R2-ours-G=0.10 R3-bigamp=0.23 R4-scvamp=0.25 M-ours-gmm32=0.10 R5-genie=0.00
78/448 done    D2_C2_S2_Nr8_T16_Tp4_dft_snr9_skip1040_n40.npz  (624 s)  BLER16: R2-ours-G=0.00 R3-bigamp=0.00 R4-scvamp=0.10 M-ours-gmm32=0.00 R5-genie=0.00
79/448 done    D2_C2_S2_Nr8_T16_Tp4_dft_snr9_skip840_n40.npz  (624 s)  BLER16: R2-ours-G=0.00 R3-bigamp=0.07 R4-scvamp=0.05 M-ours-gmm32=0.00 R5-genie=0.00
80/448 done    D2_C2_S2_Nr8_T16_Tp4_dft_snr6_skip600_n40.npz  (625 s)  BLER16: R2-ours-G=0.03 R3-bigamp=0.05 R4-scvamp=0.12 M-ours-gmm32=0.05 R5-genie=0.00
81/448 done    D2_C2_S2_Nr8_T16_Tp4_dft_snr6_skip480_n40.npz  (625 s)  BLER16: R2-ours-G=0.03 R3-bigamp=0.00 R4-scvamp=0.05 M-ours-gmm32=0.03 R5-genie=0.00
82/448 done    D2_C2_S2_Nr8_T16_Tp4_dft_snr3_skip960_n40.npz  (626 s)  BLER16: R2-ours-G=0.05 R3-bigamp=0.10 R4-scvamp=0.17 M-ours-gmm32=0.05 R5-genie=0.00
83/448 done    D2_C2_S2_Nr8_T16_Tp4_dft_snr12_skip600_n40.npz  (627 s)  BLER16: R2-ours-G=0.03 R3-bigamp=0.12 R4-scvamp=0.05 M-ours-gmm32=0.03 R5-genie=0.00
84/448 done    D2_C2_S2_Nr8_T16_Tp4_dft_snr3_skip360_n40.npz  (627 s)  BLER16: R2-ours-G=0.07 R3-bigamp=0.12 R4-scvamp=0.17 M-ours-gmm32=0.05 R5-genie=0.00
85/448 done    D2_C2_S2_Nr8_T16_Tp4_dft_snr12_skip640_n40.npz  (628 s)  BLER16: R2-ours-G=0.03 R3-bigamp=0.05 R4-scvamp=0.05 M-ours-gmm32=0.03 R5-genie=0.00
86/448 done    D2_C2_S2_Nr8_T16_Tp4_dft_snr3_skip1080_n40.npz  (629 s)  BLER16: R2-ours-G=0.03 R3-bigamp=0.15 R4-scvamp=0.17 M-ours-gmm32=0.00 R5-genie=0.00
87/448 done    D2_C2_S2_Nr8_T16_Tp4_dft_snr-3_skip80_n40.npz  (629 s)  BLER16: R2-ours-G=0.38 R3-bigamp=0.68 R4-scvamp=0.65 M-ours-gmm32=0.38 R5-genie=0.07
88/448 done    D2_C2_S2_Nr8_T16_Tp4_dft_snr3_skip120_n40.npz  (629 s)  BLER16: R2-ours-G=0.05 R3-bigamp=0.03 R4-scvamp=0.10 M-ours-gmm32=0.03 R5-genie=0.00
89/448 done    D2_C2_S2_Nr8_T16_Tp4_dft_snr15_skip480_n40.npz  (629 s)  BLER16: R2-ours-G=0.00 R3-bigamp=0.05 R4-scvamp=0.00 M-ours-gmm32=0.00 R5-genie=0.00
90/448 done    D2_C2_S2_Nr8_T16_Tp4_dft_snr9_skip480_n40.npz  (630 s)  BLER16: R2-ours-G=0.03 R3-bigamp=0.07 R4-scvamp=0.03 M-ours-gmm32=0.03 R5-genie=0.00
91/448 done    D2_C2_S2_Nr8_T16_Tp4_dft_snr0_skip400_n40.npz  (631 s)  BLER16: R2-ours-G=0.07 R3-bigamp=0.33 R4-scvamp=0.25 M-ours-gmm32=0.10 R5-genie=0.05
92/448 done    D2_C2_S2_Nr8_T16_Tp4_dft_snr0_skip240_n40.npz  (632 s)  BLER16: R2-ours-G=0.07 R3-bigamp=0.17 R4-scvamp=0.53 M-ours-gmm32=0.05 R5-genie=0.03
93/448 done    D2_C2_S2_Nr8_T16_Tp4_dft_snr9_skip40_n40.npz  (631 s)  BLER16: R2-ours-G=0.00 R3-bigamp=0.00 R4-scvamp=0.00 M-ours-gmm32=0.00 R5-genie=0.00
94/448 done    D2_C2_S2_Nr8_T16_Tp4_dft_snr6_skip0_n40.npz  (632 s)  BLER16: R2-ours-G=0.03 R3-bigamp=0.05 R4-scvamp=0.05 M-ours-gmm32=0.05 R5-genie=0.00
95/448 done    D2_C2_S2_Nr8_T16_Tp4_dft_snr9_skip80_n40.npz  (633 s)  BLER16: R2-ours-G=0.00 R3-bigamp=0.03 R4-scvamp=0.03 M-ours-gmm32=0.00 R5-genie=0.00
96/448 done    D2_C2_S2_Nr8_T16_Tp4_dft_snr9_skip160_n40.npz  (633 s)  BLER16: R2-ours-G=0.03 R3-bigamp=0.03 R4-scvamp=0.05 M-ours-gmm32=0.00 R5-genie=0.00
97/448 done    D2_C2_S2_Nr8_T16_Tp4_dft_snr0_skip480_n40.npz  (634 s)  BLER16: R2-ours-G=0.12 R3-bigamp=0.23 R4-scvamp=0.42 M-ours-gmm32=0.12 R5-genie=0.00
98/448 done    D2_C2_S2_Nr8_T16_Tp4_dft_snr-3_skip120_n40.npz  (635 s)  BLER16: R2-ours-G=0.40 R3-bigamp=0.47 R4-scvamp=0.65 M-ours-gmm32=0.28 R5-genie=0.00
99/448 done    D2_C2_S2_Nr8_T16_Tp4_dft_snr9_skip520_n40.npz  (635 s)  BLER16: R2-ours-G=0.00 R3-bigamp=0.10 R4-scvamp=0.07 M-ours-gmm32=0.00 R5-genie=0.00
100/448 done    D2_C2_S2_Nr8_T16_Tp4_dft_snr12_skip40_n40.npz  (637 s)  BLER16: R2-ours-G=0.00 R3-bigamp=0.07 R4-scvamp=0.07 M-ours-gmm32=0.00 R5-genie=0.00
101/448 done    D2_C2_S2_Nr8_T16_Tp4_dft_snr15_skip240_n40.npz  (637 s)  BLER16: R2-ours-G=0.00 R3-bigamp=0.05 R4-scvamp=0.03 M-ours-gmm32=0.00 R5-genie=0.00
102/448 done    D2_C2_S2_Nr8_T16_Tp4_dft_snr12_skip360_n40.npz  (637 s)  BLER16: R2-ours-G=0.00 R3-bigamp=0.10 R4-scvamp=0.03 M-ours-gmm32=0.00 R5-genie=0.00
103/448 done    D2_C2_S2_Nr8_T16_Tp4_dft_snr-3_skip800_n40.npz  (637 s)  BLER16: R2-ours-G=0.23 R3-bigamp=0.55 R4-scvamp=0.62 M-ours-gmm32=0.23 R5-genie=0.00
104/448 done    D2_C2_S2_Nr8_T16_Tp4_dft_snr0_skip360_n40.npz  (638 s)  BLER16: R2-ours-G=0.03 R3-bigamp=0.15 R4-scvamp=0.23 M-ours-gmm32=0.03 R5-genie=0.00
105/448 done    D2_C2_S2_Nr8_T16_Tp4_dft_snr0_skip600_n40.npz  (639 s)  BLER16: R2-ours-G=0.10 R3-bigamp=0.15 R4-scvamp=0.17 M-ours-gmm32=0.10 R5-genie=0.00
106/448 done    D2_C2_S2_Nr8_T16_Tp4_dft_snr12_skip560_n40.npz  (639 s)  BLER16: R2-ours-G=0.00 R3-bigamp=0.05 R4-scvamp=0.07 M-ours-gmm32=0.00 R5-genie=0.00
107/448 done    D2_C2_S2_Nr8_T16_Tp4_dft_snr6_skip280_n40.npz  (639 s)  BLER16: R2-ours-G=0.05 R3-bigamp=0.03 R4-scvamp=0.10 M-ours-gmm32=0.00 R5-genie=0.00
108/448 done    D2_C2_S2_Nr8_T16_Tp4_dft_snr6_skip240_n40.npz  (640 s)  BLER16: R2-ours-G=0.03 R3-bigamp=0.10 R4-scvamp=0.07 M-ours-gmm32=0.00 R5-genie=0.00
109/448 done    D2_C2_S2_Nr8_T16_Tp4_dft_snr0_skip320_n40.npz  (641 s)  BLER16: R2-ours-G=0.15 R3-bigamp=0.30 R4-scvamp=0.35 M-ours-gmm32=0.12 R5-genie=0.00
110/448 done    D2_C2_S2_Nr8_T16_Tp4_dft_snr12_skip200_n40.npz  (641 s)  BLER16: R2-ours-G=0.00 R3-bigamp=0.05 R4-scvamp=0.05 M-ours-gmm32=0.00 R5-genie=0.00
111/448 done    D2_C2_S2_Nr8_T16_Tp4_dft_snr0_skip760_n40.npz  (641 s)  BLER16: R2-ours-G=0.23 R3-bigamp=0.30 R4-scvamp=0.40 M-ours-gmm32=0.20 R5-genie=0.03
112/448 done    D2_C2_S2_Nr8_T16_Tp4_dft_snr12_skip480_n40.npz  (641 s)  BLER16: R2-ours-G=0.00 R3-bigamp=0.03 R4-scvamp=0.03 M-ours-gmm32=0.00 R5-genie=0.00
113/448 done    D2_C2_S2_Nr8_T16_Tp4_dft_snr6_skip80_n40.npz  (641 s)  BLER16: R2-ours-G=0.05 R3-bigamp=0.05 R4-scvamp=0.10 M-ours-gmm32=0.05 R5-genie=0.00
114/448 done    D2_C2_S2_Nr8_T16_Tp4_dft_snr15_skip960_n40.npz  (642 s)  BLER16: R2-ours-G=0.00 R3-bigamp=0.03 R4-scvamp=0.03 M-ours-gmm32=0.00 R5-genie=0.00
115/448 done    D2_C2_S2_Nr8_T16_Tp4_dft_snr9_skip600_n40.npz  (644 s)  BLER16: R2-ours-G=0.05 R3-bigamp=0.15 R4-scvamp=0.12 M-ours-gmm32=0.05 R5-genie=0.03
116/448 done    D2_C2_S2_Nr8_T16_Tp4_dft_snr3_skip480_n40.npz  (646 s)  BLER16: R2-ours-G=0.07 R3-bigamp=0.07 R4-scvamp=0.10 M-ours-gmm32=0.07 R5-genie=0.00
117/448 done    D2_C2_S2_Nr8_T16_Tp4_dft_snr0_skip40_n40.npz  (646 s)  BLER16: R2-ours-G=0.07 R3-bigamp=0.25 R4-scvamp=0.20 M-ours-gmm32=0.10 R5-genie=0.00
118/448 done    D2_C2_S2_Nr8_T16_Tp4_dft_snr3_skip560_n40.npz  (647 s)  BLER16: R2-ours-G=0.03 R3-bigamp=0.07 R4-scvamp=0.15 M-ours-gmm32=0.03 R5-genie=0.00
119/448 done    D2_C2_S2_Nr8_T16_Tp4_dft_snr9_skip240_n40.npz  (647 s)  BLER16: R2-ours-G=0.00 R3-bigamp=0.00 R4-scvamp=0.07 M-ours-gmm32=0.00 R5-genie=0.00
120/448 done    D2_C2_S2_Nr8_T16_Tp4_dft_snr9_skip120_n40.npz  (647 s)  BLER16: R2-ours-G=0.03 R3-bigamp=0.12 R4-scvamp=0.17 M-ours-gmm32=0.00 R5-genie=0.00
121/448 done    D2_C2_S2_Nr8_T16_Tp4_dft_snr15_skip600_n40.npz  (648 s)  BLER16: R2-ours-G=0.00 R3-bigamp=0.03 R4-scvamp=0.00 M-ours-gmm32=0.00 R5-genie=0.03
122/448 done    D2_C2_S2_Nr8_T16_Tp4_dft_snr15_skip1000_n40.npz  (648 s)  BLER16: R2-ours-G=0.00 R3-bigamp=0.07 R4-scvamp=0.03 M-ours-gmm32=0.00 R5-genie=0.00
123/448 done    D2_C2_S2_Nr8_T16_Tp4_dft_snr9_skip560_n40.npz  (648 s)  BLER16: R2-ours-G=0.00 R3-bigamp=0.10 R4-scvamp=0.10 M-ours-gmm32=0.00 R5-genie=0.00
124/448 done    D2_C2_S2_Nr8_T16_Tp4_dft_snr9_skip440_n40.npz  (650 s)  BLER16: R2-ours-G=0.00 R3-bigamp=0.00 R4-scvamp=0.00 M-ours-gmm32=0.00 R5-genie=0.00
125/448 done    D2_C2_S2_Nr8_T16_Tp4_dft_snr12_skip760_n40.npz  (650 s)  BLER16: R2-ours-G=0.00 R3-bigamp=0.00 R4-scvamp=0.05 M-ours-gmm32=0.00 R5-genie=0.00
126/448 done    D2_C2_S2_Nr8_T16_Tp4_dft_snr12_skip1040_n40.npz  (650 s)  BLER16: R2-ours-G=0.03 R3-bigamp=0.10 R4-scvamp=0.05 M-ours-gmm32=0.00 R5-genie=0.00
127/448 done    D2_C2_S2_Nr8_T16_Tp4_dft_snr6_skip560_n40.npz  (652 s)  BLER16: R2-ours-G=0.03 R3-bigamp=0.07 R4-scvamp=0.10 M-ours-gmm32=0.05 R5-genie=0.00
128/448 done    D2_C2_S2_Nr8_T16_Tp4_dft_snr9_skip640_n40.npz  (652 s)  BLER16: R2-ours-G=0.00 R3-bigamp=0.05 R4-scvamp=0.07 M-ours-gmm32=0.00 R5-genie=0.00
129/448 done    D2_C2_S2_Nr8_T16_Tp4_dft_snr3_skip760_n40.npz  (652 s)  BLER16: R2-ours-G=0.05 R3-bigamp=0.12 R4-scvamp=0.15 M-ours-gmm32=0.03 R5-genie=0.03
130/448 done    D2_C2_S2_Nr8_T16_Tp4_dft_snr0_skip1040_n40.npz  (653 s)  BLER16: R2-ours-G=0.03 R3-bigamp=0.20 R4-scvamp=0.33 M-ours-gmm32=0.05 R5-genie=0.00
131/448 done    D2_C2_S2_Nr8_T16_Tp4_dft_snr0_skip0_n40.npz  (653 s)  BLER16: R2-ours-G=0.10 R3-bigamp=0.25 R4-scvamp=0.38 M-ours-gmm32=0.15 R5-genie=0.03
132/448 done    D2_C2_S2_Nr8_T16_Tp4_dft_snr12_skip1000_n40.npz  (653 s)  BLER16: R2-ours-G=0.00 R3-bigamp=0.03 R4-scvamp=0.07 M-ours-gmm32=0.03 R5-genie=0.00
133/448 done    D2_C2_S2_Nr8_T16_Tp4_dft_snr0_skip640_n40.npz  (653 s)  BLER16: R2-ours-G=0.05 R3-bigamp=0.17 R4-scvamp=0.33 M-ours-gmm32=0.07 R5-genie=0.00
134/448 done    D2_C2_S2_Nr8_T16_Tp4_dft_snr6_skip160_n40.npz  (654 s)  BLER16: R2-ours-G=0.00 R3-bigamp=0.03 R4-scvamp=0.10 M-ours-gmm32=0.00 R5-genie=0.00
135/448 done    D2_C2_S2_Nr8_T16_Tp4_dft_snr3_skip1000_n40.npz  (655 s)  BLER16: R2-ours-G=0.03 R3-bigamp=0.05 R4-scvamp=0.15 M-ours-gmm32=0.05 R5-genie=0.00
136/448 done    D2_C2_S2_Nr8_T16_Tp4_dft_snr-3_skip720_n40.npz  (656 s)  BLER16: R2-ours-G=0.20 R3-bigamp=0.57 R4-scvamp=0.57 M-ours-gmm32=0.17 R5-genie=0.03
137/448 done    D2_C2_S2_Nr8_T16_Tp4_dft_snr6_skip1000_n40.npz  (656 s)  BLER16: R2-ours-G=0.03 R3-bigamp=0.03 R4-scvamp=0.10 M-ours-gmm32=0.03 R5-genie=0.00
138/448 done    D2_C2_S2_Nr8_T16_Tp4_dft_snr0_skip840_n40.npz  (656 s)  BLER16: R2-ours-G=0.10 R3-bigamp=0.25 R4-scvamp=0.28 M-ours-gmm32=0.07 R5-genie=0.00
139/448 done    D2_C2_S2_Nr8_T16_Tp4_dft_snr0_skip1080_n40.npz  (657 s)  BLER16: R2-ours-G=0.12 R3-bigamp=0.20 R4-scvamp=0.23 M-ours-gmm32=0.07 R5-genie=0.00
140/448 done    D2_C2_S2_Nr8_T16_Tp4_dft_snr15_skip760_n40.npz  (658 s)  BLER16: R2-ours-G=0.00 R3-bigamp=0.05 R4-scvamp=0.05 M-ours-gmm32=0.00 R5-genie=0.00
141/448 done    D2_C2_S2_Nr8_T16_Tp4_dft_snr0_skip440_n40.npz  (658 s)  BLER16: R2-ours-G=0.07 R3-bigamp=0.12 R4-scvamp=0.50 M-ours-gmm32=0.05 R5-genie=0.00
142/448 done    D2_C2_S2_Nr8_T16_Tp4_dft_snr3_skip640_n40.npz  (658 s)  BLER16: R2-ours-G=0.03 R3-bigamp=0.15 R4-scvamp=0.17 M-ours-gmm32=0.00 R5-genie=0.00
143/448 done    D2_C2_S2_Nr8_T16_Tp4_dft_snr0_skip560_n40.npz  (659 s)  BLER16: R2-ours-G=0.15 R3-bigamp=0.33 R4-scvamp=0.38 M-ours-gmm32=0.07 R5-genie=0.00
144/448 done    D2_C2_S2_Nr8_T16_Tp4_dft_snr0_skip520_n40.npz  (660 s)  BLER16: R2-ours-G=0.03 R3-bigamp=0.12 R4-scvamp=0.25 M-ours-gmm32=0.05 R5-genie=0.00
145/448 done    D2_C2_S2_Nr8_T16_Tp4_dft_snr6_skip320_n40.npz  (660 s)  BLER16: R2-ours-G=0.00 R3-bigamp=0.05 R4-scvamp=0.12 M-ours-gmm32=0.00 R5-genie=0.00
146/448 done    D2_C2_S2_Nr8_T16_Tp4_dft_snr3_skip600_n40.npz  (661 s)  BLER16: R2-ours-G=0.05 R3-bigamp=0.10 R4-scvamp=0.12 M-ours-gmm32=0.05 R5-genie=0.03
147/448 done    D2_C2_S2_Nr8_T16_Tp4_dft_snr6_skip360_n40.npz  (661 s)  BLER16: R2-ours-G=0.00 R3-bigamp=0.07 R4-scvamp=0.12 M-ours-gmm32=0.00 R5-genie=0.00
148/448 done    D2_C2_S2_Nr8_T16_Tp4_dft_snr3_skip800_n40.npz  (662 s)  BLER16: R2-ours-G=0.03 R3-bigamp=0.05 R4-scvamp=0.05 M-ours-gmm32=0.03 R5-genie=0.00
149/448 done    D2_C2_S2_Nr8_T16_Tp4_dft_snr0_skip800_n40.npz  (663 s)  BLER16: R2-ours-G=0.03 R3-bigamp=0.17 R4-scvamp=0.17 M-ours-gmm32=0.03 R5-genie=0.00
150/448 done    D2_C2_S2_Nr8_T16_Tp4_dft_snr6_skip120_n40.npz  (665 s)  BLER16: R2-ours-G=0.03 R3-bigamp=0.00 R4-scvamp=0.03 M-ours-gmm32=0.00 R5-genie=0.00
151/448 done    D2_C2_S2_Nr8_T16_Tp4_dft_snr3_skip1040_n40.npz  (665 s)  BLER16: R2-ours-G=0.07 R3-bigamp=0.07 R4-scvamp=0.10 M-ours-gmm32=0.07 R5-genie=0.00
152/448 done    D2_C2_S2_Nr8_T16_Tp4_dft_snr12_skip160_n40.npz  (669 s)  BLER16: R2-ours-G=0.05 R3-bigamp=0.15 R4-scvamp=0.12 M-ours-gmm32=0.00 R5-genie=0.00
153/448 done    D2_C2_S2_Nr8_T16_Tp4_dft_snr0_skip1000_n40.npz  (672 s)  BLER16: R2-ours-G=0.12 R3-bigamp=0.20 R4-scvamp=0.35 M-ours-gmm32=0.05 R5-genie=0.00
154/448 done    D2_C2_S2_Nr8_T16_Tp4_dft_snr3_skip80_n40.npz  (672 s)  BLER16: R2-ours-G=0.05 R3-bigamp=0.10 R4-scvamp=0.17 M-ours-gmm32=0.07 R5-genie=0.00
155/448 done    D2_C2_S2_Nr8_T16_Tp4_dft_snr15_skip80_n40.npz  (673 s)  BLER16: R2-ours-G=0.00 R3-bigamp=0.07 R4-scvamp=0.03 M-ours-gmm32=0.00 R5-genie=0.00
156/448 done    D2_C2_S2_Nr8_T16_Tp4_dft_snr-3_skip40_n40.npz  (673 s)  BLER16: R2-ours-G=0.28 R3-bigamp=0.42 R4-scvamp=0.50 M-ours-gmm32=0.30 R5-genie=0.03
157/448 done    D2_C2_S2_Nr8_T16_Tp4_dft_snr-3_skip640_n40.npz  (673 s)  BLER16: R2-ours-G=0.33 R3-bigamp=0.47 R4-scvamp=0.60 M-ours-gmm32=0.20 R5-genie=0.00
158/448 done    D2_C2_S2_Nr8_T16_Tp4_dft_snr6_skip920_n40.npz  (675 s)  BLER16: R2-ours-G=0.00 R3-bigamp=0.00 R4-scvamp=0.05 M-ours-gmm32=0.00 R5-genie=0.00
159/448 done    D2_C2_S2_Nr8_T16_Tp4_dft_snr-3_skip760_n40.npz  (676 s)  BLER16: R2-ours-G=0.40 R3-bigamp=0.68 R4-scvamp=0.68 M-ours-gmm32=0.33 R5-genie=0.05
160/448 done    D2_C2_S2_Nr8_T16_Tp4_dft_snr6_skip840_n40.npz  (676 s)  BLER16: R2-ours-G=0.00 R3-bigamp=0.00 R4-scvamp=0.07 M-ours-gmm32=0.00 R5-genie=0.00
161/448 done    D2_C2_S2_Nr8_T16_Tp4_dft_snr15_skip1040_n40.npz  (678 s)  BLER16: R2-ours-G=0.00 R3-bigamp=0.05 R4-scvamp=0.05 M-ours-gmm32=0.00 R5-genie=0.00
162/448 done    D2_C2_S2_Nr8_T16_Tp4_dft_snr3_skip240_n40.npz  (683 s)  BLER16: R2-ours-G=0.05 R3-bigamp=0.12 R4-scvamp=0.15 M-ours-gmm32=0.03 R5-genie=0.00
163/448 done    D2_C2_S2_Nr8_T16_Tp4_dft_snr-3_skip960_n40.npz  (682 s)  BLER16: R2-ours-G=0.25 R3-bigamp=0.50 R4-scvamp=0.70 M-ours-gmm32=0.25 R5-genie=0.03
164/448 done    D2_C2_S2_Nr8_T16_Tp4_dft_snr3_skip840_n40.npz  (683 s)  BLER16: R2-ours-G=0.10 R3-bigamp=0.07 R4-scvamp=0.15 M-ours-gmm32=0.05 R5-genie=0.00
165/448 done    D2_C2_S2_Nr8_T16_Tp4_dft_snr-3_skip160_n40.npz  (685 s)  BLER16: R2-ours-G=0.38 R3-bigamp=0.57 R4-scvamp=0.60 M-ours-gmm32=0.28 R5-genie=0.00
166/448 done    D2_C2_S2_Nr8_T16_Tp4_dft_snr-3_skip680_n40.npz  (686 s)  BLER16: R2-ours-G=0.40 R3-bigamp=0.65 R4-scvamp=0.60 M-ours-gmm32=0.30 R5-genie=0.05
167/448 done    D2_C2_S2_Nr8_T16_Tp4_dft_snr0_skip160_n40.npz  (687 s)  BLER16: R2-ours-G=0.12 R3-bigamp=0.25 R4-scvamp=0.28 M-ours-gmm32=0.07 R5-genie=0.00
168/448 done    D2_C2_S2_Nr8_T16_Tp4_dft_snr-3_skip360_n40.npz  (691 s)  BLER16: R2-ours-G=0.15 R3-bigamp=0.55 R4-scvamp=0.55 M-ours-gmm32=0.17 R5-genie=0.00
169/448 done    D2_C2_S2_Nr8_T16_Tp4_dft_snr-3_skip320_n40.npz  (692 s)  BLER16: R2-ours-G=0.17 R3-bigamp=0.53 R4-scvamp=0.55 M-ours-gmm32=0.12 R5-genie=0.00
170/448 done    D2_C2_S2_Nr8_T16_Tp4_dft_snr6_skip680_n40.npz  (693 s)  BLER16: R2-ours-G=0.03 R3-bigamp=0.07 R4-scvamp=0.12 M-ours-gmm32=0.03 R5-genie=0.00
171/448 done    D2_C2_S2_Nr8_T16_Tp4_dft_snr0_skip120_n40.npz  (693 s)  BLER16: R2-ours-G=0.15 R3-bigamp=0.35 R4-scvamp=0.35 M-ours-gmm32=0.17 R5-genie=0.00
172/448 done    D2_C2_S2_Nr8_T16_Tp4_dft_snr-3_skip0_n40.npz  (697 s)  BLER16: R2-ours-G=0.40 R3-bigamp=0.75 R4-scvamp=0.70 M-ours-gmm32=0.30 R5-genie=0.07
173/448 done    D2_C2_S2_Nr8_T16_Tp4_dft_snr-3_skip440_n40.npz  (697 s)  BLER16: R2-ours-G=0.35 R3-bigamp=0.55 R4-scvamp=0.53 M-ours-gmm32=0.30 R5-genie=0.07
174/448 done    D2_C2_S2_Nr8_T16_Tp4_dft_snr3_skip200_n40.npz  (699 s)  BLER16: R2-ours-G=0.03 R3-bigamp=0.05 R4-scvamp=0.23 M-ours-gmm32=0.05 R5-genie=0.00
175/448 done    D2_C2_S2_Nr8_T16_Tp4_dft_snr0_skip880_n40.npz  (700 s)  BLER16: R2-ours-G=0.10 R3-bigamp=0.20 R4-scvamp=0.30 M-ours-gmm32=0.12 R5-genie=0.05
176/448 done    D2_C2_S2_Nr8_T16_Tp4_dft_snr6_skip800_n40.npz  (704 s)  BLER16: R2-ours-G=0.05 R3-bigamp=0.12 R4-scvamp=0.23 M-ours-gmm32=0.03 R5-genie=0.03
177/448 done    D2_C2_S2_Nr8_T16_Tp4_dft_snr9_skip760_n40.npz  (706 s)  BLER16: R2-ours-G=0.00 R3-bigamp=0.05 R4-scvamp=0.05 M-ours-gmm32=0.00 R5-genie=0.00
178/448 done    D2_C2_S2_Nr8_T16_Tp4_dft_snr6_skip1040_n40.npz  (708 s)  BLER16: R2-ours-G=0.03 R3-bigamp=0.05 R4-scvamp=0.07 M-ours-gmm32=0.03 R5-genie=0.00
179/448 done    D2_C2_S2_Nr8_T16_Tp4_dft_snr-3_skip280_n40.npz  (709 s)  BLER16: R2-ours-G=0.42 R3-bigamp=0.62 R4-scvamp=0.62 M-ours-gmm32=0.35 R5-genie=0.00
180/448 done    D2_C2_S2_Nr8_T16_Tp4_dft_snr-3_skip480_n40.npz  (713 s)  BLER16: R2-ours-G=0.30 R3-bigamp=0.40 R4-scvamp=0.50 M-ours-gmm32=0.28 R5-genie=0.05
181/448 done    D2_C2_S2_Nr8_T16_Tp4_dft_snr-3_skip1080_n40.npz  (713 s)  BLER16: R2-ours-G=0.33 R3-bigamp=0.57 R4-scvamp=0.60 M-ours-gmm32=0.23 R5-genie=0.07
182/448 done    D2_C2_S2_Nr8_T16_Tp4_dft_snr-3_skip520_n40.npz  (714 s)  BLER16: R2-ours-G=0.28 R3-bigamp=0.50 R4-scvamp=0.65 M-ours-gmm32=0.28 R5-genie=0.00
183/448 done    D2_C2_S2_Nr8_T16_Tp4_dft_snr-3_skip600_n40.npz  (717 s)  BLER16: R2-ours-G=0.20 R3-bigamp=0.53 R4-scvamp=0.50 M-ours-gmm32=0.20 R5-genie=0.00
184/448 done    D2_C2_S2_Nr8_T16_Tp4_dft_snr-3_skip1040_n40.npz  (731 s)  BLER16: R2-ours-G=0.42 R3-bigamp=0.57 R4-scvamp=0.62 M-ours-gmm32=0.30 R5-genie=0.00
185/448 done    D2_C2_S2_Nr8_T16_Tp4_dft_snr-3_skip240_n40.npz  (741 s)  BLER16: R2-ours-G=0.20 R3-bigamp=0.40 R4-scvamp=0.62 M-ours-gmm32=0.20 R5-genie=0.00
186/448 done    D2_C2_S2_Nr8_T16_Tp4_dft_snr-3_skip400_n40.npz  (747 s)  BLER16: R2-ours-G=0.35 R3-bigamp=0.55 R4-scvamp=0.57 M-ours-gmm32=0.33 R5-genie=0.05
187/448 done    D2_C2_S2_Nr8_T16_Tp4_dft_snr-3_skip880_n40.npz  (747 s)  BLER16: R2-ours-G=0.30 R3-bigamp=0.50 R4-scvamp=0.57 M-ours-gmm32=0.23 R5-genie=0.03
188/448 done    D2_C2_S2_Nr8_T16_Tp4_dft_snr-3_skip1000_n40.npz  (749 s)  BLER16: R2-ours-G=0.40 R3-bigamp=0.50 R4-scvamp=0.55 M-ours-gmm32=0.38 R5-genie=0.05
189/448 done    D2_C2_S2_Nr8_T16_Tp4_dft_snr-3_skip840_n40.npz  (754 s)  BLER16: R2-ours-G=0.45 R3-bigamp=0.60 R4-scvamp=0.70 M-ours-gmm32=0.33 R5-genie=0.03
190/448 done    D2_C2_S2_Nr8_T16_Tp4_dft_snr-3_skip560_n40.npz  (758 s)  BLER16: R2-ours-G=0.30 R3-bigamp=0.68 R4-scvamp=0.72 M-ours-gmm32=0.33 R5-genie=0.03
191/448 done    D2_C2_S2_Nr8_T16_Tp4_dft_snr-3_skip920_n40.npz  (771 s)  BLER16: R2-ours-G=0.47 R3-bigamp=0.78 R4-scvamp=0.72 M-ours-gmm32=0.40 R5-genie=0.07
192/448 done    D2_C2_S2_Nr8_T16_Tp4_dft_snr-3_skip200_n40.npz  (798 s)  BLER16: R2-ours-G=0.50 R3-bigamp=0.65 R4-scvamp=0.75 M-ours-gmm32=0.40 R5-genie=0.07
193/448 done    D2_C2_S2_Nr8_T16_Tp4_dft_snr6_skip1080_n40.npz  (556 s)  BLER16: R2-ours-G=0.00 R3-bigamp=0.05 R4-scvamp=0.07 M-ours-gmm32=0.00 R5-genie=0.03
194/448 done    D2_C2_S2_Nr8_T16_Tp4_dft_snr9_skip1080_n40.npz  (568 s)  BLER16: R2-ours-G=0.00 R3-bigamp=0.05 R4-scvamp=0.07 M-ours-gmm32=0.00 R5-genie=0.00
195/448 done    D2_C2_S2_Nr8_T16_Tp4_dft_snr3_skip1120_n40.npz  (554 s)  BLER16: R2-ours-G=0.00 R3-bigamp=0.05 R4-scvamp=0.07 M-ours-gmm32=0.00 R5-genie=0.00
196/448 done    D2_C2_S2_Nr8_T16_Tp4_dft_snr9_skip1120_n40.npz  (556 s)  BLER16: R2-ours-G=0.00 R3-bigamp=0.05 R4-scvamp=0.03 M-ours-gmm32=0.00 R5-genie=0.00
197/448 done    D2_C2_S2_Nr8_T16_Tp4_dft_snr12_skip1080_n40.npz  (592 s)  BLER16: R2-ours-G=0.03 R3-bigamp=0.05 R4-scvamp=0.03 M-ours-gmm32=0.03 R5-genie=0.00
198/448 done    D2_C2_S2_Nr8_T16_Tp4_dft_snr6_skip1120_n40.npz  (561 s)  BLER16: R2-ours-G=0.00 R3-bigamp=0.03 R4-scvamp=0.00 M-ours-gmm32=0.00 R5-genie=0.00
199/448 done    D2_C2_S2_Nr8_T16_Tp4_dft_snr3_skip1200_n40.npz  (554 s)  BLER16: R2-ours-G=0.03 R3-bigamp=0.07 R4-scvamp=0.17 M-ours-gmm32=0.00 R5-genie=0.00
200/448 done    D2_C2_S2_Nr8_T16_Tp4_dft_snr15_skip1080_n40.npz  (583 s)  BLER16: R2-ours-G=0.00 R3-bigamp=0.05 R4-scvamp=0.05 M-ours-gmm32=0.00 R5-genie=0.00
201/448 done    D2_C2_S2_Nr8_T16_Tp4_dft_snr12_skip1280_n40.npz  (549 s)  BLER16: R2-ours-G=0.03 R3-bigamp=0.03 R4-scvamp=0.05 M-ours-gmm32=0.03 R5-genie=0.00
202/448 done    D2_C2_S2_Nr8_T16_Tp4_dft_snr15_skip1160_n40.npz  (557 s)  BLER16: R2-ours-G=0.00 R3-bigamp=0.05 R4-scvamp=0.03 M-ours-gmm32=0.00 R5-genie=0.00
203/448 done    D2_C2_S2_Nr8_T16_Tp4_dft_snr15_skip1120_n40.npz  (563 s)  BLER16: R2-ours-G=0.00 R3-bigamp=0.07 R4-scvamp=0.03 M-ours-gmm32=0.00 R5-genie=0.00
204/448 done    D2_C2_S2_Nr8_T16_Tp4_dft_snr12_skip1160_n40.npz  (560 s)  BLER16: R2-ours-G=0.03 R3-bigamp=0.05 R4-scvamp=0.03 M-ours-gmm32=0.00 R5-genie=0.00
205/448 done    D2_C2_S2_Nr8_T16_Tp4_dft_snr6_skip1200_n40.npz  (558 s)  BLER16: R2-ours-G=0.05 R3-bigamp=0.17 R4-scvamp=0.12 M-ours-gmm32=0.03 R5-genie=0.00
206/448 done    D2_C2_S2_Nr8_T16_Tp4_dft_snr15_skip1320_n40.npz  (552 s)  BLER16: R2-ours-G=0.00 R3-bigamp=0.03 R4-scvamp=0.03 M-ours-gmm32=0.00 R5-genie=0.00
207/448 done    D2_C2_S2_Nr8_T16_Tp4_dft_snr9_skip1280_n40.npz  (554 s)  BLER16: R2-ours-G=0.05 R3-bigamp=0.10 R4-scvamp=0.10 M-ours-gmm32=0.03 R5-genie=0.00
208/448 done    D2_C2_S2_Nr8_T16_Tp4_dft_snr12_skip1320_n40.npz  (555 s)  BLER16: R2-ours-G=0.03 R3-bigamp=0.10 R4-scvamp=0.12 M-ours-gmm32=0.00 R5-genie=0.00
209/448 done    D2_C2_S2_Nr8_T16_Tp4_dft_snr15_skip1280_n40.npz  (558 s)  BLER16: R2-ours-G=0.00 R3-bigamp=0.05 R4-scvamp=0.05 M-ours-gmm32=0.00 R5-genie=0.00
210/448 done    D2_C2_S2_Nr8_T16_Tp4_dft_snr12_skip1240_n40.npz  (563 s)  BLER16: R2-ours-G=0.03 R3-bigamp=0.10 R4-scvamp=0.05 M-ours-gmm32=0.03 R5-genie=0.00
211/448 done    D2_C2_S2_Nr8_T16_Tp4_dft_snr3_skip1280_n40.npz  (563 s)  BLER16: R2-ours-G=0.03 R3-bigamp=0.10 R4-scvamp=0.10 M-ours-gmm32=0.03 R5-genie=0.00
212/448 done    D2_C2_S2_Nr8_T16_Tp4_dft_snr3_skip1160_n40.npz  (573 s)  BLER16: R2-ours-G=0.03 R3-bigamp=0.05 R4-scvamp=0.12 M-ours-gmm32=0.00 R5-genie=0.00
213/448 done    D2_C2_S2_Nr8_T16_Tp4_dft_snr15_skip1360_n40.npz  (559 s)  BLER16: R2-ours-G=0.00 R3-bigamp=0.05 R4-scvamp=0.05 M-ours-gmm32=0.00 R5-genie=0.00
214/448 done    D2_C2_S2_Nr8_T16_Tp4_dft_snr6_skip1280_n40.npz  (564 s)  BLER16: R2-ours-G=0.00 R3-bigamp=0.00 R4-scvamp=0.05 M-ours-gmm32=0.00 R5-genie=0.00
215/448 done    D2_C2_S2_Nr8_T16_Tp4_dft_snr15_skip1200_n40.npz  (571 s)  BLER16: R2-ours-G=0.00 R3-bigamp=0.10 R4-scvamp=0.03 M-ours-gmm32=0.00 R5-genie=0.00
216/448 done    D2_C2_S2_Nr8_T16_Tp4_dft_snr12_skip1400_n40.npz  (564 s)  BLER16: R2-ours-G=0.03 R3-bigamp=0.07 R4-scvamp=0.05 M-ours-gmm32=0.03 R5-genie=0.00
217/448 done    D2_C2_S2_Nr8_T16_Tp4_dft_snr9_skip1480_n40.npz  (554 s)  BLER16: R2-ours-G=0.00 R3-bigamp=0.05 R4-scvamp=0.07 M-ours-gmm32=0.00 R5-genie=0.00
218/448 done    D2_C2_S2_Nr8_T16_Tp4_dft_snr3_skip1320_n40.npz  (569 s)  BLER16: R2-ours-G=0.00 R3-bigamp=0.07 R4-scvamp=0.10 M-ours-gmm32=0.00 R5-genie=0.00
219/448 done    D2_C2_S2_Nr8_T16_Tp4_dft_snr12_skip1360_n40.npz  (566 s)  BLER16: R2-ours-G=0.03 R3-bigamp=0.03 R4-scvamp=0.03 M-ours-gmm32=0.00 R5-genie=0.00
220/448 done    D2_C2_S2_Nr8_T16_Tp4_dft_snr3_skip1240_n40.npz  (576 s)  BLER16: R2-ours-G=0.03 R3-bigamp=0.05 R4-scvamp=0.15 M-ours-gmm32=0.00 R5-genie=0.00
221/448 done    D2_C2_S2_Nr8_T16_Tp4_dft_snr6_skip1240_n40.npz  (576 s)  BLER16: R2-ours-G=0.03 R3-bigamp=0.03 R4-scvamp=0.05 M-ours-gmm32=0.00 R5-genie=0.00
222/448 done    D2_C2_S2_Nr8_T16_Tp4_dft_snr12_skip1120_n40.npz  (587 s)  BLER16: R2-ours-G=0.03 R3-bigamp=0.10 R4-scvamp=0.05 M-ours-gmm32=0.00 R5-genie=0.00
223/448 done    D2_C2_S2_Nr8_T16_Tp4_dft_snr6_skip1360_n40.npz  (570 s)  BLER16: R2-ours-G=0.00 R3-bigamp=0.00 R4-scvamp=0.07 M-ours-gmm32=0.00 R5-genie=0.00
224/448 done    D2_C2_S2_Nr8_T16_Tp4_dft_snr6_skip1160_n40.npz  (584 s)  BLER16: R2-ours-G=0.03 R3-bigamp=0.10 R4-scvamp=0.10 M-ours-gmm32=0.03 R5-genie=0.00
225/448 done    D2_C2_S2_Nr8_T16_Tp4_dft_snr0_skip1240_n40.npz  (577 s)  BLER16: R2-ours-G=0.05 R3-bigamp=0.15 R4-scvamp=0.30 M-ours-gmm32=0.07 R5-genie=0.00
226/448 done    D2_C2_S2_Nr8_T16_Tp4_dft_snr6_skip1320_n40.npz  (573 s)  BLER16: R2-ours-G=0.03 R3-bigamp=0.05 R4-scvamp=0.07 M-ours-gmm32=0.00 R5-genie=0.00
227/448 done    D2_C2_S2_Nr8_T16_Tp4_dft_snr0_skip1280_n40.npz  (575 s)  BLER16: R2-ours-G=0.07 R3-bigamp=0.17 R4-scvamp=0.33 M-ours-gmm32=0.03 R5-genie=0.00
228/448 done    D2_C2_S2_Nr8_T16_Tp4_dft_snr3_skip1600_n40.npz  (550 s)  BLER16: R2-ours-G=0.03 R3-bigamp=0.03 R4-scvamp=0.10 M-ours-gmm32=0.03 R5-genie=0.00
229/448 done    D2_C2_S2_Nr8_T16_Tp4_dft_snr9_skip1200_n40.npz  (580 s)  BLER16: R2-ours-G=0.03 R3-bigamp=0.00 R4-scvamp=0.07 M-ours-gmm32=0.00 R5-genie=0.00
230/448 done    D2_C2_S2_Nr8_T16_Tp4_dft_snr3_skip1360_n40.npz  (573 s)  BLER16: R2-ours-G=0.00 R3-bigamp=0.05 R4-scvamp=0.05 M-ours-gmm32=0.00 R5-genie=0.00
231/448 done    D2_C2_S2_Nr8_T16_Tp4_dft_snr0_skip1200_n40.npz  (582 s)  BLER16: R2-ours-G=0.10 R3-bigamp=0.17 R4-scvamp=0.30 M-ours-gmm32=0.10 R5-genie=0.00
232/448 done    D2_C2_S2_Nr8_T16_Tp4_dft_snr3_skip1400_n40.npz  (572 s)  BLER16: R2-ours-G=0.03 R3-bigamp=0.07 R4-scvamp=0.15 M-ours-gmm32=0.03 R5-genie=0.00
233/448 done    D2_C2_S2_Nr8_T16_Tp4_dft_snr15_skip1400_n40.npz  (572 s)  BLER16: R2-ours-G=0.00 R3-bigamp=0.03 R4-scvamp=0.03 M-ours-gmm32=0.00 R5-genie=0.00
234/448 done    D2_C2_S2_Nr8_T16_Tp4_dft_snr12_skip1200_n40.npz  (583 s)  BLER16: R2-ours-G=0.00 R3-bigamp=0.05 R4-scvamp=0.00 M-ours-gmm32=0.00 R5-genie=0.00
235/448 done    D2_C2_S2_Nr8_T16_Tp4_dft_snr3_skip1440_n40.npz  (570 s)  BLER16: R2-ours-G=0.05 R3-bigamp=0.12 R4-scvamp=0.15 M-ours-gmm32=0.05 R5-genie=0.00
236/448 done    D2_C2_S2_Nr8_T16_Tp4_dft_snr12_skip1480_n40.npz  (565 s)  BLER16: R2-ours-G=0.00 R3-bigamp=0.05 R4-scvamp=0.03 M-ours-gmm32=0.00 R5-genie=0.00
237/448 done    D2_C2_S2_Nr8_T16_Tp4_dft_snr9_skip1240_n40.npz  (583 s)  BLER16: R2-ours-G=0.03 R3-bigamp=0.05 R4-scvamp=0.07 M-ours-gmm32=0.05 R5-genie=0.00
238/448 done    D2_C2_S2_Nr8_T16_Tp4_dft_snr0_skip1160_n40.npz  (594 s)  BLER16: R2-ours-G=0.07 R3-bigamp=0.12 R4-scvamp=0.38 M-ours-gmm32=0.10 R5-genie=0.00
239/448 done    D2_C2_S2_Nr8_T16_Tp4_dft_snr9_skip1320_n40.npz  (582 s)  BLER16: R2-ours-G=0.00 R3-bigamp=0.03 R4-scvamp=0.05 M-ours-gmm32=0.00 R5-genie=0.00
240/448 done    D2_C2_S2_Nr8_T16_Tp4_dft_snr15_skip1240_n40.npz  (585 s)  BLER16: R2-ours-G=0.03 R3-bigamp=0.05 R4-scvamp=0.07 M-ours-gmm32=0.03 R5-genie=0.00
241/448 done    D2_C2_S2_Nr8_T16_Tp4_dft_snr9_skip1400_n40.npz  (578 s)  BLER16: R2-ours-G=0.00 R3-bigamp=0.03 R4-scvamp=0.00 M-ours-gmm32=0.00 R5-genie=0.00
242/448 done    D2_C2_S2_Nr8_T16_Tp4_dft_snr6_skip1400_n40.npz  (580 s)  BLER16: R2-ours-G=0.03 R3-bigamp=0.00 R4-scvamp=0.05 M-ours-gmm32=0.03 R5-genie=0.00
243/448 done    D2_C2_S2_Nr8_T16_Tp4_dft_snr0_skip1320_n40.npz  (585 s)  BLER16: R2-ours-G=0.07 R3-bigamp=0.28 R4-scvamp=0.28 M-ours-gmm32=0.07 R5-genie=0.00
244/448 done    D2_C2_S2_Nr8_T16_Tp4_dft_snr9_skip1440_n40.npz  (577 s)  BLER16: R2-ours-G=0.03 R3-bigamp=0.03 R4-scvamp=0.05 M-ours-gmm32=0.03 R5-genie=0.00
245/448 done    D2_C2_S2_Nr8_T16_Tp4_dft_snr15_skip1560_n40.npz  (566 s)  BLER16: R2-ours-G=0.00 R3-bigamp=0.07 R4-scvamp=0.03 M-ours-gmm32=0.00 R5-genie=0.00
246/448 done    D2_C2_S2_Nr8_T16_Tp4_dft_snr6_skip1480_n40.npz  (575 s)  BLER16: R2-ours-G=0.00 R3-bigamp=0.00 R4-scvamp=0.15 M-ours-gmm32=0.03 R5-genie=0.00
247/448 done    D2_C2_S2_Nr8_T16_Tp4_dft_snr15_skip1440_n40.npz  (579 s)  BLER16: R2-ours-G=0.00 R3-bigamp=0.12 R4-scvamp=0.05 M-ours-gmm32=0.00 R5-genie=0.00
248/448 done    D2_C2_S2_Nr8_T16_Tp4_dft_snr12_skip1440_n40.npz  (580 s)  BLER16: R2-ours-G=0.03 R3-bigamp=0.05 R4-scvamp=0.05 M-ours-gmm32=0.03 R5-genie=0.03
249/448 done    D2_C2_S2_Nr8_T16_Tp4_dft_snr9_skip1360_n40.npz  (588 s)  BLER16: R2-ours-G=0.03 R3-bigamp=0.07 R4-scvamp=0.07 M-ours-gmm32=0.00 R5-genie=0.00
250/448 done    D2_C2_S2_Nr8_T16_Tp4_dft_snr0_skip1120_n40.npz  (619 s)  BLER16: R2-ours-G=0.10 R3-bigamp=0.35 R4-scvamp=0.30 M-ours-gmm32=0.10 R5-genie=0.00
251/448 done    D2_C2_S2_Nr8_T16_Tp4_dft_snr15_skip1480_n40.npz  (578 s)  BLER16: R2-ours-G=0.00 R3-bigamp=0.05 R4-scvamp=0.10 M-ours-gmm32=0.00 R5-genie=0.00
252/448 done    D2_C2_S2_Nr8_T16_Tp4_dft_snr6_skip1440_n40.npz  (582 s)  BLER16: R2-ours-G=0.03 R3-bigamp=0.03 R4-scvamp=0.05 M-ours-gmm32=0.05 R5-genie=0.00
253/448 done    D2_C2_S2_Nr8_T16_Tp4_dft_snr-3_skip1120_n40.npz  (622 s)  BLER16: R2-ours-G=0.30 R3-bigamp=0.55 R4-scvamp=0.62 M-ours-gmm32=0.28 R5-genie=0.05
254/448 done    D2_C2_S2_Nr8_T16_Tp4_dft_snr12_skip1840_n40.npz  (546 s)  BLER16: R2-ours-G=0.00 R3-bigamp=0.03 R4-scvamp=0.03 M-ours-gmm32=0.00 R5-genie=0.00
255/448 done    D2_C2_S2_Nr8_T16_Tp4_dft_snr15_skip1680_n40.npz  (562 s)  BLER16: R2-ours-G=0.00 R3-bigamp=0.05 R4-scvamp=0.03 M-ours-gmm32=0.00 R5-genie=0.00
256/448 done    D2_C2_S2_Nr8_T16_Tp4_dft_snr15_skip1520_n40.npz  (578 s)  BLER16: R2-ours-G=0.03 R3-bigamp=0.03 R4-scvamp=0.03 M-ours-gmm32=0.03 R5-genie=0.00
257/448 done    D2_C2_S2_Nr8_T16_Tp4_dft_snr0_skip1520_n40.npz  (580 s)  BLER16: R2-ours-G=0.12 R3-bigamp=0.23 R4-scvamp=0.35 M-ours-gmm32=0.12 R5-genie=0.00
258/448 done    D2_C2_S2_Nr8_T16_Tp4_dft_snr9_skip1640_n40.npz  (568 s)  BLER16: R2-ours-G=0.00 R3-bigamp=0.05 R4-scvamp=0.03 M-ours-gmm32=0.00 R5-genie=0.00
259/448 done    D2_C2_S2_Nr8_T16_Tp4_dft_snr12_skip1600_n40.npz  (572 s)  BLER16: R2-ours-G=0.00 R3-bigamp=0.00 R4-scvamp=0.00 M-ours-gmm32=0.00 R5-genie=0.00
260/448 done    D2_C2_S2_Nr8_T16_Tp4_dft_snr3_skip1560_n40.npz  (579 s)  BLER16: R2-ours-G=0.03 R3-bigamp=0.10 R4-scvamp=0.15 M-ours-gmm32=0.00 R5-genie=0.00
261/448 done    D2_C2_S2_Nr8_T16_Tp4_dft_snr6_skip1600_n40.npz  (575 s)  BLER16: R2-ours-G=0.05 R3-bigamp=0.03 R4-scvamp=0.03 M-ours-gmm32=0.03 R5-genie=0.00
262/448 done    D2_C2_S2_Nr8_T16_Tp4_dft_snr3_skip1480_n40.npz  (587 s)  BLER16: R2-ours-G=0.00 R3-bigamp=0.07 R4-scvamp=0.15 M-ours-gmm32=0.00 R5-genie=0.00
263/448 done    D2_C2_S2_Nr8_T16_Tp4_dft_snr0_skip1440_n40.npz  (597 s)  BLER16: R2-ours-G=0.15 R3-bigamp=0.38 R4-scvamp=0.33 M-ours-gmm32=0.12 R5-genie=0.00
264/448 done    D2_C2_S2_Nr8_T16_Tp4_dft_snr0_skip1480_n40.npz  (594 s)  BLER16: R2-ours-G=0.20 R3-bigamp=0.30 R4-scvamp=0.33 M-ours-gmm32=0.15 R5-genie=0.00
265/448 done    D2_C2_S2_Nr8_T16_Tp4_dft_snr12_skip1520_n40.npz  (590 s)  BLER16: R2-ours-G=0.00 R3-bigamp=0.12 R4-scvamp=0.05 M-ours-gmm32=0.00 R5-genie=0.00
266/448 done    D2_C2_S2_Nr8_T16_Tp4_dft_snr15_skip1600_n40.npz  (583 s)  BLER16: R2-ours-G=0.00 R3-bigamp=0.05 R4-scvamp=0.03 M-ours-gmm32=0.00 R5-genie=0.00
267/448 done    D2_C2_S2_Nr8_T16_Tp4_dft_snr12_skip1560_n40.npz  (588 s)  BLER16: R2-ours-G=0.00 R3-bigamp=0.05 R4-scvamp=0.00 M-ours-gmm32=0.00 R5-genie=0.00
268/448 done    D2_C2_S2_Nr8_T16_Tp4_dft_snr6_skip1680_n40.npz  (578 s)  BLER16: R2-ours-G=0.00 R3-bigamp=0.05 R4-scvamp=0.10 M-ours-gmm32=0.00 R5-genie=0.00
269/448 done    D2_C2_S2_Nr8_T16_Tp4_dft_snr3_skip1640_n40.npz  (585 s)  BLER16: R2-ours-G=0.05 R3-bigamp=0.15 R4-scvamp=0.20 M-ours-gmm32=0.05 R5-genie=0.00
270/448 done    D2_C2_S2_Nr8_T16_Tp4_dft_snr6_skip1560_n40.npz  (593 s)  BLER16: R2-ours-G=0.05 R3-bigamp=0.10 R4-scvamp=0.15 M-ours-gmm32=0.07 R5-genie=0.00
271/448 done    D2_C2_S2_Nr8_T16_Tp4_dft_snr12_skip1680_n40.npz  (585 s)  BLER16: R2-ours-G=0.00 R3-bigamp=0.00 R4-scvamp=0.00 M-ours-gmm32=0.00 R5-genie=0.00
272/448 done    D2_C2_S2_Nr8_T16_Tp4_dft_snr0_skip1600_n40.npz  (595 s)  BLER16: R2-ours-G=0.07 R3-bigamp=0.17 R4-scvamp=0.23 M-ours-gmm32=0.07 R5-genie=0.00
273/448 done    D2_C2_S2_Nr8_T16_Tp4_dft_snr3_skip1680_n40.npz  (589 s)  BLER16: R2-ours-G=0.00 R3-bigamp=0.07 R4-scvamp=0.12 M-ours-gmm32=0.00 R5-genie=0.00
274/448 done    D2_C2_S2_Nr8_T16_Tp4_dft_snr6_skip1640_n40.npz  (594 s)  BLER16: R2-ours-G=0.00 R3-bigamp=0.00 R4-scvamp=0.05 M-ours-gmm32=0.00 R5-genie=0.00
275/448 done    D2_C2_S2_Nr8_T16_Tp4_dft_snr0_skip1720_n40.npz  (590 s)  BLER16: R2-ours-G=0.15 R3-bigamp=0.30 R4-scvamp=0.42 M-ours-gmm32=0.15 R5-genie=0.00
276/448 done    D2_C2_S2_Nr8_T16_Tp4_dft_snr15_skip1640_n40.npz  (595 s)  BLER16: R2-ours-G=0.00 R3-bigamp=0.07 R4-scvamp=0.03 M-ours-gmm32=0.03 R5-genie=0.00
277/448 done    D2_C2_S2_Nr8_T16_Tp4_dft_snr15_skip1880_n40.npz  (573 s)  BLER16: R2-ours-G=0.00 R3-bigamp=0.03 R4-scvamp=0.07 M-ours-gmm32=0.00 R5-genie=0.00
278/448 done    D2_C2_S2_Nr8_T16_Tp4_dft_snr9_skip1680_n40.npz  (595 s)  BLER16: R2-ours-G=0.00 R3-bigamp=0.03 R4-scvamp=0.05 M-ours-gmm32=0.00 R5-genie=0.00
279/448 done    D2_C2_S2_Nr8_T16_Tp4_dft_snr-3_skip1160_n40.npz  (641 s)  BLER16: R2-ours-G=0.30 R3-bigamp=0.50 R4-scvamp=0.60 M-ours-gmm32=0.30 R5-genie=0.05
280/448 done    D2_C2_S2_Nr8_T16_Tp4_dft_snr0_skip1640_n40.npz  (600 s)  BLER16: R2-ours-G=0.12 R3-bigamp=0.33 R4-scvamp=0.23 M-ours-gmm32=0.10 R5-genie=0.03
281/448 done    D2_C2_S2_Nr8_T16_Tp4_dft_snr9_skip1600_n40.npz  (606 s)  BLER16: R2-ours-G=0.03 R3-bigamp=0.07 R4-scvamp=0.10 M-ours-gmm32=0.03 R5-genie=0.00
282/448 done    D2_C2_S2_Nr8_T16_Tp4_dft_snr3_skip1720_n40.npz  (598 s)  BLER16: R2-ours-G=0.05 R3-bigamp=0.05 R4-scvamp=0.23 M-ours-gmm32=0.03 R5-genie=0.03
283/448 done    D2_C2_S2_Nr8_T16_Tp4_dft_snr12_skip1720_n40.npz  (594 s)  BLER16: R2-ours-G=0.05 R3-bigamp=0.12 R4-scvamp=0.10 M-ours-gmm32=0.05 R5-genie=0.00
284/448 done    D2_C2_S2_Nr8_T16_Tp4_dft_snr15_skip1720_n40.npz  (593 s)  BLER16: R2-ours-G=0.03 R3-bigamp=0.00 R4-scvamp=0.03 M-ours-gmm32=0.03 R5-genie=0.00
285/448 done    D2_C2_S2_Nr8_T16_Tp4_dft_snr-3_skip1200_n40.npz  (640 s)  BLER16: R2-ours-G=0.38 R3-bigamp=0.55 R4-scvamp=0.62 M-ours-gmm32=0.28 R5-genie=0.03
286/448 done    D2_C2_S2_Nr8_T16_Tp4_dft_snr9_skip1960_n40.npz  (566 s)  BLER16: R2-ours-G=0.00 R3-bigamp=0.00 R4-scvamp=0.03 M-ours-gmm32=0.00 R5-genie=0.00
287/448 done    D2_C2_S2_Nr8_T16_Tp4_dft_snr9_skip2000_n40.npz  (558 s)  BLER16: R2-ours-G=0.03 R3-bigamp=0.07 R4-scvamp=0.07 M-ours-gmm32=0.03 R5-genie=0.00
288/448 done    D2_C2_S2_Nr8_T16_Tp4_dft_snr6_skip1520_n40.npz  (616 s)  BLER16: R2-ours-G=0.05 R3-bigamp=0.03 R4-scvamp=0.12 M-ours-gmm32=0.03 R5-genie=0.00
289/448 done    D2_C2_S2_Nr8_T16_Tp4_dft_snr0_skip1360_n40.npz  (632 s)  BLER16: R2-ours-G=0.10 R3-bigamp=0.23 R4-scvamp=0.28 M-ours-gmm32=0.10 R5-genie=0.03
290/448 done    D2_C2_S2_Nr8_T16_Tp4_dft_snr12_skip1960_n40.npz  (569 s)  BLER16: R2-ours-G=0.03 R3-bigamp=0.07 R4-scvamp=0.03 M-ours-gmm32=0.03 R5-genie=0.00
291/448 done    D2_C2_S2_Nr8_T16_Tp4_dft_snr6_skip1800_n40.npz  (591 s)  BLER16: R2-ours-G=0.00 R3-bigamp=0.10 R4-scvamp=0.12 M-ours-gmm32=0.05 R5-genie=0.00
292/448 done    D2_C2_S2_Nr8_T16_Tp4_dft_snr12_skip1880_n40.npz  (585 s)  BLER16: R2-ours-G=0.00 R3-bigamp=0.03 R4-scvamp=0.05 M-ours-gmm32=0.00 R5-genie=0.00
293/448 done    D2_C2_S2_Nr8_T16_Tp4_dft_snr9_skip1800_n40.npz  (592 s)  BLER16: R2-ours-G=0.03 R3-bigamp=0.07 R4-scvamp=0.10 M-ours-gmm32=0.03 R5-genie=0.00
294/448 done    D2_C2_S2_Nr8_T16_Tp4_dft_snr15_skip2000_n40.npz  (560 s)  BLER16: R2-ours-G=0.00 R3-bigamp=0.07 R4-scvamp=0.05 M-ours-gmm32=0.00 R5-genie=0.00
295/448 done    D2_C2_S2_Nr8_T16_Tp4_dft_snr9_skip1760_n40.npz  (598 s)  BLER16: R2-ours-G=0.03 R3-bigamp=0.05 R4-scvamp=0.12 M-ours-gmm32=0.03 R5-genie=0.00
296/448 done    D2_C2_S2_Nr8_T16_Tp4_dft_snr15_skip1760_n40.npz  (597 s)  BLER16: R2-ours-G=0.03 R3-bigamp=0.07 R4-scvamp=0.07 M-ours-gmm32=0.00 R5-genie=0.00
297/448 done    D2_C2_S2_Nr8_T16_Tp4_dft_snr-3_skip1320_n40.npz  (639 s)  BLER16: R2-ours-G=0.20 R3-bigamp=0.53 R4-scvamp=0.60 M-ours-gmm32=0.23 R5-genie=0.00
298/448 done    D2_C2_S2_Nr8_T16_Tp4_dft_snr3_skip1760_n40.npz  (599 s)  BLER16: R2-ours-G=0.07 R3-bigamp=0.12 R4-scvamp=0.25 M-ours-gmm32=0.07 R5-genie=0.03
299/448 done    D2_C2_S2_Nr8_T16_Tp4_dft_snr6_skip1720_n40.npz  (605 s)  BLER16: R2-ours-G=0.07 R3-bigamp=0.07 R4-scvamp=0.10 M-ours-gmm32=0.07 R5-genie=0.03
300/448 done    D2_C2_S2_Nr8_T16_Tp4_dft_snr6_skip1880_n40.npz  (589 s)  BLER16: R2-ours-G=0.07 R3-bigamp=0.10 R4-scvamp=0.15 M-ours-gmm32=0.05 R5-genie=0.00
301/448 done    D2_C2_S2_Nr8_T16_Tp4_dft_snr6_skip1840_n40.npz  (594 s)  BLER16: R2-ours-G=0.00 R3-bigamp=0.03 R4-scvamp=0.12 M-ours-gmm32=0.00 R5-genie=0.00
302/448 done    D2_C2_S2_Nr8_T16_Tp4_dft_snr9_skip1840_n40.npz  (593 s)  BLER16: R2-ours-G=0.00 R3-bigamp=0.00 R4-scvamp=0.05 M-ours-gmm32=0.00 R5-genie=0.00
303/448 done    D2_C2_S2_Nr8_T16_Tp4_dft_snr0_skip1680_n40.npz  (611 s)  BLER16: R2-ours-G=0.15 R3-bigamp=0.23 R4-scvamp=0.35 M-ours-gmm32=0.10 R5-genie=0.00
304/448 done    D2_C2_S2_Nr8_T16_Tp4_dft_snr0_skip1560_n40.npz  (623 s)  BLER16: R2-ours-G=0.10 R3-bigamp=0.23 R4-scvamp=0.33 M-ours-gmm32=0.10 R5-genie=0.00
305/448 done    D2_C2_S2_Nr8_T16_Tp4_dft_snr0_skip1760_n40.npz  (604 s)  BLER16: R2-ours-G=0.17 R3-bigamp=0.23 R4-scvamp=0.33 M-ours-gmm32=0.15 R5-genie=0.05
306/448 done    D2_C2_S2_Nr8_T16_Tp4_dft_snr-3_skip1240_n40.npz  (649 s)  BLER16: R2-ours-G=0.30 R3-bigamp=0.47 R4-scvamp=0.60 M-ours-gmm32=0.23 R5-genie=0.03
307/448 done    D2_C2_S2_Nr8_T16_Tp4_dft_snr6_skip2080_n40.npz  (547 s)  BLER16: R2-ours-G=0.03 R3-bigamp=0.05 R4-scvamp=0.05 M-ours-gmm32=0.03 R5-genie=0.00
308/448 done    D2_C2_S2_Nr8_T16_Tp4_dft_snr6_skip2040_n40.npz  (560 s)  BLER16: R2-ours-G=0.00 R3-bigamp=0.05 R4-scvamp=0.05 M-ours-gmm32=0.00 R5-genie=0.00
309/448 done    D2_C2_S2_Nr8_T16_Tp4_dft_snr9_skip1920_n40.npz  (589 s)  BLER16: R2-ours-G=0.05 R3-bigamp=0.05 R4-scvamp=0.07 M-ours-gmm32=0.00 R5-genie=0.00
310/448 done    D2_C2_S2_Nr8_T16_Tp4_dft_snr3_skip1800_n40.npz  (603 s)  BLER16: R2-ours-G=0.07 R3-bigamp=0.15 R4-scvamp=0.20 M-ours-gmm32=0.07 R5-genie=0.00
311/448 done    D2_C2_S2_Nr8_T16_Tp4_dft_snr-3_skip1520_n40.npz  (631 s)  BLER16: R2-ours-G=0.38 R3-bigamp=0.62 R4-scvamp=0.68 M-ours-gmm32=0.35 R5-genie=0.00
312/448 done    D2_C2_S2_Nr8_T16_Tp4_dft_snr3_skip2040_n40.npz  (564 s)  BLER16: R2-ours-G=0.07 R3-bigamp=0.05 R4-scvamp=0.17 M-ours-gmm32=0.05 R5-genie=0.05
313/448 done    D2_C2_S2_Nr8_T16_Tp4_dft_snr3_skip1880_n40.npz  (597 s)  BLER16: R2-ours-G=0.05 R3-bigamp=0.07 R4-scvamp=0.12 M-ours-gmm32=0.05 R5-genie=0.00
314/448 done    D2_C2_S2_Nr8_T16_Tp4_dft_snr-3_skip1440_n40.npz  (642 s)  BLER16: R2-ours-G=0.10 R3-bigamp=0.45 R4-scvamp=0.53 M-ours-gmm32=0.03 R5-genie=0.00
315/448 done    D2_C2_S2_Nr8_T16_Tp4_dft_snr9_skip1880_n40.npz  (598 s)  BLER16: R2-ours-G=0.00 R3-bigamp=0.03 R4-scvamp=0.10 M-ours-gmm32=0.00 R5-genie=0.00
316/448 done    D2_C2_S2_Nr8_T16_Tp4_dft_snr3_skip1920_n40.npz  (596 s)  BLER16: R2-ours-G=0.05 R3-bigamp=0.10 R4-scvamp=0.20 M-ours-gmm32=0.05 R5-genie=0.00
317/448 done    D2_C2_S2_Nr8_T16_Tp4_dft_snr-3_skip1400_n40.npz  (646 s)  BLER16: R2-ours-G=0.38 R3-bigamp=0.57 R4-scvamp=0.72 M-ours-gmm32=0.40 R5-genie=0.07
318/448 done    D2_C2_S2_Nr8_T16_Tp4_dft_snr-3_skip1680_n40.npz  (620 s)  BLER16: R2-ours-G=0.57 R3-bigamp=0.65 R4-scvamp=0.72 M-ours-gmm32=0.35 R5-genie=0.05
319/448 done    D2_C2_S2_Nr8_T16_Tp4_dft_snr9_skip1160_n40.npz  (661 s)  BLER16: R2-ours-G=0.00 R3-bigamp=0.03 R4-scvamp=0.05 M-ours-gmm32=0.00 R5-genie=0.00
320/448 done    D2_C2_S2_Nr8_T16_Tp4_dft_snr6_skip1960_n40.npz  (586 s)  BLER16: R2-ours-G=0.03 R3-bigamp=0.05 R4-scvamp=0.12 M-ours-gmm32=0.00 R5-genie=0.00
321/448 done    D2_C2_S2_Nr8_T16_Tp4_dft_snr15_skip1800_n40.npz  (607 s)  BLER16: R2-ours-G=0.00 R3-bigamp=0.07 R4-scvamp=0.00 M-ours-gmm32=0.00 R5-genie=0.00
322/448 done    D2_C2_S2_Nr8_T16_Tp4_dft_snr0_skip1800_n40.npz  (610 s)  BLER16: R2-ours-G=0.07 R3-bigamp=0.28 R4-scvamp=0.25 M-ours-gmm32=0.07 R5-genie=0.00
323/448 done    D2_C2_S2_Nr8_T16_Tp4_dft_snr-3_skip1480_n40.npz  (643 s)  BLER16: R2-ours-G=0.30 R3-bigamp=0.40 R4-scvamp=0.60 M-ours-gmm32=0.23 R5-genie=0.00
324/448 done    D2_C2_S2_Nr8_T16_Tp4_dft_snr-3_skip1280_n40.npz  (658 s)  BLER16: R2-ours-G=0.55 R3-bigamp=0.75 R4-scvamp=0.70 M-ours-gmm32=0.40 R5-genie=0.12
325/448 done    D2_C2_S2_Nr8_T16_Tp4_dft_snr-3_skip1360_n40.npz  (657 s)  BLER16: R2-ours-G=0.33 R3-bigamp=0.42 R4-scvamp=0.50 M-ours-gmm32=0.30 R5-genie=0.05
326/448 done    D2_C2_S2_Nr8_T16_Tp4_dft_snr3_skip1840_n40.npz  (612 s)  BLER16: R2-ours-G=0.03 R3-bigamp=0.05 R4-scvamp=0.10 M-ours-gmm32=0.00 R5-genie=0.00
327/448 done    D2_C2_S2_Nr8_T16_Tp4_dft_snr0_skip1400_n40.npz  (656 s)  BLER16: R2-ours-G=0.10 R3-bigamp=0.20 R4-scvamp=0.25 M-ours-gmm32=0.10 R5-genie=0.03
328/448 done    D2_C2_S2_Nr8_T16_Tp4_dft_snr12_skip1760_n40.npz  (621 s)  BLER16: R2-ours-G=0.00 R3-bigamp=0.05 R4-scvamp=0.00 M-ours-gmm32=0.00 R5-genie=0.00
329/448 done    D2_C2_S2_Nr8_T16_Tp4_dft_snr12_skip1640_n40.npz  (634 s)  BLER16: R2-ours-G=0.03 R3-bigamp=0.05 R4-scvamp=0.05 M-ours-gmm32=0.00 R5-genie=0.00
330/448 done    D2_C2_S2_Nr8_T16_Tp4_dft_snr15_skip1920_n40.npz  (606 s)  BLER16: R2-ours-G=0.00 R3-bigamp=0.05 R4-scvamp=0.03 M-ours-gmm32=0.00 R5-genie=0.00
331/448 done    D2_C2_S2_Nr8_T16_Tp4_dft_snr6_skip2120_n40.npz  (555 s)  BLER16: R2-ours-G=0.07 R3-bigamp=0.12 R4-scvamp=0.17 M-ours-gmm32=0.03 R5-genie=0.03
332/448 done    D2_C2_S2_Nr8_T16_Tp4_dft_snr15_skip1840_n40.npz  (617 s)  BLER16: R2-ours-G=0.03 R3-bigamp=0.07 R4-scvamp=0.00 M-ours-gmm32=0.00 R5-genie=0.00
333/448 done    D2_C2_S2_Nr8_T16_Tp4_dft_snr-3_skip1640_n40.npz  (641 s)  BLER16: R2-ours-G=0.38 R3-bigamp=0.53 R4-scvamp=0.57 M-ours-gmm32=0.28 R5-genie=0.05
334/448 done    D2_C2_S2_Nr8_T16_Tp4_dft_snr12_skip1920_n40.npz  (611 s)  BLER16: R2-ours-G=0.00 R3-bigamp=0.12 R4-scvamp=0.07 M-ours-gmm32=0.00 R5-genie=0.00
335/448 done    D2_C2_S2_Nr8_T16_Tp4_dft_snr15_skip2080_n40.npz  (567 s)  BLER16: R2-ours-G=0.00 R3-bigamp=0.03 R4-scvamp=0.03 M-ours-gmm32=0.00 R5-genie=0.00
336/448 done    D2_C2_S2_Nr8_T16_Tp4_dft_snr0_skip1960_n40.npz  (606 s)  BLER16: R2-ours-G=0.10 R3-bigamp=0.17 R4-scvamp=0.30 M-ours-gmm32=0.07 R5-genie=0.00
337/448 done    D2_C2_S2_Nr8_T16_Tp4_dft_snr-3_skip1600_n40.npz  (649 s)  BLER16: R2-ours-G=0.28 R3-bigamp=0.55 R4-scvamp=0.62 M-ours-gmm32=0.25 R5-genie=0.00
338/448 done    D2_C2_S2_Nr8_T16_Tp4_dft_snr-3_skip1720_n40.npz  (638 s)  BLER16: R2-ours-G=0.12 R3-bigamp=0.35 R4-scvamp=0.42 M-ours-gmm32=0.17 R5-genie=0.07
339/448 done    D2_C2_S2_Nr8_T16_Tp4_dft_snr0_skip2040_n40.npz  (594 s)  BLER16: R2-ours-G=0.07 R3-bigamp=0.25 R4-scvamp=0.30 M-ours-gmm32=0.05 R5-genie=0.00
340/448 done    D2_C2_S2_Nr8_T16_Tp4_dft_snr3_skip1520_n40.npz  (657 s)  BLER16: R2-ours-G=0.00 R3-bigamp=0.15 R4-scvamp=0.17 M-ours-gmm32=0.05 R5-genie=0.00
341/448 done    D2_C2_S2_Nr8_T16_Tp4_dft_snr9_skip1560_n40.npz  (653 s)  BLER16: R2-ours-G=0.00 R3-bigamp=0.05 R4-scvamp=0.15 M-ours-gmm32=0.03 R5-genie=0.00
342/448 done    D2_C2_S2_Nr8_T16_Tp4_dft_snr6_skip1760_n40.npz  (635 s)  BLER16: R2-ours-G=0.03 R3-bigamp=0.07 R4-scvamp=0.10 M-ours-gmm32=0.03 R5-genie=0.00
343/448 done    D2_C2_S2_Nr8_T16_Tp4_dft_snr3_skip1960_n40.npz  (610 s)  BLER16: R2-ours-G=0.03 R3-bigamp=0.03 R4-scvamp=0.12 M-ours-gmm32=0.03 R5-genie=0.00
344/448 done    D2_C2_S2_Nr8_T16_Tp4_dft_snr9_skip2120_n40.npz  (553 s)  BLER16: R2-ours-G=0.03 R3-bigamp=0.03 R4-scvamp=0.05 M-ours-gmm32=0.00 R5-genie=0.00
345/448 done    D2_C2_S2_Nr8_T16_Tp4_dft_snr9_skip1520_n40.npz  (660 s)  BLER16: R2-ours-G=0.00 R3-bigamp=0.05 R4-scvamp=0.05 M-ours-gmm32=0.00 R5-genie=0.00
346/448 done    D2_C2_S2_Nr8_T16_Tp4_dft_snr15_skip1960_n40.npz  (609 s)  BLER16: R2-ours-G=0.00 R3-bigamp=0.03 R4-scvamp=0.05 M-ours-gmm32=0.00 R5-genie=0.00
347/448 done    D2_C2_S2_Nr8_T16_Tp4_dft_snr-3_skip1840_n40.npz  (632 s)  BLER16: R2-ours-G=0.42 R3-bigamp=0.55 R4-scvamp=0.75 M-ours-gmm32=0.33 R5-genie=0.05
348/448 done    D2_C2_S2_Nr8_T16_Tp4_dft_snr0_skip1840_n40.npz  (632 s)  BLER16: R2-ours-G=0.05 R3-bigamp=0.12 R4-scvamp=0.23 M-ours-gmm32=0.05 R5-genie=0.00
349/448 done    D2_C2_S2_Nr8_T16_Tp4_dft_snr3_skip2000_n40.npz  (610 s)  BLER16: R2-ours-G=0.10 R3-bigamp=0.05 R4-scvamp=0.23 M-ours-gmm32=0.05 R5-genie=0.03
350/448 done    D2_C2_S2_Nr8_T16_Tp4_dft_snr3_skip2120_n40.npz  (575 s)  BLER16: R2-ours-G=0.05 R3-bigamp=0.10 R4-scvamp=0.17 M-ours-gmm32=0.03 R5-genie=0.03
351/448 done    D2_C2_S2_Nr8_T16_Tp4_dft_snr12_skip2040_n40.npz  (596 s)  BLER16: R2-ours-G=0.00 R3-bigamp=0.03 R4-scvamp=0.05 M-ours-gmm32=0.03 R5-genie=0.00
352/448 done    D2_C2_S2_Nr8_T16_Tp4_dft_snr0_skip2080_n40.npz  (592 s)  BLER16: R2-ours-G=0.15 R3-bigamp=0.33 R4-scvamp=0.35 M-ours-gmm32=0.07 R5-genie=0.03
353/448 done    D2_C2_S2_Nr8_T16_Tp4_dft_snr9_skip2040_n40.npz  (599 s)  BLER16: R2-ours-G=0.03 R3-bigamp=0.10 R4-scvamp=0.10 M-ours-gmm32=0.05 R5-genie=0.00
354/448 done    D2_C2_S2_Nr8_T16_Tp4_dft_snr9_skip1720_n40.npz  (651 s)  BLER16: R2-ours-G=0.03 R3-bigamp=0.05 R4-scvamp=0.05 M-ours-gmm32=0.03 R5-genie=0.00
355/448 done    D2_C2_S2_Nr8_T16_Tp4_dft_snr-3_skip2040_n40.npz  (607 s)  BLER16: R2-ours-G=0.30 R3-bigamp=0.57 R4-scvamp=0.53 M-ours-gmm32=0.28 R5-genie=0.00
356/448 done    D2_C2_S2_Nr8_T16_Tp4_dft_snr-3_skip1880_n40.npz  (637 s)  BLER16: R2-ours-G=0.40 R3-bigamp=0.70 R4-scvamp=0.72 M-ours-gmm32=0.33 R5-genie=0.00
357/448 done    D2_C2_S2_Nr8_T16_Tp4_dft_snr12_skip1800_n40.npz  (641 s)  BLER16: R2-ours-G=0.00 R3-bigamp=0.03 R4-scvamp=0.00 M-ours-gmm32=0.00 R5-genie=0.00
358/448 done    D2_C2_S2_Nr8_T16_Tp4_dft_snr15_skip2120_n40.npz  (549 s)  BLER16: R2-ours-G=0.03 R3-bigamp=0.07 R4-scvamp=0.10 M-ours-gmm32=0.03 R5-genie=0.00
359/448 done    D2_C2_S2_Nr8_T16_Tp4_dft_snr3_skip2080_n40.npz  (597 s)  BLER16: R2-ours-G=0.00 R3-bigamp=0.05 R4-scvamp=0.15 M-ours-gmm32=0.00 R5-genie=0.00
360/448 done    D2_C2_S2_Nr8_T16_Tp4_dft_snr6_skip1920_n40.npz  (635 s)  BLER16: R2-ours-G=0.03 R3-bigamp=0.05 R4-scvamp=0.10 M-ours-gmm32=0.05 R5-genie=0.03
361/448 done    D2_C2_S2_Nr8_T16_Tp4_dft_snr0_skip1880_n40.npz  (640 s)  BLER16: R2-ours-G=0.17 R3-bigamp=0.20 R4-scvamp=0.40 M-ours-gmm32=0.07 R5-genie=0.03
362/448 done    D2_C2_S2_Nr8_T16_Tp4_dft_snr12_skip2000_n40.npz  (614 s)  BLER16: R2-ours-G=0.03 R3-bigamp=0.15 R4-scvamp=0.07 M-ours-gmm32=0.03 R5-genie=0.00
363/448 done    D2_C2_S2_Nr8_T16_Tp4_dft_snr-3_skip1920_n40.npz  (639 s)  BLER16: R2-ours-G=0.38 R3-bigamp=0.55 R4-scvamp=0.57 M-ours-gmm32=0.33 R5-genie=0.03
364/448 done    D2_C2_S2_Nr8_T16_Tp4_dft_snr6_skip2000_n40.npz  (618 s)  BLER16: R2-ours-G=0.03 R3-bigamp=0.00 R4-scvamp=0.07 M-ours-gmm32=0.00 R5-genie=0.00
365/448 done    D2_C2_S2_Nr8_T16_Tp4_dft_snr-3_skip2000_n40.npz  (626 s)  BLER16: R2-ours-G=0.23 R3-bigamp=0.42 R4-scvamp=0.57 M-ours-gmm32=0.17 R5-genie=0.03
366/448 done    D2_C2_S2_Nr8_T16_Tp4_dft_snr9_skip2080_n40.npz  (596 s)  BLER16: R2-ours-G=0.00 R3-bigamp=0.07 R4-scvamp=0.10 M-ours-gmm32=0.00 R5-genie=0.00
367/448 done    D2_C2_S2_Nr8_T16_Tp4_dft_snr6_skip2160_n40.npz  (545 s)  BLER16: R2-ours-G=0.00 R3-bigamp=0.00 R4-scvamp=0.05 M-ours-gmm32=0.00 R5-genie=0.00
368/448 done    D2_C2_S2_Nr8_T16_Tp4_dft_snr-3_skip1760_n40.npz  (658 s)  BLER16: R2-ours-G=0.38 R3-bigamp=0.50 R4-scvamp=0.55 M-ours-gmm32=0.30 R5-genie=0.05
369/448 done    D2_C2_S2_Nr8_T16_Tp4_dft_snr-3_skip1800_n40.npz  (654 s)  BLER16: R2-ours-G=0.42 R3-bigamp=0.62 R4-scvamp=0.72 M-ours-gmm32=0.50 R5-genie=0.05
370/448 done    D2_C2_S2_Nr8_T16_Tp4_dft_snr-3_skip1560_n40.npz  (679 s)  BLER16: R2-ours-G=0.35 R3-bigamp=0.53 R4-scvamp=0.62 M-ours-gmm32=0.28 R5-genie=0.05
371/448 done    D2_C2_S2_Nr8_T16_Tp4_dft_snr12_skip2120_n40.npz  (564 s)  BLER16: R2-ours-G=0.00 R3-bigamp=0.03 R4-scvamp=0.07 M-ours-gmm32=0.00 R5-genie=0.00
372/448 done    D2_C2_S2_Nr8_T16_Tp4_dft_snr-3_skip1960_n40.npz  (635 s)  BLER16: R2-ours-G=0.25 R3-bigamp=0.53 R4-scvamp=0.60 M-ours-gmm32=0.15 R5-genie=0.00
373/448 done    D2_C2_S2_Nr8_T16_Tp4_dft_snr12_skip2080_n40.npz  (596 s)  BLER16: R2-ours-G=0.00 R3-bigamp=0.05 R4-scvamp=0.05 M-ours-gmm32=0.00 R5-genie=0.00
374/448 done    D2_C2_S2_Nr8_T16_Tp4_dft_snr0_skip2000_n40.npz  (629 s)  BLER16: R2-ours-G=0.12 R3-bigamp=0.20 R4-scvamp=0.30 M-ours-gmm32=0.05 R5-genie=0.00
375/448 done    D2_C2_S2_Nr8_T16_Tp4_dft_snr0_skip1920_n40.npz  (645 s)  BLER16: R2-ours-G=0.07 R3-bigamp=0.10 R4-scvamp=0.30 M-ours-gmm32=0.05 R5-genie=0.00
376/448 done    D2_C2_S2_Nr8_T16_Tp4_dft_snr15_skip2040_n40.npz  (613 s)  BLER16: R2-ours-G=0.03 R3-bigamp=0.10 R4-scvamp=0.05 M-ours-gmm32=0.00 R5-genie=0.00
377/448 done    D2_C2_S2_Nr8_T16_Tp4_dft_snr-3_skip2120_n40.npz  (600 s)  BLER16: R2-ours-G=0.30 R3-bigamp=0.35 R4-scvamp=0.38 M-ours-gmm32=0.17 R5-genie=0.00
378/448 done    D2_C2_S2_Nr8_T16_Tp4_dft_snr-3_skip2080_n40.npz  (617 s)  BLER16: R2-ours-G=0.40 R3-bigamp=0.50 R4-scvamp=0.70 M-ours-gmm32=0.25 R5-genie=0.05
379/448 done    D2_C2_S2_Nr8_T16_Tp4_dft_snr0_skip2120_n40.npz  (603 s)  BLER16: R2-ours-G=0.03 R3-bigamp=0.10 R4-scvamp=0.20 M-ours-gmm32=0.05 R5-genie=0.00
380/448 done    D2_C2_S2_Nr8_T16_Tp4_dft_snr3_skip2160_n40.npz  (567 s)  BLER16: R2-ours-G=0.03 R3-bigamp=0.12 R4-scvamp=0.15 M-ours-gmm32=0.05 R5-genie=0.00
381/448 done    D2_C2_S2_Nr8_T16_Tp4_dft_snr9_skip2160_n40.npz  (554 s)  BLER16: R2-ours-G=0.00 R3-bigamp=0.05 R4-scvamp=0.05 M-ours-gmm32=0.00 R5-genie=0.00
382/448 done    D2_C2_S2_Nr8_T16_Tp4_dft_snr0_skip2160_n40.npz  (578 s)  BLER16: R2-ours-G=0.07 R3-bigamp=0.10 R4-scvamp=0.28 M-ours-gmm32=0.05 R5-genie=0.03
383/448 done    D2_C2_S2_Nr8_T16_Tp4_dft_snr-3_skip2160_n40.npz  (590 s)  BLER16: R2-ours-G=0.33 R3-bigamp=0.55 R4-scvamp=0.72 M-ours-gmm32=0.25 R5-genie=0.05
384/448 done    D2_C2_S2_Nr8_T16_Tp4_dft_snr12_skip2160_n40.npz  (545 s)  BLER16: R2-ours-G=0.03 R3-bigamp=0.10 R4-scvamp=0.07 M-ours-gmm32=0.03 R5-genie=0.00
385/448 done    D2_C2_S2_Nr8_T16_Tp4_dft_snr15_skip2160_n40.npz  (349 s)  BLER16: R2-ours-G=0.03 R3-bigamp=0.07 R4-scvamp=0.05 M-ours-gmm32=0.03 R5-genie=0.00
386/448 done    D2_C2_S2_Nr8_T16_Tp4_dft_snr15_skip2240_n40.npz  (273 s)  BLER16: R2-ours-G=0.00 R3-bigamp=0.07 R4-scvamp=0.03 M-ours-gmm32=0.00 R5-genie=0.00
387/448 done    D2_C2_S2_Nr8_T16_Tp4_dft_snr9_skip2280_n40.npz  (276 s)  BLER16: R2-ours-G=0.00 R3-bigamp=0.07 R4-scvamp=0.07 M-ours-gmm32=0.00 R5-genie=0.00
388/448 done    D2_C2_S2_Nr8_T16_Tp4_dft_snr15_skip2360_n40.npz  (264 s)  BLER16: R2-ours-G=0.00 R3-bigamp=0.05 R4-scvamp=0.12 M-ours-gmm32=0.00 R5-genie=0.00
389/448 done    D2_C2_S2_Nr8_T16_Tp4_dft_snr12_skip2320_n40.npz  (266 s)  BLER16: R2-ours-G=0.00 R3-bigamp=0.03 R4-scvamp=0.03 M-ours-gmm32=0.00 R5-genie=0.00
390/448 done    D2_C2_S2_Nr8_T16_Tp4_dft_snr15_skip2200_n40.npz  (291 s)  BLER16: R2-ours-G=0.00 R3-bigamp=0.07 R4-scvamp=0.05 M-ours-gmm32=0.00 R5-genie=0.00
391/448 done    D2_C2_S2_Nr8_T16_Tp4_dft_snr3_skip2200_n40.npz  (298 s)  BLER16: R2-ours-G=0.05 R3-bigamp=0.05 R4-scvamp=0.12 M-ours-gmm32=0.00 R5-genie=0.00
392/448 done    D2_C2_S2_Nr8_T16_Tp4_dft_snr9_skip2200_n40.npz  (295 s)  BLER16: R2-ours-G=0.03 R3-bigamp=0.05 R4-scvamp=0.03 M-ours-gmm32=0.03 R5-genie=0.00
393/448 done    D2_C2_S2_Nr8_T16_Tp4_dft_snr6_skip2360_n40.npz  (269 s)  BLER16: R2-ours-G=0.03 R3-bigamp=0.03 R4-scvamp=0.15 M-ours-gmm32=0.00 R5-genie=0.00
394/448 done    D2_C2_S2_Nr8_T16_Tp4_dft_snr0_skip2200_n40.npz  (309 s)  BLER16: R2-ours-G=0.10 R3-bigamp=0.17 R4-scvamp=0.25 M-ours-gmm32=0.05 R5-genie=0.03
395/448 done    D2_C2_S2_Nr8_T16_Tp4_dft_snr6_skip2240_n40.npz  (292 s)  BLER16: R2-ours-G=0.03 R3-bigamp=0.07 R4-scvamp=0.17 M-ours-gmm32=0.00 R5-genie=0.00
396/448 done    D2_C2_S2_Nr8_T16_Tp4_dft_snr0_skip2280_n40.npz  (287 s)  BLER16: R2-ours-G=0.10 R3-bigamp=0.25 R4-scvamp=0.25 M-ours-gmm32=0.10 R5-genie=0.03
397/448 done    D2_C2_S2_Nr8_T16_Tp4_dft_snr-3_skip2200_n40.npz  (345 s)  BLER16: R2-ours-G=0.35 R3-bigamp=0.50 R4-scvamp=0.65 M-ours-gmm32=0.28 R5-genie=0.07
398/448 done    D2_C2_S2_Nr8_T16_Tp4_dft_snr6_skip2200_n40.npz  (301 s)  BLER16: R2-ours-G=0.00 R3-bigamp=0.05 R4-scvamp=0.03 M-ours-gmm32=0.00 R5-genie=0.00
399/448 done    D2_C2_S2_Nr8_T16_Tp4_dft_snr3_skip2440_n40.npz  (263 s)  BLER16: R2-ours-G=0.07 R3-bigamp=0.05 R4-scvamp=0.12 M-ours-gmm32=0.05 R5-genie=0.00
400/448 done    D2_C2_S2_Nr8_T16_Tp4_dft_snr15_skip2400_n40.npz  (266 s)  BLER16: R2-ours-G=0.00 R3-bigamp=0.10 R4-scvamp=0.03 M-ours-gmm32=0.00 R5-genie=0.00
401/448 done    D2_C2_S2_Nr8_T16_Tp4_dft_snr3_skip2240_n40.npz  (296 s)  BLER16: R2-ours-G=0.03 R3-bigamp=0.10 R4-scvamp=0.12 M-ours-gmm32=0.03 R5-genie=0.00
402/448 done    D2_C2_S2_Nr8_T16_Tp4_dft_snr15_skip2280_n40.npz  (283 s)  BLER16: R2-ours-G=0.00 R3-bigamp=0.05 R4-scvamp=0.07 M-ours-gmm32=0.00 R5-genie=0.00
403/448 done    D2_C2_S2_Nr8_T16_Tp4_dft_snr6_skip2400_n40.npz  (271 s)  BLER16: R2-ours-G=0.00 R3-bigamp=0.03 R4-scvamp=0.05 M-ours-gmm32=0.00 R5-genie=0.00
404/448 done    D2_C2_S2_Nr8_T16_Tp4_dft_snr3_skip2280_n40.npz  (287 s)  BLER16: R2-ours-G=0.07 R3-bigamp=0.07 R4-scvamp=0.12 M-ours-gmm32=0.07 R5-genie=0.00
405/448 done    D2_C2_S2_Nr8_T16_Tp4_dft_snr0_skip2240_n40.npz  (298 s)  BLER16: R2-ours-G=0.05 R3-bigamp=0.07 R4-scvamp=0.30 M-ours-gmm32=0.03 R5-genie=0.00
406/448 done    D2_C2_S2_Nr8_T16_Tp4_dft_snr6_skip2480_n40.npz  (258 s)  BLER16: R2-ours-G=0.03 R3-bigamp=0.15 R4-scvamp=0.12 M-ours-gmm32=0.03 R5-genie=0.00
407/448 done    D2_C2_S2_Nr8_T16_Tp4_dft_snr3_skip2400_n40.npz  (273 s)  BLER16: R2-ours-G=0.07 R3-bigamp=0.12 R4-scvamp=0.23 M-ours-gmm32=0.03 R5-genie=0.00
408/448 done    D2_C2_S2_Nr8_T16_Tp4_dft_snr6_skip2280_n40.npz  (287 s)  BLER16: R2-ours-G=0.00 R3-bigamp=0.00 R4-scvamp=0.07 M-ours-gmm32=0.00 R5-genie=0.00
409/448 done    D2_C2_S2_Nr8_T16_Tp4_dft_snr3_skip2320_n40.npz  (281 s)  BLER16: R2-ours-G=0.07 R3-bigamp=0.03 R4-scvamp=0.10 M-ours-gmm32=0.05 R5-genie=0.00
410/448 done    D2_C2_S2_Nr8_T16_Tp4_dft_snr9_skip2240_n40.npz  (298 s)  BLER16: R2-ours-G=0.05 R3-bigamp=0.07 R4-scvamp=0.12 M-ours-gmm32=0.03 R5-genie=0.00
411/448 done    D2_C2_S2_Nr8_T16_Tp4_dft_snr12_skip2480_n40.npz  (259 s)  BLER16: R2-ours-G=0.00 R3-bigamp=0.03 R4-scvamp=0.03 M-ours-gmm32=0.00 R5-genie=0.00
412/448 done    D2_C2_S2_Nr8_T16_Tp4_dft_snr6_skip2440_n40.npz  (268 s)  BLER16: R2-ours-G=0.05 R3-bigamp=0.10 R4-scvamp=0.07 M-ours-gmm32=0.07 R5-genie=0.03
413/448 done    D2_C2_S2_Nr8_T16_Tp4_dft_snr15_skip2480_n40.npz  (260 s)  BLER16: R2-ours-G=0.00 R3-bigamp=0.03 R4-scvamp=0.05 M-ours-gmm32=0.00 R5-genie=0.00
414/448 done    D2_C2_S2_Nr8_T16_Tp4_dft_snr12_skip2400_n40.npz  (274 s)  BLER16: R2-ours-G=0.03 R3-bigamp=0.03 R4-scvamp=0.07 M-ours-gmm32=0.03 R5-genie=0.00
415/448 done    D2_C2_S2_Nr8_T16_Tp4_dft_snr15_skip2520_n40.npz  (256 s)  BLER16: R2-ours-G=0.03 R3-bigamp=0.05 R4-scvamp=0.03 M-ours-gmm32=0.00 R5-genie=0.00
416/448 done    D2_C2_S2_Nr8_T16_Tp4_dft_snr0_skip2320_n40.npz  (284 s)  BLER16: R2-ours-G=0.10 R3-bigamp=0.12 R4-scvamp=0.30 M-ours-gmm32=0.10 R5-genie=0.00
417/448 done    D2_C2_S2_Nr8_T16_Tp4_dft_snr9_skip2520_n40.npz  (258 s)  BLER16: R2-ours-G=0.07 R3-bigamp=0.10 R4-scvamp=0.12 M-ours-gmm32=0.00 R5-genie=0.03
418/448 done    D2_C2_S2_Nr8_T16_Tp4_dft_snr12_skip2280_n40.npz  (291 s)  BLER16: R2-ours-G=0.05 R3-bigamp=0.12 R4-scvamp=0.10 M-ours-gmm32=0.07 R5-genie=0.03
419/448 done    D2_C2_S2_Nr8_T16_Tp4_dft_snr12_skip2440_n40.npz  (271 s)  BLER16: R2-ours-G=0.00 R3-bigamp=0.05 R4-scvamp=0.00 M-ours-gmm32=0.00 R5-genie=0.00
420/448 done    D2_C2_S2_Nr8_T16_Tp4_dft_snr12_skip2240_n40.npz  (302 s)  BLER16: R2-ours-G=0.00 R3-bigamp=0.07 R4-scvamp=0.05 M-ours-gmm32=0.00 R5-genie=0.00
421/448 done    D2_C2_S2_Nr8_T16_Tp4_dft_snr9_skip2440_n40.npz  (271 s)  BLER16: R2-ours-G=0.03 R3-bigamp=0.05 R4-scvamp=0.05 M-ours-gmm32=0.00 R5-genie=0.00
422/448 done    D2_C2_S2_Nr8_T16_Tp4_dft_snr0_skip2360_n40.npz  (282 s)  BLER16: R2-ours-G=0.05 R3-bigamp=0.07 R4-scvamp=0.30 M-ours-gmm32=0.03 R5-genie=0.03
423/448 done    D2_C2_S2_Nr8_T16_Tp4_dft_snr9_skip2320_n40.npz  (285 s)  BLER16: R2-ours-G=0.00 R3-bigamp=0.00 R4-scvamp=0.03 M-ours-gmm32=0.00 R5-genie=0.00
424/448 done    D2_C2_S2_Nr8_T16_Tp4_dft_snr12_skip2200_n40.npz  (308 s)  BLER16: R2-ours-G=0.00 R3-bigamp=0.03 R4-scvamp=0.10 M-ours-gmm32=0.00 R5-genie=0.00
425/448 done    D2_C2_S2_Nr8_T16_Tp4_dft_snr3_skip2360_n40.npz  (283 s)  BLER16: R2-ours-G=0.03 R3-bigamp=0.10 R4-scvamp=0.10 M-ours-gmm32=0.00 R5-genie=0.00
426/448 done    D2_C2_S2_Nr8_T16_Tp4_dft_snr15_skip2440_n40.npz  (271 s)  BLER16: R2-ours-G=0.05 R3-bigamp=0.10 R4-scvamp=0.05 M-ours-gmm32=0.05 R5-genie=0.00
427/448 done    D2_C2_S2_Nr8_T16_Tp4_dft_snr0_skip2440_n40.npz  (278 s)  BLER16: R2-ours-G=0.07 R3-bigamp=0.20 R4-scvamp=0.28 M-ours-gmm32=0.12 R5-genie=0.03
428/448 done    D2_C2_S2_Nr8_T16_Tp4_dft_snr3_skip2520_n40.npz  (265 s)  BLER16: R2-ours-G=0.00 R3-bigamp=0.03 R4-scvamp=0.05 M-ours-gmm32=0.00 R5-genie=0.03
429/448 done    D2_C2_S2_Nr8_T16_Tp4_dft_snr15_skip2320_n40.npz  (287 s)  BLER16: R2-ours-G=0.00 R3-bigamp=0.07 R4-scvamp=0.03 M-ours-gmm32=0.00 R5-genie=0.00
430/448 done    D2_C2_S2_Nr8_T16_Tp4_dft_snr12_skip2360_n40.npz  (287 s)  BLER16: R2-ours-G=0.03 R3-bigamp=0.03 R4-scvamp=0.05 M-ours-gmm32=0.00 R5-genie=0.00
431/448 done    D2_C2_S2_Nr8_T16_Tp4_dft_snr9_skip2400_n40.npz  (283 s)  BLER16: R2-ours-G=0.00 R3-bigamp=0.03 R4-scvamp=0.12 M-ours-gmm32=0.03 R5-genie=0.00
432/448 done    D2_C2_S2_Nr8_T16_Tp4_dft_snr-3_skip2240_n40.npz  (312 s)  BLER16: R2-ours-G=0.20 R3-bigamp=0.42 R4-scvamp=0.55 M-ours-gmm32=0.15 R5-genie=0.03
433/448 done    D2_C2_S2_Nr8_T16_Tp4_dft_snr0_skip2400_n40.npz  (286 s)  BLER16: R2-ours-G=0.12 R3-bigamp=0.23 R4-scvamp=0.33 M-ours-gmm32=0.12 R5-genie=0.03
434/448 done    D2_C2_S2_Nr8_T16_Tp4_dft_snr12_skip2520_n40.npz  (265 s)  BLER16: R2-ours-G=0.00 R3-bigamp=0.07 R4-scvamp=0.07 M-ours-gmm32=0.00 R5-genie=0.00
435/448 done    D2_C2_S2_Nr8_T16_Tp4_dft_snr0_skip2520_n40.npz  (271 s)  BLER16: R2-ours-G=0.15 R3-bigamp=0.28 R4-scvamp=0.33 M-ours-gmm32=0.10 R5-genie=0.00
436/448 done    D2_C2_S2_Nr8_T16_Tp4_dft_snr6_skip2320_n40.npz  (293 s)  BLER16: R2-ours-G=0.07 R3-bigamp=0.15 R4-scvamp=0.12 M-ours-gmm32=0.05 R5-genie=0.00
437/448 done    D2_C2_S2_Nr8_T16_Tp4_dft_snr9_skip2360_n40.npz  (290 s)  BLER16: R2-ours-G=0.00 R3-bigamp=0.07 R4-scvamp=0.05 M-ours-gmm32=0.00 R5-genie=0.00
438/448 done    D2_C2_S2_Nr8_T16_Tp4_dft_snr0_skip2480_n40.npz  (277 s)  BLER16: R2-ours-G=0.15 R3-bigamp=0.25 R4-scvamp=0.30 M-ours-gmm32=0.12 R5-genie=0.05
439/448 done    D2_C2_S2_Nr8_T16_Tp4_dft_snr3_skip2480_n40.npz  (277 s)  BLER16: R2-ours-G=0.03 R3-bigamp=0.03 R4-scvamp=0.17 M-ours-gmm32=0.05 R5-genie=0.03
440/448 done    D2_C2_S2_Nr8_T16_Tp4_dft_snr6_skip2520_n40.npz  (272 s)  BLER16: R2-ours-G=0.00 R3-bigamp=0.00 R4-scvamp=0.07 M-ours-gmm32=0.00 R5-genie=0.00
441/448 done    D2_C2_S2_Nr8_T16_Tp4_dft_snr-3_skip2440_n40.npz  (287 s)  BLER16: R2-ours-G=0.25 R3-bigamp=0.60 R4-scvamp=0.65 M-ours-gmm32=0.30 R5-genie=0.03
442/448 done    D2_C2_S2_Nr8_T16_Tp4_dft_snr-3_skip2360_n40.npz  (295 s)  BLER16: R2-ours-G=0.33 R3-bigamp=0.55 R4-scvamp=0.65 M-ours-gmm32=0.35 R5-genie=0.05
443/448 done    D2_C2_S2_Nr8_T16_Tp4_dft_snr-3_skip2280_n40.npz  (312 s)  BLER16: R2-ours-G=0.30 R3-bigamp=0.53 R4-scvamp=0.60 M-ours-gmm32=0.30 R5-genie=0.05
444/448 done    D2_C2_S2_Nr8_T16_Tp4_dft_snr9_skip2480_n40.npz  (278 s)  BLER16: R2-ours-G=0.00 R3-bigamp=0.07 R4-scvamp=0.10 M-ours-gmm32=0.03 R5-genie=0.00
445/448 done    D2_C2_S2_Nr8_T16_Tp4_dft_snr-3_skip2400_n40.npz  (300 s)  BLER16: R2-ours-G=0.42 R3-bigamp=0.57 R4-scvamp=0.72 M-ours-gmm32=0.35 R5-genie=0.05
446/448 done    D2_C2_S2_Nr8_T16_Tp4_dft_snr-3_skip2520_n40.npz  (285 s)  BLER16: R2-ours-G=0.42 R3-bigamp=0.60 R4-scvamp=0.60 M-ours-gmm32=0.33 R5-genie=0.05
447/448 done    D2_C2_S2_Nr8_T16_Tp4_dft_snr-3_skip2320_n40.npz  (311 s)  BLER16: R2-ours-G=0.28 R3-bigamp=0.53 R4-scvamp=0.50 M-ours-gmm32=0.25 R5-genie=0.05
448/448 done    D2_C2_S2_Nr8_T16_Tp4_dft_snr-3_skip2480_n40.npz  (294 s)  BLER16: R2-ours-G=0.25 R3-bigamp=0.40 R4-scvamp=0.50 M-ours-gmm32=0.20 R5-genie=0.03
[run] finished in 24.9 min -> python runner.py analysis --testbed D2 --tag B1e4s3
[run] M-ours-dscore: ABSENT -- no GATE-PASSING checkpoint (04_SPEC §5 gates GA-GD): no gate-passing checkpoint for D2; recorded PASS rows: none (searched conf/results/gate_D2.txt and LADDER.md)
[run] M-ours-dscore is NOT in this run.  The reason is written to every raw file as 'meta|dscore_status', so analysis.py reports its slot as BLOCKED / FAILED-VERIFICATION instead of quietly printing a table without it (01_RULES §6).
[run] Stage C arms ON (10_SPEC §3b/§3c): M-ours-dscore-C-{V0,V1,V4} + the mandatory GMM control M-ours-bstar-scalar, from /home/HTJ/t2/conf/ckpt/d2sx_N10000_a3.pt
[run] Stage C gate record: NO GATE RECORD mentions d2sx_N10000_a3.pt -- UNVERIFIED here.  (GA-GD are measurable on D1 only, 10_SPEC §5: a D2 re-train is qualified by its D1 sibling's gate row, which this string cannot prove.)
[run] D2 7 points x n=2560 -> 448 tasks on 192 workers (prior S2, cells ['C2'], chunk 40) -> /home/HTJ/t2/conf/raw_B1e4s3
1/448 exists  D2_C2_S2_Nr8_T16_Tp4_dft_snr9_skip440_n40.npz
2/448 exists  D2_C2_S2_Nr8_T16_Tp4_dft_snr6_skip1080_n40.npz
3/448 exists  D2_C2_S2_Nr8_T16_Tp4_dft_snr9_skip1080_n40.npz
4/448 exists  D2_C2_S2_Nr8_T16_Tp4_dft_snr12_skip1080_n40.npz
5/448 exists  D2_C2_S2_Nr8_T16_Tp4_dft_snr15_skip1080_n40.npz
6/448 exists  D2_C2_S2_Nr8_T16_Tp4_dft_snr-3_skip1120_n40.npz
7/448 exists  D2_C2_S2_Nr8_T16_Tp4_dft_snr9_skip40_n40.npz
8/448 exists  D2_C2_S2_Nr8_T16_Tp4_dft_snr3_skip1120_n40.npz
9/448 exists  D2_C2_S2_Nr8_T16_Tp4_dft_snr6_skip1120_n40.npz
10/448 exists  D2_C2_S2_Nr8_T16_Tp4_dft_snr9_skip1120_n40.npz
11/448 exists  D2_C2_S2_Nr8_T16_Tp4_dft_snr12_skip1120_n40.npz
12/448 exists  D2_C2_S2_Nr8_T16_Tp4_dft_snr15_skip1120_n40.npz
13/448 exists  D2_C2_S2_Nr8_T16_Tp4_dft_snr-3_skip1160_n40.npz
14/448 exists  D2_C2_S2_Nr8_T16_Tp4_dft_snr0_skip1160_n40.npz
15/448 exists  D2_C2_S2_Nr8_T16_Tp4_dft_snr3_skip1160_n40.npz
16/448 exists  D2_C2_S2_Nr8_T16_Tp4_dft_snr6_skip1160_n40.npz
17/448 exists  D2_C2_S2_Nr8_T16_Tp4_dft_snr9_skip1160_n40.npz
18/448 exists  D2_C2_S2_Nr8_T16_Tp4_dft_snr12_skip1160_n40.npz
19/448 exists  D2_C2_S2_Nr8_T16_Tp4_dft_snr15_skip1160_n40.npz
20/448 exists  D2_C2_S2_Nr8_T16_Tp4_dft_snr-3_skip1200_n40.npz
21/448 exists  D2_C2_S2_Nr8_T16_Tp4_dft_snr0_skip1200_n40.npz
22/448 exists  D2_C2_S2_Nr8_T16_Tp4_dft_snr0_skip1120_n40.npz
23/448 exists  D2_C2_S2_Nr8_T16_Tp4_dft_snr6_skip1200_n40.npz
24/448 exists  D2_C2_S2_Nr8_T16_Tp4_dft_snr9_skip1200_n40.npz
25/448 exists  D2_C2_S2_Nr8_T16_Tp4_dft_snr12_skip1200_n40.npz
26/448 exists  D2_C2_S2_Nr8_T16_Tp4_dft_snr15_skip1200_n40.npz
27/448 exists  D2_C2_S2_Nr8_T16_Tp4_dft_snr-3_skip1240_n40.npz
28/448 exists  D2_C2_S2_Nr8_T16_Tp4_dft_snr0_skip1240_n40.npz
29/448 exists  D2_C2_S2_Nr8_T16_Tp4_dft_snr3_skip1240_n40.npz
30/448 exists  D2_C2_S2_Nr8_T16_Tp4_dft_snr6_skip1240_n40.npz
31/448 exists  D2_C2_S2_Nr8_T16_Tp4_dft_snr9_skip1240_n40.npz
32/448 exists  D2_C2_S2_Nr8_T16_Tp4_dft_snr12_skip1240_n40.npz
33/448 exists  D2_C2_S2_Nr8_T16_Tp4_dft_snr15_skip1240_n40.npz
34/448 exists  D2_C2_S2_Nr8_T16_Tp4_dft_snr9_skip200_n40.npz
35/448 exists  D2_C2_S2_Nr8_T16_Tp4_dft_snr-3_skip1280_n40.npz
36/448 exists  D2_C2_S2_Nr8_T16_Tp4_dft_snr0_skip1280_n40.npz
37/448 exists  D2_C2_S2_Nr8_T16_Tp4_dft_snr3_skip1280_n40.npz
38/448 exists  D2_C2_S2_Nr8_T16_Tp4_dft_snr6_skip1280_n40.npz
39/448 exists  D2_C2_S2_Nr8_T16_Tp4_dft_snr9_skip1280_n40.npz
40/448 exists  D2_C2_S2_Nr8_T16_Tp4_dft_snr12_skip1280_n40.npz
41/448 exists  D2_C2_S2_Nr8_T16_Tp4_dft_snr15_skip1280_n40.npz
42/448 exists  D2_C2_S2_Nr8_T16_Tp4_dft_snr-3_skip1320_n40.npz
43/448 exists  D2_C2_S2_Nr8_T16_Tp4_dft_snr0_skip1320_n40.npz
44/448 exists  D2_C2_S2_Nr8_T16_Tp4_dft_snr3_skip1320_n40.npz
45/448 exists  D2_C2_S2_Nr8_T16_Tp4_dft_snr6_skip1320_n40.npz
46/448 exists  D2_C2_S2_Nr8_T16_Tp4_dft_snr9_skip1320_n40.npz
47/448 exists  D2_C2_S2_Nr8_T16_Tp4_dft_snr12_skip1320_n40.npz
48/448 exists  D2_C2_S2_Nr8_T16_Tp4_dft_snr15_skip1320_n40.npz
49/448 exists  D2_C2_S2_Nr8_T16_Tp4_dft_snr-3_skip1360_n40.npz
50/448 exists  D2_C2_S2_Nr8_T16_Tp4_dft_snr0_skip1360_n40.npz
51/448 exists  D2_C2_S2_Nr8_T16_Tp4_dft_snr3_skip1360_n40.npz
52/448 exists  D2_C2_S2_Nr8_T16_Tp4_dft_snr6_skip1360_n40.npz
53/448 exists  D2_C2_S2_Nr8_T16_Tp4_dft_snr-3_skip280_n40.npz
54/448 exists  D2_C2_S2_Nr8_T16_Tp4_dft_snr9_skip1360_n40.npz
55/448 exists  D2_C2_S2_Nr8_T16_Tp4_dft_snr12_skip1360_n40.npz
56/448 exists  D2_C2_S2_Nr8_T16_Tp4_dft_snr-3_skip1400_n40.npz
57/448 exists  D2_C2_S2_Nr8_T16_Tp4_dft_snr15_skip1360_n40.npz
58/448 exists  D2_C2_S2_Nr8_T16_Tp4_dft_snr0_skip1400_n40.npz
59/448 exists  D2_C2_S2_Nr8_T16_Tp4_dft_snr3_skip1400_n40.npz
60/448 exists  D2_C2_S2_Nr8_T16_Tp4_dft_snr6_skip1400_n40.npz
61/448 exists  D2_C2_S2_Nr8_T16_Tp4_dft_snr9_skip1400_n40.npz
62/448 exists  D2_C2_S2_Nr8_T16_Tp4_dft_snr12_skip1400_n40.npz
63/448 exists  D2_C2_S2_Nr8_T16_Tp4_dft_snr15_skip1400_n40.npz
64/448 exists  D2_C2_S2_Nr8_T16_Tp4_dft_snr-3_skip1440_n40.npz
65/448 exists  D2_C2_S2_Nr8_T16_Tp4_dft_snr0_skip1440_n40.npz
66/448 exists  D2_C2_S2_Nr8_T16_Tp4_dft_snr3_skip1440_n40.npz
67/448 exists  D2_C2_S2_Nr8_T16_Tp4_dft_snr6_skip1440_n40.npz
68/448 exists  D2_C2_S2_Nr8_T16_Tp4_dft_snr9_skip1440_n40.npz
69/448 exists  D2_C2_S2_Nr8_T16_Tp4_dft_snr12_skip1440_n40.npz
70/448 exists  D2_C2_S2_Nr8_T16_Tp4_dft_snr-3_skip1480_n40.npz
71/448 exists  D2_C2_S2_Nr8_T16_Tp4_dft_snr15_skip1440_n40.npz
72/448 exists  D2_C2_S2_Nr8_T16_Tp4_dft_snr0_skip1480_n40.npz
73/448 exists  D2_C2_S2_Nr8_T16_Tp4_dft_snr3_skip1480_n40.npz
74/448 exists  D2_C2_S2_Nr8_T16_Tp4_dft_snr6_skip1480_n40.npz
75/448 exists  D2_C2_S2_Nr8_T16_Tp4_dft_snr9_skip1480_n40.npz
76/448 exists  D2_C2_S2_Nr8_T16_Tp4_dft_snr12_skip1480_n40.npz
77/448 exists  D2_C2_S2_Nr8_T16_Tp4_dft_snr15_skip1480_n40.npz
78/448 exists  D2_C2_S2_Nr8_T16_Tp4_dft_snr-3_skip1520_n40.npz
79/448 exists  D2_C2_S2_Nr8_T16_Tp4_dft_snr0_skip1520_n40.npz
80/448 exists  D2_C2_S2_Nr8_T16_Tp4_dft_snr3_skip1520_n40.npz
81/448 exists  D2_C2_S2_Nr8_T16_Tp4_dft_snr6_skip1520_n40.npz
82/448 exists  D2_C2_S2_Nr8_T16_Tp4_dft_snr9_skip1520_n40.npz
83/448 exists  D2_C2_S2_Nr8_T16_Tp4_dft_snr12_skip1520_n40.npz
84/448 exists  D2_C2_S2_Nr8_T16_Tp4_dft_snr15_skip1520_n40.npz
85/448 exists  D2_C2_S2_Nr8_T16_Tp4_dft_snr-3_skip1560_n40.npz
86/448 exists  D2_C2_S2_Nr8_T16_Tp4_dft_snr0_skip1560_n40.npz
87/448 exists  D2_C2_S2_Nr8_T16_Tp4_dft_snr3_skip1560_n40.npz
88/448 exists  D2_C2_S2_Nr8_T16_Tp4_dft_snr6_skip1560_n40.npz
89/448 exists  D2_C2_S2_Nr8_T16_Tp4_dft_snr9_skip1560_n40.npz
90/448 exists  D2_C2_S2_Nr8_T16_Tp4_dft_snr12_skip1560_n40.npz
91/448 exists  D2_C2_S2_Nr8_T16_Tp4_dft_snr15_skip1560_n40.npz
92/448 exists  D2_C2_S2_Nr8_T16_Tp4_dft_snr-3_skip1600_n40.npz
93/448 exists  D2_C2_S2_Nr8_T16_Tp4_dft_snr0_skip1600_n40.npz
94/448 exists  D2_C2_S2_Nr8_T16_Tp4_dft_snr3_skip1600_n40.npz
95/448 exists  D2_C2_S2_Nr8_T16_Tp4_dft_snr6_skip1600_n40.npz
96/448 exists  D2_C2_S2_Nr8_T16_Tp4_dft_snr9_skip1600_n40.npz
97/448 exists  D2_C2_S2_Nr8_T16_Tp4_dft_snr3_skip1200_n40.npz
98/448 exists  D2_C2_S2_Nr8_T16_Tp4_dft_snr15_skip1600_n40.npz
99/448 exists  D2_C2_S2_Nr8_T16_Tp4_dft_snr-3_skip1640_n40.npz
100/448 exists  D2_C2_S2_Nr8_T16_Tp4_dft_snr0_skip1640_n40.npz
101/448 exists  D2_C2_S2_Nr8_T16_Tp4_dft_snr3_skip1640_n40.npz
102/448 exists  D2_C2_S2_Nr8_T16_Tp4_dft_snr6_skip1640_n40.npz
103/448 exists  D2_C2_S2_Nr8_T16_Tp4_dft_snr9_skip1640_n40.npz
104/448 exists  D2_C2_S2_Nr8_T16_Tp4_dft_snr12_skip1640_n40.npz
105/448 exists  D2_C2_S2_Nr8_T16_Tp4_dft_snr15_skip1640_n40.npz
106/448 exists  D2_C2_S2_Nr8_T16_Tp4_dft_snr-3_skip1680_n40.npz
107/448 exists  D2_C2_S2_Nr8_T16_Tp4_dft_snr0_skip1680_n40.npz
108/448 exists  D2_C2_S2_Nr8_T16_Tp4_dft_snr3_skip1680_n40.npz
109/448 exists  D2_C2_S2_Nr8_T16_Tp4_dft_snr6_skip1680_n40.npz
110/448 exists  D2_C2_S2_Nr8_T16_Tp4_dft_snr9_skip1680_n40.npz
111/448 exists  D2_C2_S2_Nr8_T16_Tp4_dft_snr12_skip1680_n40.npz
112/448 exists  D2_C2_S2_Nr8_T16_Tp4_dft_snr15_skip1680_n40.npz
113/448 exists  D2_C2_S2_Nr8_T16_Tp4_dft_snr-3_skip1720_n40.npz
114/448 exists  D2_C2_S2_Nr8_T16_Tp4_dft_snr0_skip1720_n40.npz
115/448 exists  D2_C2_S2_Nr8_T16_Tp4_dft_snr3_skip1720_n40.npz
116/448 exists  D2_C2_S2_Nr8_T16_Tp4_dft_snr6_skip1720_n40.npz
117/448 exists  D2_C2_S2_Nr8_T16_Tp4_dft_snr9_skip1720_n40.npz
118/448 exists  D2_C2_S2_Nr8_T16_Tp4_dft_snr12_skip1720_n40.npz
119/448 exists  D2_C2_S2_Nr8_T16_Tp4_dft_snr15_skip1720_n40.npz
120/448 exists  D2_C2_S2_Nr8_T16_Tp4_dft_snr-3_skip1760_n40.npz
121/448 exists  D2_C2_S2_Nr8_T16_Tp4_dft_snr0_skip1760_n40.npz
122/448 exists  D2_C2_S2_Nr8_T16_Tp4_dft_snr3_skip1760_n40.npz
123/448 exists  D2_C2_S2_Nr8_T16_Tp4_dft_snr6_skip1760_n40.npz
124/448 exists  D2_C2_S2_Nr8_T16_Tp4_dft_snr9_skip1760_n40.npz
125/448 exists  D2_C2_S2_Nr8_T16_Tp4_dft_snr12_skip1760_n40.npz
126/448 exists  D2_C2_S2_Nr8_T16_Tp4_dft_snr15_skip1760_n40.npz
127/448 exists  D2_C2_S2_Nr8_T16_Tp4_dft_snr-3_skip1800_n40.npz
128/448 exists  D2_C2_S2_Nr8_T16_Tp4_dft_snr0_skip1800_n40.npz
129/448 exists  D2_C2_S2_Nr8_T16_Tp4_dft_snr3_skip1800_n40.npz
130/448 exists  D2_C2_S2_Nr8_T16_Tp4_dft_snr6_skip1800_n40.npz
131/448 exists  D2_C2_S2_Nr8_T16_Tp4_dft_snr9_skip1800_n40.npz
132/448 exists  D2_C2_S2_Nr8_T16_Tp4_dft_snr12_skip1800_n40.npz
133/448 exists  D2_C2_S2_Nr8_T16_Tp4_dft_snr15_skip1800_n40.npz
134/448 exists  D2_C2_S2_Nr8_T16_Tp4_dft_snr-3_skip1840_n40.npz
135/448 exists  D2_C2_S2_Nr8_T16_Tp4_dft_snr0_skip1840_n40.npz
136/448 exists  D2_C2_S2_Nr8_T16_Tp4_dft_snr3_skip1840_n40.npz
137/448 exists  D2_C2_S2_Nr8_T16_Tp4_dft_snr6_skip1840_n40.npz
138/448 exists  D2_C2_S2_Nr8_T16_Tp4_dft_snr9_skip1840_n40.npz
139/448 exists  D2_C2_S2_Nr8_T16_Tp4_dft_snr12_skip1840_n40.npz
140/448 exists  D2_C2_S2_Nr8_T16_Tp4_dft_snr15_skip1840_n40.npz
141/448 exists  D2_C2_S2_Nr8_T16_Tp4_dft_snr-3_skip1880_n40.npz
142/448 exists  D2_C2_S2_Nr8_T16_Tp4_dft_snr0_skip1880_n40.npz
143/448 exists  D2_C2_S2_Nr8_T16_Tp4_dft_snr3_skip1880_n40.npz
144/448 exists  D2_C2_S2_Nr8_T16_Tp4_dft_snr6_skip1880_n40.npz
145/448 exists  D2_C2_S2_Nr8_T16_Tp4_dft_snr9_skip1880_n40.npz
146/448 exists  D2_C2_S2_Nr8_T16_Tp4_dft_snr12_skip1880_n40.npz
147/448 exists  D2_C2_S2_Nr8_T16_Tp4_dft_snr15_skip1880_n40.npz
148/448 exists  D2_C2_S2_Nr8_T16_Tp4_dft_snr-3_skip1920_n40.npz
149/448 exists  D2_C2_S2_Nr8_T16_Tp4_dft_snr0_skip1920_n40.npz
150/448 exists  D2_C2_S2_Nr8_T16_Tp4_dft_snr3_skip1920_n40.npz
151/448 exists  D2_C2_S2_Nr8_T16_Tp4_dft_snr6_skip1920_n40.npz
152/448 exists  D2_C2_S2_Nr8_T16_Tp4_dft_snr9_skip1920_n40.npz
153/448 exists  D2_C2_S2_Nr8_T16_Tp4_dft_snr12_skip1920_n40.npz
154/448 exists  D2_C2_S2_Nr8_T16_Tp4_dft_snr15_skip1920_n40.npz
155/448 exists  D2_C2_S2_Nr8_T16_Tp4_dft_snr-3_skip1960_n40.npz
156/448 exists  D2_C2_S2_Nr8_T16_Tp4_dft_snr0_skip1960_n40.npz
157/448 exists  D2_C2_S2_Nr8_T16_Tp4_dft_snr3_skip1960_n40.npz
158/448 exists  D2_C2_S2_Nr8_T16_Tp4_dft_snr6_skip1960_n40.npz
159/448 exists  D2_C2_S2_Nr8_T16_Tp4_dft_snr9_skip1960_n40.npz
160/448 exists  D2_C2_S2_Nr8_T16_Tp4_dft_snr12_skip1960_n40.npz
161/448 exists  D2_C2_S2_Nr8_T16_Tp4_dft_snr15_skip1960_n40.npz
162/448 exists  D2_C2_S2_Nr8_T16_Tp4_dft_snr-3_skip2000_n40.npz
163/448 exists  D2_C2_S2_Nr8_T16_Tp4_dft_snr0_skip2000_n40.npz
164/448 exists  D2_C2_S2_Nr8_T16_Tp4_dft_snr3_skip2000_n40.npz
165/448 exists  D2_C2_S2_Nr8_T16_Tp4_dft_snr6_skip2000_n40.npz
166/448 exists  D2_C2_S2_Nr8_T16_Tp4_dft_snr9_skip2000_n40.npz
167/448 exists  D2_C2_S2_Nr8_T16_Tp4_dft_snr12_skip2000_n40.npz
168/448 exists  D2_C2_S2_Nr8_T16_Tp4_dft_snr15_skip2000_n40.npz
169/448 exists  D2_C2_S2_Nr8_T16_Tp4_dft_snr12_skip1600_n40.npz
170/448 exists  D2_C2_S2_Nr8_T16_Tp4_dft_snr0_skip2040_n40.npz
171/448 exists  D2_C2_S2_Nr8_T16_Tp4_dft_snr3_skip2040_n40.npz
172/448 exists  D2_C2_S2_Nr8_T16_Tp4_dft_snr6_skip2040_n40.npz
173/448 exists  D2_C2_S2_Nr8_T16_Tp4_dft_snr9_skip2040_n40.npz
174/448 exists  D2_C2_S2_Nr8_T16_Tp4_dft_snr12_skip2040_n40.npz
175/448 exists  D2_C2_S2_Nr8_T16_Tp4_dft_snr15_skip2040_n40.npz
176/448 exists  D2_C2_S2_Nr8_T16_Tp4_dft_snr-3_skip2080_n40.npz
177/448 exists  D2_C2_S2_Nr8_T16_Tp4_dft_snr0_skip2080_n40.npz
178/448 exists  D2_C2_S2_Nr8_T16_Tp4_dft_snr3_skip2080_n40.npz
179/448 exists  D2_C2_S2_Nr8_T16_Tp4_dft_snr6_skip2080_n40.npz
180/448 exists  D2_C2_S2_Nr8_T16_Tp4_dft_snr9_skip2080_n40.npz
181/448 exists  D2_C2_S2_Nr8_T16_Tp4_dft_snr12_skip2080_n40.npz
182/448 exists  D2_C2_S2_Nr8_T16_Tp4_dft_snr15_skip2080_n40.npz
183/448 exists  D2_C2_S2_Nr8_T16_Tp4_dft_snr-3_skip2120_n40.npz
184/448 exists  D2_C2_S2_Nr8_T16_Tp4_dft_snr0_skip2120_n40.npz
185/448 exists  D2_C2_S2_Nr8_T16_Tp4_dft_snr3_skip2120_n40.npz
186/448 exists  D2_C2_S2_Nr8_T16_Tp4_dft_snr6_skip2120_n40.npz
187/448 exists  D2_C2_S2_Nr8_T16_Tp4_dft_snr9_skip2120_n40.npz
188/448 exists  D2_C2_S2_Nr8_T16_Tp4_dft_snr12_skip2120_n40.npz
189/448 exists  D2_C2_S2_Nr8_T16_Tp4_dft_snr15_skip2120_n40.npz
190/448 exists  D2_C2_S2_Nr8_T16_Tp4_dft_snr-3_skip2160_n40.npz
191/448 exists  D2_C2_S2_Nr8_T16_Tp4_dft_snr0_skip2160_n40.npz
192/448 exists  D2_C2_S2_Nr8_T16_Tp4_dft_snr3_skip2160_n40.npz
193/448 exists  D2_C2_S2_Nr8_T16_Tp4_dft_snr6_skip2160_n40.npz
194/448 exists  D2_C2_S2_Nr8_T16_Tp4_dft_snr9_skip2160_n40.npz
195/448 exists  D2_C2_S2_Nr8_T16_Tp4_dft_snr12_skip2160_n40.npz
196/448 exists  D2_C2_S2_Nr8_T16_Tp4_dft_snr15_skip2160_n40.npz
197/448 exists  D2_C2_S2_Nr8_T16_Tp4_dft_snr-3_skip2200_n40.npz
198/448 exists  D2_C2_S2_Nr8_T16_Tp4_dft_snr0_skip2200_n40.npz
199/448 exists  D2_C2_S2_Nr8_T16_Tp4_dft_snr3_skip2200_n40.npz
200/448 exists  D2_C2_S2_Nr8_T16_Tp4_dft_snr6_skip2200_n40.npz
201/448 exists  D2_C2_S2_Nr8_T16_Tp4_dft_snr9_skip2200_n40.npz
202/448 exists  D2_C2_S2_Nr8_T16_Tp4_dft_snr12_skip2200_n40.npz
203/448 exists  D2_C2_S2_Nr8_T16_Tp4_dft_snr15_skip2200_n40.npz
204/448 exists  D2_C2_S2_Nr8_T16_Tp4_dft_snr-3_skip2240_n40.npz
205/448 exists  D2_C2_S2_Nr8_T16_Tp4_dft_snr0_skip2240_n40.npz
206/448 exists  D2_C2_S2_Nr8_T16_Tp4_dft_snr3_skip2240_n40.npz
207/448 exists  D2_C2_S2_Nr8_T16_Tp4_dft_snr6_skip2240_n40.npz
208/448 exists  D2_C2_S2_Nr8_T16_Tp4_dft_snr9_skip2240_n40.npz
209/448 exists  D2_C2_S2_Nr8_T16_Tp4_dft_snr12_skip2240_n40.npz
210/448 exists  D2_C2_S2_Nr8_T16_Tp4_dft_snr-3_skip2040_n40.npz
211/448 exists  D2_C2_S2_Nr8_T16_Tp4_dft_snr15_skip2240_n40.npz
212/448 exists  D2_C2_S2_Nr8_T16_Tp4_dft_snr-3_skip2280_n40.npz
213/448 exists  D2_C2_S2_Nr8_T16_Tp4_dft_snr0_skip2280_n40.npz
214/448 exists  D2_C2_S2_Nr8_T16_Tp4_dft_snr6_skip2280_n40.npz
215/448 exists  D2_C2_S2_Nr8_T16_Tp4_dft_snr9_skip2280_n40.npz
216/448 exists  D2_C2_S2_Nr8_T16_Tp4_dft_snr3_skip2280_n40.npz
217/448 exists  D2_C2_S2_Nr8_T16_Tp4_dft_snr12_skip2280_n40.npz
218/448 exists  D2_C2_S2_Nr8_T16_Tp4_dft_snr15_skip2280_n40.npz
219/448 exists  D2_C2_S2_Nr8_T16_Tp4_dft_snr-3_skip2320_n40.npz
220/448 exists  D2_C2_S2_Nr8_T16_Tp4_dft_snr0_skip2320_n40.npz
221/448 exists  D2_C2_S2_Nr8_T16_Tp4_dft_snr3_skip2320_n40.npz
222/448 exists  D2_C2_S2_Nr8_T16_Tp4_dft_snr6_skip2320_n40.npz
223/448 exists  D2_C2_S2_Nr8_T16_Tp4_dft_snr9_skip2320_n40.npz
224/448 exists  D2_C2_S2_Nr8_T16_Tp4_dft_snr12_skip2320_n40.npz
225/448 exists  D2_C2_S2_Nr8_T16_Tp4_dft_snr15_skip2320_n40.npz
226/448 exists  D2_C2_S2_Nr8_T16_Tp4_dft_snr-3_skip2360_n40.npz
227/448 exists  D2_C2_S2_Nr8_T16_Tp4_dft_snr0_skip2360_n40.npz
228/448 exists  D2_C2_S2_Nr8_T16_Tp4_dft_snr3_skip2360_n40.npz
229/448 exists  D2_C2_S2_Nr8_T16_Tp4_dft_snr6_skip2360_n40.npz
230/448 exists  D2_C2_S2_Nr8_T16_Tp4_dft_snr9_skip2360_n40.npz
231/448 exists  D2_C2_S2_Nr8_T16_Tp4_dft_snr12_skip2360_n40.npz
232/448 exists  D2_C2_S2_Nr8_T16_Tp4_dft_snr-3_skip2400_n40.npz
233/448 exists  D2_C2_S2_Nr8_T16_Tp4_dft_snr15_skip2360_n40.npz
234/448 exists  D2_C2_S2_Nr8_T16_Tp4_dft_snr0_skip2400_n40.npz
235/448 exists  D2_C2_S2_Nr8_T16_Tp4_dft_snr3_skip2400_n40.npz
236/448 exists  D2_C2_S2_Nr8_T16_Tp4_dft_snr6_skip2400_n40.npz
237/448 exists  D2_C2_S2_Nr8_T16_Tp4_dft_snr9_skip2400_n40.npz
238/448 exists  D2_C2_S2_Nr8_T16_Tp4_dft_snr12_skip2400_n40.npz
239/448 exists  D2_C2_S2_Nr8_T16_Tp4_dft_snr15_skip2400_n40.npz
240/448 exists  D2_C2_S2_Nr8_T16_Tp4_dft_snr-3_skip2440_n40.npz
241/448 exists  D2_C2_S2_Nr8_T16_Tp4_dft_snr0_skip2440_n40.npz
242/448 exists  D2_C2_S2_Nr8_T16_Tp4_dft_snr6_skip2440_n40.npz
243/448 exists  D2_C2_S2_Nr8_T16_Tp4_dft_snr3_skip2440_n40.npz
244/448 exists  D2_C2_S2_Nr8_T16_Tp4_dft_snr9_skip2440_n40.npz
245/448 exists  D2_C2_S2_Nr8_T16_Tp4_dft_snr12_skip2440_n40.npz
246/448 exists  D2_C2_S2_Nr8_T16_Tp4_dft_snr15_skip2440_n40.npz
247/448 exists  D2_C2_S2_Nr8_T16_Tp4_dft_snr-3_skip2480_n40.npz
248/448 exists  D2_C2_S2_Nr8_T16_Tp4_dft_snr0_skip2480_n40.npz
249/448 exists  D2_C2_S2_Nr8_T16_Tp4_dft_snr3_skip2480_n40.npz
250/448 exists  D2_C2_S2_Nr8_T16_Tp4_dft_snr6_skip2480_n40.npz
251/448 exists  D2_C2_S2_Nr8_T16_Tp4_dft_snr12_skip2480_n40.npz
252/448 exists  D2_C2_S2_Nr8_T16_Tp4_dft_snr-3_skip2520_n40.npz
253/448 exists  D2_C2_S2_Nr8_T16_Tp4_dft_snr0_skip2520_n40.npz
254/448 exists  D2_C2_S2_Nr8_T16_Tp4_dft_snr3_skip2520_n40.npz
255/448 exists  D2_C2_S2_Nr8_T16_Tp4_dft_snr6_skip2520_n40.npz
256/448 exists  D2_C2_S2_Nr8_T16_Tp4_dft_snr9_skip2520_n40.npz
257/448 exists  D2_C2_S2_Nr8_T16_Tp4_dft_snr15_skip2520_n40.npz
258/448 exists  D2_C2_S2_Nr8_T16_Tp4_dft_snr12_skip2520_n40.npz
259/448 exists  D2_C2_S2_Nr8_T16_Tp4_dft_snr9_skip2480_n40.npz
260/448 exists  D2_C2_S2_Nr8_T16_Tp4_dft_snr15_skip2480_n40.npz
261/448 exists  D2_C2_S2_Nr8_T16_Tp4_dft_snr3_skip40_n40.npz
262/448 exists  D2_C2_S2_Nr8_T16_Tp4_dft_snr3_skip200_n40.npz
263/448 exists  D2_C2_S2_Nr8_T16_Tp4_dft_snr3_skip560_n40.npz
264/448 exists  D2_C2_S2_Nr8_T16_Tp4_dft_snr6_skip240_n40.npz
265/448 exists  D2_C2_S2_Nr8_T16_Tp4_dft_snr15_skip240_n40.npz
266/448 exists  D2_C2_S2_Nr8_T16_Tp4_dft_snr12_skip800_n40.npz
267/448 exists  D2_C2_S2_Nr8_T16_Tp4_dft_snr15_skip320_n40.npz
268/448 exists  D2_C2_S2_Nr8_T16_Tp4_dft_snr15_skip280_n40.npz
269/448 exists  D2_C2_S2_Nr8_T16_Tp4_dft_snr12_skip280_n40.npz
270/448 exists  D2_C2_S2_Nr8_T16_Tp4_dft_snr9_skip600_n40.npz
271/448 exists  D2_C2_S2_Nr8_T16_Tp4_dft_snr6_skip0_n40.npz
272/448 exists  D2_C2_S2_Nr8_T16_Tp4_dft_snr-3_skip360_n40.npz
273/448 exists  D2_C2_S2_Nr8_T16_Tp4_dft_snr9_skip0_n40.npz
274/448 exists  D2_C2_S2_Nr8_T16_Tp4_dft_snr15_skip0_n40.npz
275/448 exists  D2_C2_S2_Nr8_T16_Tp4_dft_snr12_skip0_n40.npz
276/448 exists  D2_C2_S2_Nr8_T16_Tp4_dft_snr6_skip320_n40.npz
277/448 exists  D2_C2_S2_Nr8_T16_Tp4_dft_snr0_skip320_n40.npz
278/448 exists  D2_C2_S2_Nr8_T16_Tp4_dft_snr-3_skip0_n40.npz
279/448 exists  D2_C2_S2_Nr8_T16_Tp4_dft_snr6_skip280_n40.npz
280/448 exists  D2_C2_S2_Nr8_T16_Tp4_dft_snr0_skip600_n40.npz
281/448 exists  D2_C2_S2_Nr8_T16_Tp4_dft_snr0_skip40_n40.npz
282/448 exists  D2_C2_S2_Nr8_T16_Tp4_dft_snr12_skip600_n40.npz
283/448 exists  D2_C2_S2_Nr8_T16_Tp4_dft_snr9_skip480_n40.npz
284/448 exists  D2_C2_S2_Nr8_T16_Tp4_dft_snr-3_skip320_n40.npz
285/448 exists  D2_C2_S2_Nr8_T16_Tp4_dft_snr-3_skip480_n40.npz
286/448 exists  D2_C2_S2_Nr8_T16_Tp4_dft_snr9_skip320_n40.npz
287/448 exists  D2_C2_S2_Nr8_T16_Tp4_dft_snr0_skip480_n40.npz
288/448 exists  D2_C2_S2_Nr8_T16_Tp4_dft_snr15_skip40_n40.npz
289/448 exists  D2_C2_S2_Nr8_T16_Tp4_dft_snr12_skip320_n40.npz
290/448 exists  D2_C2_S2_Nr8_T16_Tp4_dft_snr9_skip280_n40.npz
291/448 exists  D2_C2_S2_Nr8_T16_Tp4_dft_snr6_skip600_n40.npz
292/448 exists  D2_C2_S2_Nr8_T16_Tp4_dft_snr12_skip240_n40.npz
293/448 exists  D2_C2_S2_Nr8_T16_Tp4_dft_snr12_skip480_n40.npz
294/448 exists  D2_C2_S2_Nr8_T16_Tp4_dft_snr3_skip480_n40.npz
295/448 exists  D2_C2_S2_Nr8_T16_Tp4_dft_snr9_skip360_n40.npz
296/448 exists  D2_C2_S2_Nr8_T16_Tp4_dft_snr3_skip280_n40.npz
297/448 exists  D2_C2_S2_Nr8_T16_Tp4_dft_snr6_skip400_n40.npz
298/448 exists  D2_C2_S2_Nr8_T16_Tp4_dft_snr-3_skip400_n40.npz
299/448 exists  D2_C2_S2_Nr8_T16_Tp4_dft_snr6_skip360_n40.npz
300/448 exists  D2_C2_S2_Nr8_T16_Tp4_dft_snr15_skip440_n40.npz
301/448 exists  D2_C2_S2_Nr8_T16_Tp4_dft_snr-3_skip520_n40.npz
302/448 exists  D2_C2_S2_Nr8_T16_Tp4_dft_snr12_skip360_n40.npz
303/448 exists  D2_C2_S2_Nr8_T16_Tp4_dft_snr12_skip40_n40.npz
304/448 exists  D2_C2_S2_Nr8_T16_Tp4_dft_snr6_skip40_n40.npz
305/448 exists  D2_C2_S2_Nr8_T16_Tp4_dft_snr-3_skip40_n40.npz
306/448 exists  D2_C2_S2_Nr8_T16_Tp4_dft_snr-3_skip240_n40.npz
307/448 exists  D2_C2_S2_Nr8_T16_Tp4_dft_snr0_skip80_n40.npz
308/448 exists  D2_C2_S2_Nr8_T16_Tp4_dft_snr12_skip80_n40.npz
309/448 exists  D2_C2_S2_Nr8_T16_Tp4_dft_snr15_skip200_n40.npz
310/448 exists  D2_C2_S2_Nr8_T16_Tp4_dft_snr15_skip80_n40.npz
311/448 exists  D2_C2_S2_Nr8_T16_Tp4_dft_snr0_skip400_n40.npz
312/448 exists  D2_C2_S2_Nr8_T16_Tp4_dft_snr0_skip0_n40.npz
313/448 exists  D2_C2_S2_Nr8_T16_Tp4_dft_snr12_skip640_n40.npz
314/448 exists  D2_C2_S2_Nr8_T16_Tp4_dft_snr-3_skip120_n40.npz
315/448 exists  D2_C2_S2_Nr8_T16_Tp4_dft_snr9_skip80_n40.npz
316/448 exists  D2_C2_S2_Nr8_T16_Tp4_dft_snr0_skip240_n40.npz
317/448 exists  D2_C2_S2_Nr8_T16_Tp4_dft_snr3_skip0_n40.npz
318/448 exists  D2_C2_S2_Nr8_T16_Tp4_dft_snr-3_skip160_n40.npz
319/448 exists  D2_C2_S2_Nr8_T16_Tp4_dft_snr-3_skip80_n40.npz
320/448 exists  D2_C2_S2_Nr8_T16_Tp4_dft_snr3_skip80_n40.npz
321/448 exists  D2_C2_S2_Nr8_T16_Tp4_dft_snr12_skip120_n40.npz
322/448 exists  D2_C2_S2_Nr8_T16_Tp4_dft_snr6_skip80_n40.npz
323/448 exists  D2_C2_S2_Nr8_T16_Tp4_dft_snr15_skip120_n40.npz
324/448 exists  D2_C2_S2_Nr8_T16_Tp4_dft_snr12_skip200_n40.npz
325/448 exists  D2_C2_S2_Nr8_T16_Tp4_dft_snr3_skip120_n40.npz
326/448 exists  D2_C2_S2_Nr8_T16_Tp4_dft_snr0_skip160_n40.npz
327/448 exists  D2_C2_S2_Nr8_T16_Tp4_dft_snr9_skip120_n40.npz
328/448 exists  D2_C2_S2_Nr8_T16_Tp4_dft_snr3_skip360_n40.npz
329/448 exists  D2_C2_S2_Nr8_T16_Tp4_dft_snr0_skip640_n40.npz
330/448 exists  D2_C2_S2_Nr8_T16_Tp4_dft_snr6_skip520_n40.npz
331/448 exists  D2_C2_S2_Nr8_T16_Tp4_dft_snr15_skip400_n40.npz
332/448 exists  D2_C2_S2_Nr8_T16_Tp4_dft_snr6_skip160_n40.npz
333/448 exists  D2_C2_S2_Nr8_T16_Tp4_dft_snr3_skip240_n40.npz
334/448 exists  D2_C2_S2_Nr8_T16_Tp4_dft_snr9_skip240_n40.npz
335/448 exists  D2_C2_S2_Nr8_T16_Tp4_dft_snr12_skip400_n40.npz
336/448 exists  D2_C2_S2_Nr8_T16_Tp4_dft_snr0_skip360_n40.npz
337/448 exists  D2_C2_S2_Nr8_T16_Tp4_dft_snr12_skip440_n40.npz
338/448 exists  D2_C2_S2_Nr8_T16_Tp4_dft_snr9_skip400_n40.npz
339/448 exists  D2_C2_S2_Nr8_T16_Tp4_dft_snr15_skip600_n40.npz
340/448 exists  D2_C2_S2_Nr8_T16_Tp4_dft_snr15_skip360_n40.npz
341/448 exists  D2_C2_S2_Nr8_T16_Tp4_dft_snr6_skip480_n40.npz
342/448 exists  D2_C2_S2_Nr8_T16_Tp4_dft_snr3_skip520_n40.npz
343/448 exists  D2_C2_S2_Nr8_T16_Tp4_dft_snr0_skip280_n40.npz
344/448 exists  D2_C2_S2_Nr8_T16_Tp4_dft_snr-3_skip640_n40.npz
345/448 exists  D2_C2_S2_Nr8_T16_Tp4_dft_snr3_skip640_n40.npz
346/448 exists  D2_C2_S2_Nr8_T16_Tp4_dft_snr-3_skip440_n40.npz
347/448 exists  D2_C2_S2_Nr8_T16_Tp4_dft_snr6_skip200_n40.npz
348/448 exists  D2_C2_S2_Nr8_T16_Tp4_dft_snr6_skip440_n40.npz
349/448 exists  D2_C2_S2_Nr8_T16_Tp4_dft_snr0_skip560_n40.npz
350/448 exists  D2_C2_S2_Nr8_T16_Tp4_dft_snr9_skip520_n40.npz
351/448 exists  D2_C2_S2_Nr8_T16_Tp4_dft_snr0_skip520_n40.npz
352/448 exists  D2_C2_S2_Nr8_T16_Tp4_dft_snr0_skip200_n40.npz
353/448 exists  D2_C2_S2_Nr8_T16_Tp4_dft_snr0_skip720_n40.npz
354/448 exists  D2_C2_S2_Nr8_T16_Tp4_dft_snr0_skip840_n40.npz
355/448 exists  D2_C2_S2_Nr8_T16_Tp4_dft_snr15_skip960_n40.npz
356/448 exists  D2_C2_S2_Nr8_T16_Tp4_dft_snr-3_skip680_n40.npz
357/448 exists  D2_C2_S2_Nr8_T16_Tp4_dft_snr15_skip480_n40.npz
358/448 exists  D2_C2_S2_Nr8_T16_Tp4_dft_snr-3_skip760_n40.npz
359/448 exists  D2_C2_S2_Nr8_T16_Tp4_dft_snr3_skip1040_n40.npz
360/448 exists  D2_C2_S2_Nr8_T16_Tp4_dft_snr-3_skip960_n40.npz
361/448 exists  D2_C2_S2_Nr8_T16_Tp4_dft_snr15_skip520_n40.npz
362/448 exists  D2_C2_S2_Nr8_T16_Tp4_dft_snr12_skip840_n40.npz
363/448 exists  D2_C2_S2_Nr8_T16_Tp4_dft_snr3_skip400_n40.npz
364/448 exists  D2_C2_S2_Nr8_T16_Tp4_dft_snr15_skip680_n40.npz
365/448 exists  D2_C2_S2_Nr8_T16_Tp4_dft_snr3_skip1080_n40.npz
366/448 exists  D2_C2_S2_Nr8_T16_Tp4_dft_snr-3_skip560_n40.npz
367/448 exists  D2_C2_S2_Nr8_T16_Tp4_dft_snr3_skip720_n40.npz
368/448 exists  D2_C2_S2_Nr8_T16_Tp4_dft_snr3_skip920_n40.npz
369/448 exists  D2_C2_S2_Nr8_T16_Tp4_dft_snr9_skip840_n40.npz
370/448 exists  D2_C2_S2_Nr8_T16_Tp4_dft_snr12_skip560_n40.npz
371/448 exists  D2_C2_S2_Nr8_T16_Tp4_dft_snr6_skip640_n40.npz
372/448 exists  D2_C2_S2_Nr8_T16_Tp4_dft_snr12_skip520_n40.npz
373/448 exists  D2_C2_S2_Nr8_T16_Tp4_dft_snr3_skip440_n40.npz
374/448 exists  D2_C2_S2_Nr8_T16_Tp4_dft_snr-3_skip600_n40.npz
375/448 exists  D2_C2_S2_Nr8_T16_Tp4_dft_snr9_skip560_n40.npz
376/448 exists  D2_C2_S2_Nr8_T16_Tp4_dft_snr0_skip880_n40.npz
377/448 exists  D2_C2_S2_Nr8_T16_Tp4_dft_snr-3_skip800_n40.npz
378/448 exists  D2_C2_S2_Nr8_T16_Tp4_dft_snr6_skip720_n40.npz
379/448 exists  D2_C2_S2_Nr8_T16_Tp4_dft_snr3_skip760_n40.npz
380/448 exists  D2_C2_S2_Nr8_T16_Tp4_dft_snr6_skip760_n40.npz
381/448 exists  D2_C2_S2_Nr8_T16_Tp4_dft_snr6_skip560_n40.npz
382/448 exists  D2_C2_S2_Nr8_T16_Tp4_dft_snr15_skip840_n40.npz
383/448 exists  D2_C2_S2_Nr8_T16_Tp4_dft_snr6_skip1000_n40.npz
384/448 exists  D2_C2_S2_Nr8_T16_Tp4_dft_snr15_skip800_n40.npz
385/448 exists  D2_C2_S2_Nr8_T16_Tp4_dft_snr0_skip680_n40.npz
386/448 exists  D2_C2_S2_Nr8_T16_Tp4_dft_snr6_skip880_n40.npz
387/448 exists  D2_C2_S2_Nr8_T16_Tp4_dft_snr-3_skip1000_n40.npz
388/448 exists  D2_C2_S2_Nr8_T16_Tp4_dft_snr9_skip1000_n40.npz
389/448 exists  D2_C2_S2_Nr8_T16_Tp4_dft_snr3_skip600_n40.npz
390/448 exists  D2_C2_S2_Nr8_T16_Tp4_dft_snr0_skip960_n40.npz
391/448 exists  D2_C2_S2_Nr8_T16_Tp4_dft_snr3_skip840_n40.npz
392/448 exists  D2_C2_S2_Nr8_T16_Tp4_dft_snr0_skip760_n40.npz
393/448 exists  D2_C2_S2_Nr8_T16_Tp4_dft_snr9_skip720_n40.npz
394/448 exists  D2_C2_S2_Nr8_T16_Tp4_dft_snr6_skip840_n40.npz
395/448 exists  D2_C2_S2_Nr8_T16_Tp4_dft_snr9_skip680_n40.npz
396/448 exists  D2_C2_S2_Nr8_T16_Tp4_dft_snr6_skip680_n40.npz
397/448 exists  D2_C2_S2_Nr8_T16_Tp4_dft_snr15_skip920_n40.npz
398/448 exists  D2_C2_S2_Nr8_T16_Tp4_dft_snr6_skip120_n40.npz
399/448 exists  D2_C2_S2_Nr8_T16_Tp4_dft_snr15_skip880_n40.npz
400/448 exists  D2_C2_S2_Nr8_T16_Tp4_dft_snr0_skip1040_n40.npz
401/448 exists  D2_C2_S2_Nr8_T16_Tp4_dft_snr15_skip760_n40.npz
402/448 exists  D2_C2_S2_Nr8_T16_Tp4_dft_snr3_skip1000_n40.npz
403/448 exists  D2_C2_S2_Nr8_T16_Tp4_dft_snr3_skip320_n40.npz
404/448 exists  D2_C2_S2_Nr8_T16_Tp4_dft_snr0_skip800_n40.npz
405/448 exists  D2_C2_S2_Nr8_T16_Tp4_dft_snr12_skip1000_n40.npz
406/448 exists  D2_C2_S2_Nr8_T16_Tp4_dft_snr9_skip160_n40.npz
407/448 exists  D2_C2_S2_Nr8_T16_Tp4_dft_snr0_skip1080_n40.npz
408/448 exists  D2_C2_S2_Nr8_T16_Tp4_dft_snr9_skip920_n40.npz
409/448 exists  D2_C2_S2_Nr8_T16_Tp4_dft_snr9_skip960_n40.npz
410/448 exists  D2_C2_S2_Nr8_T16_Tp4_dft_snr-3_skip880_n40.npz
411/448 exists  D2_C2_S2_Nr8_T16_Tp4_dft_snr3_skip960_n40.npz
412/448 exists  D2_C2_S2_Nr8_T16_Tp4_dft_snr3_skip160_n40.npz
413/448 exists  D2_C2_S2_Nr8_T16_Tp4_dft_snr-3_skip1040_n40.npz
414/448 exists  D2_C2_S2_Nr8_T16_Tp4_dft_snr9_skip880_n40.npz
415/448 exists  D2_C2_S2_Nr8_T16_Tp4_dft_snr12_skip920_n40.npz
416/448 exists  D2_C2_S2_Nr8_T16_Tp4_dft_snr0_skip120_n40.npz
417/448 exists  D2_C2_S2_Nr8_T16_Tp4_dft_snr0_skip440_n40.npz
418/448 exists  D2_C2_S2_Nr8_T16_Tp4_dft_snr-3_skip200_n40.npz
419/448 exists  D2_C2_S2_Nr8_T16_Tp4_dft_snr15_skip1000_n40.npz
420/448 exists  D2_C2_S2_Nr8_T16_Tp4_dft_snr3_skip680_n40.npz
421/448 exists  D2_C2_S2_Nr8_T16_Tp4_dft_snr3_skip880_n40.npz
422/448 exists  D2_C2_S2_Nr8_T16_Tp4_dft_snr3_skip800_n40.npz
423/448 exists  D2_C2_S2_Nr8_T16_Tp4_dft_snr15_skip720_n40.npz
424/448 exists  D2_C2_S2_Nr8_T16_Tp4_dft_snr12_skip1040_n40.npz
425/448 exists  D2_C2_S2_Nr8_T16_Tp4_dft_snr6_skip800_n40.npz
426/448 exists  D2_C2_S2_Nr8_T16_Tp4_dft_snr-3_skip920_n40.npz
427/448 exists  D2_C2_S2_Nr8_T16_Tp4_dft_snr6_skip1040_n40.npz
428/448 exists  D2_C2_S2_Nr8_T16_Tp4_dft_snr15_skip1040_n40.npz
429/448 exists  D2_C2_S2_Nr8_T16_Tp4_dft_snr6_skip960_n40.npz
430/448 exists  D2_C2_S2_Nr8_T16_Tp4_dft_snr12_skip160_n40.npz
431/448 exists  D2_C2_S2_Nr8_T16_Tp4_dft_snr9_skip640_n40.npz
432/448 exists  D2_C2_S2_Nr8_T16_Tp4_dft_snr15_skip560_n40.npz
433/448 exists  D2_C2_S2_Nr8_T16_Tp4_dft_snr9_skip760_n40.npz
434/448 exists  D2_C2_S2_Nr8_T16_Tp4_dft_snr-3_skip720_n40.npz
435/448 exists  D2_C2_S2_Nr8_T16_Tp4_dft_snr15_skip160_n40.npz
436/448 exists  D2_C2_S2_Nr8_T16_Tp4_dft_snr12_skip680_n40.npz
437/448 exists  D2_C2_S2_Nr8_T16_Tp4_dft_snr12_skip960_n40.npz
438/448 exists  D2_C2_S2_Nr8_T16_Tp4_dft_snr12_skip880_n40.npz
439/448 exists  D2_C2_S2_Nr8_T16_Tp4_dft_snr-3_skip840_n40.npz
440/448 exists  D2_C2_S2_Nr8_T16_Tp4_dft_snr9_skip800_n40.npz
441/448 exists  D2_C2_S2_Nr8_T16_Tp4_dft_snr12_skip720_n40.npz
442/448 exists  D2_C2_S2_Nr8_T16_Tp4_dft_snr0_skip1000_n40.npz
443/448 exists  D2_C2_S2_Nr8_T16_Tp4_dft_snr9_skip1040_n40.npz
444/448 exists  D2_C2_S2_Nr8_T16_Tp4_dft_snr12_skip760_n40.npz
445/448 exists  D2_C2_S2_Nr8_T16_Tp4_dft_snr0_skip920_n40.npz
446/448 exists  D2_C2_S2_Nr8_T16_Tp4_dft_snr15_skip640_n40.npz
447/448 exists  D2_C2_S2_Nr8_T16_Tp4_dft_snr6_skip920_n40.npz
448/448 exists  D2_C2_S2_Nr8_T16_Tp4_dft_snr-3_skip1080_n40.npz
[run] finished in 0.0 min -> python runner.py analysis --testbed D2 --tag B1e4s3
# date        : 2026-09-22 16:25:41 KST
# git commit  : 89ee7db
# versions    : python 3.12.14  numpy 2.5.2  scipy 1.18.1  torch 2.14.0+cu130 (cuda_available=True)
# device      : CPU (192 cores) | dtype: complex128 / float64 | deterministic: yes (fixed seeds, no GPU in the receiver)
# testbed     : D2
# seed rule   : default_rng([20260926, TBID[testbed], PID[prior], Nr, T, Tp, int(snr)+100])  (trials of a point = ONE stream)
# code        : rate-1/2 conv (133,171)_8 nu=6 terminated, QPSK, outer iterations = 16 for EVERY arm
# Demo/ hashes: t2_route_a.py=95a5408901ec125c  t2_trellis.py=31cd0ee9c68e972b  t2_gmm.py=d064e58c7510c769
# arm list with per-arm notes (06_SPEC §5):
#   R3-bigamp     : BiG-AMP prior: i.i.d. CN(0,1/Nr) -- correlated prior not supported by Table III (structural limitation)
#   R4-llr        : same, Module B mode='llr' (the paper's 'LLR Turbo' ablation)
#   R4-scvamp     : channel estimation = classical APP-LMMSE (no LOO); only the Onsager extrinsic interface follows arXiv:2604.19061
#   R0-pilot      : 1-PASS arm -- reported at iteration index 0 ('R0-pilot (@1)'); 'pilot_C (@16)' is the
#                   SAME receiver's 16-iteration trajectory, printed for context only.
#   M-ours-*      : differ from R2-ours-G in Module H and nothing else (test M2); Module H, K and the clip
#                   rule are in the run header of conf/results/ and in the raw meta of each point.
# fit/training cost (GMM EM wall-clock) is a column of table A and is never left blank.
# aggregates KEEP failed and diverged blocks; where a subset mean is printed, the full-set mean is beside it.
# Stage C arms present in this run (10_SPEC §3b / §3c) -- the pre-registered Stage A/B verdicts are
# UNCHANGED by this file and M-ours-dscore stays BLOCKED in the pre-registered table:
#   M-ours-dscore-C-V0  : Stage C V0 (PRIMARY) -- learned prior at N', D-14 MATRIX site, pre-registered score wiring, unchanged
#   M-ours-dscore-C-V1  : Stage C V1 -- V0 + (F1) symmetric-PSD projection of the D-14 site (ScorePrior(psd_project=True))
#   M-ours-dscore-C-V4  : Stage C V4 -- D-14 matrix site REPLACED by the D-13 belief scalarisation (hsite=scalar, scal=belief); POST-HOC registered, observed in the H4 diagnostic BEFORE registration (10_SPEC §3c)
#   M-ours-dscore-C-V4b : Stage C V4b -- as V4 but scal=site instead of scal=belief (10_SPEC §3c, "동일하되 scal=site. 부수 보고용"); registered with V4, wired only on 2026-09-21 after an audit found it had been dropped
#   M-ours-bstar-scalar : Stage C CONTROL (10_SPEC §3c, MANDATORY) -- the b* GMM through V4's EXACT wiring: if scalarisation also helps the GMM, the gain belongs to the SITE, not to the learned prior
# 
# training budget (N_train, channel samples) of EVERY arm -- 10_SPEC A3.  The GMM arms and the learned arms are only equal-budget when their N_train below are EQUAL; read the numbers, not the arm names.  The GMM re-fit at N'=1.6e5 may not have finished when this table was written.
# per-arm training budget (arms absent from the raw files are simply not listed):
#   R0-pilot            : N_train=10000 -- the ONE channel set (GMM EM fit / its sample covariance Chat)
#   R1-turbo            : N_train=10000 -- the ONE channel set (GMM EM fit / its sample covariance Chat)
#   R2-ours-G           : N_train=10000 -- the ONE channel set (GMM EM fit / its sample covariance Chat)
#   R3-bigamp           : N_train=0 -- i.i.d. CN(0,1/Nr) prior, fits nothing
#   R4-llr              : N_train=10000 -- the ONE channel set (GMM EM fit / its sample covariance Chat)
#   R4-scvamp           : N_train=10000 -- the ONE channel set (GMM EM fit / its sample covariance Chat)
#   M-ours-gmm32        : N_train=10000 -- the ONE channel set (GMM EM fit / its sample covariance Chat)
#   M-ours-bstar        : N_train=10000 -- the ONE channel set (GMM EM fit / its sample covariance Chat)
#   M-ours-dscore-C-V0  : N_train=10000  rung=D2SX10000  ckpt=/home/HTJ/t2/conf/ckpt/d2sx_N10000_a3.pt  gate: NO GATE RECORD mentions d2sx_N10000_a3.pt -- UNVERIFIED here.  (GA-GD are measurable on D1 only, 10_SPEC §5: a D2 re-train is qualified by its D1 sibling's gate row, which this string cannot prove.)
#   M-ours-dscore-C-V1  : N_train=10000  rung=D2SX10000  ckpt=/home/HTJ/t2/conf/ckpt/d2sx_N10000_a3.pt  gate: NO GATE RECORD mentions d2sx_N10000_a3.pt -- UNVERIFIED here.  (GA-GD are measurable on D1 only, 10_SPEC §5: a D2 re-train is qualified by its D1 sibling's gate row, which this string cannot prove.)
#   M-ours-dscore-C-V4  : N_train=10000  rung=D2SX10000  ckpt=/home/HTJ/t2/conf/ckpt/d2sx_N10000_a3.pt  gate: NO GATE RECORD mentions d2sx_N10000_a3.pt -- UNVERIFIED here.  (GA-GD are measurable on D1 only, 10_SPEC §5: a D2 re-train is qualified by its D1 sibling's gate row, which this string cannot prove.)
#   M-ours-dscore-C-V4b : N_train=10000 -- unclassified arm, quoting the point's channel-set size
#   M-ours-bstar-scalar : N_train=10000 -- the ONE channel set (GMM EM fit / its sample covariance Chat)
#   R5-genie            : N_train=n/a -- genie: the true H is given
#   dscore_status       : ABSENT -- no GATE-PASSING checkpoint (04_SPEC §5 gates GA-GD): no gate-passing checkpoint for D2; recorded PASS rows: none (searched conf/results/gate_D2.txt and LADDER.md)
#   stagec_ckpt         : /home/HTJ/t2/conf/ckpt/d2sx_N10000_a3.pt
#   stagec_gate         : NO GATE RECORD mentions d2sx_N10000_a3.pt -- UNVERIFIED here.  (GA-GD are measurable on D1 only, 10_SPEC §5: a D2 re-train is qualified by its D1 sibling's gate row, which this string cannot prove.)
#   stagec_status       : built from explicit ckpt /home/HTJ/t2/conf/ckpt/d2sx_N10000_a3.pt -- caller override, NOT verified against the gate record here (recorded PASS rows: none) | V1 (psd_project=True): built from explicit ckpt /home/HTJ/t2/conf/ckpt/d2sx_N10000_a3.pt -- caller override, NOT verified against the gate record here (recorded PASS rows: none)
# cell C2: 8x4 T=16 Tp=4 prior S2  SNR grid ['-3', '+0', '+3', '+6', '+9', '+12', '+15'] dB  n=2560 per point  outer iterations=16  b*=kron
#   run params as recorded in the raw file: beta=0.7  dtype=complex128/float64  iters=16  n=40  seed=20260926  skip=0  snr=-3.0  t_in=5
# ====================================================================================================
# CLAIM TESTBED -- sparse specular; conditional Gaussianity broken (see T2d). Upper bound = genie only.
# ====================================================================================================

============================== TABLE A -- per-cell arm comparison (08_SPEC §1) ==============================
cell entry = BLER (95% Wilson CI) / BER / NMSE_H  at the arm's reporting iteration
reporting iteration: @16 for every arm except R0-pilot, which is the 1-PASS arm and is read @1;
'pilot_C (@16)' is the SAME receiver's 16-iteration trajectory, printed for context only.

--- cell C2 (8x4, T=16, Tp=4, K=42)  prior S2  testbed D2   n per SNR: [2560, 2560, 2560, 2560, 2560, 2560, 2560]   b* = kron
  arms absent from the raw files (see 01_RULES §6 -- BLOCKED / FAILED-VERIFICATION): ['M-ours-dscore']
  arm                              SNR -3 dB                            SNR +0 dB                            SNR +3 dB                            SNR +6 dB                            SNR +9 dB                            SNR +12 dB                           SNR +15 dB             
  R0-pilot (@1)       0.753(0.736,0.769) 2.3e-01 3.19e-01  0.387(0.368,0.406) 1.1e-01 1.93e-01  0.179(0.165,0.195) 5.0e-02 1.09e-01  0.100(0.089,0.113) 2.7e-02 5.83e-02  0.064(0.055,0.074) 1.7e-02 3.00e-02  0.047(0.039,0.056) 1.3e-02 1.53e-02  0.036(0.030,0.044) 9.1e-03 7.79e-03 
  pilot_C (@16)       0.478(0.459,0.497) 1.7e-01 3.19e-01  0.136(0.123,0.150) 4.8e-02 1.93e-01  0.041(0.034,0.050) 1.6e-02 1.09e-01  0.025(0.020,0.032) 9.3e-03 5.83e-02  0.015(0.011,0.021) 5.9e-03 3.00e-02  0.011(0.008,0.016) 4.1e-03 1.53e-02  0.006(0.004,0.010) 2.5e-03 7.79e-03 
  R1-turbo            0.537(0.517,0.556) 1.9e-01 1.99e-01  0.213(0.197,0.229) 7.3e-02 7.13e-02  0.079(0.069,0.090) 2.8e-02 3.55e-02  0.041(0.034,0.050) 1.5e-02 1.81e-02  0.025(0.020,0.032) 9.8e-03 9.01e-03  0.019(0.014,0.025) 7.0e-03 4.51e-03  0.009(0.006,0.013) 3.4e-03 2.27e-03 
  R2-ours-G           0.329(0.311,0.347) 1.2e-01 1.37e-01  0.100(0.089,0.112) 3.8e-02 6.81e-02  0.038(0.031,0.046) 1.5e-02 3.49e-02  0.025(0.019,0.031) 1.0e-02 1.80e-02  0.012(0.008,0.017) 5.1e-03 8.97e-03  0.012(0.008,0.017) 4.8e-03 4.50e-03  0.006(0.004,0.010) 2.7e-03 2.27e-03 
  R3-bigamp           0.543(0.524,0.563) 2.0e-01 3.58e-01  0.211(0.195,0.227) 8.0e-02 1.66e-01  0.080(0.070,0.091) 3.1e-02 7.40e-02  0.053(0.045,0.062) 2.2e-02 3.13e-02  0.051(0.043,0.060) 2.1e-02 1.29e-02  0.057(0.049,0.067) 2.5e-02 5.67e-03  0.055(0.047,0.065) 2.5e-02 2.62e-03 
  R4-llr              0.866(0.852,0.879) 4.9e-01 3.68e-01  0.826(0.811,0.840) 6.4e-01 1.41e+00  0.601(0.582,0.620) 5.2e-01 1.22e+00  0.395(0.376,0.414) 3.5e-01 2.22e-02  0.276(0.259,0.293) 2.4e-01 1.01e-02  0.196(0.181,0.212) 1.7e-01 4.85e-03  0.168(0.154,0.183) 1.5e-01 2.42e-03 
  R4-scvamp           0.613(0.594,0.632) 2.2e-01 2.37e-01  0.301(0.284,0.319) 1.0e-01 7.49e-02  0.150(0.136,0.164) 5.2e-02 3.65e-02  0.093(0.083,0.105) 3.3e-02 1.85e-02  0.071(0.061,0.081) 2.4e-02 9.16e-03  0.048(0.041,0.057) 1.8e-02 4.55e-03  0.036(0.030,0.044) 1.2e-02 2.30e-03 
  M-ours-gmm32        0.276(0.259,0.294) 1.0e-01 1.13e-01  0.087(0.076,0.098) 3.3e-02 5.74e-02  0.030(0.024,0.037) 1.2e-02 3.00e-02  0.021(0.016,0.027) 8.1e-03 1.58e-02  0.008(0.005,0.013) 3.2e-03 8.11e-03  0.008(0.005,0.013) 3.2e-03 4.16e-03  0.004(0.002,0.007) 1.6e-03 2.13e-03 
  M-ours-bstar        0.252(0.236,0.270) 9.6e-02 1.04e-01  0.083(0.073,0.095) 3.1e-02 5.33e-02  0.024(0.019,0.031) 8.9e-03 2.84e-02  0.013(0.009,0.018) 4.8e-03 1.52e-02  0.008(0.005,0.013) 3.4e-03 7.83e-03  0.008(0.005,0.013) 3.5e-03 4.03e-03  0.003(0.002,0.006) 1.3e-03 2.07e-03 
  M-ours-dscore-C-V0  0.812(0.797,0.827) 3.7e-01 2.70e-01  0.904(0.892,0.915) 4.2e-01 1.05e+00  0.888(0.875,0.900) 4.1e-01 1.38e+00  0.776(0.759,0.792) 3.5e-01 8.76e-01  0.640(0.621,0.658) 2.9e-01 5.25e-01  0.448(0.429,0.467) 1.9e-01 2.93e-01  0.211(0.196,0.227) 9.0e-02 2.49e-03 
  M-ours-dscore-C-V1  0.148(0.134,0.162) 5.3e-02 5.66e-02  0.034(0.028,0.042) 1.3e-02 2.67e-02  0.010(0.007,0.014) 3.9e-03 1.38e-02  0.007(0.005,0.012) 2.7e-03 7.23e-03  0.003(0.002,0.006) 1.2e-03 3.84e-03  0.003(0.002,0.006) 7.8e-04 2.13e-03  0.002(0.001,0.004) 4.7e-04 1.17e-03 
  M-ours-dscore-C-V4  0.161(0.147,0.175) 5.7e-02 5.68e-02  0.039(0.032,0.047) 1.4e-02 2.65e-02  0.011(0.008,0.016) 4.1e-03 1.36e-02  0.007(0.004,0.011) 2.2e-03 7.15e-03  0.004(0.002,0.007) 1.2e-03 3.81e-03  0.004(0.002,0.007) 1.3e-03 2.10e-03  0.002(0.001,0.004) 3.4e-04 1.16e-03 
  M-ours-dscore-C-V4b 0.162(0.148,0.177) 5.8e-02 5.95e-02  0.044(0.036,0.052) 1.6e-02 2.79e-02  0.011(0.008,0.016) 4.3e-03 1.41e-02  0.008(0.005,0.013) 2.4e-03 7.41e-03  0.004(0.002,0.007) 1.3e-03 3.89e-03  0.004(0.002,0.008) 1.5e-03 2.15e-03  0.002(0.001,0.005) 6.4e-04 1.17e-03 
  M-ours-bstar-scalar 0.261(0.244,0.278) 9.7e-02 1.05e-01  0.081(0.071,0.092) 3.0e-02 5.31e-02  0.027(0.021,0.034) 9.6e-03 2.84e-02  0.015(0.011,0.021) 5.6e-03 1.51e-02  0.009(0.006,0.014) 3.5e-03 7.73e-03  0.011(0.008,0.016) 4.6e-03 3.97e-03  0.004(0.002,0.007) 1.5e-03 2.04e-03 
  R5-genie              0.034(0.028,0.042) 1.1e-02 nan       0.010(0.007,0.015) 3.8e-03 nan       0.005(0.003,0.008) 1.5e-03 nan       0.004(0.002,0.007) 1.3e-03 nan       0.001(0.000,0.003) 2.8e-04 nan       0.001(0.000,0.003) 1.7e-04 nan       0.001(0.000,0.003) 3.9e-04 nan    

  per-point detail rows (exp_0921 convention M-1: BLER@1/@2/@8/@16, BER@16, NMSE median all / success-only, rescued/lost 2->16, tauL@1, failure-class %):
   SNR -3 dB
    R0-pilot             n=2560 BLER@1/@2/@8/@16 = 0.753 0.627 0.491 0.478 [0.459,0.497]  BER@16=1.65e-01  NMSE med@1/@16=0.3187/0.3187 ok=0.3035  resc/lost(2->16)=384/4  tauL@1=1.042  fail% stuck/cyc2/other=30.5/1.3/16.1
    R1-turbo             n=2560 BLER@1/@2/@8/@16 = 0.753 0.602 0.541 0.537 [0.517,0.556]  BER@16=1.91e-01  NMSE med@1/@16=0.3187/0.1989 ok=0.1180  resc/lost(2->16)=167/0  tauL@1=1.042  fail% stuck/cyc2/other=52.0/0.0/1.7
    R2-ours-G            n=2560 BLER@1/@2/@8/@16 = 0.753 0.549 0.362 0.329 [0.311,0.347]  BER@16=1.24e-01  NMSE med@1/@16=0.3187/0.1365 ok=0.1188  resc/lost(2->16)=566/1  tauL@1=1.042  fail% stuck/cyc2/other=8.7/6.1/18.0
    R3-bigamp            n=2560 BLER@1/@2/@8/@16 = 0.801 0.665 0.557 0.543 [0.524,0.563]  BER@16=2.01e-01  NMSE med@1/@16=0.4004/0.3576 ok=0.2954  resc/lost(2->16)=317/6  tauL@1=1.705  fail% stuck/cyc2/other=41.9/3.4/9.1
    R4-llr               n=2560 BLER@1/@2/@8/@16 = 0.760 0.657 0.866 0.866 [0.852,0.879]  BER@16=4.94e-01  NMSE med@1/@16=0.2330/0.3683 ok=0.1184  resc/lost(2->16)=45/580  tauL@1=0.705  fail% stuck/cyc2/other=40.7/43.6/2.3
    R4-scvamp            n=2560 BLER@1/@2/@8/@16 = 0.760 0.651 0.614 0.613 [0.594,0.632]  BER@16=2.17e-01  NMSE med@1/@16=0.2330/0.2369 ok=0.1180  resc/lost(2->16)=97/0  tauL@1=0.705  fail% stuck/cyc2/other=59.1/0.7/1.5
    M-ours-gmm32         n=2560 BLER@1/@2/@8/@16 = 0.726 0.495 0.307 0.276 [0.259,0.294]  BER@16=1.04e-01  NMSE med@1/@16=0.2618/0.1126 ok=0.0994  resc/lost(2->16)=562/1  tauL@1=1.185  fail% stuck/cyc2/other=6.8/3.9/16.8
    M-ours-bstar         n=2560 BLER@1/@2/@8/@16 = 0.727 0.475 0.278 0.252 [0.236,0.270]  BER@16=9.56e-02  NMSE med@1/@16=0.2396/0.1041 ok=0.0919  resc/lost(2->16)=571/1  tauL@1=1.399  fail% stuck/cyc2/other=7.3/3.0/15.0
    M-ours-dscore-C-V0   n=2560 BLER@1/@2/@8/@16 = 0.705 0.804 0.833 0.812 [0.797,0.827]  BER@16=3.72e-01  NMSE med@1/@16=0.2332/0.2696 ok=0.0805  resc/lost(2->16)=169/191  tauL@1=1.054  fail% stuck/cyc2/other=1.7/4.9/74.6
    M-ours-dscore-C-V1   n=2560 BLER@1/@2/@8/@16 = 0.586 0.325 0.168 0.148 [0.134,0.162]  BER@16=5.34e-02  NMSE med@1/@16=0.1729/0.0566 ok=0.0517  resc/lost(2->16)=453/0  tauL@1=1.244  fail% stuck/cyc2/other=4.5/1.1/9.1
    M-ours-dscore-C-V4   n=2560 BLER@1/@2/@8/@16 = 0.577 0.325 0.177 0.161 [0.147,0.175]  BER@16=5.75e-02  NMSE med@1/@16=0.1719/0.0568 ok=0.0511  resc/lost(2->16)=423/1  tauL@1=1.170  fail% stuck/cyc2/other=6.3/1.1/8.6
    M-ours-dscore-C-V4b  n=2560 BLER@1/@2/@8/@16 = 0.577 0.333 0.184 0.162 [0.148,0.177]  BER@16=5.85e-02  NMSE med@1/@16=0.1719/0.0595 ok=0.0541  resc/lost(2->16)=439/1  tauL@1=1.170  fail% stuck/cyc2/other=6.3/1.2/8.8
    M-ours-bstar-scalar  n=2560 BLER@1/@2/@8/@16 = 0.720 0.473 0.283 0.261 [0.244,0.278]  BER@16=9.70e-02  NMSE med@1/@16=0.2419/0.1053 ok=0.0926  resc/lost(2->16)=545/2  tauL@1=1.288  fail% stuck/cyc2/other=9.9/3.0/13.2
    R5-genie             n=2560 BLER@1/@2/@8/@16 = 0.225 0.102 0.043 0.034 [0.028,0.042]  BER@16=1.14e-02  NMSE med@1/@16=nan/nan ok=nan  resc/lost(2->16)=175/0  tauL@1=0.771  fail% stuck/cyc2/other=1.4/0.2/1.8
   SNR +0 dB
    R0-pilot             n=2560 BLER@1/@2/@8/@16 = 0.387 0.242 0.152 0.136 [0.123,0.150]  BER@16=4.79e-02  NMSE med@1/@16=0.1928/0.1928 ok=0.1910  resc/lost(2->16)=272/0  tauL@1=0.623  fail% stuck/cyc2/other=3.4/1.2/9.0
    R1-turbo             n=2560 BLER@1/@2/@8/@16 = 0.387 0.269 0.217 0.213 [0.197,0.229]  BER@16=7.25e-02  NMSE med@1/@16=0.1928/0.0713 ok=0.0656  resc/lost(2->16)=143/0  tauL@1=0.623  fail% stuck/cyc2/other=19.3/0.0/2.0
    R2-ours-G            n=2560 BLER@1/@2/@8/@16 = 0.387 0.218 0.117 0.100 [0.089,0.112]  BER@16=3.80e-02  NMSE med@1/@16=0.1928/0.0681 ok=0.0658  resc/lost(2->16)=304/0  tauL@1=0.623  fail% stuck/cyc2/other=2.2/1.6/6.2
    R3-bigamp            n=2560 BLER@1/@2/@8/@16 = 0.411 0.286 0.218 0.211 [0.195,0.227]  BER@16=8.04e-02  NMSE med@1/@16=0.2367/0.1655 ok=0.1570  resc/lost(2->16)=194/0  tauL@1=0.576  fail% stuck/cyc2/other=9.7/1.5/9.8
    R4-llr               n=2560 BLER@1/@2/@8/@16 = 0.442 0.333 0.825 0.826 [0.811,0.840]  BER@16=6.43e-01  NMSE med@1/@16=0.0877/1.4113 ok=0.0643  resc/lost(2->16)=46/1308  tauL@1=0.409  fail% stuck/cyc2/other=11.4/67.0/4.3
    R4-scvamp            n=2560 BLER@1/@2/@8/@16 = 0.442 0.338 0.303 0.301 [0.284,0.319]  BER@16=1.05e-01  NMSE med@1/@16=0.0877/0.0749 ok=0.0655  resc/lost(2->16)=93/0  tauL@1=0.409  fail% stuck/cyc2/other=28.1/0.9/1.1
    M-ours-gmm32         n=2560 BLER@1/@2/@8/@16 = 0.357 0.195 0.102 0.087 [0.076,0.098]  BER@16=3.28e-02  NMSE med@1/@16=0.1572/0.0574 ok=0.0555  resc/lost(2->16)=277/0  tauL@1=0.724  fail% stuck/cyc2/other=2.2/1.2/5.3
    M-ours-bstar         n=2560 BLER@1/@2/@8/@16 = 0.352 0.174 0.095 0.083 [0.073,0.095]  BER@16=3.10e-02  NMSE med@1/@16=0.1447/0.0533 ok=0.0514  resc/lost(2->16)=233/0  tauL@1=0.871  fail% stuck/cyc2/other=2.1/1.1/5.1
    M-ours-dscore-C-V0   n=2560 BLER@1/@2/@8/@16 = 0.661 0.870 0.938 0.904 [0.892,0.915]  BER@16=4.20e-01  NMSE med@1/@16=1.4583/1.0452 ok=0.1732  resc/lost(2->16)=133/220  tauL@1=0.225  fail% stuck/cyc2/other=0.4/5.9/84.0
    M-ours-dscore-C-V1   n=2560 BLER@1/@2/@8/@16 = 0.246 0.111 0.039 0.034 [0.028,0.042]  BER@16=1.28e-02  NMSE med@1/@16=0.0927/0.0267 ok=0.0259  resc/lost(2->16)=196/0  tauL@1=0.774  fail% stuck/cyc2/other=1.0/0.2/2.2
    M-ours-dscore-C-V4   n=2560 BLER@1/@2/@8/@16 = 0.246 0.112 0.047 0.039 [0.032,0.047]  BER@16=1.43e-02  NMSE med@1/@16=0.0914/0.0265 ok=0.0259  resc/lost(2->16)=186/0  tauL@1=0.730  fail% stuck/cyc2/other=1.8/0.2/1.8
    M-ours-dscore-C-V4b  n=2560 BLER@1/@2/@8/@16 = 0.246 0.114 0.052 0.044 [0.036,0.052]  BER@16=1.64e-02  NMSE med@1/@16=0.0914/0.0279 ok=0.0272  resc/lost(2->16)=180/0  tauL@1=0.730  fail% stuck/cyc2/other=2.0/0.4/2.0
    M-ours-bstar-scalar  n=2560 BLER@1/@2/@8/@16 = 0.354 0.178 0.093 0.081 [0.071,0.092]  BER@16=2.99e-02  NMSE med@1/@16=0.1469/0.0531 ok=0.0515  resc/lost(2->16)=248/0  tauL@1=0.804  fail% stuck/cyc2/other=2.9/0.9/4.3
    R5-genie             n=2560 BLER@1/@2/@8/@16 = 0.095 0.038 0.013 0.010 [0.007,0.015]  BER@16=3.84e-03  NMSE med@1/@16=nan/nan ok=nan  resc/lost(2->16)=72/0  tauL@1=0.527  fail% stuck/cyc2/other=0.4/0.1/0.6
   SNR +3 dB
    R0-pilot             n=2560 BLER@1/@2/@8/@16 = 0.179 0.099 0.050 0.041 [0.034,0.050]  BER@16=1.55e-02  NMSE med@1/@16=0.1091/0.1091 ok=0.1089  resc/lost(2->16)=148/0  tauL@1=0.400  fail% stuck/cyc2/other=0.9/0.4/2.9
    R1-turbo             n=2560 BLER@1/@2/@8/@16 = 0.179 0.106 0.080 0.079 [0.069,0.090]  BER@16=2.75e-02  NMSE med@1/@16=0.1091/0.0355 ok=0.0345  resc/lost(2->16)=69/0  tauL@1=0.400  fail% stuck/cyc2/other=6.2/0.0/1.7
    R2-ours-G            n=2560 BLER@1/@2/@8/@16 = 0.179 0.088 0.045 0.038 [0.031,0.046]  BER@16=1.47e-02  NMSE med@1/@16=0.1091/0.0349 ok=0.0345  resc/lost(2->16)=128/0  tauL@1=0.400  fail% stuck/cyc2/other=0.7/0.3/2.8
    R3-bigamp            n=2560 BLER@1/@2/@8/@16 = 0.196 0.133 0.091 0.080 [0.070,0.091]  BER@16=3.13e-02  NMSE med@1/@16=0.1255/0.0740 ok=0.0725  resc/lost(2->16)=135/0  tauL@1=0.277  fail% stuck/cyc2/other=2.3/0.6/5.1
    R4-llr               n=2560 BLER@1/@2/@8/@16 = 0.242 0.155 0.602 0.601 [0.582,0.620]  BER@16=5.19e-01  NMSE med@1/@16=0.0389/1.2176 ok=0.0349  resc/lost(2->16)=44/1186  tauL@1=0.258  fail% stuck/cyc2/other=1.8/55.3/3.1
    R4-scvamp            n=2560 BLER@1/@2/@8/@16 = 0.242 0.171 0.150 0.150 [0.136,0.164]  BER@16=5.16e-02  NMSE med@1/@16=0.0389/0.0365 ok=0.0346  resc/lost(2->16)=56/1  tauL@1=0.258  fail% stuck/cyc2/other=12.6/1.2/1.1
    M-ours-gmm32         n=2560 BLER@1/@2/@8/@16 = 0.155 0.075 0.036 0.030 [0.024,0.037]  BER@16=1.18e-02  NMSE med@1/@16=0.0898/0.0300 ok=0.0297  resc/lost(2->16)=115/0  tauL@1=0.461  fail% stuck/cyc2/other=0.4/0.4/2.1
    M-ours-bstar         n=2560 BLER@1/@2/@8/@16 = 0.146 0.063 0.029 0.024 [0.019,0.031]  BER@16=8.86e-03  NMSE med@1/@16=0.0827/0.0284 ok=0.0281  resc/lost(2->16)=100/0  tauL@1=0.541  fail% stuck/cyc2/other=0.5/0.3/1.6
    M-ours-dscore-C-V0   n=2560 BLER@1/@2/@8/@16 = 0.751 0.835 0.914 0.888 [0.875,0.900]  BER@16=4.14e-01  NMSE med@1/@16=3.7544/1.3813 ok=0.2576  resc/lost(2->16)=147/283  tauL@1=0.051  fail% stuck/cyc2/other=0.2/6.1/82.5
    M-ours-dscore-C-V1   n=2560 BLER@1/@2/@8/@16 = 0.093 0.029 0.012 0.010 [0.007,0.014]  BER@16=3.93e-03  NMSE med@1/@16=0.0481/0.0138 ok=0.0137  resc/lost(2->16)=49/0  tauL@1=0.500  fail% stuck/cyc2/other=0.2/0.0/0.7
    M-ours-dscore-C-V4   n=2560 BLER@1/@2/@8/@16 = 0.090 0.031 0.013 0.011 [0.008,0.016]  BER@16=4.06e-03  NMSE med@1/@16=0.0472/0.0136 ok=0.0136  resc/lost(2->16)=52/0  tauL@1=0.476  fail% stuck/cyc2/other=0.5/0.1/0.5
    M-ours-dscore-C-V4b  n=2560 BLER@1/@2/@8/@16 = 0.090 0.031 0.012 0.011 [0.008,0.016]  BER@16=4.29e-03  NMSE med@1/@16=0.0472/0.0141 ok=0.0140  resc/lost(2->16)=50/0  tauL@1=0.476  fail% stuck/cyc2/other=0.4/0.0/0.7
    M-ours-bstar-scalar  n=2560 BLER@1/@2/@8/@16 = 0.147 0.065 0.033 0.027 [0.021,0.034]  BER@16=9.61e-03  NMSE med@1/@16=0.0837/0.0284 ok=0.0281  resc/lost(2->16)=97/0  tauL@1=0.506  fail% stuck/cyc2/other=0.9/0.5/1.3
    R5-genie             n=2560 BLER@1/@2/@8/@16 = 0.044 0.012 0.005 0.005 [0.003,0.008]  BER@16=1.53e-03  NMSE med@1/@16=nan/nan ok=nan  resc/lost(2->16)=18/0  tauL@1=0.387  fail% stuck/cyc2/other=0.2/0.0/0.3
   SNR +6 dB
    R0-pilot             n=2560 BLER@1/@2/@8/@16 = 0.100 0.057 0.029 0.025 [0.020,0.032]  BER@16=9.25e-03  NMSE med@1/@16=0.0583/0.0583 ok=0.0583  resc/lost(2->16)=81/0  tauL@1=0.280  fail% stuck/cyc2/other=0.6/0.5/1.4
    R1-turbo             n=2560 BLER@1/@2/@8/@16 = 0.100 0.062 0.043 0.041 [0.034,0.050]  BER@16=1.50e-02  NMSE med@1/@16=0.0583/0.0181 ok=0.0179  resc/lost(2->16)=54/0  tauL@1=0.280  fail% stuck/cyc2/other=2.6/0.1/1.5
    R2-ours-G            n=2560 BLER@1/@2/@8/@16 = 0.100 0.054 0.029 0.025 [0.019,0.031]  BER@16=1.04e-02  NMSE med@1/@16=0.0583/0.0180 ok=0.0179  resc/lost(2->16)=74/0  tauL@1=0.280  fail% stuck/cyc2/other=0.4/0.5/1.6
    R3-bigamp            n=2560 BLER@1/@2/@8/@16 = 0.136 0.093 0.061 0.053 [0.045,0.062]  BER@16=2.23e-02  NMSE med@1/@16=0.0589/0.0313 ok=0.0309  resc/lost(2->16)=104/0  tauL@1=0.162  fail% stuck/cyc2/other=0.5/0.5/4.3
    R4-llr               n=2560 BLER@1/@2/@8/@16 = 0.152 0.091 0.397 0.395 [0.376,0.414]  BER@16=3.46e-01  NMSE med@1/@16=0.0190/0.0222 ok=0.0179  resc/lost(2->16)=26/804  tauL@1=0.181  fail% stuck/cyc2/other=0.4/36.3/2.8
    R4-scvamp            n=2560 BLER@1/@2/@8/@16 = 0.152 0.107 0.094 0.093 [0.083,0.105]  BER@16=3.29e-02  NMSE med@1/@16=0.0190/0.0185 ok=0.0179  resc/lost(2->16)=36/0  tauL@1=0.181  fail% stuck/cyc2/other=7.1/1.4/0.9
    M-ours-gmm32         n=2560 BLER@1/@2/@8/@16 = 0.094 0.045 0.022 0.021 [0.016,0.027]  BER@16=8.07e-03  NMSE med@1/@16=0.0493/0.0158 ok=0.0157  resc/lost(2->16)=62/0  tauL@1=0.321  fail% stuck/cyc2/other=0.4/0.2/1.5
    M-ours-bstar         n=2560 BLER@1/@2/@8/@16 = 0.081 0.032 0.015 0.013 [0.009,0.018]  BER@16=4.78e-03  NMSE med@1/@16=0.0461/0.0152 ok=0.0151  resc/lost(2->16)=51/0  tauL@1=0.370  fail% stuck/cyc2/other=0.3/0.2/0.7
    M-ours-dscore-C-V0   n=2560 BLER@1/@2/@8/@16 = 0.803 0.756 0.814 0.776 [0.759,0.792]  BER@16=3.53e-01  NMSE med@1/@16=3.7695/0.8764 ok=0.2671  resc/lost(2->16)=282/332  tauL@1=0.025  fail% stuck/cyc2/other=0.5/6.8/70.2
    M-ours-dscore-C-V1   n=2560 BLER@1/@2/@8/@16 = 0.054 0.016 0.008 0.007 [0.005,0.012]  BER@16=2.68e-03  NMSE med@1/@16=0.0243/0.0072 ok=0.0072  resc/lost(2->16)=22/0  tauL@1=0.372  fail% stuck/cyc2/other=0.4/0.1/0.3
    M-ours-dscore-C-V4   n=2560 BLER@1/@2/@8/@16 = 0.053 0.017 0.008 0.007 [0.004,0.011]  BER@16=2.19e-03  NMSE med@1/@16=0.0239/0.0072 ok=0.0071  resc/lost(2->16)=26/0  tauL@1=0.356  fail% stuck/cyc2/other=0.4/0.0/0.3
    M-ours-dscore-C-V4b  n=2560 BLER@1/@2/@8/@16 = 0.053 0.018 0.009 0.008 [0.005,0.013]  BER@16=2.45e-03  NMSE med@1/@16=0.0239/0.0074 ok=0.0074  resc/lost(2->16)=25/0  tauL@1=0.356  fail% stuck/cyc2/other=0.4/0.0/0.4
    M-ours-bstar-scalar  n=2560 BLER@1/@2/@8/@16 = 0.080 0.034 0.017 0.015 [0.011,0.021]  BER@16=5.64e-03  NMSE med@1/@16=0.0465/0.0151 ok=0.0150  resc/lost(2->16)=47/0  tauL@1=0.350  fail% stuck/cyc2/other=0.7/0.0/0.9
    R5-genie             n=2560 BLER@1/@2/@8/@16 = 0.032 0.007 0.004 0.004 [0.002,0.007]  BER@16=1.32e-03  NMSE med@1/@16=nan/nan ok=nan  resc/lost(2->16)=10/0  tauL@1=0.283  fail% stuck/cyc2/other=0.1/0.0/0.2
   SNR +9 dB
    R0-pilot             n=2560 BLER@1/@2/@8/@16 = 0.064 0.035 0.019 0.015 [0.011,0.021]  BER@16=5.92e-03  NMSE med@1/@16=0.0300/0.0300 ok=0.0300  resc/lost(2->16)=51/0  tauL@1=0.201  fail% stuck/cyc2/other=0.2/0.4/0.9
    R1-turbo             n=2560 BLER@1/@2/@8/@16 = 0.064 0.037 0.027 0.025 [0.020,0.032]  BER@16=9.77e-03  NMSE med@1/@16=0.0300/0.0090 ok=0.0089  resc/lost(2->16)=30/0  tauL@1=0.201  fail% stuck/cyc2/other=1.7/0.0/0.8
    R2-ours-G            n=2560 BLER@1/@2/@8/@16 = 0.064 0.031 0.015 0.012 [0.008,0.017]  BER@16=5.11e-03  NMSE med@1/@16=0.0300/0.0090 ok=0.0089  resc/lost(2->16)=49/0  tauL@1=0.201  fail% stuck/cyc2/other=0.2/0.2/0.9
    R3-bigamp            n=2560 BLER@1/@2/@8/@16 = 0.107 0.072 0.055 0.051 [0.043,0.060]  BER@16=2.09e-02  NMSE med@1/@16=0.0238/0.0129 ok=0.0127  resc/lost(2->16)=55/0  tauL@1=0.111  fail% stuck/cyc2/other=0.4/0.4/4.4
    R4-llr               n=2560 BLER@1/@2/@8/@16 = 0.105 0.066 0.275 0.276 [0.259,0.293]  BER@16=2.41e-01  NMSE med@1/@16=0.0093/0.0101 ok=0.0089  resc/lost(2->16)=20/557  tauL@1=0.130  fail% stuck/cyc2/other=0.2/26.0/1.4
    R4-scvamp            n=2560 BLER@1/@2/@8/@16 = 0.105 0.077 0.071 0.071 [0.061,0.081]  BER@16=2.44e-02  NMSE med@1/@16=0.0093/0.0092 ok=0.0089  resc/lost(2->16)=17/0  tauL@1=0.130  fail% stuck/cyc2/other=5.3/1.2/0.5
    M-ours-gmm32         n=2560 BLER@1/@2/@8/@16 = 0.059 0.025 0.009 0.008 [0.005,0.013]  BER@16=3.16e-03  NMSE med@1/@16=0.0260/0.0081 ok=0.0081  resc/lost(2->16)=43/0  tauL@1=0.223  fail% stuck/cyc2/other=0.0/0.2/0.6
    M-ours-bstar         n=2560 BLER@1/@2/@8/@16 = 0.052 0.022 0.010 0.008 [0.005,0.013]  BER@16=3.36e-03  NMSE med@1/@16=0.0246/0.0078 ok=0.0078  resc/lost(2->16)=35/0  tauL@1=0.252  fail% stuck/cyc2/other=0.1/0.1/0.7
    M-ours-dscore-C-V0   n=2560 BLER@1/@2/@8/@16 = 0.740 0.642 0.668 0.640 [0.621,0.658]  BER@16=2.87e-01  NMSE med@1/@16=2.6218/0.5247 ok=0.2005  resc/lost(2->16)=400/394  tauL@1=0.016  fail% stuck/cyc2/other=0.4/6.1/57.5
    M-ours-dscore-C-V1   n=2560 BLER@1/@2/@8/@16 = 0.029 0.007 0.003 0.003 [0.002,0.006]  BER@16=1.18e-03  NMSE med@1/@16=0.0123/0.0038 ok=0.0038  resc/lost(2->16)=11/0  tauL@1=0.259  fail% stuck/cyc2/other=0.1/0.0/0.2
    M-ours-dscore-C-V4   n=2560 BLER@1/@2/@8/@16 = 0.029 0.009 0.004 0.004 [0.002,0.007]  BER@16=1.21e-03  NMSE med@1/@16=0.0121/0.0038 ok=0.0038  resc/lost(2->16)=14/0  tauL@1=0.244  fail% stuck/cyc2/other=0.2/0.0/0.2
    M-ours-dscore-C-V4b  n=2560 BLER@1/@2/@8/@16 = 0.029 0.009 0.004 0.004 [0.002,0.007]  BER@16=1.27e-03  NMSE med@1/@16=0.0121/0.0039 ok=0.0039  resc/lost(2->16)=14/0  tauL@1=0.244  fail% stuck/cyc2/other=0.1/0.0/0.2
    M-ours-bstar-scalar  n=2560 BLER@1/@2/@8/@16 = 0.053 0.023 0.011 0.009 [0.006,0.014]  BER@16=3.50e-03  NMSE med@1/@16=0.0247/0.0077 ok=0.0077  resc/lost(2->16)=34/0  tauL@1=0.238  fail% stuck/cyc2/other=0.2/0.1/0.7
    R5-genie             n=2560 BLER@1/@2/@8/@16 = 0.022 0.004 0.001 0.001 [0.000,0.003]  BER@16=2.79e-04  NMSE med@1/@16=nan/nan ok=nan  resc/lost(2->16)=7/0  tauL@1=0.189  fail% stuck/cyc2/other=0.0/0.0/0.0
   SNR +12 dB
    R0-pilot             n=2560 BLER@1/@2/@8/@16 = 0.047 0.025 0.014 0.011 [0.008,0.016]  BER@16=4.15e-03  NMSE med@1/@16=0.0153/0.0153 ok=0.0153  resc/lost(2->16)=37/0  tauL@1=0.146  fail% stuck/cyc2/other=0.1/0.4/0.6
    R1-turbo             n=2560 BLER@1/@2/@8/@16 = 0.047 0.028 0.019 0.019 [0.014,0.025]  BER@16=6.99e-03  NMSE med@1/@16=0.0153/0.0045 ok=0.0045  resc/lost(2->16)=23/0  tauL@1=0.146  fail% stuck/cyc2/other=1.2/0.0/0.6
    R2-ours-G            n=2560 BLER@1/@2/@8/@16 = 0.047 0.025 0.014 0.012 [0.008,0.017]  BER@16=4.80e-03  NMSE med@1/@16=0.0153/0.0045 ok=0.0045  resc/lost(2->16)=34/0  tauL@1=0.146  fail% stuck/cyc2/other=0.2/0.1/0.9
    R3-bigamp            n=2560 BLER@1/@2/@8/@16 = 0.099 0.067 0.058 0.057 [0.049,0.067]  BER@16=2.54e-02  NMSE med@1/@16=0.0099/0.0057 ok=0.0056  resc/lost(2->16)=27/3  tauL@1=0.083  fail% stuck/cyc2/other=0.1/0.8/4.9
    R4-llr               n=2560 BLER@1/@2/@8/@16 = 0.077 0.048 0.195 0.196 [0.181,0.212]  BER@16=1.72e-01  NMSE med@1/@16=0.0046/0.0048 ok=0.0045  resc/lost(2->16)=20/397  tauL@1=0.094  fail% stuck/cyc2/other=0.0/18.5/1.0
    R4-scvamp            n=2560 BLER@1/@2/@8/@16 = 0.077 0.057 0.049 0.048 [0.041,0.057]  BER@16=1.77e-02  NMSE med@1/@16=0.0046/0.0046 ok=0.0045  resc/lost(2->16)=21/0  tauL@1=0.094  fail% stuck/cyc2/other=3.6/0.6/0.6
    M-ours-gmm32         n=2560 BLER@1/@2/@8/@16 = 0.043 0.021 0.010 0.008 [0.005,0.013]  BER@16=3.19e-03  NMSE med@1/@16=0.0136/0.0042 ok=0.0041  resc/lost(2->16)=33/0  tauL@1=0.158  fail% stuck/cyc2/other=0.2/0.2/0.5
    M-ours-bstar         n=2560 BLER@1/@2/@8/@16 = 0.042 0.018 0.009 0.008 [0.005,0.013]  BER@16=3.52e-03  NMSE med@1/@16=0.0130/0.0040 ok=0.0040  resc/lost(2->16)=26/0  tauL@1=0.177  fail% stuck/cyc2/other=0.0/0.1/0.7
    M-ours-dscore-C-V0   n=2560 BLER@1/@2/@8/@16 = 0.629 0.511 0.479 0.448 [0.429,0.467]  BER@16=1.94e-01  NMSE med@1/@16=1.5003/0.2926 ok=0.1240  resc/lost(2->16)=472/311  tauL@1=0.011  fail% stuck/cyc2/other=0.7/4.8/39.3
    M-ours-dscore-C-V1   n=2560 BLER@1/@2/@8/@16 = 0.022 0.007 0.003 0.003 [0.002,0.006]  BER@16=7.81e-04  NMSE med@1/@16=0.0066/0.0021 ok=0.0021  resc/lost(2->16)=11/0  tauL@1=0.172  fail% stuck/cyc2/other=0.1/0.1/0.1
    M-ours-dscore-C-V4   n=2560 BLER@1/@2/@8/@16 = 0.021 0.008 0.004 0.004 [0.002,0.007]  BER@16=1.34e-03  NMSE med@1/@16=0.0065/0.0021 ok=0.0021  resc/lost(2->16)=11/0  tauL@1=0.162  fail% stuck/cyc2/other=0.2/0.0/0.2
    M-ours-dscore-C-V4b  n=2560 BLER@1/@2/@8/@16 = 0.021 0.008 0.004 0.004 [0.002,0.008]  BER@16=1.50e-03  NMSE med@1/@16=0.0065/0.0022 ok=0.0022  resc/lost(2->16)=10/0  tauL@1=0.162  fail% stuck/cyc2/other=0.2/0.0/0.2
    M-ours-bstar-scalar  n=2560 BLER@1/@2/@8/@16 = 0.044 0.020 0.012 0.011 [0.008,0.016]  BER@16=4.63e-03  NMSE med@1/@16=0.0129/0.0040 ok=0.0039  resc/lost(2->16)=23/0  tauL@1=0.169  fail% stuck/cyc2/other=0.2/0.1/0.8
    R5-genie             n=2560 BLER@1/@2/@8/@16 = 0.015 0.004 0.001 0.001 [0.000,0.003]  BER@16=1.67e-04  NMSE med@1/@16=nan/nan ok=nan  resc/lost(2->16)=8/0  tauL@1=0.123  fail% stuck/cyc2/other=0.1/0.0/0.0
   SNR +15 dB
    R0-pilot             n=2560 BLER@1/@2/@8/@16 = 0.036 0.012 0.008 0.006 [0.004,0.010]  BER@16=2.49e-03  NMSE med@1/@16=0.0078/0.0078 ok=0.0078  resc/lost(2->16)=15/0  tauL@1=0.105  fail% stuck/cyc2/other=0.0/0.1/0.4
    R1-turbo             n=2560 BLER@1/@2/@8/@16 = 0.036 0.014 0.009 0.009 [0.006,0.013]  BER@16=3.44e-03  NMSE med@1/@16=0.0078/0.0023 ok=0.0023  resc/lost(2->16)=13/0  tauL@1=0.105  fail% stuck/cyc2/other=0.5/0.0/0.3
    R2-ours-G            n=2560 BLER@1/@2/@8/@16 = 0.036 0.011 0.007 0.006 [0.004,0.010]  BER@16=2.74e-03  NMSE med@1/@16=0.0078/0.0023 ok=0.0023  resc/lost(2->16)=12/0  tauL@1=0.105  fail% stuck/cyc2/other=0.1/0.0/0.5
    R3-bigamp            n=2560 BLER@1/@2/@8/@16 = 0.105 0.075 0.058 0.055 [0.047,0.065]  BER@16=2.48e-02  NMSE med@1/@16=0.0048/0.0026 ok=0.0026  resc/lost(2->16)=50/1  tauL@1=0.071  fail% stuck/cyc2/other=0.2/0.9/4.5
    R4-llr               n=2560 BLER@1/@2/@8/@16 = 0.066 0.036 0.168 0.168 [0.154,0.183]  BER@16=1.50e-01  NMSE med@1/@16=0.0023/0.0024 ok=0.0023  resc/lost(2->16)=15/352  tauL@1=0.065  fail% stuck/cyc2/other=0.2/15.9/0.7
    R4-scvamp            n=2560 BLER@1/@2/@8/@16 = 0.066 0.045 0.037 0.036 [0.030,0.044]  BER@16=1.19e-02  NMSE med@1/@16=0.0023/0.0023 ok=0.0023  resc/lost(2->16)=22/1  tauL@1=0.065  fail% stuck/cyc2/other=3.0/0.3/0.3
    M-ours-gmm32         n=2560 BLER@1/@2/@8/@16 = 0.034 0.012 0.005 0.004 [0.002,0.007]  BER@16=1.55e-03  NMSE med@1/@16=0.0071/0.0021 ok=0.0021  resc/lost(2->16)=21/0  tauL@1=0.111  fail% stuck/cyc2/other=0.0/0.0/0.4
    M-ours-bstar         n=2560 BLER@1/@2/@8/@16 = 0.032 0.009 0.004 0.003 [0.002,0.006]  BER@16=1.34e-03  NMSE med@1/@16=0.0068/0.0021 ok=0.0021  resc/lost(2->16)=15/0  tauL@1=0.119  fail% stuck/cyc2/other=0.1/0.0/0.2
    M-ours-dscore-C-V0   n=2560 BLER@1/@2/@8/@16 = 0.519 0.375 0.251 0.211 [0.196,0.227]  BER@16=8.95e-02  NMSE med@1/@16=0.7278/0.0025 ok=0.0016  resc/lost(2->16)=565/146  tauL@1=0.009  fail% stuck/cyc2/other=0.5/2.2/18.4
    M-ours-dscore-C-V1   n=2560 BLER@1/@2/@8/@16 = 0.016 0.004 0.002 0.002 [0.001,0.004]  BER@16=4.74e-04  NMSE med@1/@16=0.0035/0.0012 ok=0.0012  resc/lost(2->16)=6/0  tauL@1=0.115  fail% stuck/cyc2/other=0.0/0.0/0.1
    M-ours-dscore-C-V4   n=2560 BLER@1/@2/@8/@16 = 0.017 0.004 0.002 0.002 [0.001,0.004]  BER@16=3.44e-04  NMSE med@1/@16=0.0035/0.0012 ok=0.0012  resc/lost(2->16)=6/0  tauL@1=0.108  fail% stuck/cyc2/other=0.1/0.0/0.0
    M-ours-dscore-C-V4b  n=2560 BLER@1/@2/@8/@16 = 0.017 0.004 0.002 0.002 [0.001,0.005]  BER@16=6.42e-04  NMSE med@1/@16=0.0035/0.0012 ok=0.0012  resc/lost(2->16)=4/0  tauL@1=0.108  fail% stuck/cyc2/other=0.1/0.0/0.1
    M-ours-bstar-scalar  n=2560 BLER@1/@2/@8/@16 = 0.031 0.009 0.004 0.004 [0.002,0.007]  BER@16=1.46e-03  NMSE med@1/@16=0.0068/0.0020 ok=0.0020  resc/lost(2->16)=15/0  tauL@1=0.113  fail% stuck/cyc2/other=0.1/0.1/0.2
    R5-genie             n=2560 BLER@1/@2/@8/@16 = 0.009 0.002 0.001 0.001 [0.000,0.003]  BER@16=3.91e-04  NMSE med@1/@16=nan/nan ok=nan  resc/lost(2->16)=4/0  tauL@1=0.075  fail% stuck/cyc2/other=0.0/0.0/0.0

  SNR@BLER 0.1 (log-linear interpolation; '<=x' already below at the lowest grid point, '>x' never reached)
  and the SNR@0.1 gain over R2-ours-G with a 90% PAIRED bootstrap CI (same resampled trials for both arms).
  SIGN CONVENTION (spelled out the same way as table B, so it cannot be read inverted): the number is
  SNR@0.1(this arm) MINUS SNR@0.1(R2-ours-G).  + dB = this arm needs MORE SNR than R2-ours-G to reach
  BLER 0.1;  - dB = it needs LESS.
    arm                  SNR@0.1   SNR@0.1 gap (this arm minus R2-ours-G)
    R0-pilot (@1)           6.03   +6.04 dB  [90% paired bootstrap +5.50, +6.63; censored replicates 0%]
    pilot_C (@16)           0.77   +0.78 dB  [90% paired bootstrap +0.57, +0.97; censored replicates 0%]
    R1-turbo                2.28   +2.29 dB  [90% paired bootstrap +1.95, +2.64; censored replicates 0%]
    R2-ours-G              -0.01   -- (reference)
    R3-bigamp               2.31   +2.32 dB  [90% paired bootstrap +1.96, +2.68; censored replicates 0%]
    R4-llr                 >  15   >= +15.01 dB (R4-llr never reaches 0.1 on the grid)
    R4-scvamp               5.56   +5.57 dB  [90% paired bootstrap +5.00, +6.26; censored replicates 0%]
    M-ours-gmm32           -0.37   -0.36 dB  [90% paired bootstrap -0.55, -0.17; censored replicates 0%]
    M-ours-bstar           -0.50   -0.49 dB  [90% paired bootstrap -0.69, -0.31; censored replicates 0%]
    M-ours-dscore-C-V0     >  15   >= +15.01 dB (M-ours-dscore-C-V0 never reaches 0.1 on the grid)
    M-ours-dscore-C-V1     -2.20   -2.19 dB  [90% paired bootstrap -2.47, -1.96; censored replicates 0%]
    M-ours-dscore-C-V4     -2.00   -1.99 dB  [90% paired bootstrap -2.25, -1.76; censored replicates 0%]
    M-ours-dscore-C-V4b    -1.89   -1.88 dB  [90% paired bootstrap -2.15, -1.65; censored replicates 0%]
    M-ours-bstar-scalar    -0.53   -0.52 dB  [90% paired bootstrap -0.73, -0.34; censored replicates 0%]
    R5-genie              <=  -3   n/a (<=  -3 vs -0.01) — extend the SNR grid

  failure classes at @16, as a fraction of ALL blocks (exp_0921 operational definition; diverged = the arm's own flag, raised = the arm threw on that block (runner.py '<arm>|failed'); diverged AND raised blocks are KEPT in every mean above, a raised block counting as a block error):
    arm  [stuck/cyc2/other/diverged/raised]              -3 dB                           +0 dB                           +3 dB                           +6 dB                           +9 dB                           +12 dB                          +15 dB             
    R0-pilot (@1)                                         n/a                             n/a                             n/a                             n/a                             n/a                             n/a                             n/a                 (1-pass arm: no trajectory to classify)
    pilot_C (@16)                            0.305/0.013/0.161/n/a  /0.000   0.034/0.012/0.090/n/a  /0.000   0.009/0.004/0.029/n/a  /0.000   0.006/0.005/0.014/n/a  /0.000   0.002/0.004/0.009/n/a  /0.000   0.001/0.004/0.006/n/a  /0.000   0.000/0.001/0.004/n/a  /0.000  
    R1-turbo                                 0.520/0.000/0.017/n/a  /0.000   0.193/0.000/0.020/n/a  /0.000   0.062/0.000/0.017/n/a  /0.000   0.026/0.001/0.015/n/a  /0.000   0.017/0.000/0.008/n/a  /0.000   0.013/0.000/0.006/n/a  /0.000   0.005/0.000/0.003/n/a  /0.000  
    R2-ours-G                                0.087/0.061/0.180/n/a  /0.000   0.022/0.016/0.062/n/a  /0.000   0.007/0.003/0.028/n/a  /0.000   0.004/0.005/0.016/n/a  /0.000   0.002/0.002/0.009/n/a  /0.000   0.002/0.001/0.009/n/a  /0.000   0.001/0.000/0.005/n/a  /0.000  
    R3-bigamp                                0.419/0.034/0.091/0.000/0.000   0.097/0.015/0.098/0.000/0.000   0.023/0.006/0.051/0.000/0.000   0.005/0.005/0.043/0.000/0.000   0.004/0.004/0.044/0.000/0.000   0.001/0.008/0.049/0.000/0.000   0.002/0.009/0.045/0.000/0.000  
    R4-llr                                   0.407/0.436/0.023/0.000/0.000   0.114/0.670/0.043/0.000/0.000   0.018/0.553/0.031/0.000/0.000   0.004/0.363/0.028/0.000/0.000   0.002/0.260/0.014/0.000/0.000   0.000/0.185/0.010/0.000/0.000   0.002/0.159/0.007/0.000/0.000  
    R4-scvamp                                0.591/0.007/0.015/0.000/0.000   0.281/0.009/0.011/0.000/0.000   0.126/0.013/0.011/0.000/0.000   0.071/0.014/0.009/0.000/0.000   0.053/0.012/0.005/0.000/0.000   0.036/0.006/0.006/0.000/0.000   0.030/0.003/0.003/0.000/0.000  
    M-ours-gmm32                             0.068/0.039/0.168/n/a  /0.000   0.022/0.012/0.053/n/a  /0.000   0.004/0.004/0.021/n/a  /0.000   0.004/0.002/0.015/n/a  /0.000   0.000/0.002/0.006/n/a  /0.000   0.002/0.002/0.005/n/a  /0.000   0.000/0.000/0.004/n/a  /0.000  
    M-ours-bstar                             0.073/0.030/0.150/n/a  /0.000   0.021/0.011/0.051/n/a  /0.000   0.005/0.003/0.016/n/a  /0.000   0.003/0.002/0.007/n/a  /0.000   0.001/0.001/0.007/n/a  /0.000   0.000/0.001/0.007/n/a  /0.000   0.001/0.000/0.002/n/a  /0.000  
    M-ours-dscore-C-V0                       0.017/0.049/0.746/n/a  /0.000   0.004/0.059/0.840/n/a  /0.000   0.002/0.061/0.825/n/a  /0.000   0.005/0.068/0.702/n/a  /0.000   0.004/0.061/0.575/n/a  /0.000   0.007/0.048/0.393/n/a  /0.000   0.005/0.022/0.184/n/a  /0.000  
    M-ours-dscore-C-V1                       0.045/0.011/0.091/n/a  /0.000   0.010/0.002/0.022/n/a  /0.000   0.002/0.000/0.007/n/a  /0.000   0.004/0.001/0.003/n/a  /0.000   0.001/0.000/0.002/n/a  /0.000   0.001/0.001/0.001/n/a  /0.000   0.000/0.000/0.001/n/a  /0.000  
    M-ours-dscore-C-V4                       0.063/0.011/0.086/n/a  /0.000   0.018/0.002/0.018/n/a  /0.000   0.005/0.001/0.005/n/a  /0.000   0.004/0.000/0.003/n/a  /0.000   0.002/0.000/0.002/n/a  /0.000   0.002/0.000/0.002/n/a  /0.000   0.001/0.000/0.000/n/a  /0.000  
    M-ours-dscore-C-V4b                      0.063/0.012/0.087/n/a  /0.000   0.020/0.004/0.020/n/a  /0.000   0.004/0.000/0.007/n/a  /0.000   0.004/0.000/0.004/n/a  /0.000   0.001/0.000/0.002/n/a  /0.000   0.002/0.000/0.002/n/a  /0.000   0.001/0.000/0.001/n/a  /0.000  
    M-ours-bstar-scalar                      0.099/0.030/0.132/n/a  /0.000   0.029/0.009/0.043/n/a  /0.000   0.009/0.005/0.013/n/a  /0.000   0.007/0.000/0.009/n/a  /0.000   0.002/0.001/0.007/n/a  /0.000   0.002/0.001/0.008/n/a  /0.000   0.001/0.001/0.002/n/a  /0.000  
    R5-genie                                 0.014/0.002/0.018/n/a  /0.000   0.004/0.001/0.006/n/a  /0.000   0.002/0.000/0.003/n/a  /0.000   0.001/0.000/0.002/n/a  /0.000   0.000/0.000/0.000/n/a  /0.000   0.001/0.000/0.000/n/a  /0.000   0.000/0.000/0.000/n/a  /0.000  

  clip firing rates, mean over trials x iterations (tauL = variance-floor clip of the detector site, alphaD = alpha^D clip to [eps, 1-eps]):
    arm                             -3 dB             +0 dB             +3 dB             +6 dB             +9 dB            +12 dB            +15 dB
    R0-pilot              0.0000/0.1328     0.0003/0.7523     0.0017/0.9163     0.0014/0.9550     0.0010/0.9753     0.0007/0.9827     0.0004/0.9886  
    R1-turbo              0.0000/0.5918     0.0005/0.8402     0.0009/0.9322     0.0015/0.9605     0.0011/0.9788     0.0004/0.9848     0.0002/0.9903  
    R2-ours-G             0.0000/0.5035     0.0004/0.8153     0.0018/0.9238     0.0015/0.9566     0.0011/0.9767     0.0009/0.9824     0.0004/0.9890  
    R3-bigamp             0.0000/0.0000     0.0000/0.0000     0.0000/0.0000     0.0000/0.0000     0.0000/0.0000     0.0000/0.0000     0.0000/0.0000  
    R4-llr                0.3044/0.0000     0.5046/0.0000     0.6333/0.0000     0.6870/0.0000     0.7212/0.0000     0.7402/0.0000     0.7460/0.0000  
    R4-scvamp             0.2337/0.5148     0.3019/0.7238     0.3482/0.8582     0.3655/0.9177     0.3755/0.9481     0.3777/0.9632     0.3763/0.9722  
    M-ours-gmm32          0.0000/0.5563     0.0004/0.8293     0.0011/0.9290     0.0011/0.9599     0.0006/0.9793     0.0004/0.9842     0.0002/0.9901  
    M-ours-bstar          0.0000/0.5752     0.0007/0.8366     0.0005/0.9322     0.0003/0.9635     0.0008/0.9788     0.0004/0.9848     0.0001/0.9910  
    M-ours-dscore-C-V0    0.1227/0.4027     0.1223/0.3936     0.0972/0.4354     0.0707/0.5341     0.0460/0.6759     0.0247/0.8063     0.0121/0.8983  
    M-ours-dscore-C-V1    0.0000/0.7030     0.0002/0.8904     0.0002/0.9544     0.0002/0.9748     0.0001/0.9861     0.0000/0.9903     0.0000/0.9933  
    M-ours-dscore-C-V4    0.0000/0.7089     0.0002/0.8910     0.0002/0.9566     0.0001/0.9758     0.0001/0.9865     0.0000/0.9904     0.0000/0.9935  
    M-ours-dscore-C-V4b   0.0000/0.7054     0.0003/0.8878     0.0004/0.9564     0.0002/0.9759     0.0001/0.9861     0.0001/0.9902     0.0000/0.9935  
    M-ours-bstar-scalar   0.0000/0.5899     0.0003/0.8429     0.0005/0.9332     0.0007/0.9649     0.0004/0.9790     0.0006/0.9839     0.0001/0.9909  
    R5-genie              0.0000/0.8718     0.0000/0.9481     0.0000/0.9771     0.0000/0.9832     0.0000/0.9908     0.0000/0.9931     0.0000/0.9945  

  NMSE_H@16 median, WITH and WITHOUT the failed blocks (08_SPEC §5: both versions, never only one):
    arm                                   -3 dB                   +0 dB                   +3 dB                   +6 dB                   +9 dB                  +12 dB                  +15 dB     [all blocks / success-only]
    R0-pilot                3.187e-01/3.035e-01     1.928e-01/1.910e-01     1.091e-01/1.089e-01     5.829e-02/5.831e-02     3.004e-02/3.004e-02     1.527e-02/1.527e-02     7.786e-03/7.794e-03
    R1-turbo                1.989e-01/1.180e-01     7.135e-02/6.560e-02     3.550e-02/3.451e-02     1.809e-02/1.789e-02     9.010e-03/8.927e-03     4.508e-03/4.482e-03     2.272e-03/2.265e-03
    R2-ours-G               1.365e-01/1.188e-01     6.808e-02/6.585e-02     3.491e-02/3.455e-02     1.798e-02/1.786e-02     8.967e-03/8.926e-03     4.496e-03/4.482e-03     2.269e-03/2.262e-03
    R3-bigamp               3.576e-01/2.954e-01     1.655e-01/1.570e-01     7.403e-02/7.253e-02     3.130e-02/3.087e-02     1.292e-02/1.273e-02     5.669e-03/5.562e-03     2.619e-03/2.572e-03
    R4-llr                  3.683e-01/1.184e-01     1.411e+00/6.426e-02     1.218e+00/3.488e-02     2.221e-02/1.790e-02     1.007e-02/8.937e-03     4.850e-03/4.501e-03     2.419e-03/2.270e-03
    R4-scvamp               2.369e-01/1.180e-01     7.485e-02/6.553e-02     3.647e-02/3.461e-02     1.848e-02/1.790e-02     9.162e-03/8.947e-03     4.554e-03/4.486e-03     2.295e-03/2.265e-03
    M-ours-gmm32            1.126e-01/9.944e-02     5.738e-02/5.554e-02     3.002e-02/2.971e-02     1.583e-02/1.573e-02     8.106e-03/8.080e-03     4.157e-03/4.146e-03     2.133e-03/2.131e-03
    M-ours-bstar            1.041e-01/9.191e-02     5.325e-02/5.145e-02     2.836e-02/2.812e-02     1.520e-02/1.513e-02     7.827e-03/7.814e-03     4.030e-03/4.019e-03     2.072e-03/2.069e-03
    M-ours-dscore-C-V0      2.696e-01/8.046e-02     1.045e+00/1.732e-01     1.381e+00/2.576e-01     8.764e-01/2.671e-01     5.247e-01/2.005e-01     2.926e-01/1.240e-01     2.485e-03/1.594e-03
    M-ours-dscore-C-V1      5.656e-02/5.170e-02     2.669e-02/2.594e-02     1.382e-02/1.370e-02     7.225e-03/7.199e-03     3.842e-03/3.832e-03     2.129e-03/2.126e-03     1.174e-03/1.173e-03
    M-ours-dscore-C-V4      5.685e-02/5.109e-02     2.654e-02/2.587e-02     1.364e-02/1.356e-02     7.154e-03/7.142e-03     3.806e-03/3.801e-03     2.099e-03/2.096e-03     1.156e-03/1.155e-03
    M-ours-dscore-C-V4b     5.948e-02/5.411e-02     2.789e-02/2.715e-02     1.413e-02/1.404e-02     7.411e-03/7.385e-03     3.888e-03/3.882e-03     2.155e-03/2.152e-03     1.174e-03/1.171e-03
    M-ours-bstar-scalar     1.053e-01/9.260e-02     5.313e-02/5.154e-02     2.838e-02/2.808e-02     1.510e-02/1.502e-02     7.729e-03/7.690e-03     3.967e-03/3.948e-03     2.035e-03/2.033e-03
    R5-genie                            nan/nan                 nan/nan                 nan/nan                 nan/nan                 nan/nan                 nan/nan                 nan/nan

  fit / training cost (GMM EM wall-clock, seconds; 01_RULES §5 -- not hidden, 'n/a' where there is no fit):
    R0-pilot                  n/a s
    R1-turbo                  n/a s
    R2-ours-G                 n/a s
    R3-bigamp                 n/a s
    R4-llr                    n/a s
    R4-scvamp                 n/a s
    M-ours-gmm32            487.1 s
    M-ours-bstar          14280.9 s
    M-ours-dscore-C-V0      649.6 s
    M-ours-dscore-C-V1      649.6 s
    M-ours-dscore-C-V4      649.6 s
    M-ours-dscore-C-V4b       n/a s
    M-ours-bstar-scalar   14280.9 s
    R5-genie                  n/a s

============================== TABLE B -- paired comparisons (08_SPEC §2) ==============================
Only the pairs listed in 08_SPEC §2 are computed; all-pairs is not done (multiple-comparison problem).
Sign test is paired per block (same channel/noise realisation, 06_SPEC §2). 'a:b' = only-first-fails : only-second-fails.
POWER GUARD (R6/R7, pre-registered): >= 3 decision points AND >= 6 discordant pairs at >= 2 of them,
otherwise UNDECIDED is printed and no significance call is made.
The decision SNRs of a pair are anchored on its BASELINE member (exp_0925's pre-registered rule; never on one
of our arms, which would let our own arm choose where it is evaluated). The anchor arm is printed on every row.

--- cell C2  prior S2  testbed D2   SNR grid ['-3', '+0', '+3', '+6', '+9', '+12', '+15']
  R1-turbo -> R2-ours-G        [decision-point anchor arm: R1-turbo]
    decision SNRs ['+0', '+3', '+6'] (anchor R1-turbo: |log10(BLER@16 of R1-turbo / 0.1)| smallest, BLER in [0.005, 0.9])
    sign test @16: +0 dB 291:1 p=7.4e-86  +3 dB 106:1 p=1.3e-30  +6 dB 45:2 p=1.6e-11   pooled 442:4 p=1.8e-125
    power guard: 3 decision points, 3 with >= 6 discordant pairs -> POWERED
    two-sided sign test at p < .05: second arm fewer failures at 3/3 points, first arm fewer failures at 0/3 points -> significant
    SNR@0.1 gap (R1-turbo minus R2-ours-G): +2.29 dB  [90% paired bootstrap +1.95, +2.64; censored replicates 0%]
  R2-ours-G -> M-ours-gmm32        [decision-point anchor arm: R2-ours-G]
    decision SNRs ['-3', '+0', '+3'] (anchor R2-ours-G: |log10(BLER@16 of R2-ours-G / 0.1)| smallest, BLER in [0.005, 0.9])
    sign test @16: -3 dB 218:84 p=7e-15  +0 dB 83:50 p=0.0053  +3 dB 34:13 p=0.0031   pooled 335:147 p=6.2e-18
    power guard: 3 decision points, 3 with >= 6 discordant pairs -> POWERED
    two-sided sign test at p < .05: second arm fewer failures at 3/3 points, first arm fewer failures at 0/3 points -> significant
    SNR@0.1 gap (R2-ours-G minus M-ours-gmm32): +0.36 dB  [90% paired bootstrap +0.17, +0.55; censored replicates 0%]
  R2-ours-G -> M-ours-bstar        [decision-point anchor arm: R2-ours-G]
    decision SNRs ['-3', '+0', '+3'] (anchor R2-ours-G: |log10(BLER@16 of R2-ours-G / 0.1)| smallest, BLER in [0.005, 0.9])
    sign test @16: -3 dB 274:79 p=2.5e-26  +0 dB 86:44 p=0.00029  +3 dB 45:10 p=2.1e-06   pooled 405:133 p=6.1e-33
    power guard: 3 decision points, 3 with >= 6 discordant pairs -> POWERED
    two-sided sign test at p < .05: second arm fewer failures at 3/3 points, first arm fewer failures at 0/3 points -> significant
    SNR@0.1 gap (R2-ours-G minus M-ours-bstar): +0.49 dB  [90% paired bootstrap +0.31, +0.69; censored replicates 0%]
  R2-ours-G -> R4-scvamp        [decision-point anchor arm: R2-ours-G]
    decision SNRs ['-3', '+0', '+3'] (anchor R2-ours-G: |log10(BLER@16 of R2-ours-G / 0.1)| smallest, BLER in [0.005, 0.9])
    sign test @16: -3 dB 5:733 p=2.5e-210  +0 dB 5:521 p=3e-147  +3 dB 3:289 p=1e-81   pooled 13:1543 p=0
    power guard: 3 decision points, 3 with >= 6 discordant pairs -> POWERED
    two-sided sign test at p < .05: second arm fewer failures at 0/3 points, first arm fewer failures at 3/3 points -> significant
    SNR@0.1 gap (R2-ours-G minus R4-scvamp): -5.57 dB  [90% paired bootstrap -6.26, -5.00; censored replicates 0%]
  R4-llr -> R4-scvamp        [decision-point anchor arm: R4-llr]
    decision SNRs ['+9', '+12', '+15'] (anchor R4-llr: |log10(BLER@16 of R4-llr / 0.1)| smallest, BLER in [0.005, 0.9])
    sign test @16: +9 dB 559:34 p=1.6e-123  +12 dB 403:26 p=4.9e-88  +15 dB 356:20 p=1.1e-80   pooled 1318:80 p=1.9e-289
    power guard: 3 decision points, 3 with >= 6 discordant pairs -> POWERED
    two-sided sign test at p < .05: second arm fewer failures at 3/3 points, first arm fewer failures at 0/3 points -> significant
    SNR@0.1 gap (R4-llr minus R4-scvamp): >= +9.44 dB (R4-llr never reaches 0.1 on the grid)
  R2-ours-G -> R3-bigamp        [decision-point anchor arm: R2-ours-G]
    decision SNRs ['-3', '+0', '+3'] (anchor R2-ours-G: |log10(BLER@16 of R2-ours-G / 0.1)| smallest, BLER in [0.005, 0.9])
    sign test @16: -3 dB 59:609 p=4.3e-116  +0 dB 30:314 p=7.9e-61  +3 dB 29:137 p=5.5e-18   pooled 118:1060 p=6.7e-190
    power guard: 3 decision points, 3 with >= 6 discordant pairs -> POWERED
    two-sided sign test at p < .05: second arm fewer failures at 0/3 points, first arm fewer failures at 3/3 points -> significant
    SNR@0.1 gap (R2-ours-G minus R3-bigamp): -2.32 dB  [90% paired bootstrap -2.68, -1.96; censored replicates 0%]
  M-ours-gmm32 -> R5-genie        [decision-point anchor arm: R5-genie]
    decision SNRs ['-3', '+0'] (anchor R5-genie: |log10(BLER@16 of R5-genie / 0.1)| smallest, BLER in [0.005, 0.9])
    sign test @16: -3 dB 629:9 p=8.1e-173  +0 dB 197:1 p=9.9e-58   pooled 826:10 p=1.9e-229
    power guard: 2 decision points (needs 3), discordant-pair counts [638, 198] (needs >= 6 at >= 2) -> UNDECIDED
    UNDECIDED -- no significance call is made (08_SPEC §2). Raise n or extend the SNR grid.
    SNR@0.1 gap (M-ours-gmm32 minus R5-genie): >= +2.63 dB (R5-genie is already below 0.1 at the lowest grid SNR)
  M-ours-bstar -> R5-genie        [decision-point anchor arm: R5-genie]
    decision SNRs ['-3', '+0'] (anchor R5-genie: |log10(BLER@16 of R5-genie / 0.1)| smallest, BLER in [0.005, 0.9])
    sign test @16: -3 dB 568:9 p=7.5e-155  +0 dB 187:0 p=1e-56   pooled 755:9 p=4.9e-210
    power guard: 2 decision points (needs 3), discordant-pair counts [577, 187] (needs >= 6 at >= 2) -> UNDECIDED
    UNDECIDED -- no significance call is made (08_SPEC §2). Raise n or extend the SNR grid.
    SNR@0.1 gap (M-ours-bstar minus R5-genie): >= +2.50 dB (R5-genie is already below 0.1 at the lowest grid SNR)
  R2-ours-G -> M-ours-dscore-C-V0        [decision-point anchor arm: R2-ours-G]
    decision SNRs ['-3', '+0', '+3'] (anchor R2-ours-G: |log10(BLER@16 of R2-ours-G / 0.1)| smallest, BLER in [0.005, 0.9])
    sign test @16: -3 dB 62:1300 p=3.4e-302  +0 dB 2:2061 p=0  +3 dB 0:2177 p=0   pooled 64:5538 p=0
    power guard: 3 decision points, 3 with >= 6 discordant pairs -> POWERED
    two-sided sign test at p < .05: second arm fewer failures at 0/3 points, first arm fewer failures at 3/3 points -> significant
    SNR@0.1 gap (R2-ours-G minus M-ours-dscore-C-V0): n/a (-0.01 vs >  15) — extend the SNR grid
  R2-ours-G -> M-ours-dscore-C-V1        [decision-point anchor arm: R2-ours-G]
    decision SNRs ['-3', '+0', '+3'] (anchor R2-ours-G: |log10(BLER@16 of R2-ours-G / 0.1)| smallest, BLER in [0.005, 0.9])
    sign test @16: -3 dB 500:37 p=1e-104  +0 dB 181:13 p=5e-39  +3 dB 78:6 p=4.5e-17   pooled 759:56 p=2.1e-158
    power guard: 3 decision points, 3 with >= 6 discordant pairs -> POWERED
    two-sided sign test at p < .05: second arm fewer failures at 3/3 points, first arm fewer failures at 0/3 points -> significant
    SNR@0.1 gap (R2-ours-G minus M-ours-dscore-C-V1): +2.19 dB  [90% paired bootstrap +1.96, +2.47; censored replicates 0%]
  R2-ours-G -> M-ours-dscore-C-V4        [decision-point anchor arm: R2-ours-G]
    decision SNRs ['-3', '+0', '+3'] (anchor R2-ours-G: |log10(BLER@16 of R2-ours-G / 0.1)| smallest, BLER in [0.005, 0.9])
    sign test @16: -3 dB 488:58 p=1e-85  +0 dB 180:25 p=3.9e-30  +3 dB 76:7 p=9.4e-16   pooled 744:90 p=7.4e-129
    power guard: 3 decision points, 3 with >= 6 discordant pairs -> POWERED
    two-sided sign test at p < .05: second arm fewer failures at 3/3 points, first arm fewer failures at 0/3 points -> significant
    SNR@0.1 gap (R2-ours-G minus M-ours-dscore-C-V4): +1.99 dB  [90% paired bootstrap +1.76, +2.25; censored replicates 0%]
  R2-ours-G -> M-ours-dscore-C-V4b        [decision-point anchor arm: R2-ours-G]
    decision SNRs ['-3', '+0', '+3'] (anchor R2-ours-G: |log10(BLER@16 of R2-ours-G / 0.1)| smallest, BLER in [0.005, 0.9])
    sign test @16: -3 dB 480:54 p=2.1e-86  +0 dB 167:24 p=1.5e-27  +3 dB 76:8 p=5e-15   pooled 723:86 p=3.1e-126
    power guard: 3 decision points, 3 with >= 6 discordant pairs -> POWERED
    two-sided sign test at p < .05: second arm fewer failures at 3/3 points, first arm fewer failures at 0/3 points -> significant
    SNR@0.1 gap (R2-ours-G minus M-ours-dscore-C-V4b): +1.88 dB  [90% paired bootstrap +1.65, +2.15; censored replicates 0%]
  R2-ours-G -> M-ours-bstar-scalar        [decision-point anchor arm: R2-ours-G]
    decision SNRs ['-3', '+0', '+3'] (anchor R2-ours-G: |log10(BLER@16 of R2-ours-G / 0.1)| smallest, BLER in [0.005, 0.9])
    sign test @16: -3 dB 267:94 p=2.5e-20  +0 dB 98:51 p=0.00015  +3 dB 49:21 p=0.0011   pooled 414:166 p=2e-25
    power guard: 3 decision points, 3 with >= 6 discordant pairs -> POWERED
    two-sided sign test at p < .05: second arm fewer failures at 3/3 points, first arm fewer failures at 0/3 points -> significant
    SNR@0.1 gap (R2-ours-G minus M-ours-bstar-scalar): +0.52 dB  [90% paired bootstrap +0.34, +0.73; censored replicates 0%]
  M-ours-bstar -> M-ours-dscore-C-V0        [decision-point anchor arm: M-ours-bstar]
    decision SNRs ['-3', '+0', '+3'] (anchor M-ours-bstar: |log10(BLER@16 of M-ours-bstar / 0.1)| smallest, BLER in [0.005, 0.9])
    sign test @16: -3 dB 37:1470 p=0  +0 dB 2:2103 p=0  +3 dB 0:2212 p=0   pooled 39:5785 p=0
    power guard: 3 decision points, 3 with >= 6 discordant pairs -> POWERED
    two-sided sign test at p < .05: second arm fewer failures at 0/3 points, first arm fewer failures at 3/3 points -> significant
    SNR@0.1 gap (M-ours-bstar minus M-ours-dscore-C-V0): n/a (-0.50 vs >  15) — extend the SNR grid
  M-ours-bstar -> M-ours-dscore-C-V1        [decision-point anchor arm: M-ours-bstar]
    decision SNRs ['-3', '+0', '+3'] (anchor M-ours-bstar: |log10(BLER@16 of M-ours-bstar / 0.1)| smallest, BLER in [0.005, 0.9])
    sign test @16: -3 dB 317:49 p=3.6e-49  +0 dB 136:10 p=2.1e-29  +3 dB 42:5 p=2.5e-08   pooled 495:64 p=1.5e-83
    power guard: 3 decision points, 3 with >= 6 discordant pairs -> POWERED
    two-sided sign test at p < .05: second arm fewer failures at 3/3 points, first arm fewer failures at 0/3 points -> significant
    SNR@0.1 gap (M-ours-bstar minus M-ours-dscore-C-V1): +1.71 dB  [90% paired bootstrap +1.49, +1.96; censored replicates 0%]
  M-ours-bstar -> M-ours-dscore-C-V4        [decision-point anchor arm: M-ours-bstar]
    decision SNRs ['-3', '+0', '+3'] (anchor M-ours-bstar: |log10(BLER@16 of M-ours-bstar / 0.1)| smallest, BLER in [0.005, 0.9])
    sign test @16: -3 dB 305:70 p=4.4e-36  +0 dB 133:20 p=1.1e-21  +3 dB 42:8 p=1.2e-06   pooled 480:98 p=2e-61
    power guard: 3 decision points, 3 with >= 6 discordant pairs -> POWERED
    two-sided sign test at p < .05: second arm fewer failures at 3/3 points, first arm fewer failures at 0/3 points -> significant
    SNR@0.1 gap (M-ours-bstar minus M-ours-dscore-C-V4): +1.50 dB  [90% paired bootstrap +1.29, +1.75; censored replicates 0%]
  M-ours-bstar -> M-ours-dscore-C-V4b        [decision-point anchor arm: M-ours-bstar]
    decision SNRs ['-3', '+0', '+3'] (anchor M-ours-bstar: |log10(BLER@16 of M-ours-bstar / 0.1)| smallest, BLER in [0.005, 0.9])
    sign test @16: -3 dB 302:71 p=5e-35  +0 dB 121:20 p=8.3e-19  +3 dB 42:9 p=3.4e-06   pooled 465:100 p=3.2e-57
    power guard: 3 decision points, 3 with >= 6 discordant pairs -> POWERED
    two-sided sign test at p < .05: second arm fewer failures at 3/3 points, first arm fewer failures at 0/3 points -> significant
    SNR@0.1 gap (M-ours-bstar minus M-ours-dscore-C-V4b): +1.40 dB  [90% paired bootstrap +1.19, +1.63; censored replicates 0%]
  M-ours-bstar -> M-ours-bstar-scalar        [decision-point anchor arm: M-ours-bstar]
    decision SNRs ['-3', '+0', '+3'] (anchor M-ours-bstar: |log10(BLER@16 of M-ours-bstar / 0.1)| smallest, BLER in [0.005, 0.9])
    sign test @16: -3 dB 63:85 p=0.084  +0 dB 45:40 p=0.66  +3 dB 17:24 p=0.35   pooled 125:149 p=0.16
    power guard: 3 decision points, 3 with >= 6 discordant pairs -> POWERED
    two-sided sign test at p < .05: second arm fewer failures at 0/3 points, first arm fewer failures at 0/3 points -> not significant
    SNR@0.1 gap (M-ours-bstar minus M-ours-bstar-scalar): +0.04 dB  [90% paired bootstrap -0.12, +0.19; censored replicates 0%]
  M-ours-dscore-C-V0 -> R5-genie        [decision-point anchor arm: R5-genie]
    decision SNRs ['-3', '+0'] (anchor R5-genie: |log10(BLER@16 of R5-genie / 0.1)| smallest, BLER in [0.005, 0.9])
    sign test @16: -3 dB 1992:0 p=0  +0 dB 2288:0 p=0   pooled 4280:0 p=0
    power guard: 2 decision points (needs 3), discordant-pair counts [1992, 2288] (needs >= 6 at >= 2) -> UNDECIDED
    UNDECIDED -- no significance call is made (08_SPEC §2). Raise n or extend the SNR grid.
    SNR@0.1 gap (M-ours-dscore-C-V0 minus R5-genie): n/a (>  15 vs <=  -3) — extend the SNR grid
  M-ours-dscore-C-V1 -> R5-genie        [decision-point anchor arm: R5-genie]
    decision SNRs ['-3', '+0'] (anchor R5-genie: |log10(BLER@16 of R5-genie / 0.1)| smallest, BLER in [0.005, 0.9])
    sign test @16: -3 dB 304:13 p=3.2e-73  +0 dB 64:3 p=6.8e-16   pooled 368:16 p=4.1e-88
    power guard: 2 decision points (needs 3), discordant-pair counts [317, 67] (needs >= 6 at >= 2) -> UNDECIDED
    UNDECIDED -- no significance call is made (08_SPEC §2). Raise n or extend the SNR grid.
    SNR@0.1 gap (M-ours-dscore-C-V1 minus R5-genie): >= +0.80 dB (R5-genie is already below 0.1 at the lowest grid SNR)
  M-ours-dscore-C-V4 -> R5-genie        [decision-point anchor arm: R5-genie]
    decision SNRs ['-3', '+0'] (anchor R5-genie: |log10(BLER@16 of R5-genie / 0.1)| smallest, BLER in [0.005, 0.9])
    sign test @16: -3 dB 334:10 p=3.2e-85  +0 dB 77:3 p=1.4e-19   pooled 411:13 p=9.1e-104
    power guard: 2 decision points (needs 3), discordant-pair counts [344, 80] (needs >= 6 at >= 2) -> UNDECIDED
    UNDECIDED -- no significance call is made (08_SPEC §2). Raise n or extend the SNR grid.
    SNR@0.1 gap (M-ours-dscore-C-V4 minus R5-genie): >= +1.00 dB (R5-genie is already below 0.1 at the lowest grid SNR)
  M-ours-dscore-C-V4b -> R5-genie        [decision-point anchor arm: R5-genie]
    decision SNRs ['-3', '+0'] (anchor R5-genie: |log10(BLER@16 of R5-genie / 0.1)| smallest, BLER in [0.005, 0.9])
    sign test @16: -3 dB 340:12 p=1.4e-84  +0 dB 89:3 p=5.2e-23   pooled 429:15 p=1.4e-106
    power guard: 2 decision points (needs 3), discordant-pair counts [352, 92] (needs >= 6 at >= 2) -> UNDECIDED
    UNDECIDED -- no significance call is made (08_SPEC §2). Raise n or extend the SNR grid.
    SNR@0.1 gap (M-ours-dscore-C-V4b minus R5-genie): >= +1.11 dB (R5-genie is already below 0.1 at the lowest grid SNR)
  M-ours-bstar-scalar -> R5-genie        [decision-point anchor arm: R5-genie]
    decision SNRs ['-3', '+0'] (anchor R5-genie: |log10(BLER@16 of R5-genie / 0.1)| smallest, BLER in [0.005, 0.9])
    sign test @16: -3 dB 590:9 p=2.5e-161  +0 dB 184:2 p=3.5e-52   pooled 774:11 p=1.6e-212
    power guard: 2 decision points (needs 3), discordant-pair counts [599, 186] (needs >= 6 at >= 2) -> UNDECIDED
    UNDECIDED -- no significance call is made (08_SPEC §2). Raise n or extend the SNR grid.
    SNR@0.1 gap (M-ours-bstar-scalar minus R5-genie): >= +2.47 dB (R5-genie is already below 0.1 at the lowest grid SNR)

============================== TABLE C -- cross-Tp goodput envelope (08_SPEC §3) ==============================

--- prior S2: cells C1 and C2 are not both present (C1: 0 points, C2: 7 points) -> envelope not computed

============================== TABLE D -- training quality, independent of BLER (08_SPEC §3.5) ==============================
D2: GB' = held-out denoising NMSE of the GMM prior vs the diffusion prior on the SAME sigma_t grid. This is a comparison one stage BEFORE BLER and stands on its own.

  [GB' held-out denoising NMSE, GMM vs diffusion]  source: /home/HTJ/t2/conf/results/gate_D2.txt
    # date        : 2026-09-21 07:49:41 KST
    # git commit  : 86e43ef
    # versions    : python 3.12.14  numpy 2.5.2  scipy 1.18.1  torch 2.14.0+cu130 (cuda_available=True)
    # device      : CPU (192 cores) | dtype: complex128 / float64 | deterministic: yes (fixed seeds, no GPU in the receiver)
    # testbed     : D2
    # seed rule   : default_rng([20260926, TBID[testbed], PID[prior], Nr, T, Tp, int(snr)+100])  (trials of a point = ONE stream)
    # code        : rate-1/2 conv (133,171)_8 nu=6 terminated, QPSK, outer iterations = 16 for EVERY arm
    # Demo/ hashes: t2_route_a.py=95a5408901ec125c  t2_trellis.py=31cd0ee9c68e972b  t2_gmm.py=d064e58c7510c769
    # content     : GB' (04_SPEC §6) -- held-out denoising NMSE of the GMM prior vs the diffusion prior
    #               on the SAME frozen D2 sigma grid.  REPORT ONLY: never used to select anything.
    # *** The diffusion model here did NOT pass the D1 gates (best GC 0.2241 vs 0.15 over 959 trials).
    #     It is NOT an arm in any BLER table; M-ours-dscore stays BLOCKED on both testbeds. ***
    # architecture: copied verbatim from the best-D1-gate-score configuration, NOT re-searched (04_SPEC §6)
    #               {'arch': 'dit', 'param': 'vp', 'domain': 'angle', 'lr': 0.002238046051591068, 'ema': 0.999, 'batch': 256, 'emb': 256, 'width': 64, 'depth': 6, 'heads': 8, 'patch': 1}
    # GMM b*      : kron (kron K=512), selected by validation log-likelihood only
    
    # ====================================================================================================
    # CLAIM TESTBED -- sparse specular; conditional Gaussianity broken (see T2d). Upper bound = genie only.
    # ====================================================================================================
    
      k       sigma          nu     nmse_gmm    nmse_diff   diff/gmm
      0  3.3062e-02  2.1862e-03  1.96957e-03  1.16549e-03     0.5917
      1  3.9212e-02  3.0751e-03  2.73720e-03  1.56801e-03     0.5729
      2  4.6505e-02  4.3255e-03  3.79984e-03  2.11633e-03     0.5570
      3  5.5155e-02  6.0842e-03  5.27361e-03  2.86655e-03     0.5436
      4  6.5414e-02  8.5579e-03  7.31878e-03  3.89394e-03     0.5320
      5  7.7581e-02  1.2038e-02  1.01162e-02  5.30787e-03     0.5247
      6  9.2011e-02  1.6932e-02  1.39474e-02  7.25836e-03     0.5204
      7  1.0912e-01  2.3816e-02  1.91830e-02  9.98491e-03     0.5205
      8  1.2942e-01  3.3500e-02  2.62568e-02  1.38006e-02     0.5256
      9  1.5349e-01  4.7121e-02  3.58583e-02  1.91536e-02     0.5341
     10  1.8204e-01  6.6280e-02  4.86677e-02  2.66213e-02     0.5470
     11  2.1590e-01  9.3229e-02  6.55153e-02  3.67515e-02     0.5610
     12  2.5606e-01  1.3114e-01  8.72491e-02  5.07014e-02     0.5811
     13  3.0369e-01  1.8445e-01  1.15346e-01  6.98788e-02     0.6058
     14  3.6018e-01  2.5945e-01  1.50367e-01  9.62760e-02     0.6403
     15  4.2717e-01  3.6495e-01  1.94292e-01  1.31876e-01     0.6788
     16  5.0662e-01  5.1333e-01  2.47904e-01  1.79593e-01     0.7244
     17  6.0085e-01  7.2205e-01  3.12058e-01  2.42089e-01     0.7758
     18  7.1261e-01  1.0156e+00  3.86964e-01  3.21072e-01     0.8297
     19  8.4516e-01  1.4286e+00  4.71370e-01  4.13908e-01     0.8781
    
    summary: {'testbed': 'D2', 'prior': 'S2', 'n_eval': 512, 'Nr': 8, 'Nt': 4, 'worst_excess': -0.12190518636709069, 'note': "GB' is REPORT-ONLY (04_SPEC §6); arm selection was fixed by the D1 gates"}

  GMM fit table on D2, including the DEGRADATION RELATIVE TO D1 -- the second piece of evidence that the testbed actually broke conditional Gaussianity (08_SPEC §3.5):

  [GMM fits on D2, per K, vs D1]  source: /home/HTJ/t2/conf/results/gmm_fit_D2.txt
    # date        : 2026-09-20 14:27:54 KST
    # git commit  : 3f81778
    # versions    : python 3.12.14  numpy 2.5.2  scipy 1.18.1  torch 2.14.0+cu130 (cuda_available=True)
    # device      : CPU (192 cores) | dtype: complex128 / float64 | deterministic: yes (fixed seeds, no GPU in the receiver)
    # testbed     : D2
    # seed rule   : default_rng([20260926, TBID[testbed], PID[prior], Nr, T, Tp, int(snr)+100])  (trials of a point = ONE stream)
    # code        : rate-1/2 conv (133,171)_8 nu=6 terminated, QPSK, outer iterations = 16 for EVERY arm
    # Demo/ hashes: t2_route_a.py=95a5408901ec125c  t2_trellis.py=31cd0ee9c68e972b  t2_gmm.py=d064e58c7510c769
    # content     : conf/05_SPEC_testbed_D2.md §4 -- GMM re-fit on D2 (prior S2), K (16, 32, 64, 128, 256, 512) x {full, kron} x kappa (0, 16, 64, 256) x restarts, ntrain 10000, n_val = n_test = 5000
    # selection   : VALIDATION log-likelihood only.  BLER is never consulted (01_RULES §5).
    # D1 fits     : /home/HTJ/t2/Demo/exp_0925_fits (prior S, K (16, 32, 64)) -- reused verbatim, see DECISIONS
    # ====================================================================================================
    # CLAIM TESTBED -- sparse specular; conditional Gaussianity broken (see T2d). Upper bound = genie only.
    # ====================================================================================================
    
    Nr = 4 x Nt = 4
      fam      K  kappa   ll_train     ll_val      gap    ll_test   -gauss  reseed   EM min
      full    16      0    -26.196    -26.875    0.679    -26.876    6.844       0      2.3
      full    32      0    -23.934    -25.354    1.421    -25.346    8.374       0      4.6
      full    64      0    -22.261    -25.140    2.880    -25.093    8.627       0      5.4
      full   128      0    -21.174    -26.825    5.651    -26.704    7.017       0      6.1
      full   256     16    -26.269    -28.036    1.767    -27.950    5.771    3935      4.2
      full   512     16    -26.238    -28.039    1.801    -28.031    5.689   14363      7.8
      kron    16      0    -27.615    -27.776    0.161    -27.600    6.121       0      2.2
      kron    32      0    -26.027    -26.419    0.392    -26.246    7.475       0      5.3
      kron    64      0    -24.666    -25.386    0.720    -25.215    8.506       0     11.1
      kron   128      0    -23.442    -24.709    1.268    -24.482    9.239       0     19.1
      kron   256      0    -22.154    -24.207    2.053    -24.058    9.663       0     32.0
      kron   512      0    -21.254    -24.133    2.879    -23.941    9.779     970     22.7
      b* (validation log-likelihood) = kron K=512   ll_val -24.133
    
      degradation relative to D1 (05_SPEC §4)
      Absolute log-likelihoods of two DIFFERENT distributions are not comparable, so the
      comparable quantity is what the mixture buys over the Gaussian sample-covariance prior
      on the same held-out set:  G := ll_test(GMM) - ll_test(Gaussian)  [nat/sample].
      fam      K     G(D2)     G(D1)     D2-D1   gap(D2)   gap(D1)    KL(D1)
      full    16     6.844     3.276     3.569     0.679     0.477     0.291
      full    32     8.374     3.245     5.129     1.421     0.270     0.321
      full    64     8.627     3.239     5.388     2.880     0.321     0.327
      full   128     7.017       nan       nan     5.651       nan       nan
      full   256     5.771       nan       nan     1.767       nan       nan
      full   512     5.689       nan       nan     1.801       nan       nan
      kron    16     6.121     3.504     2.617     0.161     0.096     0.062
      kron    32     7.475     3.511     3.963     0.392     0.128     0.055
      kron    64     8.506     3.500     5.006     0.720     0.174     0.067
      kron   128     9.239       nan       nan     1.268       nan       nan
      kron   256     9.663       nan       nan     2.053       nan       nan
      kron   512     9.779       nan       nan     2.879       nan       nan
      KL(D1) = KL(true || fit) on the D1 test set [nat/sample]; D2 has no closed-form true
      density, so no KL column exists there (05_SPEC §3).
    
    Nr = 8 x Nt = 4
      fam      K  kappa   ll_train     ll_val      gap    ll_test   -gauss  reseed   EM min
      full    16      0    -37.734    -39.932    2.198    -39.346   26.281       0      6.4
      full    32      0    -32.768    -37.921    5.154    -37.272   28.355       0      8.1
      full    64      0    -30.647    -40.448    9.801    -39.997   25.630       0      9.4
      full   128      0    -32.167    -50.113   17.946    -49.492   16.135     103      8.3
      full   256      0    -33.390    -47.350   13.960    -46.941   18.685    2802      6.9
      full   512      0    -31.645    -38.853    7.208    -38.201   27.426   23891     16.3
      kron    16      0    -38.958    -39.574    0.617    -38.927   26.699       0      3.8
      kron    32      0    -32.368    -33.556    1.188    -32.878   32.749       0      8.7
      kron    64      0    -26.935    -29.015    2.080    -28.518   37.109       0     21.4
      kron   128      0    -22.557    -26.116    3.559    -25.820   39.807       0     58.1
      kron   256      0    -18.080    -23.936    5.856    -23.666   41.961       0     48.4
      kron   512      0    -14.339    -23.473    9.134    -23.144   42.482    1655     42.1
      b* (validation log-likelihood) = kron K=512   ll_val -23.473
    
      degradation relative to D1 (05_SPEC §4)
      Absolute log-likelihoods of two DIFFERENT distributions are not comparable, so the
      comparable quantity is what the mixture buys over the Gaussian sample-covariance prior
      on the same held-out set:  G := ll_test(GMM) - ll_test(Gaussian)  [nat/sample].
      fam      K     G(D2)     G(D1)     D2-D1   gap(D2)   gap(D1)    KL(D1)
      full    16    26.281     8.173    18.107     2.198     1.786     1.302
      full    32    28.355     8.106    20.248     5.154     1.517     1.369
      full    64    25.630     8.121    17.509     9.801     1.587     1.355
      full   128    16.135       nan       nan    17.946       nan       nan
      full   256    18.685       nan       nan    13.960       nan       nan
      full   512    27.426       nan       nan     7.208       nan       nan
      kron    16    26.699     9.233    17.466     0.617     0.082     0.242
      kron    32    32.749     9.277    23.471     1.188     0.261     0.198
      kron    64    37.109     9.188    27.920     2.080     0.497     0.287
      kron   128    39.807       nan       nan     3.559       nan       nan
      kron   256    41.961       nan       nan     5.856       nan       nan
      kron   512    42.482       nan       nan     9.134       nan       nan
      KL(D1) = KL(true || fit) on the D1 test set [nat/sample]; D2 has no closed-form true
      density, so no KL column exists there (05_SPEC §3).

