
# ===== 2026-09-21 14:37:44 KST  D2SX160000 attempt 2  testbed D2 prior S2  Nr=8 Nt=4
# DEVICE      : cuda | cuda_available=True | NVIDIA RTX PRO 6000 Blackwell Server Edition | torch 2.14.0+cu130 | train dtype float32 (01_RULES §9.5)
# data        : n_train=144000 n_val=16000 split_hash=a00951cf75b852a6 E||H||_F^2/(NrNt)=1.000362 (04_SPEC §2)
# sigma grid  : MEASURED, 20 points, log-uniform draw over [3.3062e-02, 8.4516e-01]
# hp          : {'arch': 'dit', 'param': 'vp', 'domain': 'angle', 'lr': 0.002238046051591068, 'ema': 0.999, 'batch': 256, 'emb': 256, 'width': 64, 'depth': 6, 'heads': 8, 'patch': 1}  params=479426
# stopping    : patience 20 on val loss, never before 200 epochs, max 3000 (01_RULES §5)
epoch    1 | train 7.901832e-01 | val 9.000593e-01 |  16.128 s | best 9.000593e-01 @1 *
epoch    2 | train 7.445893e-01 | val 8.138028e-01 |  13.677 s | best 8.138028e-01 @2 *
epoch    3 | train 6.034916e-01 | val 7.939516e-01 |  14.238 s | best 7.939516e-01 @3 *
epoch    4 | train 5.172276e-01 | val 7.351989e-01 |  13.839 s | best 7.351989e-01 @4 *
epoch    5 | train 4.738175e-01 | val 6.469889e-01 |  13.582 s | best 6.469889e-01 @5 *
epoch    6 | train 4.535007e-01 | val 5.743980e-01 |  14.389 s | best 5.743980e-01 @6 *
epoch    7 | train 4.446965e-01 | val 5.082869e-01 |  14.108 s | best 5.082869e-01 @7 *
epoch    8 | train 4.391781e-01 | val 4.637030e-01 |  13.779 s | best 4.637030e-01 @8 *
epoch    9 | train 4.348347e-01 | val 4.408098e-01 |  14.824 s | best 4.408098e-01 @9 *
epoch   10 | train 4.316129e-01 | val 4.297816e-01 |  16.633 s | best 4.297816e-01 @10 *
epoch   11 | train 4.284791e-01 | val 4.237483e-01 |  14.287 s | best 4.237483e-01 @11 *
epoch   12 | train 4.258019e-01 | val 4.198499e-01 |  13.076 s | best 4.198499e-01 @12 *
epoch   13 | train 4.231285e-01 | val 4.168462e-01 |  12.805 s | best 4.168462e-01 @13 *
epoch   14 | train 4.211279e-01 | val 4.143808e-01 |  14.892 s | best 4.143808e-01 @14 *
epoch   15 | train 4.199616e-01 | val 4.124013e-01 |  13.871 s | best 4.124013e-01 @15 *
epoch   16 | train 4.189146e-01 | val 4.106987e-01 |  13.318 s | best 4.106987e-01 @16 *
epoch   17 | train 4.164508e-01 | val 4.091981e-01 |  13.115 s | best 4.091981e-01 @17 *
epoch   18 | train 4.154656e-01 | val 4.078341e-01 |  11.836 s | best 4.078341e-01 @18 *
epoch   19 | train 4.142324e-01 | val 4.066923e-01 |   9.203 s | best 4.066923e-01 @19 *
epoch   20 | train 4.132733e-01 | val 4.056303e-01 |  13.456 s | best 4.056303e-01 @20 *
epoch   21 | train 4.125740e-01 | val 4.046305e-01 |  13.414 s | best 4.046305e-01 @21 *
epoch   22 | train 4.114377e-01 | val 4.037788e-01 |  12.642 s | best 4.037788e-01 @22 *
epoch   23 | train 4.111398e-01 | val 4.029279e-01 |  13.081 s | best 4.029279e-01 @23 *
epoch   24 | train 4.103190e-01 | val 4.021466e-01 |  12.660 s | best 4.021466e-01 @24 *
epoch   25 | train 4.096212e-01 | val 4.014352e-01 |  13.450 s | best 4.014352e-01 @25 *
epoch   26 | train 4.087820e-01 | val 4.007917e-01 |  14.117 s | best 4.007917e-01 @26 *
epoch   27 | train 4.081850e-01 | val 4.002406e-01 |  13.293 s | best 4.002406e-01 @27 *
epoch   28 | train 4.072844e-01 | val 3.996783e-01 |  12.662 s | best 3.996783e-01 @28 *
epoch   29 | train 4.074241e-01 | val 3.991468e-01 |  12.406 s | best 3.991468e-01 @29 *
epoch   30 | train 4.059258e-01 | val 3.986037e-01 |  12.424 s | best 3.986037e-01 @30 *
epoch   31 | train 4.045476e-01 | val 3.980819e-01 |  12.935 s | best 3.980819e-01 @31 *
epoch   32 | train 4.049212e-01 | val 3.976071e-01 |  13.554 s | best 3.976071e-01 @32 *
epoch   33 | train 4.044245e-01 | val 3.971966e-01 |  12.966 s | best 3.971966e-01 @33 *
epoch   34 | train 4.039035e-01 | val 3.967896e-01 |  13.725 s | best 3.967896e-01 @34 *
epoch   35 | train 4.034655e-01 | val 3.964026e-01 |  12.930 s | best 3.964026e-01 @35 *
epoch   36 | train 4.033004e-01 | val 3.960091e-01 |  12.860 s | best 3.960091e-01 @36 *
epoch   37 | train 4.030873e-01 | val 3.956291e-01 |  12.872 s | best 3.956291e-01 @37 *
epoch   38 | train 4.027576e-01 | val 3.952221e-01 |  13.089 s | best 3.952221e-01 @38 *
epoch   39 | train 4.024387e-01 | val 3.949147e-01 |  12.172 s | best 3.949147e-01 @39 *
epoch   40 | train 4.010028e-01 | val 3.945800e-01 |  12.584 s | best 3.945800e-01 @40 *
epoch   41 | train 4.009652e-01 | val 3.942574e-01 |  13.067 s | best 3.942574e-01 @41 *
epoch   42 | train 4.008689e-01 | val 3.939722e-01 |  13.336 s | best 3.939722e-01 @42 *
epoch   43 | train 4.011671e-01 | val 3.936819e-01 |  12.110 s | best 3.936819e-01 @43 *
epoch   44 | train 4.004495e-01 | val 3.933528e-01 |  12.451 s | best 3.933528e-01 @44 *
epoch   45 | train 4.001158e-01 | val 3.930883e-01 |  12.935 s | best 3.930883e-01 @45 *
epoch   46 | train 3.995153e-01 | val 3.928118e-01 |  13.100 s | best 3.928118e-01 @46 *
epoch   47 | train 3.989678e-01 | val 3.925094e-01 |  13.811 s | best 3.925094e-01 @47 *
epoch   48 | train 3.983979e-01 | val 3.921501e-01 |  12.723 s | best 3.921501e-01 @48 *
epoch   49 | train 3.986782e-01 | val 3.918543e-01 |  13.070 s | best 3.918543e-01 @49 *
epoch   50 | train 3.983770e-01 | val 3.916163e-01 |  13.326 s | best 3.916163e-01 @50 *
epoch   51 | train 3.979816e-01 | val 3.913417e-01 |  11.883 s | best 3.913417e-01 @51 *
epoch   52 | train 3.978241e-01 | val 3.911331e-01 |  12.300 s | best 3.911331e-01 @52 *
epoch   53 | train 3.973763e-01 | val 3.909207e-01 |  12.298 s | best 3.909207e-01 @53 *
epoch   54 | train 3.968511e-01 | val 3.907088e-01 |  12.808 s | best 3.907088e-01 @54 *
epoch   55 | train 3.968597e-01 | val 3.904687e-01 |  12.446 s | best 3.904687e-01 @55 *
epoch   56 | train 3.962786e-01 | val 3.902037e-01 |  13.093 s | best 3.902037e-01 @56 *
epoch   57 | train 3.959374e-01 | val 3.899757e-01 |  13.264 s | best 3.899757e-01 @57 *
epoch   58 | train 3.956519e-01 | val 3.897563e-01 |  13.325 s | best 3.897563e-01 @58 *
epoch   59 | train 3.963616e-01 | val 3.895864e-01 |  13.369 s | best 3.895864e-01 @59 *
epoch   60 | train 3.952822e-01 | val 3.893934e-01 |  12.657 s | best 3.893934e-01 @60 *
epoch   61 | train 3.954827e-01 | val 3.892151e-01 |  12.943 s | best 3.892151e-01 @61 *
epoch   62 | train 3.948223e-01 | val 3.890051e-01 |  12.457 s | best 3.890051e-01 @62 *
epoch   63 | train 3.953099e-01 | val 3.888203e-01 |  12.939 s | best 3.888203e-01 @63 *
epoch   64 | train 3.945025e-01 | val 3.886494e-01 |  13.028 s | best 3.886494e-01 @64 *
epoch   65 | train 3.942937e-01 | val 3.884943e-01 |  13.945 s | best 3.884943e-01 @65 *
epoch   66 | train 3.948798e-01 | val 3.883075e-01 |  12.962 s | best 3.883075e-01 @66 *
epoch   67 | train 3.946769e-01 | val 3.881905e-01 |  12.191 s | best 3.881905e-01 @67 *
epoch   68 | train 3.942343e-01 | val 3.880491e-01 |  12.666 s | best 3.880491e-01 @68 *
epoch   69 | train 3.939416e-01 | val 3.879125e-01 |  12.926 s | best 3.879125e-01 @69 *
epoch   70 | train 3.939673e-01 | val 3.877670e-01 |  13.017 s | best 3.877670e-01 @70 *
epoch   71 | train 3.937612e-01 | val 3.875917e-01 |  12.747 s | best 3.875917e-01 @71 *
epoch   72 | train 3.933705e-01 | val 3.874191e-01 |  11.707 s | best 3.874191e-01 @72 *
epoch   73 | train 3.932896e-01 | val 3.872474e-01 |  11.701 s | best 3.872474e-01 @73 *
epoch   74 | train 3.929239e-01 | val 3.870994e-01 |  12.293 s | best 3.870994e-01 @74 *
epoch   75 | train 3.934243e-01 | val 3.869654e-01 |  12.874 s | best 3.869654e-01 @75 *
epoch   76 | train 3.921581e-01 | val 3.867822e-01 |  13.820 s | best 3.867822e-01 @76 *
epoch   77 | train 3.919872e-01 | val 3.866596e-01 |  13.139 s | best 3.866596e-01 @77 *
epoch   78 | train 3.924210e-01 | val 3.865217e-01 |  13.019 s | best 3.865217e-01 @78 *
epoch   79 | train 3.916437e-01 | val 3.863882e-01 |  11.098 s | best 3.863882e-01 @79 *
epoch   80 | train 3.929544e-01 | val 3.862950e-01 |  13.555 s | best 3.862950e-01 @80 *
epoch   81 | train 3.918003e-01 | val 3.861928e-01 |  13.904 s | best 3.861928e-01 @81 *
epoch   82 | train 3.917744e-01 | val 3.860511e-01 |  13.779 s | best 3.860511e-01 @82 *
epoch   83 | train 3.911827e-01 | val 3.858786e-01 |  13.590 s | best 3.858786e-01 @83 *
epoch   84 | train 3.915969e-01 | val 3.857211e-01 |  13.644 s | best 3.857211e-01 @84 *
epoch   85 | train 3.917562e-01 | val 3.856347e-01 |  12.421 s | best 3.856347e-01 @85 *
epoch   86 | train 3.911135e-01 | val 3.854774e-01 |  13.226 s | best 3.854774e-01 @86 *
epoch   87 | train 3.913740e-01 | val 3.853720e-01 |  12.573 s | best 3.853720e-01 @87 *
epoch   88 | train 3.909220e-01 | val 3.852625e-01 |  12.924 s | best 3.852625e-01 @88 *
epoch   89 | train 3.906699e-01 | val 3.851335e-01 |  12.349 s | best 3.851335e-01 @89 *
epoch   90 | train 3.904119e-01 | val 3.850203e-01 |  12.568 s | best 3.850203e-01 @90 *
epoch   91 | train 3.908177e-01 | val 3.849033e-01 |  13.466 s | best 3.849033e-01 @91 *
epoch   92 | train 3.898907e-01 | val 3.847975e-01 |  13.001 s | best 3.847975e-01 @92 *
epoch   93 | train 3.895557e-01 | val 3.847072e-01 |  13.485 s | best 3.847072e-01 @93 *
epoch   94 | train 3.901642e-01 | val 3.846199e-01 |  13.953 s | best 3.846199e-01 @94 *
epoch   95 | train 3.899952e-01 | val 3.844835e-01 |  13.270 s | best 3.844835e-01 @95 *
epoch   96 | train 3.896327e-01 | val 3.843775e-01 |  13.510 s | best 3.843775e-01 @96 *
epoch   97 | train 3.893830e-01 | val 3.842899e-01 |  13.186 s | best 3.842899e-01 @97 *
epoch   98 | train 3.893381e-01 | val 3.841865e-01 |  13.475 s | best 3.841865e-01 @98 *
epoch   99 | train 3.895894e-01 | val 3.840476e-01 |  13.665 s | best 3.840476e-01 @99 *
epoch  100 | train 3.899177e-01 | val 3.839793e-01 |  13.043 s | best 3.839793e-01 @100 *
epoch  101 | train 3.895697e-01 | val 3.838992e-01 |  12.723 s | best 3.838992e-01 @101 *
epoch  102 | train 3.894327e-01 | val 3.838151e-01 |  12.535 s | best 3.838151e-01 @102 *
epoch  103 | train 3.888620e-01 | val 3.837396e-01 |  13.106 s | best 3.837396e-01 @103 *
epoch  104 | train 3.882860e-01 | val 3.836207e-01 |  13.179 s | best 3.836207e-01 @104 *
epoch  105 | train 3.884121e-01 | val 3.834904e-01 |  12.968 s | best 3.834904e-01 @105 *
epoch  106 | train 3.884313e-01 | val 3.834133e-01 |  11.878 s | best 3.834133e-01 @106 *
epoch  107 | train 3.885059e-01 | val 3.833257e-01 |  13.074 s | best 3.833257e-01 @107 *
epoch  108 | train 3.886496e-01 | val 3.832623e-01 |  12.948 s | best 3.832623e-01 @108 *
epoch  109 | train 3.883898e-01 | val 3.831687e-01 |  11.553 s | best 3.831687e-01 @109 *
epoch  110 | train 3.884920e-01 | val 3.830598e-01 |  12.263 s | best 3.830598e-01 @110 *
epoch  111 | train 3.884666e-01 | val 3.829655e-01 |  12.941 s | best 3.829655e-01 @111 *
epoch  112 | train 3.878894e-01 | val 3.829239e-01 |  14.004 s | best 3.829239e-01 @112 *
epoch  113 | train 3.883598e-01 | val 3.828360e-01 |  12.618 s | best 3.828360e-01 @113 *
epoch  114 | train 3.875404e-01 | val 3.827813e-01 |  12.950 s | best 3.827813e-01 @114 *
epoch  115 | train 3.877354e-01 | val 3.826996e-01 |  12.554 s | best 3.826996e-01 @115 *
epoch  116 | train 3.868472e-01 | val 3.826090e-01 |  12.594 s | best 3.826090e-01 @116 *
epoch  117 | train 3.876129e-01 | val 3.825469e-01 |  12.982 s | best 3.825469e-01 @117 *
epoch  118 | train 3.873649e-01 | val 3.824450e-01 |  13.013 s | best 3.824450e-01 @118 *
epoch  119 | train 3.880274e-01 | val 3.823494e-01 |  12.638 s | best 3.823494e-01 @119 *
epoch  120 | train 3.876038e-01 | val 3.822901e-01 |  13.699 s | best 3.822901e-01 @120 *
epoch  121 | train 3.874889e-01 | val 3.822387e-01 |  13.613 s | best 3.822387e-01 @121 *
epoch  122 | train 3.869599e-01 | val 3.821554e-01 |  13.360 s | best 3.821554e-01 @122 *
epoch  123 | train 3.871460e-01 | val 3.820478e-01 |  12.907 s | best 3.820478e-01 @123 *
epoch  124 | train 3.865268e-01 | val 3.819747e-01 |  13.417 s | best 3.819747e-01 @124 *
epoch  125 | train 3.873427e-01 | val 3.819021e-01 |  13.573 s | best 3.819021e-01 @125 *
epoch  126 | train 3.870373e-01 | val 3.818551e-01 |  13.462 s | best 3.818551e-01 @126 *
epoch  127 | train 3.866272e-01 | val 3.817842e-01 |  12.759 s | best 3.817842e-01 @127 *
epoch  128 | train 3.867077e-01 | val 3.817182e-01 |  13.931 s | best 3.817182e-01 @128 *
epoch  129 | train 3.865137e-01 | val 3.816777e-01 |  13.943 s | best 3.816777e-01 @129 *
epoch  130 | train 3.862651e-01 | val 3.816060e-01 |  12.481 s | best 3.816060e-01 @130 *
epoch  131 | train 3.864121e-01 | val 3.814985e-01 |  12.716 s | best 3.814985e-01 @131 *
epoch  132 | train 3.857537e-01 | val 3.814139e-01 |  13.672 s | best 3.814139e-01 @132 *
epoch  133 | train 3.864988e-01 | val 3.813606e-01 |  12.731 s | best 3.813606e-01 @133 *
epoch  134 | train 3.857630e-01 | val 3.813091e-01 |  13.337 s | best 3.813091e-01 @134 *
epoch  135 | train 3.858000e-01 | val 3.812354e-01 |  12.965 s | best 3.812354e-01 @135 *
epoch  136 | train 3.859310e-01 | val 3.811497e-01 |  13.339 s | best 3.811497e-01 @136 *
epoch  137 | train 3.857740e-01 | val 3.810726e-01 |   6.411 s | best 3.810726e-01 @137 *
epoch  138 | train 3.860502e-01 | val 3.809979e-01 |  10.811 s | best 3.809979e-01 @138 *
epoch  139 | train 3.853475e-01 | val 3.809423e-01 |  12.769 s | best 3.809423e-01 @139 *
epoch  140 | train 3.858832e-01 | val 3.808565e-01 |  12.430 s | best 3.808565e-01 @140 *
epoch  141 | train 3.863517e-01 | val 3.807870e-01 |  12.789 s | best 3.807870e-01 @141 *
epoch  142 | train 3.859185e-01 | val 3.806858e-01 |  13.500 s | best 3.806858e-01 @142 *
epoch  143 | train 3.851048e-01 | val 3.806007e-01 |  12.666 s | best 3.806007e-01 @143 *
epoch  144 | train 3.857350e-01 | val 3.805478e-01 |  12.681 s | best 3.805478e-01 @144 *
epoch  145 | train 3.854136e-01 | val 3.805141e-01 |  13.027 s | best 3.805141e-01 @145 *
epoch  146 | train 3.851944e-01 | val 3.804542e-01 |  13.120 s | best 3.804542e-01 @146 *
epoch  147 | train 3.849317e-01 | val 3.803953e-01 |  12.978 s | best 3.803953e-01 @147 *
epoch  148 | train 3.850084e-01 | val 3.803406e-01 |  13.606 s | best 3.803406e-01 @148 *
epoch  149 | train 3.849420e-01 | val 3.802793e-01 |  12.864 s | best 3.802793e-01 @149 *
epoch  150 | train 3.845526e-01 | val 3.801883e-01 |  12.973 s | best 3.801883e-01 @150 *
epoch  151 | train 3.845050e-01 | val 3.801166e-01 |  13.433 s | best 3.801166e-01 @151 *
epoch  152 | train 3.842174e-01 | val 3.800605e-01 |  13.407 s | best 3.800605e-01 @152 *
epoch  153 | train 3.840963e-01 | val 3.800271e-01 |  12.309 s | best 3.800271e-01 @153 *
epoch  154 | train 3.839013e-01 | val 3.799501e-01 |  13.135 s | best 3.799501e-01 @154 *
epoch  155 | train 3.844797e-01 | val 3.798519e-01 |  11.888 s | best 3.798519e-01 @155 *
epoch  156 | train 3.840132e-01 | val 3.797875e-01 |  13.665 s | best 3.797875e-01 @156 *
epoch  157 | train 3.837991e-01 | val 3.797295e-01 |  15.573 s | best 3.797295e-01 @157 *
epoch  158 | train 3.847001e-01 | val 3.796954e-01 |  14.696 s | best 3.796954e-01 @158 *
epoch  159 | train 3.844005e-01 | val 3.796656e-01 |  12.910 s | best 3.796656e-01 @159 *
epoch  160 | train 3.837837e-01 | val 3.795910e-01 |  13.675 s | best 3.795910e-01 @160 *
epoch  161 | train 3.837252e-01 | val 3.795656e-01 |  14.272 s | best 3.795656e-01 @161 *
epoch  162 | train 3.838813e-01 | val 3.794987e-01 |  14.073 s | best 3.794987e-01 @162 *
epoch  163 | train 3.839312e-01 | val 3.793997e-01 |  14.143 s | best 3.793997e-01 @163 *
epoch  164 | train 3.840384e-01 | val 3.793394e-01 |  14.040 s | best 3.793394e-01 @164 *
epoch  165 | train 3.836279e-01 | val 3.792924e-01 |  14.021 s | best 3.792924e-01 @165 *
epoch  166 | train 3.833053e-01 | val 3.792155e-01 |  14.277 s | best 3.792155e-01 @166 *
epoch  167 | train 3.828553e-01 | val 3.791525e-01 |  14.139 s | best 3.791525e-01 @167 *
epoch  168 | train 3.834750e-01 | val 3.790958e-01 |  14.284 s | best 3.790958e-01 @168 *
epoch  169 | train 3.831756e-01 | val 3.790299e-01 |  14.482 s | best 3.790299e-01 @169 *
epoch  170 | train 3.829766e-01 | val 3.789768e-01 |  14.431 s | best 3.789768e-01 @170 *
epoch  171 | train 3.833090e-01 | val 3.789267e-01 |  13.654 s | best 3.789267e-01 @171 *
epoch  172 | train 3.833775e-01 | val 3.788501e-01 |  12.110 s | best 3.788501e-01 @172 *
epoch  173 | train 3.834543e-01 | val 3.787870e-01 |  13.143 s | best 3.787870e-01 @173 *
epoch  174 | train 3.831385e-01 | val 3.787452e-01 |  14.010 s | best 3.787452e-01 @174 *
epoch  175 | train 3.829241e-01 | val 3.786618e-01 |  13.854 s | best 3.786618e-01 @175 *
epoch  176 | train 3.832717e-01 | val 3.785945e-01 |  13.635 s | best 3.785945e-01 @176 *
epoch  177 | train 3.834415e-01 | val 3.785176e-01 |  13.012 s | best 3.785176e-01 @177 *
epoch  178 | train 3.822277e-01 | val 3.784434e-01 |  13.383 s | best 3.784434e-01 @178 *
epoch  179 | train 3.823107e-01 | val 3.784041e-01 |  13.522 s | best 3.784041e-01 @179 *
epoch  180 | train 3.821536e-01 | val 3.783369e-01 |  13.204 s | best 3.783369e-01 @180 *
epoch  181 | train 3.828654e-01 | val 3.782401e-01 |   8.005 s | best 3.782401e-01 @181 *
epoch  182 | train 3.824226e-01 | val 3.782011e-01 |   9.292 s | best 3.782011e-01 @182 *
epoch  183 | train 3.825406e-01 | val 3.781388e-01 |  14.213 s | best 3.781388e-01 @183 *
epoch  184 | train 3.824681e-01 | val 3.781105e-01 |  13.791 s | best 3.781105e-01 @184 *
epoch  185 | train 3.822455e-01 | val 3.780417e-01 |  14.074 s | best 3.780417e-01 @185 *
epoch  186 | train 3.827940e-01 | val 3.779893e-01 |  13.400 s | best 3.779893e-01 @186 *
epoch  187 | train 3.817924e-01 | val 3.779075e-01 |  13.298 s | best 3.779075e-01 @187 *
epoch  188 | train 3.821893e-01 | val 3.778673e-01 |  13.893 s | best 3.778673e-01 @188 *
epoch  189 | train 3.821570e-01 | val 3.778135e-01 |  14.165 s | best 3.778135e-01 @189 *
epoch  190 | train 3.819236e-01 | val 3.777931e-01 |  13.760 s | best 3.777931e-01 @190 *
epoch  191 | train 3.820858e-01 | val 3.777232e-01 |  14.062 s | best 3.777232e-01 @191 *
epoch  192 | train 3.824090e-01 | val 3.776442e-01 |  14.494 s | best 3.776442e-01 @192 *
epoch  193 | train 3.811321e-01 | val 3.775933e-01 |  13.182 s | best 3.775933e-01 @193 *
epoch  194 | train 3.818589e-01 | val 3.775454e-01 |  13.931 s | best 3.775454e-01 @194 *
epoch  195 | train 3.816313e-01 | val 3.775159e-01 |  13.408 s | best 3.775159e-01 @195 *
epoch  196 | train 3.818597e-01 | val 3.774480e-01 |  14.249 s | best 3.774480e-01 @196 *
epoch  197 | train 3.814132e-01 | val 3.773967e-01 |  14.442 s | best 3.773967e-01 @197 *
epoch  198 | train 3.815270e-01 | val 3.773047e-01 |  13.751 s | best 3.773047e-01 @198 *
epoch  199 | train 3.822670e-01 | val 3.772286e-01 |  12.993 s | best 3.772286e-01 @199 *
epoch  200 | train 3.818420e-01 | val 3.772038e-01 |  13.257 s | best 3.772038e-01 @200 *
epoch  201 | train 3.814561e-01 | val 3.771450e-01 |  12.484 s | best 3.771450e-01 @201 *
epoch  202 | train 3.812721e-01 | val 3.770880e-01 |  11.599 s | best 3.770880e-01 @202 *
epoch  203 | train 3.819575e-01 | val 3.770513e-01 |  12.234 s | best 3.770513e-01 @203 *
epoch  204 | train 3.813676e-01 | val 3.769901e-01 |  13.473 s | best 3.769901e-01 @204 *
epoch  205 | train 3.813174e-01 | val 3.769706e-01 |  13.614 s | best 3.769706e-01 @205 *
epoch  206 | train 3.811135e-01 | val 3.768999e-01 |  14.137 s | best 3.768999e-01 @206 *
epoch  207 | train 3.812531e-01 | val 3.768733e-01 |  14.217 s | best 3.768733e-01 @207 *
epoch  208 | train 3.814984e-01 | val 3.768106e-01 |  14.072 s | best 3.768106e-01 @208 *
epoch  209 | train 3.813886e-01 | val 3.767682e-01 |  14.124 s | best 3.767682e-01 @209 *
epoch  210 | train 3.805890e-01 | val 3.767265e-01 |  14.343 s | best 3.767265e-01 @210 *
epoch  211 | train 3.806625e-01 | val 3.766474e-01 |  14.314 s | best 3.766474e-01 @211 *
epoch  212 | train 3.802873e-01 | val 3.765414e-01 |  15.127 s | best 3.765414e-01 @212 *
epoch  213 | train 3.808669e-01 | val 3.764794e-01 |  15.150 s | best 3.764794e-01 @213 *
epoch  214 | train 3.811958e-01 | val 3.764204e-01 |  13.658 s | best 3.764204e-01 @214 *
epoch  215 | train 3.808984e-01 | val 3.763375e-01 |  13.723 s | best 3.763375e-01 @215 *
epoch  216 | train 3.808683e-01 | val 3.762810e-01 |  14.282 s | best 3.762810e-01 @216 *
epoch  217 | train 3.803566e-01 | val 3.762313e-01 |  14.671 s | best 3.762313e-01 @217 *
epoch  218 | train 3.803391e-01 | val 3.761913e-01 |  14.336 s | best 3.761913e-01 @218 *
epoch  219 | train 3.796823e-01 | val 3.761503e-01 |  11.316 s | best 3.761503e-01 @219 *
epoch  220 | train 3.801311e-01 | val 3.760992e-01 |  15.388 s | best 3.760992e-01 @220 *
epoch  221 | train 3.806606e-01 | val 3.760571e-01 |  15.539 s | best 3.760571e-01 @221 *
epoch  222 | train 3.806134e-01 | val 3.760116e-01 |  15.453 s | best 3.760116e-01 @222 *
epoch  223 | train 3.801399e-01 | val 3.759909e-01 |  14.368 s | best 3.759909e-01 @223 *
epoch  224 | train 3.795525e-01 | val 3.759133e-01 |  15.415 s | best 3.759133e-01 @224 *
epoch  225 | train 3.800816e-01 | val 3.758935e-01 |  15.204 s | best 3.758935e-01 @225 *
epoch  226 | train 3.794203e-01 | val 3.758231e-01 |  15.154 s | best 3.758231e-01 @226 *
epoch  227 | train 3.803082e-01 | val 3.757983e-01 |  15.336 s | best 3.757983e-01 @227 *
epoch  228 | train 3.793275e-01 | val 3.757499e-01 |  14.515 s | best 3.757499e-01 @228 *
epoch  229 | train 3.799343e-01 | val 3.756665e-01 |  15.979 s | best 3.756665e-01 @229 *
epoch  230 | train 3.795915e-01 | val 3.755926e-01 |  15.464 s | best 3.755926e-01 @230 *
epoch  231 | train 3.796101e-01 | val 3.755558e-01 |  14.697 s | best 3.755558e-01 @231 *
epoch  232 | train 3.792419e-01 | val 3.755208e-01 |  15.604 s | best 3.755208e-01 @232 *
epoch  233 | train 3.795308e-01 | val 3.754957e-01 |  15.113 s | best 3.754957e-01 @233 *
epoch  234 | train 3.799638e-01 | val 3.754049e-01 |  16.118 s | best 3.754049e-01 @234 *
epoch  235 | train 3.798542e-01 | val 3.753417e-01 |  15.427 s | best 3.753417e-01 @235 *
epoch  236 | train 3.792739e-01 | val 3.752778e-01 |  13.878 s | best 3.752778e-01 @236 *
epoch  237 | train 3.788628e-01 | val 3.752183e-01 |  14.073 s | best 3.752183e-01 @237 *
epoch  238 | train 3.790877e-01 | val 3.751795e-01 |  15.325 s | best 3.751795e-01 @238 *
epoch  239 | train 3.797073e-01 | val 3.751051e-01 |  15.149 s | best 3.751051e-01 @239 *
epoch  240 | train 3.795844e-01 | val 3.751014e-01 |  14.939 s | best 3.751014e-01 @240 *
epoch  241 | train 3.789026e-01 | val 3.750682e-01 |  15.237 s | best 3.750682e-01 @241 *
epoch  242 | train 3.788217e-01 | val 3.750693e-01 |  15.905 s | best 3.750682e-01 @241
epoch  243 | train 3.793220e-01 | val 3.750529e-01 |  15.952 s | best 3.750529e-01 @243 *
epoch  244 | train 3.790947e-01 | val 3.750121e-01 |  15.980 s | best 3.750121e-01 @244 *
epoch  245 | train 3.789906e-01 | val 3.749639e-01 |  14.929 s | best 3.749639e-01 @245 *
epoch  246 | train 3.791709e-01 | val 3.749486e-01 |  14.848 s | best 3.749486e-01 @246 *
epoch  247 | train 3.785184e-01 | val 3.748789e-01 |  14.962 s | best 3.748789e-01 @247 *
epoch  248 | train 3.795885e-01 | val 3.748633e-01 |  15.033 s | best 3.748633e-01 @248 *
epoch  249 | train 3.783383e-01 | val 3.748671e-01 |  15.461 s | best 3.748633e-01 @248
epoch  250 | train 3.789949e-01 | val 3.747939e-01 |  15.441 s | best 3.747939e-01 @250 *
epoch  251 | train 3.795067e-01 | val 3.747439e-01 |  14.720 s | best 3.747439e-01 @251 *
epoch  252 | train 3.786615e-01 | val 3.747243e-01 |  14.537 s | best 3.747243e-01 @252 *
epoch  253 | train 3.789053e-01 | val 3.746749e-01 |  13.437 s | best 3.746749e-01 @253 *
epoch  254 | train 3.785408e-01 | val 3.746022e-01 |  13.983 s | best 3.746022e-01 @254 *
epoch  255 | train 3.787409e-01 | val 3.745833e-01 |  14.694 s | best 3.745833e-01 @255 *
epoch  256 | train 3.783094e-01 | val 3.745523e-01 |  14.734 s | best 3.745523e-01 @256 *
epoch  257 | train 3.792478e-01 | val 3.745015e-01 |  14.720 s | best 3.745015e-01 @257 *
epoch  258 | train 3.781228e-01 | val 3.745080e-01 |  13.452 s | best 3.745015e-01 @257
epoch  259 | train 3.782377e-01 | val 3.744882e-01 |  14.705 s | best 3.744882e-01 @259 *
epoch  260 | train 3.779365e-01 | val 3.744671e-01 |  15.390 s | best 3.744671e-01 @260 *
epoch  261 | train 3.786536e-01 | val 3.744088e-01 |  15.110 s | best 3.744088e-01 @261 *
epoch  262 | train 3.790468e-01 | val 3.743528e-01 |  15.632 s | best 3.743528e-01 @262 *
epoch  263 | train 3.778267e-01 | val 3.743599e-01 |  15.647 s | best 3.743528e-01 @262
epoch  264 | train 3.784961e-01 | val 3.743423e-01 |  13.802 s | best 3.743423e-01 @264 *
epoch  265 | train 3.775167e-01 | val 3.742664e-01 |  14.833 s | best 3.742664e-01 @265 *
epoch  266 | train 3.785336e-01 | val 3.741977e-01 |  14.587 s | best 3.741977e-01 @266 *
epoch  267 | train 3.783289e-01 | val 3.741425e-01 |  14.591 s | best 3.741425e-01 @267 *
epoch  268 | train 3.776173e-01 | val 3.741000e-01 |  15.403 s | best 3.741000e-01 @268 *
epoch  269 | train 3.782075e-01 | val 3.740826e-01 |  16.101 s | best 3.740826e-01 @269 *
epoch  270 | train 3.784028e-01 | val 3.740640e-01 |  14.462 s | best 3.740640e-01 @270 *
epoch  271 | train 3.781604e-01 | val 3.740144e-01 |  14.038 s | best 3.740144e-01 @271 *
epoch  272 | train 3.774683e-01 | val 3.739787e-01 |  15.260 s | best 3.739787e-01 @272 *
epoch  273 | train 3.785858e-01 | val 3.739744e-01 |  12.328 s | best 3.739744e-01 @273 *
epoch  274 | train 3.773997e-01 | val 3.739528e-01 |  15.265 s | best 3.739528e-01 @274 *
epoch  275 | train 3.778401e-01 | val 3.739324e-01 |  13.283 s | best 3.739324e-01 @275 *
epoch  276 | train 3.779857e-01 | val 3.739052e-01 |   7.468 s | best 3.739052e-01 @276 *
epoch  277 | train 3.780051e-01 | val 3.738645e-01 |  10.296 s | best 3.738645e-01 @277 *
epoch  278 | train 3.779401e-01 | val 3.738307e-01 |  14.591 s | best 3.738307e-01 @278 *
epoch  279 | train 3.776331e-01 | val 3.737816e-01 |  13.514 s | best 3.737816e-01 @279 *
epoch  280 | train 3.779088e-01 | val 3.737407e-01 |  11.153 s | best 3.737407e-01 @280 *
epoch  281 | train 3.776616e-01 | val 3.737175e-01 |  15.686 s | best 3.737175e-01 @281 *
epoch  282 | train 3.773492e-01 | val 3.736997e-01 |  15.503 s | best 3.736997e-01 @282 *
epoch  283 | train 3.774404e-01 | val 3.736941e-01 |  15.406 s | best 3.736941e-01 @283 *
epoch  284 | train 3.773883e-01 | val 3.736801e-01 |  14.431 s | best 3.736801e-01 @284 *
epoch  285 | train 3.777501e-01 | val 3.736831e-01 |  14.477 s | best 3.736801e-01 @284
epoch  286 | train 3.773083e-01 | val 3.736071e-01 |  15.713 s | best 3.736071e-01 @286 *
epoch  287 | train 3.780310e-01 | val 3.735902e-01 |  15.443 s | best 3.735902e-01 @287 *
epoch  288 | train 3.774310e-01 | val 3.735610e-01 |  14.192 s | best 3.735610e-01 @288 *
epoch  289 | train 3.779110e-01 | val 3.735039e-01 |  15.088 s | best 3.735039e-01 @289 *
epoch  290 | train 3.773573e-01 | val 3.734443e-01 |  17.470 s | best 3.734443e-01 @290 *
epoch  291 | train 3.766090e-01 | val 3.734296e-01 |  16.106 s | best 3.734296e-01 @291 *
epoch  292 | train 3.772156e-01 | val 3.734541e-01 |  14.460 s | best 3.734296e-01 @291
epoch  293 | train 3.775238e-01 | val 3.734630e-01 |  14.528 s | best 3.734296e-01 @291
epoch  294 | train 3.774152e-01 | val 3.734457e-01 |  15.477 s | best 3.734296e-01 @291
epoch  295 | train 3.773806e-01 | val 3.734490e-01 |  16.256 s | best 3.734296e-01 @291
epoch  296 | train 3.773046e-01 | val 3.733824e-01 |  14.202 s | best 3.733824e-01 @296 *
epoch  297 | train 3.769806e-01 | val 3.733109e-01 |  16.133 s | best 3.733109e-01 @297 *
epoch  298 | train 3.771372e-01 | val 3.732587e-01 |  15.106 s | best 3.732587e-01 @298 *
epoch  299 | train 3.770569e-01 | val 3.732449e-01 |  15.223 s | best 3.732449e-01 @299 *
epoch  300 | train 3.770740e-01 | val 3.731986e-01 |   7.339 s | best 3.731986e-01 @300 *
epoch  301 | train 3.766854e-01 | val 3.731467e-01 |  13.119 s | best 3.731467e-01 @301 *
epoch  302 | train 3.775662e-01 | val 3.730800e-01 |  15.976 s | best 3.730800e-01 @302 *
epoch  303 | train 3.773063e-01 | val 3.730292e-01 |  15.347 s | best 3.730292e-01 @303 *
epoch  304 | train 3.774445e-01 | val 3.730059e-01 |   8.467 s | best 3.730059e-01 @304 *
epoch  305 | train 3.771322e-01 | val 3.729746e-01 |   8.099 s | best 3.729746e-01 @305 *
epoch  306 | train 3.768429e-01 | val 3.729697e-01 |  13.148 s | best 3.729697e-01 @306 *
epoch  307 | train 3.765395e-01 | val 3.729329e-01 |   7.833 s | best 3.729329e-01 @307 *
epoch  308 | train 3.765652e-01 | val 3.729469e-01 |  13.229 s | best 3.729329e-01 @307
epoch  309 | train 3.768703e-01 | val 3.729290e-01 |  15.710 s | best 3.729290e-01 @309 *
epoch  310 | train 3.771418e-01 | val 3.728908e-01 |  15.925 s | best 3.728908e-01 @310 *
epoch  311 | train 3.764989e-01 | val 3.728578e-01 |  15.876 s | best 3.728578e-01 @311 *
epoch  312 | train 3.765623e-01 | val 3.728363e-01 |  16.033 s | best 3.728363e-01 @312 *
epoch  313 | train 3.768062e-01 | val 3.728622e-01 |  16.209 s | best 3.728363e-01 @312
epoch  314 | train 3.765388e-01 | val 3.728371e-01 |  16.004 s | best 3.728363e-01 @312
epoch  315 | train 3.761252e-01 | val 3.728105e-01 |  16.219 s | best 3.728105e-01 @315 *
epoch  316 | train 3.763786e-01 | val 3.727630e-01 |  16.208 s | best 3.727630e-01 @316 *
epoch  317 | train 3.765044e-01 | val 3.727722e-01 |  15.893 s | best 3.727630e-01 @316
epoch  318 | train 3.765704e-01 | val 3.727734e-01 |  15.391 s | best 3.727630e-01 @316
epoch  319 | train 3.762858e-01 | val 3.727108e-01 |  15.257 s | best 3.727108e-01 @319 *
epoch  320 | train 3.760359e-01 | val 3.727043e-01 |  15.265 s | best 3.727043e-01 @320 *
epoch  321 | train 3.761745e-01 | val 3.726461e-01 |  17.907 s | best 3.726461e-01 @321 *
epoch  322 | train 3.761969e-01 | val 3.725981e-01 |  15.369 s | best 3.725981e-01 @322 *
epoch  323 | train 3.761049e-01 | val 3.725998e-01 |  11.552 s | best 3.725981e-01 @322
epoch  324 | train 3.761854e-01 | val 3.725978e-01 |  20.654 s | best 3.725978e-01 @324 *
epoch  325 | train 3.763156e-01 | val 3.725341e-01 |  20.399 s | best 3.725341e-01 @325 *
epoch  326 | train 3.756285e-01 | val 3.724839e-01 |  32.443 s | best 3.724839e-01 @326 *
epoch  327 | train 3.754176e-01 | val 3.724077e-01 |  36.140 s | best 3.724077e-01 @327 *
epoch  328 | train 3.759315e-01 | val 3.723731e-01 |  38.491 s | best 3.723731e-01 @328 *
epoch  329 | train 3.764312e-01 | val 3.723792e-01 |  35.192 s | best 3.723731e-01 @328
epoch  330 | train 3.758758e-01 | val 3.723599e-01 |  40.823 s | best 3.723599e-01 @330 *
epoch  331 | train 3.758676e-01 | val 3.723451e-01 |  24.241 s | best 3.723451e-01 @331 *
epoch  332 | train 3.761735e-01 | val 3.723138e-01 |  25.836 s | best 3.723138e-01 @332 *
epoch  333 | train 3.760738e-01 | val 3.722871e-01 |  43.621 s | best 3.722871e-01 @333 *
epoch  334 | train 3.757652e-01 | val 3.722614e-01 |  41.835 s | best 3.722614e-01 @334 *
epoch  335 | train 3.759399e-01 | val 3.722397e-01 |  52.148 s | best 3.722397e-01 @335 *
epoch  336 | train 3.755096e-01 | val 3.722374e-01 |  45.435 s | best 3.722374e-01 @336 *
epoch  337 | train 3.758888e-01 | val 3.721932e-01 |  28.293 s | best 3.721932e-01 @337 *
epoch  338 | train 3.759899e-01 | val 3.721771e-01 |  38.921 s | best 3.721771e-01 @338 *
epoch  339 | train 3.754549e-01 | val 3.721684e-01 |  34.037 s | best 3.721684e-01 @339 *
epoch  340 | train 3.754368e-01 | val 3.721327e-01 |  26.308 s | best 3.721327e-01 @340 *
epoch  341 | train 3.759367e-01 | val 3.720988e-01 |  41.090 s | best 3.720988e-01 @341 *
epoch  342 | train 3.761037e-01 | val 3.720678e-01 |  43.431 s | best 3.720678e-01 @342 *
epoch  343 | train 3.757909e-01 | val 3.720477e-01 |  46.808 s | best 3.720477e-01 @343 *
epoch  344 | train 3.761961e-01 | val 3.719933e-01 |  46.884 s | best 3.719933e-01 @344 *
epoch  345 | train 3.756095e-01 | val 3.719349e-01 |  49.404 s | best 3.719349e-01 @345 *
epoch  346 | train 3.762100e-01 | val 3.719105e-01 |  44.950 s | best 3.719105e-01 @346 *
epoch  347 | train 3.760114e-01 | val 3.718965e-01 |  36.624 s | best 3.718965e-01 @347 *
epoch  348 | train 3.755232e-01 | val 3.718838e-01 |  42.413 s | best 3.718838e-01 @348 *
epoch  349 | train 3.755346e-01 | val 3.718610e-01 |  30.587 s | best 3.718610e-01 @349 *
epoch  350 | train 3.752891e-01 | val 3.718579e-01 |  32.744 s | best 3.718579e-01 @350 *
epoch  351 | train 3.760341e-01 | val 3.718493e-01 |  45.206 s | best 3.718493e-01 @351 *
epoch  352 | train 3.754644e-01 | val 3.717957e-01 |  30.211 s | best 3.717957e-01 @352 *
epoch  353 | train 3.753996e-01 | val 3.717478e-01 |  40.748 s | best 3.717478e-01 @353 *
epoch  354 | train 3.760067e-01 | val 3.716702e-01 |  43.406 s | best 3.716702e-01 @354 *
epoch  355 | train 3.758063e-01 | val 3.716426e-01 |  35.036 s | best 3.716426e-01 @355 *
epoch  356 | train 3.747389e-01 | val 3.716055e-01 |  41.112 s | best 3.716055e-01 @356 *
epoch  357 | train 3.753369e-01 | val 3.715612e-01 |  39.489 s | best 3.715612e-01 @357 *
epoch  358 | train 3.754514e-01 | val 3.715398e-01 |  48.871 s | best 3.715398e-01 @358 *
epoch  359 | train 3.755363e-01 | val 3.715422e-01 |  48.890 s | best 3.715398e-01 @358
epoch  360 | train 3.750531e-01 | val 3.715355e-01 |  34.188 s | best 3.715355e-01 @360 *
epoch  361 | train 3.749141e-01 | val 3.715444e-01 |  34.967 s | best 3.715355e-01 @360
epoch  362 | train 3.750959e-01 | val 3.715718e-01 |  30.197 s | best 3.715355e-01 @360
epoch  363 | train 3.752731e-01 | val 3.715574e-01 |  27.083 s | best 3.715355e-01 @360
epoch  364 | train 3.748022e-01 | val 3.714827e-01 |  33.987 s | best 3.714827e-01 @364 *
epoch  365 | train 3.746274e-01 | val 3.714310e-01 |  19.268 s | best 3.714310e-01 @365 *
epoch  366 | train 3.750162e-01 | val 3.714026e-01 |  29.514 s | best 3.714026e-01 @366 *
epoch  367 | train 3.747336e-01 | val 3.714361e-01 |  27.554 s | best 3.714026e-01 @366
epoch  368 | train 3.750419e-01 | val 3.714173e-01 |  27.935 s | best 3.714026e-01 @366
epoch  369 | train 3.744855e-01 | val 3.714045e-01 |  23.007 s | best 3.714026e-01 @366
epoch  370 | train 3.746598e-01 | val 3.714120e-01 |  19.028 s | best 3.714026e-01 @366
epoch  371 | train 3.743153e-01 | val 3.714062e-01 |  18.298 s | best 3.714026e-01 @366
epoch  372 | train 3.746558e-01 | val 3.714050e-01 |  19.065 s | best 3.714026e-01 @366
epoch  373 | train 3.746195e-01 | val 3.713478e-01 |  18.278 s | best 3.713478e-01 @373 *
epoch  374 | train 3.743665e-01 | val 3.713127e-01 |  17.530 s | best 3.713127e-01 @374 *
epoch  375 | train 3.747847e-01 | val 3.712811e-01 |  17.469 s | best 3.712811e-01 @375 *
epoch  376 | train 3.752092e-01 | val 3.712811e-01 |  17.169 s | best 3.712811e-01 @375
epoch  377 | train 3.750136e-01 | val 3.712609e-01 |  17.401 s | best 3.712609e-01 @377 *
epoch  378 | train 3.752357e-01 | val 3.712327e-01 |  16.914 s | best 3.712327e-01 @378 *
epoch  379 | train 3.741778e-01 | val 3.712219e-01 |  16.327 s | best 3.712219e-01 @379 *
epoch  380 | train 3.750325e-01 | val 3.712022e-01 |  16.915 s | best 3.712022e-01 @380 *
epoch  381 | train 3.747753e-01 | val 3.711689e-01 |  16.918 s | best 3.711689e-01 @381 *
epoch  382 | train 3.748619e-01 | val 3.711523e-01 |  16.772 s | best 3.711523e-01 @382 *
epoch  383 | train 3.746549e-01 | val 3.710628e-01 |  16.862 s | best 3.710628e-01 @383 *
epoch  384 | train 3.748600e-01 | val 3.710488e-01 |  17.096 s | best 3.710488e-01 @384 *
epoch  385 | train 3.749896e-01 | val 3.710601e-01 |  17.184 s | best 3.710488e-01 @384
epoch  386 | train 3.740679e-01 | val 3.709938e-01 |  16.110 s | best 3.709938e-01 @386 *
epoch  387 | train 3.745922e-01 | val 3.709824e-01 |  15.928 s | best 3.709824e-01 @387 *
epoch  388 | train 3.746745e-01 | val 3.709690e-01 |  13.923 s | best 3.709690e-01 @388 *
epoch  389 | train 3.738846e-01 | val 3.709521e-01 |   8.620 s | best 3.709521e-01 @389 *
epoch  390 | train 3.741999e-01 | val 3.709262e-01 |   8.740 s | best 3.709262e-01 @390 *
epoch  391 | train 3.744149e-01 | val 3.709003e-01 |  10.590 s | best 3.709003e-01 @391 *
epoch  392 | train 3.749316e-01 | val 3.709203e-01 |  13.457 s | best 3.709003e-01 @391
epoch  393 | train 3.744386e-01 | val 3.708917e-01 |  15.294 s | best 3.708917e-01 @393 *
epoch  394 | train 3.743689e-01 | val 3.708396e-01 |  24.618 s | best 3.708396e-01 @394 *
epoch  395 | train 3.744321e-01 | val 3.708069e-01 |  24.317 s | best 3.708069e-01 @395 *
epoch  396 | train 3.742921e-01 | val 3.708096e-01 |  23.543 s | best 3.708069e-01 @395
epoch  397 | train 3.741486e-01 | val 3.707665e-01 |  21.322 s | best 3.707665e-01 @397 *
epoch  398 | train 3.738318e-01 | val 3.707608e-01 |  22.182 s | best 3.707608e-01 @398 *
epoch  399 | train 3.744514e-01 | val 3.706955e-01 |  23.209 s | best 3.706955e-01 @399 *
epoch  400 | train 3.744719e-01 | val 3.706598e-01 |  18.418 s | best 3.706598e-01 @400 *
epoch  401 | train 3.737795e-01 | val 3.706633e-01 |  13.703 s | best 3.706598e-01 @400
epoch  402 | train 3.737995e-01 | val 3.706516e-01 |  19.397 s | best 3.706516e-01 @402 *
epoch  403 | train 3.744517e-01 | val 3.706335e-01 |  10.072 s | best 3.706335e-01 @403 *
epoch  404 | train 3.736021e-01 | val 3.705862e-01 |   8.693 s | best 3.705862e-01 @404 *
epoch  405 | train 3.740389e-01 | val 3.705779e-01 |   9.338 s | best 3.705779e-01 @405 *
epoch  406 | train 3.737967e-01 | val 3.705438e-01 |  12.915 s | best 3.705438e-01 @406 *
epoch  407 | train 3.743964e-01 | val 3.705013e-01 |  18.605 s | best 3.705013e-01 @407 *
epoch  408 | train 3.744867e-01 | val 3.704818e-01 |  15.296 s | best 3.704818e-01 @408 *
epoch  409 | train 3.738566e-01 | val 3.704716e-01 |  14.443 s | best 3.704716e-01 @409 *
epoch  410 | train 3.739481e-01 | val 3.704459e-01 |   9.025 s | best 3.704459e-01 @410 *
epoch  411 | train 3.737930e-01 | val 3.704184e-01 |  15.573 s | best 3.704184e-01 @411 *
epoch  412 | train 3.735421e-01 | val 3.704243e-01 |  15.670 s | best 3.704184e-01 @411
epoch  413 | train 3.737266e-01 | val 3.703818e-01 |  16.893 s | best 3.703818e-01 @413 *
epoch  414 | train 3.738392e-01 | val 3.703952e-01 |   9.708 s | best 3.703818e-01 @413
epoch  415 | train 3.742801e-01 | val 3.703783e-01 |  16.148 s | best 3.703783e-01 @415 *
epoch  416 | train 3.735761e-01 | val 3.703246e-01 |   8.475 s | best 3.703246e-01 @416 *
epoch  417 | train 3.738953e-01 | val 3.702987e-01 |   8.624 s | best 3.702987e-01 @417 *
epoch  418 | train 3.735342e-01 | val 3.703281e-01 |   8.543 s | best 3.702987e-01 @417
epoch  419 | train 3.733836e-01 | val 3.702993e-01 |   8.942 s | best 3.702987e-01 @417
epoch  420 | train 3.737465e-01 | val 3.702586e-01 |  17.780 s | best 3.702586e-01 @420 *
epoch  421 | train 3.730883e-01 | val 3.702219e-01 |  17.675 s | best 3.702219e-01 @421 *
epoch  422 | train 3.736687e-01 | val 3.701963e-01 |  22.692 s | best 3.701963e-01 @422 *
epoch  423 | train 3.737163e-01 | val 3.702052e-01 |  24.770 s | best 3.701963e-01 @422
epoch  424 | train 3.739402e-01 | val 3.701879e-01 |  23.744 s | best 3.701879e-01 @424 *
epoch  425 | train 3.734217e-01 | val 3.701255e-01 |  23.990 s | best 3.701255e-01 @425 *
epoch  426 | train 3.733403e-01 | val 3.701406e-01 |  24.102 s | best 3.701255e-01 @425
epoch  427 | train 3.731627e-01 | val 3.701061e-01 |  21.447 s | best 3.701061e-01 @427 *
epoch  428 | train 3.737547e-01 | val 3.700511e-01 |   9.286 s | best 3.700511e-01 @428 *
epoch  429 | train 3.729580e-01 | val 3.700174e-01 |   8.704 s | best 3.700174e-01 @429 *
epoch  430 | train 3.733122e-01 | val 3.700099e-01 |   8.997 s | best 3.700099e-01 @430 *
epoch  431 | train 3.728784e-01 | val 3.700157e-01 |  16.408 s | best 3.700099e-01 @430
epoch  432 | train 3.737850e-01 | val 3.699645e-01 |  20.952 s | best 3.699645e-01 @432 *
epoch  433 | train 3.736092e-01 | val 3.699061e-01 |  23.403 s | best 3.699061e-01 @433 *
epoch  434 | train 3.738360e-01 | val 3.699044e-01 |  22.833 s | best 3.699044e-01 @434 *
epoch  435 | train 3.725706e-01 | val 3.698469e-01 |  22.821 s | best 3.698469e-01 @435 *
epoch  436 | train 3.732509e-01 | val 3.698157e-01 |  23.451 s | best 3.698157e-01 @436 *
epoch  437 | train 3.733545e-01 | val 3.698391e-01 |  23.752 s | best 3.698157e-01 @436
epoch  438 | train 3.729904e-01 | val 3.698559e-01 |  24.082 s | best 3.698157e-01 @436
epoch  439 | train 3.736333e-01 | val 3.698829e-01 |  24.196 s | best 3.698157e-01 @436
epoch  440 | train 3.735713e-01 | val 3.698525e-01 |  22.886 s | best 3.698157e-01 @436
epoch  441 | train 3.729074e-01 | val 3.698579e-01 |  12.545 s | best 3.698157e-01 @436
epoch  442 | train 3.732624e-01 | val 3.698328e-01 |   8.520 s | best 3.698157e-01 @436
epoch  443 | train 3.729481e-01 | val 3.697516e-01 |   8.383 s | best 3.697516e-01 @443 *
epoch  444 | train 3.731795e-01 | val 3.697388e-01 |   8.303 s | best 3.697388e-01 @444 *
epoch  445 | train 3.733491e-01 | val 3.696989e-01 |   8.265 s | best 3.696989e-01 @445 *
epoch  446 | train 3.728666e-01 | val 3.696893e-01 |   8.534 s | best 3.696893e-01 @446 *
epoch  447 | train 3.729832e-01 | val 3.696878e-01 |   8.475 s | best 3.696878e-01 @447 *
epoch  448 | train 3.734943e-01 | val 3.696486e-01 |  14.910 s | best 3.696486e-01 @448 *
epoch  449 | train 3.727039e-01 | val 3.696373e-01 |  20.669 s | best 3.696373e-01 @449 *
epoch  450 | train 3.733323e-01 | val 3.696193e-01 |  20.178 s | best 3.696193e-01 @450 *
epoch  451 | train 3.731985e-01 | val 3.696373e-01 |   9.285 s | best 3.696193e-01 @450
epoch  452 | train 3.729480e-01 | val 3.696596e-01 |   8.356 s | best 3.696193e-01 @450
epoch  453 | train 3.729714e-01 | val 3.695926e-01 |  17.431 s | best 3.695926e-01 @453 *
epoch  454 | train 3.725543e-01 | val 3.695323e-01 |  23.961 s | best 3.695323e-01 @454 *
epoch  455 | train 3.729132e-01 | val 3.694592e-01 |  24.001 s | best 3.694592e-01 @455 *
epoch  456 | train 3.735159e-01 | val 3.694194e-01 |  23.837 s | best 3.694194e-01 @456 *
epoch  457 | train 3.730550e-01 | val 3.694038e-01 |  23.957 s | best 3.694038e-01 @457 *
epoch  458 | train 3.728147e-01 | val 3.693731e-01 |  24.042 s | best 3.693731e-01 @458 *
epoch  459 | train 3.726149e-01 | val 3.693369e-01 |  23.765 s | best 3.693369e-01 @459 *
epoch  460 | train 3.731221e-01 | val 3.693016e-01 |  24.195 s | best 3.693016e-01 @460 *
epoch  461 | train 3.727365e-01 | val 3.693304e-01 |  12.060 s | best 3.693016e-01 @460
epoch  462 | train 3.731923e-01 | val 3.693227e-01 |   8.400 s | best 3.693016e-01 @460
epoch  463 | train 3.726062e-01 | val 3.692966e-01 |   8.441 s | best 3.692966e-01 @463 *
epoch  464 | train 3.726411e-01 | val 3.692971e-01 |  16.184 s | best 3.692966e-01 @463
epoch  465 | train 3.723250e-01 | val 3.692471e-01 |  23.938 s | best 3.692471e-01 @465 *
epoch  466 | train 3.727529e-01 | val 3.692029e-01 |  21.473 s | best 3.692029e-01 @466 *
epoch  467 | train 3.725673e-01 | val 3.692023e-01 |  16.479 s | best 3.692023e-01 @467 *
epoch  468 | train 3.727655e-01 | val 3.692116e-01 |  23.535 s | best 3.692023e-01 @467
epoch  469 | train 3.734323e-01 | val 3.692275e-01 |  24.196 s | best 3.692023e-01 @467
epoch  470 | train 3.723757e-01 | val 3.691748e-01 |  21.025 s | best 3.691748e-01 @470 *
epoch  471 | train 3.725512e-01 | val 3.691263e-01 |  19.990 s | best 3.691263e-01 @471 *
epoch  472 | train 3.729365e-01 | val 3.691253e-01 |  15.719 s | best 3.691253e-01 @472 *
epoch  473 | train 3.724049e-01 | val 3.690992e-01 |  23.281 s | best 3.690992e-01 @473 *
epoch  474 | train 3.718797e-01 | val 3.690951e-01 |  22.671 s | best 3.690951e-01 @474 *
epoch  475 | train 3.724228e-01 | val 3.690713e-01 |  10.691 s | best 3.690713e-01 @475 *
epoch  476 | train 3.721316e-01 | val 3.690335e-01 |   8.456 s | best 3.690335e-01 @476 *
epoch  477 | train 3.728984e-01 | val 3.690481e-01 |   8.389 s | best 3.690335e-01 @476
epoch  478 | train 3.726679e-01 | val 3.690348e-01 |  20.531 s | best 3.690335e-01 @476
epoch  479 | train 3.726514e-01 | val 3.690059e-01 |  24.471 s | best 3.690059e-01 @479 *
epoch  480 | train 3.726479e-01 | val 3.689515e-01 |  24.313 s | best 3.689515e-01 @480 *
epoch  481 | train 3.724715e-01 | val 3.689165e-01 |  23.817 s | best 3.689165e-01 @481 *
epoch  482 | train 3.721437e-01 | val 3.689161e-01 |  22.077 s | best 3.689161e-01 @482 *
epoch  483 | train 3.724926e-01 | val 3.689052e-01 |  19.613 s | best 3.689052e-01 @483 *
epoch  484 | train 3.729210e-01 | val 3.688821e-01 |  24.095 s | best 3.688821e-01 @484 *
epoch  485 | train 3.724043e-01 | val 3.688810e-01 |  22.144 s | best 3.688810e-01 @485 *
epoch  486 | train 3.723818e-01 | val 3.688554e-01 |  20.515 s | best 3.688554e-01 @486 *
epoch  487 | train 3.721421e-01 | val 3.688299e-01 |  24.206 s | best 3.688299e-01 @487 *
epoch  488 | train 3.715655e-01 | val 3.688043e-01 |  23.970 s | best 3.688043e-01 @488 *
epoch  489 | train 3.718428e-01 | val 3.687572e-01 |  23.430 s | best 3.687572e-01 @489 *
epoch  490 | train 3.721958e-01 | val 3.687125e-01 |  24.110 s | best 3.687125e-01 @490 *
epoch  491 | train 3.723005e-01 | val 3.687151e-01 |  24.191 s | best 3.687125e-01 @490
epoch  492 | train 3.721315e-01 | val 3.686736e-01 |  22.885 s | best 3.686736e-01 @492 *
epoch  493 | train 3.713835e-01 | val 3.686188e-01 |  23.949 s | best 3.686188e-01 @493 *
epoch  494 | train 3.720790e-01 | val 3.685675e-01 |  23.408 s | best 3.685675e-01 @494 *
epoch  495 | train 3.717442e-01 | val 3.685630e-01 |  23.480 s | best 3.685630e-01 @495 *
epoch  496 | train 3.714088e-01 | val 3.685756e-01 |  21.075 s | best 3.685630e-01 @495
epoch  497 | train 3.722459e-01 | val 3.685615e-01 |  24.155 s | best 3.685615e-01 @497 *
epoch  498 | train 3.719837e-01 | val 3.685455e-01 |  24.072 s | best 3.685455e-01 @498 *
epoch  499 | train 3.716551e-01 | val 3.685237e-01 |  24.075 s | best 3.685237e-01 @499 *
epoch  500 | train 3.724938e-01 | val 3.685225e-01 |  24.207 s | best 3.685225e-01 @500 *
epoch  501 | train 3.718801e-01 | val 3.685240e-01 |  24.259 s | best 3.685225e-01 @500
epoch  502 | train 3.721733e-01 | val 3.685213e-01 |  24.181 s | best 3.685213e-01 @502 *
epoch  503 | train 3.720285e-01 | val 3.684847e-01 |  24.093 s | best 3.684847e-01 @503 *
epoch  504 | train 3.715439e-01 | val 3.684882e-01 |  24.125 s | best 3.684847e-01 @503
epoch  505 | train 3.714255e-01 | val 3.684838e-01 |  24.125 s | best 3.684838e-01 @505 *
epoch  506 | train 3.720481e-01 | val 3.684281e-01 |  24.168 s | best 3.684281e-01 @506 *
epoch  507 | train 3.718667e-01 | val 3.684140e-01 |  24.233 s | best 3.684140e-01 @507 *
epoch  508 | train 3.719233e-01 | val 3.684390e-01 |  24.117 s | best 3.684140e-01 @507
epoch  509 | train 3.721183e-01 | val 3.684568e-01 |  22.025 s | best 3.684140e-01 @507
epoch  510 | train 3.717265e-01 | val 3.684025e-01 |  23.631 s | best 3.684025e-01 @510 *
epoch  511 | train 3.712894e-01 | val 3.684036e-01 |  24.251 s | best 3.684025e-01 @510
epoch  512 | train 3.715150e-01 | val 3.684133e-01 |  24.253 s | best 3.684025e-01 @510
epoch  513 | train 3.719766e-01 | val 3.683786e-01 |  23.785 s | best 3.683786e-01 @513 *
epoch  514 | train 3.715995e-01 | val 3.683397e-01 |  24.013 s | best 3.683397e-01 @514 *
epoch  515 | train 3.714468e-01 | val 3.683279e-01 |  24.114 s | best 3.683279e-01 @515 *
epoch  516 | train 3.714876e-01 | val 3.683366e-01 |  24.088 s | best 3.683279e-01 @515
epoch  517 | train 3.711634e-01 | val 3.683093e-01 |  24.039 s | best 3.683093e-01 @517 *
epoch  518 | train 3.719571e-01 | val 3.682738e-01 |  23.831 s | best 3.682738e-01 @518 *
epoch  519 | train 3.717269e-01 | val 3.682112e-01 |  10.569 s | best 3.682112e-01 @519 *
epoch  520 | train 3.713708e-01 | val 3.681681e-01 |   8.505 s | best 3.681681e-01 @520 *
epoch  521 | train 3.714889e-01 | val 3.681731e-01 |  23.626 s | best 3.681681e-01 @520
epoch  522 | train 3.707484e-01 | val 3.681519e-01 |  24.247 s | best 3.681519e-01 @522 *
epoch  523 | train 3.712949e-01 | val 3.681222e-01 |  20.654 s | best 3.681222e-01 @523 *
epoch  524 | train 3.711459e-01 | val 3.681089e-01 |  22.617 s | best 3.681089e-01 @524 *
epoch  525 | train 3.720134e-01 | val 3.681331e-01 |  24.077 s | best 3.681089e-01 @524
epoch  526 | train 3.715837e-01 | val 3.681545e-01 |  24.061 s | best 3.681089e-01 @524
epoch  527 | train 3.716123e-01 | val 3.681382e-01 |  24.055 s | best 3.681089e-01 @524
epoch  528 | train 3.718975e-01 | val 3.681239e-01 |  24.144 s | best 3.681089e-01 @524
epoch  529 | train 3.713948e-01 | val 3.680860e-01 |  24.114 s | best 3.680860e-01 @529 *
epoch  530 | train 3.713340e-01 | val 3.680230e-01 |  24.069 s | best 3.680230e-01 @530 *
epoch  531 | train 3.719712e-01 | val 3.680059e-01 |  24.224 s | best 3.680059e-01 @531 *
epoch  532 | train 3.706835e-01 | val 3.680003e-01 |  24.166 s | best 3.680003e-01 @532 *
epoch  533 | train 3.710820e-01 | val 3.679958e-01 |  24.222 s | best 3.679958e-01 @533 *
epoch  534 | train 3.714931e-01 | val 3.679682e-01 |  24.068 s | best 3.679682e-01 @534 *
epoch  535 | train 3.716957e-01 | val 3.679398e-01 |  24.119 s | best 3.679398e-01 @535 *
epoch  536 | train 3.718431e-01 | val 3.679372e-01 |  24.134 s | best 3.679372e-01 @536 *
epoch  537 | train 3.708032e-01 | val 3.679224e-01 |  21.667 s | best 3.679224e-01 @537 *
epoch  538 | train 3.713257e-01 | val 3.679085e-01 |  24.218 s | best 3.679085e-01 @538 *
epoch  539 | train 3.709675e-01 | val 3.679158e-01 |  24.162 s | best 3.679085e-01 @538
epoch  540 | train 3.714360e-01 | val 3.679088e-01 |  24.084 s | best 3.679085e-01 @538
epoch  541 | train 3.719363e-01 | val 3.679072e-01 |  24.173 s | best 3.679072e-01 @541 *
epoch  542 | train 3.716609e-01 | val 3.678803e-01 |  24.203 s | best 3.678803e-01 @542 *
epoch  543 | train 3.704827e-01 | val 3.678423e-01 |  24.159 s | best 3.678423e-01 @543 *
epoch  544 | train 3.715113e-01 | val 3.678173e-01 |  24.136 s | best 3.678173e-01 @544 *
epoch  545 | train 3.710545e-01 | val 3.677743e-01 |  24.130 s | best 3.677743e-01 @545 *
epoch  546 | train 3.713315e-01 | val 3.677644e-01 |  24.227 s | best 3.677644e-01 @546 *
epoch  547 | train 3.712578e-01 | val 3.677627e-01 |  24.278 s | best 3.677627e-01 @547 *
epoch  548 | train 3.710941e-01 | val 3.677564e-01 |  24.112 s | best 3.677564e-01 @548 *
epoch  549 | train 3.705982e-01 | val 3.677132e-01 |  23.673 s | best 3.677132e-01 @549 *
epoch  550 | train 3.711253e-01 | val 3.677257e-01 |  22.139 s | best 3.677132e-01 @549
epoch  551 | train 3.713341e-01 | val 3.677427e-01 |  20.022 s | best 3.677132e-01 @549
epoch  552 | train 3.709925e-01 | val 3.677104e-01 |  19.221 s | best 3.677104e-01 @552 *
epoch  553 | train 3.711435e-01 | val 3.676769e-01 |  24.263 s | best 3.676769e-01 @553 *
epoch  554 | train 3.711144e-01 | val 3.676737e-01 |  24.104 s | best 3.676737e-01 @554 *
epoch  555 | train 3.711225e-01 | val 3.676318e-01 |  24.189 s | best 3.676318e-01 @555 *
epoch  556 | train 3.711273e-01 | val 3.675982e-01 |  23.628 s | best 3.675982e-01 @556 *
epoch  557 | train 3.712081e-01 | val 3.676068e-01 |  24.245 s | best 3.675982e-01 @556
epoch  558 | train 3.709156e-01 | val 3.676271e-01 |  23.605 s | best 3.675982e-01 @556
epoch  559 | train 3.715532e-01 | val 3.676216e-01 |  24.219 s | best 3.675982e-01 @556
epoch  560 | train 3.709042e-01 | val 3.676272e-01 |  24.157 s | best 3.675982e-01 @556
epoch  561 | train 3.718522e-01 | val 3.676069e-01 |  24.204 s | best 3.675982e-01 @556
epoch  562 | train 3.705445e-01 | val 3.675979e-01 |  24.137 s | best 3.675979e-01 @562 *
epoch  563 | train 3.704236e-01 | val 3.675630e-01 |  23.904 s | best 3.675630e-01 @563 *
epoch  564 | train 3.711501e-01 | val 3.675389e-01 |  23.480 s | best 3.675389e-01 @564 *
epoch  565 | train 3.706217e-01 | val 3.674714e-01 |  24.218 s | best 3.674714e-01 @565 *
epoch  566 | train 3.706520e-01 | val 3.674885e-01 |  24.030 s | best 3.674714e-01 @565
epoch  567 | train 3.703438e-01 | val 3.674479e-01 |  24.086 s | best 3.674479e-01 @567 *
epoch  568 | train 3.708110e-01 | val 3.674523e-01 |  23.949 s | best 3.674479e-01 @567
epoch  569 | train 3.705666e-01 | val 3.674443e-01 |  23.945 s | best 3.674443e-01 @569 *
epoch  570 | train 3.710629e-01 | val 3.674006e-01 |  23.921 s | best 3.674006e-01 @570 *
epoch  571 | train 3.706757e-01 | val 3.674154e-01 |  23.872 s | best 3.674006e-01 @570
epoch  572 | train 3.703594e-01 | val 3.674248e-01 |  23.831 s | best 3.674006e-01 @570
epoch  573 | train 3.704789e-01 | val 3.673779e-01 |  24.116 s | best 3.673779e-01 @573 *
epoch  574 | train 3.712013e-01 | val 3.673848e-01 |  24.038 s | best 3.673779e-01 @573
epoch  575 | train 3.711821e-01 | val 3.673698e-01 |  24.103 s | best 3.673698e-01 @575 *
epoch  576 | train 3.709625e-01 | val 3.673481e-01 |  20.926 s | best 3.673481e-01 @576 *
epoch  577 | train 3.709273e-01 | val 3.673200e-01 |  24.053 s | best 3.673200e-01 @577 *
epoch  578 | train 3.702461e-01 | val 3.673326e-01 |  24.010 s | best 3.673200e-01 @577
epoch  579 | train 3.706769e-01 | val 3.673477e-01 |  23.999 s | best 3.673200e-01 @577
epoch  580 | train 3.702742e-01 | val 3.672735e-01 |  23.957 s | best 3.672735e-01 @580 *
epoch  581 | train 3.699707e-01 | val 3.672720e-01 |  24.009 s | best 3.672720e-01 @581 *
epoch  582 | train 3.702083e-01 | val 3.672489e-01 |  23.838 s | best 3.672489e-01 @582 *
epoch  583 | train 3.708040e-01 | val 3.672559e-01 |  23.997 s | best 3.672489e-01 @582
epoch  584 | train 3.709402e-01 | val 3.672661e-01 |  24.128 s | best 3.672489e-01 @582
epoch  585 | train 3.705099e-01 | val 3.672269e-01 |  24.254 s | best 3.672269e-01 @585 *
epoch  586 | train 3.703859e-01 | val 3.671644e-01 |  24.302 s | best 3.671644e-01 @586 *
epoch  587 | train 3.705997e-01 | val 3.671276e-01 |  24.194 s | best 3.671276e-01 @587 *
epoch  588 | train 3.704147e-01 | val 3.671316e-01 |  24.038 s | best 3.671276e-01 @587
epoch  589 | train 3.706564e-01 | val 3.670692e-01 |  24.007 s | best 3.670692e-01 @589 *
epoch  590 | train 3.705163e-01 | val 3.670001e-01 |  23.815 s | best 3.670001e-01 @590 *
epoch  591 | train 3.696981e-01 | val 3.669526e-01 |  23.934 s | best 3.669526e-01 @591 *
epoch  592 | train 3.700305e-01 | val 3.669181e-01 |  23.908 s | best 3.669181e-01 @592 *
epoch  593 | train 3.696739e-01 | val 3.668356e-01 |  23.751 s | best 3.668356e-01 @593 *
epoch  594 | train 3.705232e-01 | val 3.668012e-01 |  23.759 s | best 3.668012e-01 @594 *
epoch  595 | train 3.696408e-01 | val 3.667584e-01 |  23.998 s | best 3.667584e-01 @595 *
epoch  596 | train 3.697047e-01 | val 3.666759e-01 |  23.970 s | best 3.666759e-01 @596 *
epoch  597 | train 3.696256e-01 | val 3.665574e-01 |  23.808 s | best 3.665574e-01 @597 *
epoch  598 | train 3.696277e-01 | val 3.664812e-01 |  23.742 s | best 3.664812e-01 @598 *
epoch  599 | train 3.698263e-01 | val 3.663989e-01 |  23.732 s | best 3.663989e-01 @599 *
epoch  600 | train 3.699914e-01 | val 3.663064e-01 |  23.754 s | best 3.663064e-01 @600 *
epoch  601 | train 3.690989e-01 | val 3.661756e-01 |  23.789 s | best 3.661756e-01 @601 *
epoch  602 | train 3.692826e-01 | val 3.660382e-01 |  21.571 s | best 3.660382e-01 @602 *
epoch  603 | train 3.691629e-01 | val 3.659394e-01 |  22.007 s | best 3.659394e-01 @603 *
epoch  604 | train 3.690075e-01 | val 3.658109e-01 |  23.909 s | best 3.658109e-01 @604 *
epoch  605 | train 3.692215e-01 | val 3.657182e-01 |  23.953 s | best 3.657182e-01 @605 *
epoch  606 | train 3.691204e-01 | val 3.656184e-01 |  12.892 s | best 3.656184e-01 @606 *
epoch  607 | train 3.691899e-01 | val 3.655211e-01 |  23.612 s | best 3.655211e-01 @607 *
epoch  608 | train 3.682091e-01 | val 3.654158e-01 |  23.016 s | best 3.654158e-01 @608 *
epoch  609 | train 3.690030e-01 | val 3.653697e-01 |  23.578 s | best 3.653697e-01 @609 *
epoch  610 | train 3.686247e-01 | val 3.653253e-01 |  23.757 s | best 3.653253e-01 @610 *
epoch  611 | train 3.684586e-01 | val 3.652534e-01 |  23.791 s | best 3.652534e-01 @611 *
epoch  612 | train 3.681585e-01 | val 3.651546e-01 |  23.981 s | best 3.651546e-01 @612 *
epoch  613 | train 3.684090e-01 | val 3.650908e-01 |  23.950 s | best 3.650908e-01 @613 *
epoch  614 | train 3.680612e-01 | val 3.650261e-01 |  23.320 s | best 3.650261e-01 @614 *
epoch  615 | train 3.683680e-01 | val 3.649629e-01 |  24.058 s | best 3.649629e-01 @615 *
epoch  616 | train 3.686434e-01 | val 3.649322e-01 |  23.057 s | best 3.649322e-01 @616 *
epoch  617 | train 3.679120e-01 | val 3.648631e-01 |  23.913 s | best 3.648631e-01 @617 *
epoch  618 | train 3.675947e-01 | val 3.648121e-01 |  24.002 s | best 3.648121e-01 @618 *
epoch  619 | train 3.682886e-01 | val 3.647329e-01 |  23.950 s | best 3.647329e-01 @619 *
epoch  620 | train 3.682940e-01 | val 3.646721e-01 |  23.942 s | best 3.646721e-01 @620 *
epoch  621 | train 3.675925e-01 | val 3.646146e-01 |  23.999 s | best 3.646146e-01 @621 *
epoch  622 | train 3.676428e-01 | val 3.645518e-01 |  23.926 s | best 3.645518e-01 @622 *
epoch  623 | train 3.678001e-01 | val 3.645078e-01 |  23.964 s | best 3.645078e-01 @623 *
epoch  624 | train 3.683155e-01 | val 3.644483e-01 |  23.950 s | best 3.644483e-01 @624 *
epoch  625 | train 3.674010e-01 | val 3.643724e-01 |  23.972 s | best 3.643724e-01 @625 *
epoch  626 | train 3.677985e-01 | val 3.643616e-01 |  24.026 s | best 3.643616e-01 @626 *
epoch  627 | train 3.673951e-01 | val 3.643576e-01 |  24.553 s | best 3.643576e-01 @627 *
epoch  628 | train 3.676691e-01 | val 3.642997e-01 |  24.314 s | best 3.642997e-01 @628 *
epoch  629 | train 3.674250e-01 | val 3.642271e-01 |  23.789 s | best 3.642271e-01 @629 *
epoch  630 | train 3.677019e-01 | val 3.641772e-01 |  23.951 s | best 3.641772e-01 @630 *
epoch  631 | train 3.675425e-01 | val 3.641408e-01 |  23.928 s | best 3.641408e-01 @631 *
epoch  632 | train 3.675109e-01 | val 3.641121e-01 |  23.948 s | best 3.641121e-01 @632 *
epoch  633 | train 3.667654e-01 | val 3.640834e-01 |  23.944 s | best 3.640834e-01 @633 *
epoch  634 | train 3.675848e-01 | val 3.640176e-01 |  23.914 s | best 3.640176e-01 @634 *
epoch  635 | train 3.670195e-01 | val 3.639573e-01 |  23.950 s | best 3.639573e-01 @635 *
epoch  636 | train 3.675183e-01 | val 3.639373e-01 |  16.775 s | best 3.639373e-01 @636 *
epoch  637 | train 3.673955e-01 | val 3.638700e-01 |  16.075 s | best 3.638700e-01 @637 *
epoch  638 | train 3.670910e-01 | val 3.638191e-01 |  24.936 s | best 3.638191e-01 @638 *
epoch  639 | train 3.668062e-01 | val 3.637470e-01 |  27.120 s | best 3.637470e-01 @639 *
epoch  640 | train 3.668914e-01 | val 3.636877e-01 |  21.185 s | best 3.636877e-01 @640 *
epoch  641 | train 3.668742e-01 | val 3.637009e-01 |  25.661 s | best 3.636877e-01 @640
epoch  642 | train 3.664912e-01 | val 3.636574e-01 |  28.423 s | best 3.636574e-01 @642 *
epoch  643 | train 3.669343e-01 | val 3.636104e-01 |  23.175 s | best 3.636104e-01 @643 *
epoch  644 | train 3.663069e-01 | val 3.635786e-01 |  20.211 s | best 3.635786e-01 @644 *
epoch  645 | train 3.667715e-01 | val 3.635238e-01 |  21.772 s | best 3.635238e-01 @645 *
epoch  646 | train 3.672014e-01 | val 3.634862e-01 |  22.494 s | best 3.634862e-01 @646 *
epoch  647 | train 3.673363e-01 | val 3.634507e-01 |  19.765 s | best 3.634507e-01 @647 *
epoch  648 | train 3.659732e-01 | val 3.633886e-01 |  20.203 s | best 3.633886e-01 @648 *
epoch  649 | train 3.663331e-01 | val 3.633264e-01 |  20.980 s | best 3.633264e-01 @649 *
epoch  650 | train 3.667409e-01 | val 3.633080e-01 |  19.118 s | best 3.633080e-01 @650 *
epoch  651 | train 3.660047e-01 | val 3.633087e-01 |  20.764 s | best 3.633080e-01 @650
epoch  652 | train 3.666604e-01 | val 3.632490e-01 |  21.512 s | best 3.632490e-01 @652 *
epoch  653 | train 3.669366e-01 | val 3.632028e-01 |  21.879 s | best 3.632028e-01 @653 *
epoch  654 | train 3.668096e-01 | val 3.631462e-01 |  20.281 s | best 3.631462e-01 @654 *
epoch  655 | train 3.661006e-01 | val 3.631141e-01 |  22.372 s | best 3.631141e-01 @655 *
epoch  656 | train 3.659553e-01 | val 3.630310e-01 |  19.948 s | best 3.630310e-01 @656 *
epoch  657 | train 3.661201e-01 | val 3.629991e-01 |  20.604 s | best 3.629991e-01 @657 *
epoch  658 | train 3.658686e-01 | val 3.629454e-01 |  22.561 s | best 3.629454e-01 @658 *
epoch  659 | train 3.663206e-01 | val 3.629132e-01 |  23.806 s | best 3.629132e-01 @659 *
epoch  660 | train 3.663239e-01 | val 3.628915e-01 |  23.337 s | best 3.628915e-01 @660 *
epoch  661 | train 3.658497e-01 | val 3.628599e-01 |  23.206 s | best 3.628599e-01 @661 *
epoch  662 | train 3.658469e-01 | val 3.628260e-01 |  23.314 s | best 3.628260e-01 @662 *
epoch  663 | train 3.661593e-01 | val 3.627644e-01 |  25.982 s | best 3.627644e-01 @663 *
epoch  664 | train 3.653556e-01 | val 3.627930e-01 |  24.681 s | best 3.627644e-01 @663
epoch  665 | train 3.660240e-01 | val 3.627647e-01 |  20.917 s | best 3.627644e-01 @663
epoch  666 | train 3.660682e-01 | val 3.627113e-01 |  21.107 s | best 3.627113e-01 @666 *
epoch  667 | train 3.660589e-01 | val 3.626676e-01 |  19.793 s | best 3.626676e-01 @667 *
epoch  668 | train 3.659660e-01 | val 3.626736e-01 |  20.019 s | best 3.626676e-01 @667
epoch  669 | train 3.652523e-01 | val 3.626513e-01 |  21.255 s | best 3.626513e-01 @669 *
epoch  670 | train 3.661699e-01 | val 3.625953e-01 |  20.917 s | best 3.625953e-01 @670 *
epoch  671 | train 3.662736e-01 | val 3.625640e-01 |  21.548 s | best 3.625640e-01 @671 *
epoch  672 | train 3.658271e-01 | val 3.625343e-01 |  24.689 s | best 3.625343e-01 @672 *
epoch  673 | train 3.657867e-01 | val 3.624722e-01 |  25.833 s | best 3.624722e-01 @673 *
epoch  674 | train 3.660222e-01 | val 3.624493e-01 |  20.633 s | best 3.624493e-01 @674 *
epoch  675 | train 3.653748e-01 | val 3.624167e-01 |  22.041 s | best 3.624167e-01 @675 *
epoch  676 | train 3.654466e-01 | val 3.623732e-01 |  21.873 s | best 3.623732e-01 @676 *
epoch  677 | train 3.647143e-01 | val 3.623378e-01 |  22.017 s | best 3.623378e-01 @677 *
epoch  678 | train 3.654855e-01 | val 3.622940e-01 |  24.220 s | best 3.622940e-01 @678 *
epoch  679 | train 3.660113e-01 | val 3.622420e-01 |  21.993 s | best 3.622420e-01 @679 *
epoch  680 | train 3.658028e-01 | val 3.622082e-01 |  21.195 s | best 3.622082e-01 @680 *
epoch  681 | train 3.648838e-01 | val 3.621661e-01 |  25.432 s | best 3.621661e-01 @681 *
epoch  682 | train 3.653635e-01 | val 3.621782e-01 |  22.139 s | best 3.621661e-01 @681
epoch  683 | train 3.655382e-01 | val 3.621797e-01 |  22.868 s | best 3.621661e-01 @681
epoch  684 | train 3.647620e-01 | val 3.621165e-01 |  24.184 s | best 3.621165e-01 @684 *
epoch  685 | train 3.657187e-01 | val 3.620837e-01 |  25.086 s | best 3.620837e-01 @685 *
epoch  686 | train 3.649185e-01 | val 3.620708e-01 |  20.509 s | best 3.620708e-01 @686 *
epoch  687 | train 3.648268e-01 | val 3.620495e-01 |  22.927 s | best 3.620495e-01 @687 *
epoch  688 | train 3.653178e-01 | val 3.620157e-01 |  21.067 s | best 3.620157e-01 @688 *
epoch  689 | train 3.651094e-01 | val 3.619379e-01 |  23.342 s | best 3.619379e-01 @689 *
epoch  690 | train 3.656311e-01 | val 3.619219e-01 |  21.743 s | best 3.619219e-01 @690 *
epoch  691 | train 3.657197e-01 | val 3.618966e-01 |  21.221 s | best 3.618966e-01 @691 *
epoch  692 | train 3.655438e-01 | val 3.619026e-01 |  21.230 s | best 3.618966e-01 @691
epoch  693 | train 3.651723e-01 | val 3.618510e-01 |  23.923 s | best 3.618510e-01 @693 *
epoch  694 | train 3.651734e-01 | val 3.618084e-01 |  22.863 s | best 3.618084e-01 @694 *
epoch  695 | train 3.649002e-01 | val 3.617901e-01 |  24.114 s | best 3.617901e-01 @695 *
epoch  696 | train 3.644903e-01 | val 3.617767e-01 |  24.010 s | best 3.617767e-01 @696 *
epoch  697 | train 3.646330e-01 | val 3.617573e-01 |  22.523 s | best 3.617573e-01 @697 *
epoch  698 | train 3.646814e-01 | val 3.617236e-01 |  22.883 s | best 3.617236e-01 @698 *
epoch  699 | train 3.653719e-01 | val 3.617208e-01 |  26.270 s | best 3.617208e-01 @699 *
epoch  700 | train 3.652064e-01 | val 3.616979e-01 |  23.668 s | best 3.616979e-01 @700 *
epoch  701 | train 3.646948e-01 | val 3.616982e-01 |  24.139 s | best 3.616979e-01 @700
epoch  702 | train 3.649950e-01 | val 3.616620e-01 |  27.296 s | best 3.616620e-01 @702 *
epoch  703 | train 3.649405e-01 | val 3.615816e-01 |  27.216 s | best 3.615816e-01 @703 *
epoch  704 | train 3.645209e-01 | val 3.615317e-01 |  30.709 s | best 3.615317e-01 @704 *
epoch  705 | train 3.648482e-01 | val 3.614816e-01 |  27.591 s | best 3.614816e-01 @705 *
epoch  706 | train 3.647186e-01 | val 3.614768e-01 |  25.111 s | best 3.614768e-01 @706 *
epoch  707 | train 3.649965e-01 | val 3.614441e-01 |  29.154 s | best 3.614441e-01 @707 *
epoch  708 | train 3.641683e-01 | val 3.613971e-01 |  28.639 s | best 3.613971e-01 @708 *
epoch  709 | train 3.641925e-01 | val 3.614154e-01 |  25.898 s | best 3.613971e-01 @708
epoch  710 | train 3.636869e-01 | val 3.613929e-01 |  22.438 s | best 3.613929e-01 @710 *
epoch  711 | train 3.646355e-01 | val 3.613665e-01 |  21.137 s | best 3.613665e-01 @711 *
epoch  712 | train 3.644682e-01 | val 3.613365e-01 |  23.228 s | best 3.613365e-01 @712 *
epoch  713 | train 3.648116e-01 | val 3.612924e-01 |  21.087 s | best 3.612924e-01 @713 *
epoch  714 | train 3.643025e-01 | val 3.612486e-01 |  24.765 s | best 3.612486e-01 @714 *
epoch  715 | train 3.645778e-01 | val 3.612431e-01 |  23.321 s | best 3.612431e-01 @715 *
epoch  716 | train 3.647575e-01 | val 3.612410e-01 |  20.768 s | best 3.612410e-01 @716 *
epoch  717 | train 3.644571e-01 | val 3.612428e-01 |  25.481 s | best 3.612410e-01 @716
epoch  718 | train 3.641647e-01 | val 3.612147e-01 |  24.493 s | best 3.612147e-01 @718 *
epoch  719 | train 3.649233e-01 | val 3.612181e-01 |  20.022 s | best 3.612147e-01 @718
epoch  720 | train 3.643282e-01 | val 3.612177e-01 |  21.767 s | best 3.612147e-01 @718
epoch  721 | train 3.643594e-01 | val 3.611892e-01 |  22.890 s | best 3.611892e-01 @721 *
epoch  722 | train 3.646415e-01 | val 3.611568e-01 |  20.975 s | best 3.611568e-01 @722 *
epoch  723 | train 3.642007e-01 | val 3.611292e-01 |  21.392 s | best 3.611292e-01 @723 *
epoch  724 | train 3.639750e-01 | val 3.610826e-01 |  19.662 s | best 3.610826e-01 @724 *
epoch  725 | train 3.640534e-01 | val 3.610406e-01 |  21.428 s | best 3.610406e-01 @725 *
epoch  726 | train 3.640634e-01 | val 3.610134e-01 |  19.506 s | best 3.610134e-01 @726 *
epoch  727 | train 3.637212e-01 | val 3.609951e-01 |  20.888 s | best 3.609951e-01 @727 *
epoch  728 | train 3.642947e-01 | val 3.609776e-01 |  21.991 s | best 3.609776e-01 @728 *
epoch  729 | train 3.642880e-01 | val 3.609738e-01 |  21.859 s | best 3.609738e-01 @729 *
epoch  730 | train 3.638025e-01 | val 3.609445e-01 |  21.418 s | best 3.609445e-01 @730 *
epoch  731 | train 3.642998e-01 | val 3.609298e-01 |  24.362 s | best 3.609298e-01 @731 *
epoch  732 | train 3.636959e-01 | val 3.608753e-01 |  22.598 s | best 3.608753e-01 @732 *
epoch  733 | train 3.639914e-01 | val 3.608616e-01 |  22.965 s | best 3.608616e-01 @733 *
epoch  734 | train 3.642054e-01 | val 3.608221e-01 |  22.590 s | best 3.608221e-01 @734 *
epoch  735 | train 3.641292e-01 | val 3.607934e-01 |  24.313 s | best 3.607934e-01 @735 *
epoch  736 | train 3.642831e-01 | val 3.608021e-01 |  21.964 s | best 3.607934e-01 @735
epoch  737 | train 3.639915e-01 | val 3.607703e-01 |  20.896 s | best 3.607703e-01 @737 *
epoch  738 | train 3.635248e-01 | val 3.607524e-01 |  23.862 s | best 3.607524e-01 @738 *
epoch  739 | train 3.634678e-01 | val 3.607477e-01 |  23.777 s | best 3.607477e-01 @739 *
epoch  740 | train 3.643908e-01 | val 3.607263e-01 |  20.677 s | best 3.607263e-01 @740 *
epoch  741 | train 3.637141e-01 | val 3.607172e-01 |  22.463 s | best 3.607172e-01 @741 *
epoch  742 | train 3.634781e-01 | val 3.606750e-01 |  24.108 s | best 3.606750e-01 @742 *
epoch  743 | train 3.638290e-01 | val 3.606705e-01 |  21.268 s | best 3.606705e-01 @743 *
epoch  744 | train 3.639036e-01 | val 3.606494e-01 |  22.375 s | best 3.606494e-01 @744 *
epoch  745 | train 3.638245e-01 | val 3.606622e-01 |  26.693 s | best 3.606494e-01 @744
epoch  746 | train 3.636930e-01 | val 3.606367e-01 |  22.854 s | best 3.606367e-01 @746 *
epoch  747 | train 3.628741e-01 | val 3.606271e-01 |  26.502 s | best 3.606271e-01 @747 *
epoch  748 | train 3.640461e-01 | val 3.605806e-01 |  24.931 s | best 3.605806e-01 @748 *
epoch  749 | train 3.639624e-01 | val 3.605539e-01 |  29.968 s | best 3.605539e-01 @749 *
epoch  750 | train 3.637036e-01 | val 3.605162e-01 |  24.748 s | best 3.605162e-01 @750 *
epoch  751 | train 3.637149e-01 | val 3.605186e-01 |  23.027 s | best 3.605162e-01 @750
epoch  752 | train 3.640004e-01 | val 3.605163e-01 |  20.965 s | best 3.605162e-01 @750
epoch  753 | train 3.636830e-01 | val 3.604741e-01 |  20.716 s | best 3.604741e-01 @753 *
epoch  754 | train 3.638077e-01 | val 3.604822e-01 |  23.117 s | best 3.604741e-01 @753
epoch  755 | train 3.637635e-01 | val 3.604736e-01 |  22.285 s | best 3.604736e-01 @755 *
epoch  756 | train 3.635635e-01 | val 3.604426e-01 |  24.358 s | best 3.604426e-01 @756 *
epoch  757 | train 3.640722e-01 | val 3.603678e-01 |  27.097 s | best 3.603678e-01 @757 *
epoch  758 | train 3.633651e-01 | val 3.603354e-01 |  28.581 s | best 3.603354e-01 @758 *
epoch  759 | train 3.633654e-01 | val 3.603009e-01 |  31.667 s | best 3.603009e-01 @759 *
epoch  760 | train 3.634832e-01 | val 3.602881e-01 |  25.730 s | best 3.602881e-01 @760 *
epoch  761 | train 3.636709e-01 | val 3.602912e-01 |  24.369 s | best 3.602881e-01 @760
epoch  762 | train 3.631636e-01 | val 3.602496e-01 |  20.204 s | best 3.602496e-01 @762 *
epoch  763 | train 3.633594e-01 | val 3.602343e-01 |  25.525 s | best 3.602343e-01 @763 *
epoch  764 | train 3.637334e-01 | val 3.602326e-01 |  22.868 s | best 3.602326e-01 @764 *
epoch  765 | train 3.632051e-01 | val 3.602481e-01 |  21.328 s | best 3.602326e-01 @764
epoch  766 | train 3.636713e-01 | val 3.602340e-01 |  22.400 s | best 3.602326e-01 @764
epoch  767 | train 3.633615e-01 | val 3.601988e-01 |  20.313 s | best 3.601988e-01 @767 *
epoch  768 | train 3.629796e-01 | val 3.601581e-01 |  23.460 s | best 3.601581e-01 @768 *
epoch  769 | train 3.634097e-01 | val 3.601308e-01 |  24.128 s | best 3.601308e-01 @769 *
epoch  770 | train 3.631645e-01 | val 3.601108e-01 |  24.078 s | best 3.601108e-01 @770 *
epoch  771 | train 3.637086e-01 | val 3.601182e-01 |  26.569 s | best 3.601108e-01 @770
epoch  772 | train 3.630868e-01 | val 3.601401e-01 |  27.102 s | best 3.601108e-01 @770
epoch  773 | train 3.632419e-01 | val 3.601092e-01 |  26.819 s | best 3.601092e-01 @773 *
epoch  774 | train 3.633065e-01 | val 3.601076e-01 |  24.300 s | best 3.601076e-01 @774 *
epoch  775 | train 3.633495e-01 | val 3.600504e-01 |  21.949 s | best 3.600504e-01 @775 *
epoch  776 | train 3.636173e-01 | val 3.600221e-01 |  26.777 s | best 3.600221e-01 @776 *
epoch  777 | train 3.630552e-01 | val 3.600063e-01 |  22.754 s | best 3.600063e-01 @777 *
epoch  778 | train 3.631308e-01 | val 3.599752e-01 |  19.219 s | best 3.599752e-01 @778 *
epoch  779 | train 3.630292e-01 | val 3.599615e-01 |  22.146 s | best 3.599615e-01 @779 *
epoch  780 | train 3.628300e-01 | val 3.599472e-01 |  19.859 s | best 3.599472e-01 @780 *
epoch  781 | train 3.630627e-01 | val 3.599090e-01 |  23.894 s | best 3.599090e-01 @781 *
epoch  782 | train 3.631493e-01 | val 3.598974e-01 |  22.377 s | best 3.598974e-01 @782 *
epoch  783 | train 3.626554e-01 | val 3.598405e-01 |  22.637 s | best 3.598405e-01 @783 *
epoch  784 | train 3.633350e-01 | val 3.598191e-01 |  21.807 s | best 3.598191e-01 @784 *
epoch  785 | train 3.633266e-01 | val 3.598032e-01 |  21.085 s | best 3.598032e-01 @785 *
epoch  786 | train 3.630545e-01 | val 3.597910e-01 |  28.399 s | best 3.597910e-01 @786 *
epoch  787 | train 3.630897e-01 | val 3.597642e-01 |  30.324 s | best 3.597642e-01 @787 *
epoch  788 | train 3.632041e-01 | val 3.597575e-01 |  31.037 s | best 3.597575e-01 @788 *
epoch  789 | train 3.627333e-01 | val 3.597354e-01 |  29.394 s | best 3.597354e-01 @789 *
epoch  790 | train 3.626375e-01 | val 3.597164e-01 |  23.551 s | best 3.597164e-01 @790 *
epoch  791 | train 3.630753e-01 | val 3.597246e-01 |  21.144 s | best 3.597164e-01 @790
epoch  792 | train 3.631259e-01 | val 3.597347e-01 |  20.110 s | best 3.597164e-01 @790
epoch  793 | train 3.622640e-01 | val 3.597257e-01 |  25.020 s | best 3.597164e-01 @790
epoch  794 | train 3.631007e-01 | val 3.597348e-01 |  22.795 s | best 3.597164e-01 @790
epoch  795 | train 3.631600e-01 | val 3.596907e-01 |  20.740 s | best 3.596907e-01 @795 *
epoch  796 | train 3.630094e-01 | val 3.596226e-01 |  28.749 s | best 3.596226e-01 @796 *
epoch  797 | train 3.623524e-01 | val 3.595802e-01 |  28.017 s | best 3.595802e-01 @797 *
epoch  798 | train 3.628761e-01 | val 3.595226e-01 |  25.923 s | best 3.595226e-01 @798 *
epoch  799 | train 3.629618e-01 | val 3.595114e-01 |  26.354 s | best 3.595114e-01 @799 *
epoch  800 | train 3.632856e-01 | val 3.595283e-01 |  25.742 s | best 3.595114e-01 @799
epoch  801 | train 3.629834e-01 | val 3.595235e-01 |  26.705 s | best 3.595114e-01 @799
epoch  802 | train 3.626904e-01 | val 3.595212e-01 |  23.071 s | best 3.595114e-01 @799
epoch  803 | train 3.626070e-01 | val 3.594757e-01 |  25.441 s | best 3.594757e-01 @803 *
epoch  804 | train 3.624174e-01 | val 3.594711e-01 |  22.379 s | best 3.594711e-01 @804 *
epoch  805 | train 3.630226e-01 | val 3.594478e-01 |  20.145 s | best 3.594478e-01 @805 *
epoch  806 | train 3.630665e-01 | val 3.594384e-01 |  25.027 s | best 3.594384e-01 @806 *
epoch  807 | train 3.626379e-01 | val 3.594087e-01 |  21.208 s | best 3.594087e-01 @807 *
epoch  808 | train 3.620509e-01 | val 3.594060e-01 |  24.239 s | best 3.594060e-01 @808 *
epoch  809 | train 3.631566e-01 | val 3.593935e-01 |  22.148 s | best 3.593935e-01 @809 *
epoch  810 | train 3.619262e-01 | val 3.593812e-01 |  21.826 s | best 3.593812e-01 @810 *
epoch  811 | train 3.629948e-01 | val 3.593621e-01 |  20.952 s | best 3.593621e-01 @811 *
epoch  812 | train 3.624830e-01 | val 3.593532e-01 |  21.314 s | best 3.593532e-01 @812 *
epoch  813 | train 3.626188e-01 | val 3.593534e-01 |  20.103 s | best 3.593532e-01 @812
epoch  814 | train 3.626707e-01 | val 3.593481e-01 |  23.501 s | best 3.593481e-01 @814 *
epoch  815 | train 3.624208e-01 | val 3.593405e-01 |  18.601 s | best 3.593405e-01 @815 *
epoch  816 | train 3.626906e-01 | val 3.593248e-01 |  18.467 s | best 3.593248e-01 @816 *
epoch  817 | train 3.620698e-01 | val 3.592779e-01 |  18.306 s | best 3.592779e-01 @817 *
epoch  818 | train 3.627488e-01 | val 3.592328e-01 |  18.102 s | best 3.592328e-01 @818 *
epoch  819 | train 3.627525e-01 | val 3.592382e-01 |  20.206 s | best 3.592328e-01 @818
epoch  820 | train 3.623864e-01 | val 3.592395e-01 |  20.004 s | best 3.592328e-01 @818
epoch  821 | train 3.619552e-01 | val 3.592071e-01 |  20.483 s | best 3.592071e-01 @821 *
epoch  822 | train 3.631417e-01 | val 3.591409e-01 |  19.010 s | best 3.591409e-01 @822 *
epoch  823 | train 3.620113e-01 | val 3.591034e-01 |  19.581 s | best 3.591034e-01 @823 *
epoch  824 | train 3.622991e-01 | val 3.590731e-01 |  19.698 s | best 3.590731e-01 @824 *
epoch  825 | train 3.623414e-01 | val 3.590843e-01 |  19.424 s | best 3.590731e-01 @824
epoch  826 | train 3.623577e-01 | val 3.590765e-01 |  19.196 s | best 3.590731e-01 @824
epoch  827 | train 3.625859e-01 | val 3.590872e-01 |  18.390 s | best 3.590731e-01 @824
epoch  828 | train 3.624087e-01 | val 3.590690e-01 |  17.743 s | best 3.590690e-01 @828 *
epoch  829 | train 3.617746e-01 | val 3.590673e-01 |  17.432 s | best 3.590673e-01 @829 *
epoch  830 | train 3.621656e-01 | val 3.590672e-01 |  17.615 s | best 3.590672e-01 @830 *
epoch  831 | train 3.624284e-01 | val 3.590780e-01 |  23.715 s | best 3.590672e-01 @830
epoch  832 | train 3.625905e-01 | val 3.590270e-01 |  25.313 s | best 3.590270e-01 @832 *
epoch  833 | train 3.623587e-01 | val 3.589750e-01 |  24.843 s | best 3.589750e-01 @833 *
epoch  834 | train 3.621165e-01 | val 3.589905e-01 |  24.159 s | best 3.589750e-01 @833
epoch  835 | train 3.628452e-01 | val 3.589866e-01 |  25.131 s | best 3.589750e-01 @833
epoch  836 | train 3.623197e-01 | val 3.590001e-01 |  25.176 s | best 3.589750e-01 @833
epoch  837 | train 3.620349e-01 | val 3.590217e-01 |  25.264 s | best 3.589750e-01 @833
epoch  838 | train 3.623712e-01 | val 3.589980e-01 |  25.065 s | best 3.589750e-01 @833
epoch  839 | train 3.625000e-01 | val 3.589511e-01 |  25.193 s | best 3.589511e-01 @839 *
epoch  840 | train 3.617069e-01 | val 3.589342e-01 |  25.114 s | best 3.589342e-01 @840 *
epoch  841 | train 3.620996e-01 | val 3.588833e-01 |  25.153 s | best 3.588833e-01 @841 *
epoch  842 | train 3.619961e-01 | val 3.588313e-01 |  25.194 s | best 3.588313e-01 @842 *
epoch  843 | train 3.622481e-01 | val 3.587911e-01 |  24.325 s | best 3.587911e-01 @843 *
epoch  844 | train 3.622148e-01 | val 3.587703e-01 |  23.957 s | best 3.587703e-01 @844 *
epoch  845 | train 3.626137e-01 | val 3.587727e-01 |  24.198 s | best 3.587703e-01 @844
epoch  846 | train 3.618851e-01 | val 3.587840e-01 |  24.001 s | best 3.587703e-01 @844
epoch  847 | train 3.624621e-01 | val 3.587846e-01 |  23.886 s | best 3.587703e-01 @844
epoch  848 | train 3.619326e-01 | val 3.588063e-01 |  23.866 s | best 3.587703e-01 @844
epoch  849 | train 3.623122e-01 | val 3.587857e-01 |  23.911 s | best 3.587703e-01 @844
epoch  850 | train 3.619035e-01 | val 3.587655e-01 |  23.929 s | best 3.587655e-01 @850 *
epoch  851 | train 3.623973e-01 | val 3.587338e-01 |  23.904 s | best 3.587338e-01 @851 *
epoch  852 | train 3.621006e-01 | val 3.587254e-01 |  23.904 s | best 3.587254e-01 @852 *
epoch  853 | train 3.616931e-01 | val 3.587304e-01 |  23.915 s | best 3.587254e-01 @852
epoch  854 | train 3.623312e-01 | val 3.587022e-01 |  23.885 s | best 3.587022e-01 @854 *
epoch  855 | train 3.615107e-01 | val 3.586834e-01 |  23.932 s | best 3.586834e-01 @855 *
epoch  856 | train 3.620221e-01 | val 3.586715e-01 |  23.897 s | best 3.586715e-01 @856 *
epoch  857 | train 3.621006e-01 | val 3.586562e-01 |  23.906 s | best 3.586562e-01 @857 *
epoch  858 | train 3.616790e-01 | val 3.586234e-01 |  24.206 s | best 3.586234e-01 @858 *
epoch  859 | train 3.620417e-01 | val 3.586108e-01 |  23.914 s | best 3.586108e-01 @859 *
epoch  860 | train 3.615406e-01 | val 3.586064e-01 |  23.913 s | best 3.586064e-01 @860 *
epoch  861 | train 3.618833e-01 | val 3.586095e-01 |  23.925 s | best 3.586064e-01 @860
epoch  862 | train 3.613977e-01 | val 3.585859e-01 |  23.928 s | best 3.585859e-01 @862 *
epoch  863 | train 3.623646e-01 | val 3.585955e-01 |  23.897 s | best 3.585859e-01 @862
epoch  864 | train 3.615552e-01 | val 3.585500e-01 |  23.910 s | best 3.585500e-01 @864 *
epoch  865 | train 3.618890e-01 | val 3.585191e-01 |  23.909 s | best 3.585191e-01 @865 *
epoch  866 | train 3.617049e-01 | val 3.584730e-01 |  23.919 s | best 3.584730e-01 @866 *
epoch  867 | train 3.612350e-01 | val 3.584572e-01 |  23.887 s | best 3.584572e-01 @867 *
epoch  868 | train 3.620286e-01 | val 3.584911e-01 |  23.886 s | best 3.584572e-01 @867
epoch  869 | train 3.619357e-01 | val 3.584972e-01 |  23.848 s | best 3.584572e-01 @867
epoch  870 | train 3.615885e-01 | val 3.584943e-01 |  23.960 s | best 3.584572e-01 @867
epoch  871 | train 3.621367e-01 | val 3.584816e-01 |  23.972 s | best 3.584572e-01 @867
epoch  872 | train 3.616946e-01 | val 3.584372e-01 |  23.882 s | best 3.584372e-01 @872 *
epoch  873 | train 3.619061e-01 | val 3.583880e-01 |  23.894 s | best 3.583880e-01 @873 *
epoch  874 | train 3.618350e-01 | val 3.583858e-01 |  23.872 s | best 3.583858e-01 @874 *
epoch  875 | train 3.617401e-01 | val 3.584003e-01 |  23.881 s | best 3.583858e-01 @874
epoch  876 | train 3.619540e-01 | val 3.584037e-01 |  23.862 s | best 3.583858e-01 @874
epoch  877 | train 3.620251e-01 | val 3.583964e-01 |  23.867 s | best 3.583858e-01 @874
epoch  878 | train 3.613449e-01 | val 3.583609e-01 |  23.889 s | best 3.583609e-01 @878 *
epoch  879 | train 3.612352e-01 | val 3.583046e-01 |  23.880 s | best 3.583046e-01 @879 *
epoch  880 | train 3.611109e-01 | val 3.582888e-01 |  23.869 s | best 3.582888e-01 @880 *
epoch  881 | train 3.613724e-01 | val 3.582976e-01 |  23.882 s | best 3.582888e-01 @880
epoch  882 | train 3.614813e-01 | val 3.582789e-01 |  23.916 s | best 3.582789e-01 @882 *
epoch  883 | train 3.614326e-01 | val 3.582588e-01 |  23.881 s | best 3.582588e-01 @883 *
epoch  884 | train 3.618890e-01 | val 3.582608e-01 |  24.073 s | best 3.582588e-01 @883
epoch  885 | train 3.608855e-01 | val 3.582653e-01 |  23.884 s | best 3.582588e-01 @883
epoch  886 | train 3.615192e-01 | val 3.582500e-01 |  23.898 s | best 3.582500e-01 @886 *
epoch  887 | train 3.611608e-01 | val 3.582121e-01 |  23.891 s | best 3.582121e-01 @887 *
epoch  888 | train 3.616938e-01 | val 3.581845e-01 |  23.873 s | best 3.581845e-01 @888 *
epoch  889 | train 3.613087e-01 | val 3.581661e-01 |  23.888 s | best 3.581661e-01 @889 *
epoch  890 | train 3.615986e-01 | val 3.582071e-01 |  23.905 s | best 3.581661e-01 @889
epoch  891 | train 3.617923e-01 | val 3.582201e-01 |  23.890 s | best 3.581661e-01 @889
epoch  892 | train 3.611193e-01 | val 3.582183e-01 |  23.862 s | best 3.581661e-01 @889
epoch  893 | train 3.611124e-01 | val 3.581835e-01 |  23.868 s | best 3.581661e-01 @889
epoch  894 | train 3.610631e-01 | val 3.582042e-01 |  23.861 s | best 3.581661e-01 @889
epoch  895 | train 3.615468e-01 | val 3.581767e-01 |  23.928 s | best 3.581661e-01 @889
epoch  896 | train 3.609869e-01 | val 3.581560e-01 |  23.900 s | best 3.581560e-01 @896 *
epoch  897 | train 3.612337e-01 | val 3.581393e-01 |  23.894 s | best 3.581393e-01 @897 *
epoch  898 | train 3.611466e-01 | val 3.581160e-01 |  24.178 s | best 3.581160e-01 @898 *
epoch  899 | train 3.624134e-01 | val 3.581267e-01 |  23.953 s | best 3.581160e-01 @898
epoch  900 | train 3.613026e-01 | val 3.581116e-01 |  23.898 s | best 3.581116e-01 @900 *
epoch  901 | train 3.614290e-01 | val 3.581280e-01 |  23.956 s | best 3.581116e-01 @900
epoch  902 | train 3.616631e-01 | val 3.581594e-01 |  23.898 s | best 3.581116e-01 @900
epoch  903 | train 3.610364e-01 | val 3.581381e-01 |  23.925 s | best 3.581116e-01 @900
epoch  904 | train 3.617026e-01 | val 3.581443e-01 |  23.890 s | best 3.581116e-01 @900
epoch  905 | train 3.621285e-01 | val 3.581454e-01 |  23.901 s | best 3.581116e-01 @900
epoch  906 | train 3.612735e-01 | val 3.580844e-01 |  23.840 s | best 3.580844e-01 @906 *
epoch  907 | train 3.613849e-01 | val 3.580293e-01 |  23.917 s | best 3.580293e-01 @907 *
epoch  908 | train 3.614001e-01 | val 3.580181e-01 |  23.812 s | best 3.580181e-01 @908 *
epoch  909 | train 3.615363e-01 | val 3.579872e-01 |  23.888 s | best 3.579872e-01 @909 *
epoch  910 | train 3.611527e-01 | val 3.580018e-01 |  23.844 s | best 3.579872e-01 @909
epoch  911 | train 3.614139e-01 | val 3.579836e-01 |  24.254 s | best 3.579836e-01 @911 *
epoch  912 | train 3.611326e-01 | val 3.579573e-01 |  23.852 s | best 3.579573e-01 @912 *
epoch  913 | train 3.614328e-01 | val 3.579488e-01 |  23.901 s | best 3.579488e-01 @913 *
epoch  914 | train 3.611378e-01 | val 3.579043e-01 |  23.836 s | best 3.579043e-01 @914 *
epoch  915 | train 3.610234e-01 | val 3.578678e-01 |  23.758 s | best 3.578678e-01 @915 *
epoch  916 | train 3.606106e-01 | val 3.578407e-01 |  23.660 s | best 3.578407e-01 @916 *
epoch  917 | train 3.607022e-01 | val 3.578417e-01 |  23.704 s | best 3.578407e-01 @916
epoch  918 | train 3.612083e-01 | val 3.578061e-01 |  23.687 s | best 3.578061e-01 @918 *
epoch  919 | train 3.612406e-01 | val 3.577885e-01 |  23.763 s | best 3.577885e-01 @919 *
epoch  920 | train 3.615915e-01 | val 3.578010e-01 |  23.656 s | best 3.577885e-01 @919
epoch  921 | train 3.612967e-01 | val 3.578596e-01 |  23.675 s | best 3.577885e-01 @919
epoch  922 | train 3.611822e-01 | val 3.578835e-01 |  23.524 s | best 3.577885e-01 @919
epoch  923 | train 3.614025e-01 | val 3.578708e-01 |  22.974 s | best 3.577885e-01 @919
epoch  924 | train 3.611784e-01 | val 3.578415e-01 |  10.020 s | best 3.577885e-01 @919
epoch  925 | train 3.610034e-01 | val 3.578315e-01 |   7.238 s | best 3.577885e-01 @919
epoch  926 | train 3.609012e-01 | val 3.578095e-01 |   7.228 s | best 3.577885e-01 @919
epoch  927 | train 3.612173e-01 | val 3.578487e-01 |   7.226 s | best 3.577885e-01 @919
epoch  928 | train 3.612021e-01 | val 3.578347e-01 |   7.288 s | best 3.577885e-01 @919
epoch  929 | train 3.607116e-01 | val 3.578614e-01 |   7.285 s | best 3.577885e-01 @919
epoch  930 | train 3.606968e-01 | val 3.578733e-01 |   7.244 s | best 3.577885e-01 @919
epoch  931 | train 3.609129e-01 | val 3.578745e-01 |   7.145 s | best 3.577885e-01 @919
epoch  932 | train 3.614237e-01 | val 3.578572e-01 |   7.250 s | best 3.577885e-01 @919
epoch  933 | train 3.608841e-01 | val 3.578424e-01 |   7.249 s | best 3.577885e-01 @919
epoch  934 | train 3.612395e-01 | val 3.578583e-01 |   7.202 s | best 3.577885e-01 @919
epoch  935 | train 3.600963e-01 | val 3.578270e-01 |   7.226 s | best 3.577885e-01 @919
epoch  936 | train 3.609108e-01 | val 3.578109e-01 |   7.202 s | best 3.577885e-01 @919
epoch  937 | train 3.612201e-01 | val 3.578045e-01 |   7.155 s | best 3.577885e-01 @919
epoch  938 | train 3.611661e-01 | val 3.577774e-01 |   7.236 s | best 3.577774e-01 @938 *
epoch  939 | train 3.609488e-01 | val 3.577774e-01 |   7.278 s | best 3.577774e-01 @939 *
epoch  940 | train 3.607551e-01 | val 3.577299e-01 |   7.211 s | best 3.577299e-01 @940 *
epoch  941 | train 3.604373e-01 | val 3.576944e-01 |   7.202 s | best 3.576944e-01 @941 *
epoch  942 | train 3.610136e-01 | val 3.576918e-01 |   7.240 s | best 3.576918e-01 @942 *
epoch  943 | train 3.609369e-01 | val 3.576728e-01 |   7.220 s | best 3.576728e-01 @943 *
epoch  944 | train 3.597101e-01 | val 3.576835e-01 |   9.637 s | best 3.576728e-01 @943
epoch  945 | train 3.607685e-01 | val 3.576786e-01 |  23.605 s | best 3.576728e-01 @943
epoch  946 | train 3.609479e-01 | val 3.576598e-01 |  23.591 s | best 3.576598e-01 @946 *
epoch  947 | train 3.612004e-01 | val 3.576384e-01 |  23.560 s | best 3.576384e-01 @947 *
epoch  948 | train 3.608673e-01 | val 3.576250e-01 |  23.542 s | best 3.576250e-01 @948 *
epoch  949 | train 3.606626e-01 | val 3.576023e-01 |  23.597 s | best 3.576023e-01 @949 *
epoch  950 | train 3.610998e-01 | val 3.575893e-01 |  23.505 s | best 3.575893e-01 @950 *
epoch  951 | train 3.603861e-01 | val 3.575910e-01 |  23.717 s | best 3.575893e-01 @950
epoch  952 | train 3.606931e-01 | val 3.575867e-01 |  10.700 s | best 3.575867e-01 @952 *
epoch  953 | train 3.609955e-01 | val 3.575725e-01 |   7.119 s | best 3.575725e-01 @953 *
epoch  954 | train 3.605449e-01 | val 3.576034e-01 |   7.117 s | best 3.575725e-01 @953
epoch  955 | train 3.606801e-01 | val 3.575906e-01 |   7.196 s | best 3.575725e-01 @953
epoch  956 | train 3.597248e-01 | val 3.575400e-01 |   7.109 s | best 3.575400e-01 @956 *
epoch  957 | train 3.602069e-01 | val 3.575084e-01 |   7.096 s | best 3.575084e-01 @957 *
epoch  958 | train 3.606952e-01 | val 3.574992e-01 |   7.046 s | best 3.574992e-01 @958 *
epoch  959 | train 3.605484e-01 | val 3.574928e-01 |   7.100 s | best 3.574928e-01 @959 *
epoch  960 | train 3.601042e-01 | val 3.574877e-01 |   7.106 s | best 3.574877e-01 @960 *
epoch  961 | train 3.607409e-01 | val 3.574944e-01 |   7.149 s | best 3.574877e-01 @960
epoch  962 | train 3.604136e-01 | val 3.575115e-01 |   7.180 s | best 3.574877e-01 @960
epoch  963 | train 3.599919e-01 | val 3.574941e-01 |   7.169 s | best 3.574877e-01 @960
epoch  964 | train 3.605659e-01 | val 3.574578e-01 |   7.048 s | best 3.574578e-01 @964 *
epoch  965 | train 3.603813e-01 | val 3.574159e-01 |   7.114 s | best 3.574159e-01 @965 *
epoch  966 | train 3.606883e-01 | val 3.573947e-01 |   7.226 s | best 3.573947e-01 @966 *
epoch  967 | train 3.608547e-01 | val 3.573841e-01 |   7.194 s | best 3.573841e-01 @967 *
epoch  968 | train 3.607245e-01 | val 3.573866e-01 |   7.106 s | best 3.573841e-01 @967
epoch  969 | train 3.604665e-01 | val 3.574119e-01 |   7.101 s | best 3.573841e-01 @967
epoch  970 | train 3.610724e-01 | val 3.574170e-01 |   7.096 s | best 3.573841e-01 @967
epoch  971 | train 3.604171e-01 | val 3.574027e-01 |   7.084 s | best 3.573841e-01 @967
epoch  972 | train 3.603479e-01 | val 3.573695e-01 |   7.084 s | best 3.573695e-01 @972 *
epoch  973 | train 3.607263e-01 | val 3.573294e-01 |   7.128 s | best 3.573294e-01 @973 *
epoch  974 | train 3.600283e-01 | val 3.573385e-01 |   7.113 s | best 3.573294e-01 @973
epoch  975 | train 3.608951e-01 | val 3.573374e-01 |   7.155 s | best 3.573294e-01 @973
epoch  976 | train 3.602649e-01 | val 3.573867e-01 |   7.139 s | best 3.573294e-01 @973
epoch  977 | train 3.608920e-01 | val 3.573768e-01 |   7.149 s | best 3.573294e-01 @973
epoch  978 | train 3.602913e-01 | val 3.573296e-01 |   7.177 s | best 3.573294e-01 @973
epoch  979 | train 3.606723e-01 | val 3.573352e-01 |   7.135 s | best 3.573294e-01 @973
epoch  980 | train 3.597267e-01 | val 3.573157e-01 |   7.076 s | best 3.573157e-01 @980 *
epoch  981 | train 3.601829e-01 | val 3.573417e-01 |   7.060 s | best 3.573157e-01 @980
epoch  982 | train 3.600121e-01 | val 3.573144e-01 |   7.039 s | best 3.573144e-01 @982 *
epoch  983 | train 3.603269e-01 | val 3.573225e-01 |   7.012 s | best 3.573144e-01 @982
epoch  984 | train 3.602087e-01 | val 3.572932e-01 |   7.022 s | best 3.572932e-01 @984 *
epoch  985 | train 3.598920e-01 | val 3.573091e-01 |   7.025 s | best 3.572932e-01 @984
epoch  986 | train 3.597810e-01 | val 3.573197e-01 |   7.055 s | best 3.572932e-01 @984
epoch  987 | train 3.604025e-01 | val 3.573141e-01 |   7.112 s | best 3.572932e-01 @984
epoch  988 | train 3.609617e-01 | val 3.572831e-01 |   7.155 s | best 3.572831e-01 @988 *
epoch  989 | train 3.601126e-01 | val 3.572631e-01 |   7.079 s | best 3.572631e-01 @989 *
epoch  990 | train 3.597190e-01 | val 3.572401e-01 |   6.998 s | best 3.572401e-01 @990 *
epoch  991 | train 3.608617e-01 | val 3.572254e-01 |   7.035 s | best 3.572254e-01 @991 *
epoch  992 | train 3.599966e-01 | val 3.571961e-01 |   7.115 s | best 3.571961e-01 @992 *
epoch  993 | train 3.593714e-01 | val 3.571912e-01 |   7.112 s | best 3.571912e-01 @993 *
epoch  994 | train 3.600505e-01 | val 3.571933e-01 |  21.894 s | best 3.571912e-01 @993
epoch  995 | train 3.604326e-01 | val 3.571753e-01 |  23.508 s | best 3.571753e-01 @995 *
epoch  996 | train 3.601996e-01 | val 3.572035e-01 |  23.394 s | best 3.571753e-01 @995
epoch  997 | train 3.600310e-01 | val 3.571734e-01 |  23.379 s | best 3.571734e-01 @997 *
epoch  998 | train 3.603881e-01 | val 3.571438e-01 |  23.358 s | best 3.571438e-01 @998 *
epoch  999 | train 3.600560e-01 | val 3.571227e-01 |  23.366 s | best 3.571227e-01 @999 *
epoch 1000 | train 3.599506e-01 | val 3.570965e-01 |  23.379 s | best 3.570965e-01 @1000 *
epoch 1001 | train 3.603275e-01 | val 3.570807e-01 |  23.359 s | best 3.570807e-01 @1001 *
epoch 1002 | train 3.603101e-01 | val 3.570764e-01 |  23.343 s | best 3.570764e-01 @1002 *
epoch 1003 | train 3.600098e-01 | val 3.570837e-01 |  23.410 s | best 3.570764e-01 @1002
epoch 1004 | train 3.595750e-01 | val 3.570631e-01 |  23.425 s | best 3.570631e-01 @1004 *
epoch 1005 | train 3.601931e-01 | val 3.570570e-01 |  23.391 s | best 3.570570e-01 @1005 *
epoch 1006 | train 3.598540e-01 | val 3.570545e-01 |  23.388 s | best 3.570545e-01 @1006 *
epoch 1007 | train 3.599865e-01 | val 3.570414e-01 |  23.351 s | best 3.570414e-01 @1007 *
epoch 1008 | train 3.603478e-01 | val 3.570107e-01 |  23.406 s | best 3.570107e-01 @1008 *
epoch 1009 | train 3.603555e-01 | val 3.570504e-01 |  23.336 s | best 3.570107e-01 @1008
epoch 1010 | train 3.603761e-01 | val 3.570374e-01 |  23.346 s | best 3.570107e-01 @1008
epoch 1011 | train 3.603583e-01 | val 3.570174e-01 |  23.341 s | best 3.570107e-01 @1008
epoch 1012 | train 3.604216e-01 | val 3.570170e-01 |  23.335 s | best 3.570107e-01 @1008
epoch 1013 | train 3.600676e-01 | val 3.569819e-01 |  23.360 s | best 3.569819e-01 @1013 *
epoch 1014 | train 3.602798e-01 | val 3.569995e-01 |  23.342 s | best 3.569819e-01 @1013
epoch 1015 | train 3.603185e-01 | val 3.569792e-01 |  23.391 s | best 3.569792e-01 @1015 *
epoch 1016 | train 3.601601e-01 | val 3.569816e-01 |  23.363 s | best 3.569792e-01 @1015
epoch 1017 | train 3.596579e-01 | val 3.569340e-01 |  23.378 s | best 3.569340e-01 @1017 *
epoch 1018 | train 3.597128e-01 | val 3.569348e-01 |  23.354 s | best 3.569340e-01 @1017
epoch 1019 | train 3.603610e-01 | val 3.569619e-01 |  23.348 s | best 3.569340e-01 @1017
epoch 1020 | train 3.597612e-01 | val 3.569617e-01 |  23.616 s | best 3.569340e-01 @1017
epoch 1021 | train 3.596749e-01 | val 3.569569e-01 |  23.342 s | best 3.569340e-01 @1017
epoch 1022 | train 3.602006e-01 | val 3.569533e-01 |  23.365 s | best 3.569340e-01 @1017
epoch 1023 | train 3.595838e-01 | val 3.569413e-01 |  23.371 s | best 3.569340e-01 @1017
epoch 1024 | train 3.601342e-01 | val 3.569331e-01 |  23.326 s | best 3.569331e-01 @1024 *
epoch 1025 | train 3.596737e-01 | val 3.569341e-01 |  23.374 s | best 3.569331e-01 @1024
epoch 1026 | train 3.598554e-01 | val 3.569079e-01 |  23.404 s | best 3.569079e-01 @1026 *
epoch 1027 | train 3.600311e-01 | val 3.568784e-01 |  23.377 s | best 3.568784e-01 @1027 *
epoch 1028 | train 3.596803e-01 | val 3.568724e-01 |  23.363 s | best 3.568724e-01 @1028 *
epoch 1029 | train 3.603116e-01 | val 3.568893e-01 |  23.363 s | best 3.568724e-01 @1028
epoch 1030 | train 3.604119e-01 | val 3.568884e-01 |  23.442 s | best 3.568724e-01 @1028
epoch 1031 | train 3.600543e-01 | val 3.568678e-01 |  23.380 s | best 3.568678e-01 @1031 *
epoch 1032 | train 3.594180e-01 | val 3.569023e-01 |  23.388 s | best 3.568678e-01 @1031
epoch 1033 | train 3.594521e-01 | val 3.569199e-01 |  23.119 s | best 3.568678e-01 @1031
epoch 1034 | train 3.593814e-01 | val 3.569398e-01 |  23.487 s | best 3.568678e-01 @1031
epoch 1035 | train 3.595550e-01 | val 3.569177e-01 |  23.430 s | best 3.568678e-01 @1031
epoch 1036 | train 3.600249e-01 | val 3.568686e-01 |  23.399 s | best 3.568678e-01 @1031
epoch 1037 | train 3.599381e-01 | val 3.568404e-01 |  23.423 s | best 3.568404e-01 @1037 *
epoch 1038 | train 3.602291e-01 | val 3.568474e-01 |  23.436 s | best 3.568404e-01 @1037
epoch 1039 | train 3.603341e-01 | val 3.567951e-01 |  23.368 s | best 3.567951e-01 @1039 *
epoch 1040 | train 3.600896e-01 | val 3.567843e-01 |  23.408 s | best 3.567843e-01 @1040 *
epoch 1041 | train 3.594219e-01 | val 3.568097e-01 |  23.396 s | best 3.567843e-01 @1040
epoch 1042 | train 3.602259e-01 | val 3.568130e-01 |  23.328 s | best 3.567843e-01 @1040
epoch 1043 | train 3.605135e-01 | val 3.567984e-01 |  23.433 s | best 3.567843e-01 @1040
epoch 1044 | train 3.592917e-01 | val 3.568119e-01 |  23.398 s | best 3.567843e-01 @1040
epoch 1045 | train 3.604808e-01 | val 3.568031e-01 |  23.411 s | best 3.567843e-01 @1040
epoch 1046 | train 3.595735e-01 | val 3.568028e-01 |  23.580 s | best 3.567843e-01 @1040
epoch 1047 | train 3.602864e-01 | val 3.567694e-01 |  23.516 s | best 3.567694e-01 @1047 *
epoch 1048 | train 3.599559e-01 | val 3.567460e-01 |  23.426 s | best 3.567460e-01 @1048 *
epoch 1049 | train 3.600851e-01 | val 3.567175e-01 |  23.450 s | best 3.567175e-01 @1049 *
epoch 1050 | train 3.592357e-01 | val 3.567481e-01 |  23.508 s | best 3.567175e-01 @1049
epoch 1051 | train 3.598953e-01 | val 3.567049e-01 |  23.629 s | best 3.567049e-01 @1051 *
epoch 1052 | train 3.598544e-01 | val 3.567133e-01 |  23.675 s | best 3.567049e-01 @1051
epoch 1053 | train 3.597256e-01 | val 3.566604e-01 |  23.586 s | best 3.566604e-01 @1053 *
epoch 1054 | train 3.595576e-01 | val 3.566754e-01 |  23.630 s | best 3.566604e-01 @1053
epoch 1055 | train 3.604078e-01 | val 3.566766e-01 |  23.620 s | best 3.566604e-01 @1053
epoch 1056 | train 3.605007e-01 | val 3.566977e-01 |  23.661 s | best 3.566604e-01 @1053
epoch 1057 | train 3.591680e-01 | val 3.566826e-01 |  23.638 s | best 3.566604e-01 @1053
epoch 1058 | train 3.598352e-01 | val 3.566753e-01 |  23.633 s | best 3.566604e-01 @1053
epoch 1059 | train 3.591203e-01 | val 3.566824e-01 |  23.802 s | best 3.566604e-01 @1053
epoch 1060 | train 3.602243e-01 | val 3.566868e-01 |  23.655 s | best 3.566604e-01 @1053
epoch 1061 | train 3.594246e-01 | val 3.566861e-01 |  23.581 s | best 3.566604e-01 @1053
epoch 1062 | train 3.596623e-01 | val 3.566751e-01 |  23.625 s | best 3.566604e-01 @1053
epoch 1063 | train 3.595011e-01 | val 3.566321e-01 |  23.589 s | best 3.566321e-01 @1063 *
epoch 1064 | train 3.596204e-01 | val 3.566176e-01 |  23.553 s | best 3.566176e-01 @1064 *
epoch 1065 | train 3.588768e-01 | val 3.566338e-01 |  23.626 s | best 3.566176e-01 @1064
epoch 1066 | train 3.602005e-01 | val 3.566275e-01 |  23.599 s | best 3.566176e-01 @1064
epoch 1067 | train 3.598574e-01 | val 3.566153e-01 |  23.644 s | best 3.566153e-01 @1067 *
epoch 1068 | train 3.597971e-01 | val 3.566203e-01 |  23.591 s | best 3.566153e-01 @1067
epoch 1069 | train 3.594125e-01 | val 3.566358e-01 |  23.646 s | best 3.566153e-01 @1067
epoch 1070 | train 3.594915e-01 | val 3.566205e-01 |  23.594 s | best 3.566153e-01 @1067
epoch 1071 | train 3.595356e-01 | val 3.565813e-01 |  23.588 s | best 3.565813e-01 @1071 *
epoch 1072 | train 3.591133e-01 | val 3.565629e-01 |  23.554 s | best 3.565629e-01 @1072 *
epoch 1073 | train 3.593510e-01 | val 3.565729e-01 |  23.827 s | best 3.565629e-01 @1072
epoch 1074 | train 3.594997e-01 | val 3.566044e-01 |  23.610 s | best 3.565629e-01 @1072
epoch 1075 | train 3.594982e-01 | val 3.565929e-01 |  23.577 s | best 3.565629e-01 @1072
epoch 1076 | train 3.587511e-01 | val 3.565916e-01 |  23.562 s | best 3.565629e-01 @1072
epoch 1077 | train 3.594795e-01 | val 3.565840e-01 |  23.603 s | best 3.565629e-01 @1072
epoch 1078 | train 3.597870e-01 | val 3.565283e-01 |  23.671 s | best 3.565283e-01 @1078 *
epoch 1079 | train 3.597226e-01 | val 3.564688e-01 |  23.540 s | best 3.564688e-01 @1079 *
epoch 1080 | train 3.596343e-01 | val 3.564591e-01 |  23.607 s | best 3.564591e-01 @1080 *
epoch 1081 | train 3.599486e-01 | val 3.564462e-01 |  23.557 s | best 3.564462e-01 @1081 *
epoch 1082 | train 3.597278e-01 | val 3.564541e-01 |  23.513 s | best 3.564462e-01 @1081
epoch 1083 | train 3.597522e-01 | val 3.564245e-01 |  23.563 s | best 3.564245e-01 @1083 *
epoch 1084 | train 3.589940e-01 | val 3.564485e-01 |  23.546 s | best 3.564245e-01 @1083
epoch 1085 | train 3.593714e-01 | val 3.564437e-01 |  23.625 s | best 3.564245e-01 @1083
epoch 1086 | train 3.593907e-01 | val 3.564171e-01 |  22.479 s | best 3.564171e-01 @1086 *
epoch 1087 | train 3.591133e-01 | val 3.564073e-01 |  17.632 s | best 3.564073e-01 @1087 *
epoch 1088 | train 3.585001e-01 | val 3.564087e-01 |  23.528 s | best 3.564073e-01 @1087
epoch 1089 | train 3.591478e-01 | val 3.564229e-01 |  23.549 s | best 3.564073e-01 @1087
epoch 1090 | train 3.596004e-01 | val 3.564152e-01 |  23.559 s | best 3.564073e-01 @1087
epoch 1091 | train 3.592330e-01 | val 3.564313e-01 |  23.542 s | best 3.564073e-01 @1087
epoch 1092 | train 3.591955e-01 | val 3.564398e-01 |  23.485 s | best 3.564073e-01 @1087
epoch 1093 | train 3.589425e-01 | val 3.564222e-01 |  23.502 s | best 3.564073e-01 @1087
epoch 1094 | train 3.594161e-01 | val 3.564086e-01 |  23.467 s | best 3.564073e-01 @1087
epoch 1095 | train 3.594621e-01 | val 3.563752e-01 |  23.533 s | best 3.563752e-01 @1095 *
epoch 1096 | train 3.595164e-01 | val 3.563671e-01 |  23.481 s | best 3.563671e-01 @1096 *
epoch 1097 | train 3.591280e-01 | val 3.563513e-01 |  23.470 s | best 3.563513e-01 @1097 *
epoch 1098 | train 3.593502e-01 | val 3.563673e-01 |  23.464 s | best 3.563513e-01 @1097
epoch 1099 | train 3.594495e-01 | val 3.563705e-01 |  23.550 s | best 3.563513e-01 @1097
epoch 1100 | train 3.593258e-01 | val 3.563522e-01 |  23.927 s | best 3.563513e-01 @1097
epoch 1101 | train 3.593218e-01 | val 3.563647e-01 |  23.503 s | best 3.563513e-01 @1097
epoch 1102 | train 3.597193e-01 | val 3.563720e-01 |  23.513 s | best 3.563513e-01 @1097
epoch 1103 | train 3.589475e-01 | val 3.563608e-01 |  23.475 s | best 3.563513e-01 @1097
epoch 1104 | train 3.594419e-01 | val 3.563432e-01 |  23.400 s | best 3.563432e-01 @1104 *
epoch 1105 | train 3.593761e-01 | val 3.563346e-01 |  23.360 s | best 3.563346e-01 @1105 *
epoch 1106 | train 3.593323e-01 | val 3.563309e-01 |  23.352 s | best 3.563309e-01 @1106 *
epoch 1107 | train 3.589460e-01 | val 3.563324e-01 |  23.305 s | best 3.563309e-01 @1106
epoch 1108 | train 3.595134e-01 | val 3.563221e-01 |  23.235 s | best 3.563221e-01 @1108 *
epoch 1109 | train 3.593477e-01 | val 3.562857e-01 |  23.368 s | best 3.562857e-01 @1109 *
epoch 1110 | train 3.589804e-01 | val 3.562723e-01 |  23.293 s | best 3.562723e-01 @1110 *
epoch 1111 | train 3.588134e-01 | val 3.562841e-01 |  23.328 s | best 3.562723e-01 @1110
epoch 1112 | train 3.591967e-01 | val 3.562772e-01 |  23.245 s | best 3.562723e-01 @1110
epoch 1113 | train 3.584764e-01 | val 3.562666e-01 |  23.443 s | best 3.562666e-01 @1113 *
epoch 1114 | train 3.595082e-01 | val 3.562698e-01 |  23.323 s | best 3.562666e-01 @1113
epoch 1115 | train 3.596922e-01 | val 3.562628e-01 |  23.242 s | best 3.562628e-01 @1115 *
epoch 1116 | train 3.591353e-01 | val 3.562211e-01 |  23.255 s | best 3.562211e-01 @1116 *
epoch 1117 | train 3.592289e-01 | val 3.562230e-01 |  23.267 s | best 3.562211e-01 @1116
epoch 1118 | train 3.592270e-01 | val 3.562195e-01 |  23.240 s | best 3.562195e-01 @1118 *
epoch 1119 | train 3.592867e-01 | val 3.562402e-01 |  23.262 s | best 3.562195e-01 @1118
epoch 1120 | train 3.589960e-01 | val 3.562047e-01 |  23.270 s | best 3.562047e-01 @1120 *
epoch 1121 | train 3.597058e-01 | val 3.561960e-01 |  23.289 s | best 3.561960e-01 @1121 *
epoch 1122 | train 3.591298e-01 | val 3.562194e-01 |  23.268 s | best 3.561960e-01 @1121
epoch 1123 | train 3.595174e-01 | val 3.562304e-01 |  23.253 s | best 3.561960e-01 @1121
epoch 1124 | train 3.590455e-01 | val 3.561905e-01 |  23.272 s | best 3.561905e-01 @1124 *
epoch 1125 | train 3.590399e-01 | val 3.561484e-01 |  23.283 s | best 3.561484e-01 @1125 *
epoch 1126 | train 3.591296e-01 | val 3.561079e-01 |  23.263 s | best 3.561079e-01 @1126 *
epoch 1127 | train 3.588018e-01 | val 3.560751e-01 |  23.294 s | best 3.560751e-01 @1127 *
epoch 1128 | train 3.591676e-01 | val 3.560567e-01 |  23.533 s | best 3.560567e-01 @1128 *
epoch 1129 | train 3.594398e-01 | val 3.560610e-01 |  23.329 s | best 3.560567e-01 @1128
epoch 1130 | train 3.588500e-01 | val 3.560936e-01 |  23.245 s | best 3.560567e-01 @1128
epoch 1131 | train 3.579926e-01 | val 3.560691e-01 |  23.327 s | best 3.560567e-01 @1128
epoch 1132 | train 3.587782e-01 | val 3.561098e-01 |  23.284 s | best 3.560567e-01 @1128
epoch 1133 | train 3.593882e-01 | val 3.561155e-01 |  23.293 s | best 3.560567e-01 @1128
epoch 1134 | train 3.594434e-01 | val 3.560825e-01 |  23.203 s | best 3.560567e-01 @1128
epoch 1135 | train 3.586115e-01 | val 3.560750e-01 |  23.189 s | best 3.560567e-01 @1128
epoch 1136 | train 3.590615e-01 | val 3.560826e-01 |  23.154 s | best 3.560567e-01 @1128
epoch 1137 | train 3.592380e-01 | val 3.560755e-01 |  23.164 s | best 3.560567e-01 @1128
epoch 1138 | train 3.583259e-01 | val 3.561144e-01 |  23.176 s | best 3.560567e-01 @1128
epoch 1139 | train 3.591283e-01 | val 3.561336e-01 |  23.171 s | best 3.560567e-01 @1128
epoch 1140 | train 3.592222e-01 | val 3.561311e-01 |  23.181 s | best 3.560567e-01 @1128
epoch 1141 | train 3.590003e-01 | val 3.561342e-01 |  23.244 s | best 3.560567e-01 @1128
epoch 1142 | train 3.589726e-01 | val 3.561284e-01 |  23.140 s | best 3.560567e-01 @1128
epoch 1143 | train 3.591019e-01 | val 3.561210e-01 |  23.083 s | best 3.560567e-01 @1128
epoch 1144 | train 3.587648e-01 | val 3.560632e-01 |  23.076 s | best 3.560567e-01 @1128
epoch 1145 | train 3.591418e-01 | val 3.560306e-01 |  23.105 s | best 3.560306e-01 @1145 *
epoch 1146 | train 3.596771e-01 | val 3.560352e-01 |  23.082 s | best 3.560306e-01 @1145
epoch 1147 | train 3.592707e-01 | val 3.560341e-01 |  23.081 s | best 3.560306e-01 @1145
epoch 1148 | train 3.594998e-01 | val 3.560459e-01 |  23.134 s | best 3.560306e-01 @1145
epoch 1149 | train 3.588692e-01 | val 3.560432e-01 |  23.104 s | best 3.560306e-01 @1145
epoch 1150 | train 3.588464e-01 | val 3.560045e-01 |  23.077 s | best 3.560045e-01 @1150 *
epoch 1151 | train 3.588619e-01 | val 3.559799e-01 |  23.108 s | best 3.559799e-01 @1151 *
epoch 1152 | train 3.583298e-01 | val 3.559930e-01 |  23.092 s | best 3.559799e-01 @1151
epoch 1153 | train 3.589540e-01 | val 3.559774e-01 |  23.108 s | best 3.559774e-01 @1153 *
epoch 1154 | train 3.586542e-01 | val 3.559636e-01 |  23.173 s | best 3.559636e-01 @1154 *
epoch 1155 | train 3.591295e-01 | val 3.560006e-01 |  23.069 s | best 3.559636e-01 @1154
epoch 1156 | train 3.589532e-01 | val 3.559925e-01 |  23.109 s | best 3.559636e-01 @1154
epoch 1157 | train 3.587174e-01 | val 3.559891e-01 |  23.106 s | best 3.559636e-01 @1154
epoch 1158 | train 3.581769e-01 | val 3.559739e-01 |  23.144 s | best 3.559636e-01 @1154
epoch 1159 | train 3.588230e-01 | val 3.559708e-01 |  23.134 s | best 3.559636e-01 @1154
epoch 1160 | train 3.587298e-01 | val 3.559426e-01 |  23.126 s | best 3.559426e-01 @1160 *
epoch 1161 | train 3.586087e-01 | val 3.559554e-01 |  23.159 s | best 3.559426e-01 @1160
epoch 1162 | train 3.585620e-01 | val 3.559784e-01 |  23.115 s | best 3.559426e-01 @1160
epoch 1163 | train 3.596057e-01 | val 3.560179e-01 |  23.118 s | best 3.559426e-01 @1160
epoch 1164 | train 3.589031e-01 | val 3.559929e-01 |  23.110 s | best 3.559426e-01 @1160
epoch 1165 | train 3.589493e-01 | val 3.560082e-01 |  23.119 s | best 3.559426e-01 @1160
epoch 1166 | train 3.591990e-01 | val 3.559662e-01 |  23.126 s | best 3.559426e-01 @1160
epoch 1167 | train 3.592942e-01 | val 3.559751e-01 |  23.130 s | best 3.559426e-01 @1160
epoch 1168 | train 3.588430e-01 | val 3.559654e-01 |  23.440 s | best 3.559426e-01 @1160
epoch 1169 | train 3.583347e-01 | val 3.559342e-01 |  23.077 s | best 3.559342e-01 @1169 *
epoch 1170 | train 3.593164e-01 | val 3.559470e-01 |  23.048 s | best 3.559342e-01 @1169
epoch 1171 | train 3.590282e-01 | val 3.559815e-01 |  23.108 s | best 3.559342e-01 @1169
epoch 1172 | train 3.587452e-01 | val 3.559380e-01 |  23.071 s | best 3.559342e-01 @1169
epoch 1173 | train 3.584244e-01 | val 3.559074e-01 |  23.091 s | best 3.559074e-01 @1173 *
epoch 1174 | train 3.585504e-01 | val 3.558798e-01 |  23.064 s | best 3.558798e-01 @1174 *
epoch 1175 | train 3.585483e-01 | val 3.558920e-01 |  23.064 s | best 3.558798e-01 @1174
epoch 1176 | train 3.591130e-01 | val 3.558566e-01 |  23.079 s | best 3.558566e-01 @1176 *
epoch 1177 | train 3.587770e-01 | val 3.558256e-01 |  23.117 s | best 3.558256e-01 @1177 *
epoch 1178 | train 3.588652e-01 | val 3.558036e-01 |  23.059 s | best 3.558036e-01 @1178 *
epoch 1179 | train 3.586200e-01 | val 3.558242e-01 |  23.106 s | best 3.558036e-01 @1178
epoch 1180 | train 3.587732e-01 | val 3.558515e-01 |  23.112 s | best 3.558036e-01 @1178
epoch 1181 | train 3.583634e-01 | val 3.558487e-01 |  23.080 s | best 3.558036e-01 @1178
epoch 1182 | train 3.590322e-01 | val 3.558584e-01 |  23.211 s | best 3.558036e-01 @1178
epoch 1183 | train 3.586609e-01 | val 3.558455e-01 |  23.141 s | best 3.558036e-01 @1178
epoch 1184 | train 3.588727e-01 | val 3.558519e-01 |  23.096 s | best 3.558036e-01 @1178
epoch 1185 | train 3.577324e-01 | val 3.558428e-01 |  23.073 s | best 3.558036e-01 @1178
epoch 1186 | train 3.586971e-01 | val 3.558438e-01 |  23.074 s | best 3.558036e-01 @1178
epoch 1187 | train 3.588171e-01 | val 3.558499e-01 |  23.124 s | best 3.558036e-01 @1178
epoch 1188 | train 3.588515e-01 | val 3.558410e-01 |  23.079 s | best 3.558036e-01 @1178
epoch 1189 | train 3.582956e-01 | val 3.558760e-01 |  23.173 s | best 3.558036e-01 @1178
epoch 1190 | train 3.586470e-01 | val 3.558902e-01 |  23.089 s | best 3.558036e-01 @1178
epoch 1191 | train 3.591158e-01 | val 3.559152e-01 |  23.060 s | best 3.558036e-01 @1178
epoch 1192 | train 3.586305e-01 | val 3.558588e-01 |  23.081 s | best 3.558036e-01 @1178
epoch 1193 | train 3.588839e-01 | val 3.558106e-01 |  23.093 s | best 3.558036e-01 @1178
epoch 1194 | train 3.580510e-01 | val 3.558205e-01 |  23.084 s | best 3.558036e-01 @1178
epoch 1195 | train 3.586892e-01 | val 3.557916e-01 |  23.108 s | best 3.557916e-01 @1195 *
epoch 1196 | train 3.584872e-01 | val 3.557905e-01 |  23.294 s | best 3.557905e-01 @1196 *
epoch 1197 | train 3.586790e-01 | val 3.557443e-01 |  23.136 s | best 3.557443e-01 @1197 *
epoch 1198 | train 3.587138e-01 | val 3.557250e-01 |  23.074 s | best 3.557250e-01 @1198 *
epoch 1199 | train 3.591601e-01 | val 3.557448e-01 |  23.100 s | best 3.557250e-01 @1198
epoch 1200 | train 3.587189e-01 | val 3.557243e-01 |  23.092 s | best 3.557243e-01 @1200 *
epoch 1201 | train 3.589246e-01 | val 3.557280e-01 |  23.100 s | best 3.557243e-01 @1200
epoch 1202 | train 3.584336e-01 | val 3.557042e-01 |  23.077 s | best 3.557042e-01 @1202 *
epoch 1203 | train 3.583276e-01 | val 3.557129e-01 |  23.084 s | best 3.557042e-01 @1202
epoch 1204 | train 3.583878e-01 | val 3.557117e-01 |  23.096 s | best 3.557042e-01 @1202
epoch 1205 | train 3.590739e-01 | val 3.557108e-01 |  23.079 s | best 3.557042e-01 @1202
epoch 1206 | train 3.587443e-01 | val 3.557055e-01 |  23.101 s | best 3.557042e-01 @1202
epoch 1207 | train 3.582355e-01 | val 3.556823e-01 |  23.096 s | best 3.556823e-01 @1207 *
epoch 1208 | train 3.584719e-01 | val 3.556745e-01 |  23.106 s | best 3.556745e-01 @1208 *
epoch 1209 | train 3.581313e-01 | val 3.556626e-01 |  23.163 s | best 3.556626e-01 @1209 *
epoch 1210 | train 3.581099e-01 | val 3.556675e-01 |  23.367 s | best 3.556626e-01 @1209
epoch 1211 | train 3.579760e-01 | val 3.556309e-01 |  23.144 s | best 3.556309e-01 @1211 *
epoch 1212 | train 3.588314e-01 | val 3.556441e-01 |  23.075 s | best 3.556309e-01 @1211
epoch 1213 | train 3.585727e-01 | val 3.556353e-01 |  23.107 s | best 3.556309e-01 @1211
epoch 1214 | train 3.585126e-01 | val 3.556335e-01 |  23.109 s | best 3.556309e-01 @1211
epoch 1215 | train 3.584779e-01 | val 3.556075e-01 |  23.083 s | best 3.556075e-01 @1215 *
epoch 1216 | train 3.586453e-01 | val 3.555987e-01 |  23.138 s | best 3.555987e-01 @1216 *
epoch 1217 | train 3.582181e-01 | val 3.556034e-01 |  23.081 s | best 3.555987e-01 @1216
epoch 1218 | train 3.585589e-01 | val 3.555774e-01 |  23.086 s | best 3.555774e-01 @1218 *
epoch 1219 | train 3.579505e-01 | val 3.555643e-01 |  23.088 s | best 3.555643e-01 @1219 *
epoch 1220 | train 3.581800e-01 | val 3.555959e-01 |  23.083 s | best 3.555643e-01 @1219
epoch 1221 | train 3.581722e-01 | val 3.555998e-01 |  22.697 s | best 3.555643e-01 @1219
epoch 1222 | train 3.584068e-01 | val 3.555682e-01 |  23.100 s | best 3.555643e-01 @1219
epoch 1223 | train 3.583550e-01 | val 3.555571e-01 |  22.714 s | best 3.555571e-01 @1223 *
epoch 1224 | train 3.582772e-01 | val 3.555372e-01 |  23.159 s | best 3.555372e-01 @1224 *
epoch 1225 | train 3.580393e-01 | val 3.555106e-01 |  23.111 s | best 3.555106e-01 @1225 *
epoch 1226 | train 3.586846e-01 | val 3.555174e-01 |  22.457 s | best 3.555106e-01 @1225
epoch 1227 | train 3.580323e-01 | val 3.554929e-01 |  22.600 s | best 3.554929e-01 @1227 *
epoch 1228 | train 3.588454e-01 | val 3.554800e-01 |  23.104 s | best 3.554800e-01 @1228 *
epoch 1229 | train 3.581166e-01 | val 3.555050e-01 |  23.164 s | best 3.554800e-01 @1228
epoch 1230 | train 3.587821e-01 | val 3.555187e-01 |  22.515 s | best 3.554800e-01 @1228
epoch 1231 | train 3.587045e-01 | val 3.555501e-01 |  22.536 s | best 3.554800e-01 @1228
epoch 1232 | train 3.582072e-01 | val 3.555797e-01 |  22.631 s | best 3.554800e-01 @1228
epoch 1233 | train 3.581032e-01 | val 3.556001e-01 |  23.114 s | best 3.554800e-01 @1228
epoch 1234 | train 3.584770e-01 | val 3.556163e-01 |  23.099 s | best 3.554800e-01 @1228
epoch 1235 | train 3.581977e-01 | val 3.556238e-01 |  22.586 s | best 3.554800e-01 @1228
epoch 1236 | train 3.583744e-01 | val 3.555858e-01 |  23.134 s | best 3.554800e-01 @1228
epoch 1237 | train 3.580785e-01 | val 3.555553e-01 |  22.519 s | best 3.554800e-01 @1228
epoch 1238 | train 3.589811e-01 | val 3.555260e-01 |  22.701 s | best 3.554800e-01 @1228
