
# ===== 2026-09-21 12:40:53 KST  D2SX160000 attempt 1  testbed D2 prior S2  Nr=8 Nt=4
# DEVICE      : cuda | cuda_available=True | NVIDIA RTX PRO 6000 Blackwell Server Edition | torch 2.14.0+cu130 | train dtype float32 (01_RULES §9.5)
# data        : n_train=144000 n_val=16000 split_hash=a00951cf75b852a6 E||H||_F^2/(NrNt)=1.000362 (04_SPEC §2)
# sigma grid  : MEASURED, 20 points, log-uniform draw over [3.3062e-02, 8.4516e-01]
# hp          : {'arch': 'dit', 'param': 'vp', 'domain': 'angle', 'lr': 0.002238046051591068, 'ema': 0.999, 'batch': 256, 'emb': 256, 'width': 64, 'depth': 6, 'heads': 8, 'patch': 1}  params=479426
# stopping    : patience 20 on val loss, never before 200 epochs, max 3000 (01_RULES §5)
epoch    1 | train 7.892443e-01 | val 8.871883e-01 |  14.304 s | best 8.871883e-01 @1 *
epoch    2 | train 7.178184e-01 | val 8.167431e-01 |  14.186 s | best 8.167431e-01 @2 *
epoch    3 | train 5.791480e-01 | val 7.957764e-01 |  13.701 s | best 7.957764e-01 @3 *
epoch    4 | train 5.195679e-01 | val 7.388956e-01 |  16.321 s | best 7.388956e-01 @4 *
epoch    5 | train 4.955522e-01 | val 6.423973e-01 |  13.947 s | best 6.423973e-01 @5 *
epoch    6 | train 4.807802e-01 | val 5.539895e-01 |  13.246 s | best 5.539895e-01 @6 *
epoch    7 | train 4.688638e-01 | val 5.033913e-01 |  13.515 s | best 5.033913e-01 @7 *
epoch    8 | train 4.604921e-01 | val 4.757686e-01 |  13.123 s | best 4.757686e-01 @8 *
epoch    9 | train 4.527946e-01 | val 4.593761e-01 |  13.045 s | best 4.593761e-01 @9 *
epoch   10 | train 4.468068e-01 | val 4.481510e-01 |  12.217 s | best 4.481510e-01 @10 *
epoch   11 | train 4.420343e-01 | val 4.401895e-01 |  12.523 s | best 4.401895e-01 @11 *
epoch   12 | train 4.379948e-01 | val 4.342138e-01 |  13.389 s | best 4.342138e-01 @12 *
epoch   13 | train 4.345552e-01 | val 4.295431e-01 |  14.084 s | best 4.295431e-01 @13 *
epoch   14 | train 4.323724e-01 | val 4.258475e-01 |  14.148 s | best 4.258475e-01 @14 *
epoch   15 | train 4.293868e-01 | val 4.228658e-01 |  13.867 s | best 4.228658e-01 @15 *
epoch   16 | train 4.274940e-01 | val 4.203053e-01 |  13.814 s | best 4.203053e-01 @16 *
epoch   17 | train 4.257027e-01 | val 4.181601e-01 |  13.604 s | best 4.181601e-01 @17 *
epoch   18 | train 4.240304e-01 | val 4.162360e-01 |  12.710 s | best 4.162360e-01 @18 *
epoch   19 | train 4.220048e-01 | val 4.144647e-01 |  14.383 s | best 4.144647e-01 @19 *
epoch   20 | train 4.210020e-01 | val 4.129024e-01 |  14.403 s | best 4.129024e-01 @20 *
epoch   21 | train 4.192225e-01 | val 4.114718e-01 |  14.027 s | best 4.114718e-01 @21 *
epoch   22 | train 4.179556e-01 | val 4.101629e-01 |  13.192 s | best 4.101629e-01 @22 *
epoch   23 | train 4.161220e-01 | val 4.088532e-01 |  13.459 s | best 4.088532e-01 @23 *
epoch   24 | train 4.149451e-01 | val 4.075255e-01 |  14.174 s | best 4.075255e-01 @24 *
epoch   25 | train 4.138822e-01 | val 4.063009e-01 |  13.898 s | best 4.063009e-01 @25 *
epoch   26 | train 4.121975e-01 | val 4.050843e-01 |  12.881 s | best 4.050843e-01 @26 *
epoch   27 | train 4.113716e-01 | val 4.039081e-01 |  12.676 s | best 4.039081e-01 @27 *
epoch   28 | train 4.104394e-01 | val 4.028144e-01 |  12.894 s | best 4.028144e-01 @28 *
epoch   29 | train 4.089590e-01 | val 4.017907e-01 |  14.087 s | best 4.017907e-01 @29 *
epoch   30 | train 4.082529e-01 | val 4.008593e-01 |  14.266 s | best 4.008593e-01 @30 *
epoch   31 | train 4.068811e-01 | val 4.000067e-01 |  14.284 s | best 4.000067e-01 @31 *
epoch   32 | train 4.063233e-01 | val 3.989490e-01 |  14.377 s | best 3.989490e-01 @32 *
epoch   33 | train 4.050085e-01 | val 3.979027e-01 |  14.375 s | best 3.979027e-01 @33 *
epoch   34 | train 4.037986e-01 | val 3.969446e-01 |  14.316 s | best 3.969446e-01 @34 *
epoch   35 | train 4.028872e-01 | val 3.961255e-01 |  14.412 s | best 3.961255e-01 @35 *
epoch   36 | train 4.024981e-01 | val 3.953646e-01 |  14.522 s | best 3.953646e-01 @36 *
epoch   37 | train 4.018404e-01 | val 3.946556e-01 |  14.968 s | best 3.946556e-01 @37 *
epoch   38 | train 4.008301e-01 | val 3.940288e-01 |  14.655 s | best 3.940288e-01 @38 *
epoch   39 | train 3.999595e-01 | val 3.934172e-01 |  14.752 s | best 3.934172e-01 @39 *
epoch   40 | train 3.997213e-01 | val 3.928206e-01 |  14.019 s | best 3.928206e-01 @40 *
epoch   41 | train 3.986241e-01 | val 3.921852e-01 |  13.627 s | best 3.921852e-01 @41 *
epoch   42 | train 3.981160e-01 | val 3.916413e-01 |  15.943 s | best 3.916413e-01 @42 *
epoch   43 | train 3.977878e-01 | val 3.911689e-01 |  18.247 s | best 3.911689e-01 @43 *
epoch   44 | train 3.973997e-01 | val 3.906618e-01 |   8.962 s | best 3.906618e-01 @44 *
epoch   45 | train 3.964435e-01 | val 3.901776e-01 |   6.753 s | best 3.901776e-01 @45 *
epoch   46 | train 3.964985e-01 | val 3.897663e-01 |   6.752 s | best 3.897663e-01 @46 *
epoch   47 | train 3.961034e-01 | val 3.893843e-01 |  15.381 s | best 3.893843e-01 @47 *
epoch   48 | train 3.954494e-01 | val 3.890324e-01 |  13.168 s | best 3.890324e-01 @48 *
epoch   49 | train 3.963221e-01 | val 3.886321e-01 |  12.649 s | best 3.886321e-01 @49 *
epoch   50 | train 3.949333e-01 | val 3.883100e-01 |  11.958 s | best 3.883100e-01 @50 *
epoch   51 | train 3.944879e-01 | val 3.879884e-01 |  11.987 s | best 3.879884e-01 @51 *
epoch   52 | train 3.944836e-01 | val 3.876538e-01 |   9.461 s | best 3.876538e-01 @52 *
epoch   53 | train 3.940367e-01 | val 3.873489e-01 |  10.061 s | best 3.873489e-01 @53 *
epoch   54 | train 3.933910e-01 | val 3.870277e-01 |  11.796 s | best 3.870277e-01 @54 *
epoch   55 | train 3.929373e-01 | val 3.867013e-01 |  12.667 s | best 3.867013e-01 @55 *
epoch   56 | train 3.920141e-01 | val 3.863687e-01 |  13.876 s | best 3.863687e-01 @56 *
epoch   57 | train 3.924738e-01 | val 3.860334e-01 |  13.912 s | best 3.860334e-01 @57 *
epoch   58 | train 3.922737e-01 | val 3.856698e-01 |  10.553 s | best 3.856698e-01 @58 *
epoch   59 | train 3.916716e-01 | val 3.853445e-01 |  14.103 s | best 3.853445e-01 @59 *
epoch   60 | train 3.911989e-01 | val 3.850690e-01 |  15.408 s | best 3.850690e-01 @60 *
epoch   61 | train 3.914049e-01 | val 3.847894e-01 |   8.180 s | best 3.847894e-01 @61 *
epoch   62 | train 3.905396e-01 | val 3.845060e-01 |   7.278 s | best 3.845060e-01 @62 *
epoch   63 | train 3.905566e-01 | val 3.842505e-01 |   7.191 s | best 3.842505e-01 @63 *
epoch   64 | train 3.904724e-01 | val 3.840670e-01 |   7.096 s | best 3.840670e-01 @64 *
epoch   65 | train 3.896396e-01 | val 3.838167e-01 |  24.750 s | best 3.838167e-01 @65 *
epoch   66 | train 3.896197e-01 | val 3.835953e-01 |  24.691 s | best 3.835953e-01 @66 *
epoch   67 | train 3.892337e-01 | val 3.833781e-01 |  25.030 s | best 3.833781e-01 @67 *
epoch   68 | train 3.895641e-01 | val 3.831779e-01 |  24.715 s | best 3.831779e-01 @68 *
epoch   69 | train 3.891540e-01 | val 3.829776e-01 |  25.081 s | best 3.829776e-01 @69 *
epoch   70 | train 3.887810e-01 | val 3.827946e-01 |  20.835 s | best 3.827946e-01 @70 *
epoch   71 | train 3.881475e-01 | val 3.826139e-01 |  19.570 s | best 3.826139e-01 @71 *
epoch   72 | train 3.889000e-01 | val 3.824469e-01 |  25.281 s | best 3.824469e-01 @72 *
epoch   73 | train 3.879186e-01 | val 3.822657e-01 |  25.605 s | best 3.822657e-01 @73 *
epoch   74 | train 3.883467e-01 | val 3.820691e-01 |  25.693 s | best 3.820691e-01 @74 *
epoch   75 | train 3.873874e-01 | val 3.819027e-01 |  25.757 s | best 3.819027e-01 @75 *
epoch   76 | train 3.878472e-01 | val 3.817765e-01 |  26.371 s | best 3.817765e-01 @76 *
epoch   77 | train 3.872433e-01 | val 3.816001e-01 |  27.180 s | best 3.816001e-01 @77 *
epoch   78 | train 3.868710e-01 | val 3.814493e-01 |  22.499 s | best 3.814493e-01 @78 *
epoch   79 | train 3.869247e-01 | val 3.812503e-01 |  24.002 s | best 3.812503e-01 @79 *
epoch   80 | train 3.873992e-01 | val 3.810916e-01 |  23.793 s | best 3.810916e-01 @80 *
epoch   81 | train 3.867803e-01 | val 3.809635e-01 |  23.750 s | best 3.809635e-01 @81 *
epoch   82 | train 3.862356e-01 | val 3.807824e-01 |  23.710 s | best 3.807824e-01 @82 *
epoch   83 | train 3.861844e-01 | val 3.806688e-01 |  23.696 s | best 3.806688e-01 @83 *
epoch   84 | train 3.865871e-01 | val 3.805144e-01 |  16.625 s | best 3.805144e-01 @84 *
epoch   85 | train 3.856399e-01 | val 3.803513e-01 |   7.000 s | best 3.803513e-01 @85 *
epoch   86 | train 3.862048e-01 | val 3.802153e-01 |   7.023 s | best 3.802153e-01 @86 *
epoch   87 | train 3.862644e-01 | val 3.801140e-01 |   7.008 s | best 3.801140e-01 @87 *
epoch   88 | train 3.857364e-01 | val 3.799915e-01 |   6.879 s | best 3.799915e-01 @88 *
epoch   89 | train 3.852935e-01 | val 3.798392e-01 |  16.784 s | best 3.798392e-01 @89 *
epoch   90 | train 3.852270e-01 | val 3.796939e-01 |  12.209 s | best 3.796939e-01 @90 *
epoch   91 | train 3.850575e-01 | val 3.796214e-01 |  22.579 s | best 3.796214e-01 @91 *
epoch   92 | train 3.850962e-01 | val 3.794955e-01 |  23.316 s | best 3.794955e-01 @92 *
epoch   93 | train 3.849052e-01 | val 3.793783e-01 |  23.037 s | best 3.793783e-01 @93 *
epoch   94 | train 3.843373e-01 | val 3.792599e-01 |  22.910 s | best 3.792599e-01 @94 *
epoch   95 | train 3.848215e-01 | val 3.791269e-01 |  23.244 s | best 3.791269e-01 @95 *
epoch   96 | train 3.838524e-01 | val 3.789843e-01 |  23.181 s | best 3.789843e-01 @96 *
epoch   97 | train 3.846969e-01 | val 3.788498e-01 |  23.077 s | best 3.788498e-01 @97 *
epoch   98 | train 3.842729e-01 | val 3.786741e-01 |  23.022 s | best 3.786741e-01 @98 *
epoch   99 | train 3.836019e-01 | val 3.785585e-01 |  23.095 s | best 3.785585e-01 @99 *
epoch  100 | train 3.840929e-01 | val 3.784289e-01 |  23.107 s | best 3.784289e-01 @100 *
epoch  101 | train 3.833821e-01 | val 3.782859e-01 |  23.422 s | best 3.782859e-01 @101 *
epoch  102 | train 3.834691e-01 | val 3.782085e-01 |  23.116 s | best 3.782085e-01 @102 *
epoch  103 | train 3.832501e-01 | val 3.780703e-01 |  23.122 s | best 3.780703e-01 @103 *
epoch  104 | train 3.832647e-01 | val 3.779769e-01 |  23.143 s | best 3.779769e-01 @104 *
epoch  105 | train 3.832892e-01 | val 3.778643e-01 |  23.112 s | best 3.778643e-01 @105 *
epoch  106 | train 3.830355e-01 | val 3.777531e-01 |  23.231 s | best 3.777531e-01 @106 *
epoch  107 | train 3.826226e-01 | val 3.776317e-01 |  23.194 s | best 3.776317e-01 @107 *
epoch  108 | train 3.826694e-01 | val 3.775342e-01 |  23.160 s | best 3.775342e-01 @108 *
epoch  109 | train 3.826464e-01 | val 3.774224e-01 |  22.938 s | best 3.774224e-01 @109 *
epoch  110 | train 3.819870e-01 | val 3.773174e-01 |  23.173 s | best 3.773174e-01 @110 *
epoch  111 | train 3.825560e-01 | val 3.772376e-01 |  22.680 s | best 3.772376e-01 @111 *
epoch  112 | train 3.822148e-01 | val 3.771621e-01 |  22.648 s | best 3.771621e-01 @112 *
epoch  113 | train 3.822610e-01 | val 3.770302e-01 |  22.672 s | best 3.770302e-01 @113 *
epoch  114 | train 3.816943e-01 | val 3.769193e-01 |  23.433 s | best 3.769193e-01 @114 *
epoch  115 | train 3.824678e-01 | val 3.768284e-01 |  23.669 s | best 3.768284e-01 @115 *
epoch  116 | train 3.812764e-01 | val 3.766919e-01 |  23.385 s | best 3.766919e-01 @116 *
epoch  117 | train 3.816552e-01 | val 3.765896e-01 |  22.569 s | best 3.765896e-01 @117 *
epoch  118 | train 3.821476e-01 | val 3.765122e-01 |  23.462 s | best 3.765122e-01 @118 *
epoch  119 | train 3.814446e-01 | val 3.764378e-01 |  23.491 s | best 3.764378e-01 @119 *
epoch  120 | train 3.813688e-01 | val 3.763630e-01 |  23.025 s | best 3.763630e-01 @120 *
epoch  121 | train 3.812709e-01 | val 3.762528e-01 |  23.466 s | best 3.762528e-01 @121 *
epoch  122 | train 3.809619e-01 | val 3.761571e-01 |  22.935 s | best 3.761571e-01 @122 *
epoch  123 | train 3.807826e-01 | val 3.760844e-01 |  23.476 s | best 3.760844e-01 @123 *
epoch  124 | train 3.807115e-01 | val 3.760162e-01 |  23.378 s | best 3.760162e-01 @124 *
epoch  125 | train 3.803291e-01 | val 3.758951e-01 |  23.397 s | best 3.758951e-01 @125 *
epoch  126 | train 3.812721e-01 | val 3.757969e-01 |  12.479 s | best 3.757969e-01 @126 *
epoch  127 | train 3.808737e-01 | val 3.757092e-01 |  20.282 s | best 3.757092e-01 @127 *
epoch  128 | train 3.805464e-01 | val 3.756043e-01 |  17.524 s | best 3.756043e-01 @128 *
epoch  129 | train 3.800002e-01 | val 3.755327e-01 |  17.606 s | best 3.755327e-01 @129 *
epoch  130 | train 3.801121e-01 | val 3.754258e-01 |  17.521 s | best 3.754258e-01 @130 *
epoch  131 | train 3.803105e-01 | val 3.753267e-01 |  17.767 s | best 3.753267e-01 @131 *
epoch  132 | train 3.802820e-01 | val 3.752553e-01 |  17.859 s | best 3.752553e-01 @132 *
epoch  133 | train 3.801324e-01 | val 3.751458e-01 |  17.753 s | best 3.751458e-01 @133 *
epoch  134 | train 3.798235e-01 | val 3.750604e-01 |  17.574 s | best 3.750604e-01 @134 *
epoch  135 | train 3.796076e-01 | val 3.749934e-01 |  21.251 s | best 3.749934e-01 @135 *
epoch  136 | train 3.796024e-01 | val 3.748646e-01 |  22.771 s | best 3.748646e-01 @136 *
epoch  137 | train 3.800096e-01 | val 3.747644e-01 |  22.929 s | best 3.747644e-01 @137 *
epoch  138 | train 3.791445e-01 | val 3.746821e-01 |  22.770 s | best 3.746821e-01 @138 *
epoch  139 | train 3.800259e-01 | val 3.746229e-01 |  22.677 s | best 3.746229e-01 @139 *
epoch  140 | train 3.794456e-01 | val 3.745762e-01 |  22.631 s | best 3.745762e-01 @140 *
epoch  141 | train 3.789201e-01 | val 3.745098e-01 |  22.669 s | best 3.745098e-01 @141 *
epoch  142 | train 3.792376e-01 | val 3.744795e-01 |  22.618 s | best 3.744795e-01 @142 *
epoch  143 | train 3.789908e-01 | val 3.744110e-01 |  22.621 s | best 3.744110e-01 @143 *
epoch  144 | train 3.793342e-01 | val 3.743501e-01 |  22.750 s | best 3.743501e-01 @144 *
epoch  145 | train 3.790975e-01 | val 3.742392e-01 |  22.590 s | best 3.742392e-01 @145 *
epoch  146 | train 3.791033e-01 | val 3.741723e-01 |  22.651 s | best 3.741723e-01 @146 *
epoch  147 | train 3.791053e-01 | val 3.740716e-01 |  22.663 s | best 3.740716e-01 @147 *
epoch  148 | train 3.787131e-01 | val 3.739987e-01 |  22.654 s | best 3.739987e-01 @148 *
epoch  149 | train 3.785813e-01 | val 3.739776e-01 |  22.626 s | best 3.739776e-01 @149 *
epoch  150 | train 3.781324e-01 | val 3.739288e-01 |  22.648 s | best 3.739288e-01 @150 *
epoch  151 | train 3.789808e-01 | val 3.738915e-01 |  22.656 s | best 3.738915e-01 @151 *
epoch  152 | train 3.788046e-01 | val 3.738256e-01 |  22.682 s | best 3.738256e-01 @152 *
epoch  153 | train 3.782247e-01 | val 3.737543e-01 |  22.656 s | best 3.737543e-01 @153 *
epoch  154 | train 3.785798e-01 | val 3.737047e-01 |  22.678 s | best 3.737047e-01 @154 *
epoch  155 | train 3.781886e-01 | val 3.736072e-01 |  22.659 s | best 3.736072e-01 @155 *
epoch  156 | train 3.783751e-01 | val 3.734945e-01 |  22.666 s | best 3.734945e-01 @156 *
epoch  157 | train 3.775839e-01 | val 3.735101e-01 |  22.674 s | best 3.734945e-01 @156
epoch  158 | train 3.778073e-01 | val 3.734915e-01 |  22.917 s | best 3.734915e-01 @158 *
epoch  159 | train 3.779964e-01 | val 3.733978e-01 |  22.635 s | best 3.733978e-01 @159 *
epoch  160 | train 3.777173e-01 | val 3.733337e-01 |  22.640 s | best 3.733337e-01 @160 *
epoch  161 | train 3.780997e-01 | val 3.732481e-01 |  22.666 s | best 3.732481e-01 @161 *
epoch  162 | train 3.774177e-01 | val 3.731728e-01 |  22.632 s | best 3.731728e-01 @162 *
epoch  163 | train 3.780074e-01 | val 3.731104e-01 |  22.670 s | best 3.731104e-01 @163 *
epoch  164 | train 3.773800e-01 | val 3.730176e-01 |  22.657 s | best 3.730176e-01 @164 *
epoch  165 | train 3.773457e-01 | val 3.729226e-01 |  22.668 s | best 3.729226e-01 @165 *
epoch  166 | train 3.780728e-01 | val 3.728277e-01 |  22.636 s | best 3.728277e-01 @166 *
epoch  167 | train 3.771493e-01 | val 3.727379e-01 |  22.630 s | best 3.727379e-01 @167 *
epoch  168 | train 3.766473e-01 | val 3.726620e-01 |  22.670 s | best 3.726620e-01 @168 *
epoch  169 | train 3.773964e-01 | val 3.725991e-01 |  22.641 s | best 3.725991e-01 @169 *
epoch  170 | train 3.771189e-01 | val 3.725213e-01 |  22.629 s | best 3.725213e-01 @170 *
epoch  171 | train 3.770922e-01 | val 3.724332e-01 |  22.855 s | best 3.724332e-01 @171 *
epoch  172 | train 3.766157e-01 | val 3.723621e-01 |  22.646 s | best 3.723621e-01 @172 *
epoch  173 | train 3.775509e-01 | val 3.723483e-01 |  22.561 s | best 3.723483e-01 @173 *
epoch  174 | train 3.769841e-01 | val 3.722783e-01 |  22.542 s | best 3.722783e-01 @174 *
epoch  175 | train 3.772352e-01 | val 3.722301e-01 |  22.544 s | best 3.722301e-01 @175 *
epoch  176 | train 3.770010e-01 | val 3.721623e-01 |  22.601 s | best 3.721623e-01 @176 *
epoch  177 | train 3.770339e-01 | val 3.721375e-01 |  22.574 s | best 3.721375e-01 @177 *
epoch  178 | train 3.759398e-01 | val 3.720561e-01 |  22.553 s | best 3.720561e-01 @178 *
epoch  179 | train 3.763480e-01 | val 3.719987e-01 |  22.563 s | best 3.719987e-01 @179 *
epoch  180 | train 3.762809e-01 | val 3.719137e-01 |  22.556 s | best 3.719137e-01 @180 *
epoch  181 | train 3.767486e-01 | val 3.718808e-01 |  22.540 s | best 3.718808e-01 @181 *
epoch  182 | train 3.764225e-01 | val 3.718332e-01 |  22.551 s | best 3.718332e-01 @182 *
epoch  183 | train 3.758792e-01 | val 3.717651e-01 |  22.550 s | best 3.717651e-01 @183 *
epoch  184 | train 3.766129e-01 | val 3.717457e-01 |  22.416 s | best 3.717457e-01 @184 *
epoch  185 | train 3.759873e-01 | val 3.716951e-01 |  22.667 s | best 3.716951e-01 @185 *
epoch  186 | train 3.761257e-01 | val 3.716484e-01 |  22.330 s | best 3.716484e-01 @186 *
epoch  187 | train 3.761034e-01 | val 3.716184e-01 |  22.295 s | best 3.716184e-01 @187 *
epoch  188 | train 3.757592e-01 | val 3.715377e-01 |  22.335 s | best 3.715377e-01 @188 *
epoch  189 | train 3.761750e-01 | val 3.714668e-01 |  22.324 s | best 3.714668e-01 @189 *
epoch  190 | train 3.758625e-01 | val 3.714226e-01 |  22.303 s | best 3.714226e-01 @190 *
epoch  191 | train 3.757786e-01 | val 3.713962e-01 |  22.309 s | best 3.713962e-01 @191 *
epoch  192 | train 3.755367e-01 | val 3.713273e-01 |  22.307 s | best 3.713273e-01 @192 *
epoch  193 | train 3.755901e-01 | val 3.712499e-01 |  22.321 s | best 3.712499e-01 @193 *
epoch  194 | train 3.758275e-01 | val 3.711887e-01 |  22.315 s | best 3.711887e-01 @194 *
epoch  195 | train 3.756099e-01 | val 3.711259e-01 |  22.299 s | best 3.711259e-01 @195 *
epoch  196 | train 3.757250e-01 | val 3.710435e-01 |  22.301 s | best 3.710435e-01 @196 *
epoch  197 | train 3.750848e-01 | val 3.709738e-01 |  22.297 s | best 3.709738e-01 @197 *
epoch  198 | train 3.750062e-01 | val 3.709107e-01 |  22.371 s | best 3.709107e-01 @198 *
epoch  199 | train 3.753712e-01 | val 3.709197e-01 |  22.478 s | best 3.709107e-01 @198
epoch  200 | train 3.750004e-01 | val 3.708722e-01 |  22.355 s | best 3.708722e-01 @200 *
epoch  201 | train 3.758897e-01 | val 3.708870e-01 |  22.325 s | best 3.708722e-01 @200
epoch  202 | train 3.754008e-01 | val 3.708989e-01 |  22.345 s | best 3.708722e-01 @200
epoch  203 | train 3.749662e-01 | val 3.707703e-01 |  22.332 s | best 3.707703e-01 @203 *
epoch  204 | train 3.747549e-01 | val 3.706679e-01 |  22.334 s | best 3.706679e-01 @204 *
epoch  205 | train 3.752331e-01 | val 3.705824e-01 |  22.371 s | best 3.705824e-01 @205 *
epoch  206 | train 3.751130e-01 | val 3.705104e-01 |  22.347 s | best 3.705104e-01 @206 *
epoch  207 | train 3.750836e-01 | val 3.704253e-01 |  21.668 s | best 3.704253e-01 @207 *
epoch  208 | train 3.746987e-01 | val 3.703749e-01 |  22.251 s | best 3.703749e-01 @208 *
epoch  209 | train 3.748040e-01 | val 3.703275e-01 |  22.263 s | best 3.703275e-01 @209 *
epoch  210 | train 3.745158e-01 | val 3.703154e-01 |  22.267 s | best 3.703154e-01 @210 *
epoch  211 | train 3.745895e-01 | val 3.702622e-01 |  22.259 s | best 3.702622e-01 @211 *
epoch  212 | train 3.745196e-01 | val 3.701761e-01 |  22.296 s | best 3.701761e-01 @212 *
epoch  213 | train 3.745641e-01 | val 3.701348e-01 |  22.456 s | best 3.701348e-01 @213 *
epoch  214 | train 3.750690e-01 | val 3.700794e-01 |  21.757 s | best 3.700794e-01 @214 *
epoch  215 | train 3.744208e-01 | val 3.700317e-01 |  21.665 s | best 3.700317e-01 @215 *
epoch  216 | train 3.746315e-01 | val 3.700454e-01 |  22.324 s | best 3.700317e-01 @215
epoch  217 | train 3.745887e-01 | val 3.699708e-01 |  22.316 s | best 3.699708e-01 @217 *
epoch  218 | train 3.740201e-01 | val 3.698817e-01 |  22.317 s | best 3.698817e-01 @218 *
epoch  219 | train 3.737881e-01 | val 3.698406e-01 |  22.318 s | best 3.698406e-01 @219 *
epoch  220 | train 3.741555e-01 | val 3.697950e-01 |  22.361 s | best 3.697950e-01 @220 *
epoch  221 | train 3.741699e-01 | val 3.697709e-01 |  21.763 s | best 3.697709e-01 @221 *
epoch  222 | train 3.738129e-01 | val 3.697283e-01 |  22.481 s | best 3.697283e-01 @222 *
epoch  223 | train 3.741457e-01 | val 3.696711e-01 |  21.708 s | best 3.696711e-01 @223 *
epoch  224 | train 3.738866e-01 | val 3.696172e-01 |  22.389 s | best 3.696172e-01 @224 *
epoch  225 | train 3.737160e-01 | val 3.695269e-01 |  21.632 s | best 3.695269e-01 @225 *
epoch  226 | train 3.738571e-01 | val 3.695099e-01 |  22.236 s | best 3.695099e-01 @226 *
epoch  227 | train 3.730609e-01 | val 3.694549e-01 |  22.313 s | best 3.694549e-01 @227 *
epoch  228 | train 3.737800e-01 | val 3.693795e-01 |  22.351 s | best 3.693795e-01 @228 *
epoch  229 | train 3.729364e-01 | val 3.692440e-01 |  22.322 s | best 3.692440e-01 @229 *
epoch  230 | train 3.734282e-01 | val 3.691439e-01 |  21.789 s | best 3.691439e-01 @230 *
epoch  231 | train 3.737044e-01 | val 3.690597e-01 |  21.862 s | best 3.690597e-01 @231 *
epoch  232 | train 3.725303e-01 | val 3.689614e-01 |  20.181 s | best 3.689614e-01 @232 *
epoch  233 | train 3.726295e-01 | val 3.688731e-01 |  22.246 s | best 3.688731e-01 @233 *
epoch  234 | train 3.730821e-01 | val 3.688308e-01 |  22.154 s | best 3.688308e-01 @234 *
epoch  235 | train 3.725596e-01 | val 3.688111e-01 |  21.667 s | best 3.688111e-01 @235 *
epoch  236 | train 3.731394e-01 | val 3.688303e-01 |  22.344 s | best 3.688111e-01 @235
epoch  237 | train 3.726093e-01 | val 3.687541e-01 |  19.812 s | best 3.687541e-01 @237 *
epoch  238 | train 3.723182e-01 | val 3.686809e-01 |  20.968 s | best 3.686809e-01 @238 *
epoch  239 | train 3.724367e-01 | val 3.686448e-01 |  21.370 s | best 3.686448e-01 @239 *
epoch  240 | train 3.732792e-01 | val 3.685886e-01 |  21.496 s | best 3.685886e-01 @240 *
epoch  241 | train 3.721809e-01 | val 3.685742e-01 |  21.492 s | best 3.685742e-01 @241 *
epoch  242 | train 3.728889e-01 | val 3.685401e-01 |  21.747 s | best 3.685401e-01 @242 *
epoch  243 | train 3.724239e-01 | val 3.684576e-01 |  20.948 s | best 3.684576e-01 @243 *
epoch  244 | train 3.722587e-01 | val 3.683585e-01 |  22.164 s | best 3.683585e-01 @244 *
epoch  245 | train 3.726289e-01 | val 3.683219e-01 |  21.537 s | best 3.683219e-01 @245 *
epoch  246 | train 3.725983e-01 | val 3.682446e-01 |  22.200 s | best 3.682446e-01 @246 *
epoch  247 | train 3.720460e-01 | val 3.682417e-01 |  17.573 s | best 3.682417e-01 @247 *
epoch  248 | train 3.727828e-01 | val 3.682343e-01 |  13.230 s | best 3.682343e-01 @248 *
epoch  249 | train 3.722148e-01 | val 3.681856e-01 |  15.091 s | best 3.681856e-01 @249 *
epoch  250 | train 3.728930e-01 | val 3.681574e-01 |  14.093 s | best 3.681574e-01 @250 *
epoch  251 | train 3.722140e-01 | val 3.681027e-01 |  15.587 s | best 3.681027e-01 @251 *
epoch  252 | train 3.724173e-01 | val 3.680452e-01 |  14.742 s | best 3.680452e-01 @252 *
epoch  253 | train 3.722230e-01 | val 3.679782e-01 |  15.323 s | best 3.679782e-01 @253 *
epoch  254 | train 3.722508e-01 | val 3.679594e-01 |  13.724 s | best 3.679594e-01 @254 *
epoch  255 | train 3.723336e-01 | val 3.679366e-01 |  15.315 s | best 3.679366e-01 @255 *
epoch  256 | train 3.722570e-01 | val 3.678756e-01 |  12.936 s | best 3.678756e-01 @256 *
epoch  257 | train 3.712766e-01 | val 3.678516e-01 |  13.544 s | best 3.678516e-01 @257 *
epoch  258 | train 3.723412e-01 | val 3.678076e-01 |  14.700 s | best 3.678076e-01 @258 *
epoch  259 | train 3.717799e-01 | val 3.677746e-01 |  15.725 s | best 3.677746e-01 @259 *
epoch  260 | train 3.718050e-01 | val 3.677373e-01 |  17.922 s | best 3.677373e-01 @260 *
epoch  261 | train 3.716523e-01 | val 3.677150e-01 |  15.144 s | best 3.677150e-01 @261 *
epoch  262 | train 3.717037e-01 | val 3.676939e-01 |  15.575 s | best 3.676939e-01 @262 *
epoch  263 | train 3.716486e-01 | val 3.676844e-01 |  14.526 s | best 3.676844e-01 @263 *
epoch  264 | train 3.715832e-01 | val 3.676943e-01 |  16.510 s | best 3.676844e-01 @263
epoch  265 | train 3.709605e-01 | val 3.676427e-01 |  15.255 s | best 3.676427e-01 @265 *
epoch  266 | train 3.716098e-01 | val 3.675487e-01 |  13.856 s | best 3.675487e-01 @266 *
epoch  267 | train 3.714219e-01 | val 3.675148e-01 |  15.343 s | best 3.675148e-01 @267 *
epoch  268 | train 3.708300e-01 | val 3.674937e-01 |  12.521 s | best 3.674937e-01 @268 *
epoch  269 | train 3.717486e-01 | val 3.674866e-01 |  12.833 s | best 3.674866e-01 @269 *
epoch  270 | train 3.716206e-01 | val 3.674744e-01 |  11.260 s | best 3.674744e-01 @270 *
epoch  271 | train 3.712673e-01 | val 3.674381e-01 |  13.066 s | best 3.674381e-01 @271 *
epoch  272 | train 3.715588e-01 | val 3.673690e-01 |  14.989 s | best 3.673690e-01 @272 *
epoch  273 | train 3.708812e-01 | val 3.673031e-01 |  13.237 s | best 3.673031e-01 @273 *
epoch  274 | train 3.714893e-01 | val 3.673010e-01 |  12.942 s | best 3.673010e-01 @274 *
epoch  275 | train 3.706200e-01 | val 3.672707e-01 |  15.105 s | best 3.672707e-01 @275 *
epoch  276 | train 3.710793e-01 | val 3.672334e-01 |  13.584 s | best 3.672334e-01 @276 *
epoch  277 | train 3.709136e-01 | val 3.671687e-01 |  13.958 s | best 3.671687e-01 @277 *
epoch  278 | train 3.708828e-01 | val 3.670871e-01 |  13.237 s | best 3.670871e-01 @278 *
epoch  279 | train 3.704806e-01 | val 3.670549e-01 |  13.990 s | best 3.670549e-01 @279 *
epoch  280 | train 3.715540e-01 | val 3.669965e-01 |  13.701 s | best 3.669965e-01 @280 *
epoch  281 | train 3.712589e-01 | val 3.669581e-01 |  13.052 s | best 3.669581e-01 @281 *
epoch  282 | train 3.703273e-01 | val 3.669261e-01 |  12.450 s | best 3.669261e-01 @282 *
epoch  283 | train 3.711854e-01 | val 3.669224e-01 |  12.349 s | best 3.669224e-01 @283 *
epoch  284 | train 3.709932e-01 | val 3.669008e-01 |  13.718 s | best 3.669008e-01 @284 *
epoch  285 | train 3.712011e-01 | val 3.669129e-01 |  14.783 s | best 3.669008e-01 @284
epoch  286 | train 3.708783e-01 | val 3.669512e-01 |  14.522 s | best 3.669008e-01 @284
epoch  287 | train 3.707837e-01 | val 3.669018e-01 |  12.906 s | best 3.669008e-01 @284
epoch  288 | train 3.708451e-01 | val 3.668474e-01 |  13.871 s | best 3.668474e-01 @288 *
epoch  289 | train 3.712818e-01 | val 3.668045e-01 |  14.081 s | best 3.668045e-01 @289 *
epoch  290 | train 3.709116e-01 | val 3.667490e-01 |  14.000 s | best 3.667490e-01 @290 *
epoch  291 | train 3.706201e-01 | val 3.667614e-01 |  14.279 s | best 3.667490e-01 @290
epoch  292 | train 3.701996e-01 | val 3.667559e-01 |  16.571 s | best 3.667490e-01 @290
epoch  293 | train 3.706846e-01 | val 3.667327e-01 |  15.214 s | best 3.667327e-01 @293 *
epoch  294 | train 3.705942e-01 | val 3.666460e-01 |  14.704 s | best 3.666460e-01 @294 *
epoch  295 | train 3.703262e-01 | val 3.665925e-01 |  13.810 s | best 3.665925e-01 @295 *
epoch  296 | train 3.708436e-01 | val 3.665929e-01 |  13.493 s | best 3.665925e-01 @295
epoch  297 | train 3.707280e-01 | val 3.665979e-01 |  13.798 s | best 3.665925e-01 @295
epoch  298 | train 3.700015e-01 | val 3.665518e-01 |  15.018 s | best 3.665518e-01 @298 *
epoch  299 | train 3.701736e-01 | val 3.665479e-01 |  12.057 s | best 3.665479e-01 @299 *
epoch  300 | train 3.698863e-01 | val 3.665217e-01 |  11.803 s | best 3.665217e-01 @300 *
epoch  301 | train 3.704663e-01 | val 3.664846e-01 |  14.113 s | best 3.664846e-01 @301 *
epoch  302 | train 3.697831e-01 | val 3.664068e-01 |  12.424 s | best 3.664068e-01 @302 *
epoch  303 | train 3.701137e-01 | val 3.663632e-01 |  13.472 s | best 3.663632e-01 @303 *
epoch  304 | train 3.704889e-01 | val 3.662823e-01 |  15.739 s | best 3.662823e-01 @304 *
epoch  305 | train 3.702104e-01 | val 3.663203e-01 |  15.680 s | best 3.662823e-01 @304
epoch  306 | train 3.695886e-01 | val 3.663273e-01 |  17.399 s | best 3.662823e-01 @304
epoch  307 | train 3.709891e-01 | val 3.662691e-01 |  15.410 s | best 3.662691e-01 @307 *
epoch  308 | train 3.698577e-01 | val 3.662220e-01 |  14.326 s | best 3.662220e-01 @308 *
epoch  309 | train 3.703245e-01 | val 3.662201e-01 |  14.686 s | best 3.662201e-01 @309 *
epoch  310 | train 3.701494e-01 | val 3.662365e-01 |  11.189 s | best 3.662201e-01 @309
epoch  311 | train 3.698120e-01 | val 3.661948e-01 |  16.029 s | best 3.661948e-01 @311 *
epoch  312 | train 3.695984e-01 | val 3.661642e-01 |  13.481 s | best 3.661642e-01 @312 *
epoch  313 | train 3.702728e-01 | val 3.661250e-01 |  11.010 s | best 3.661250e-01 @313 *
epoch  314 | train 3.701606e-01 | val 3.660601e-01 |  11.435 s | best 3.660601e-01 @314 *
epoch  315 | train 3.694142e-01 | val 3.659974e-01 |  12.990 s | best 3.659974e-01 @315 *
epoch  316 | train 3.699495e-01 | val 3.659391e-01 |  13.228 s | best 3.659391e-01 @316 *
epoch  317 | train 3.695906e-01 | val 3.659401e-01 |  11.706 s | best 3.659391e-01 @316
epoch  318 | train 3.704136e-01 | val 3.659001e-01 |  11.990 s | best 3.659001e-01 @318 *
epoch  319 | train 3.692037e-01 | val 3.658732e-01 |  12.881 s | best 3.658732e-01 @319 *
epoch  320 | train 3.697463e-01 | val 3.658493e-01 |  14.584 s | best 3.658493e-01 @320 *
epoch  321 | train 3.699563e-01 | val 3.658199e-01 |  12.505 s | best 3.658199e-01 @321 *
epoch  322 | train 3.698792e-01 | val 3.657964e-01 |  10.537 s | best 3.657964e-01 @322 *
epoch  323 | train 3.692211e-01 | val 3.657818e-01 |  14.872 s | best 3.657818e-01 @323 *
epoch  324 | train 3.693275e-01 | val 3.657547e-01 |  11.373 s | best 3.657547e-01 @324 *
epoch  325 | train 3.691708e-01 | val 3.656963e-01 |  10.399 s | best 3.656963e-01 @325 *
epoch  326 | train 3.695924e-01 | val 3.656921e-01 |  10.509 s | best 3.656921e-01 @326 *
epoch  327 | train 3.698075e-01 | val 3.656650e-01 |  10.472 s | best 3.656650e-01 @327 *
epoch  328 | train 3.697573e-01 | val 3.656814e-01 |  11.138 s | best 3.656650e-01 @327
epoch  329 | train 3.691452e-01 | val 3.656407e-01 |  11.503 s | best 3.656407e-01 @329 *
epoch  330 | train 3.696692e-01 | val 3.656174e-01 |  13.384 s | best 3.656174e-01 @330 *
epoch  331 | train 3.695193e-01 | val 3.655331e-01 |  13.531 s | best 3.655331e-01 @331 *
epoch  332 | train 3.697169e-01 | val 3.655037e-01 |  13.962 s | best 3.655037e-01 @332 *
epoch  333 | train 3.695324e-01 | val 3.655089e-01 |  12.915 s | best 3.655037e-01 @332
epoch  334 | train 3.688173e-01 | val 3.655000e-01 |  13.175 s | best 3.655000e-01 @334 *
epoch  335 | train 3.694524e-01 | val 3.654720e-01 |  13.688 s | best 3.654720e-01 @335 *
epoch  336 | train 3.687817e-01 | val 3.654346e-01 |  13.218 s | best 3.654346e-01 @336 *
epoch  337 | train 3.688919e-01 | val 3.653885e-01 |  12.964 s | best 3.653885e-01 @337 *
epoch  338 | train 3.686913e-01 | val 3.653696e-01 |  13.390 s | best 3.653696e-01 @338 *
epoch  339 | train 3.695651e-01 | val 3.653610e-01 |  13.254 s | best 3.653610e-01 @339 *
epoch  340 | train 3.689347e-01 | val 3.653306e-01 |  13.419 s | best 3.653306e-01 @340 *
epoch  341 | train 3.689527e-01 | val 3.652782e-01 |  12.669 s | best 3.652782e-01 @341 *
epoch  342 | train 3.693066e-01 | val 3.652653e-01 |  12.927 s | best 3.652653e-01 @342 *
epoch  343 | train 3.685357e-01 | val 3.652140e-01 |  11.140 s | best 3.652140e-01 @343 *
epoch  344 | train 3.691894e-01 | val 3.651594e-01 |  13.002 s | best 3.651594e-01 @344 *
epoch  345 | train 3.681147e-01 | val 3.651390e-01 |  11.348 s | best 3.651390e-01 @345 *
epoch  346 | train 3.688150e-01 | val 3.650973e-01 |  12.786 s | best 3.650973e-01 @346 *
epoch  347 | train 3.687001e-01 | val 3.650379e-01 |  13.392 s | best 3.650379e-01 @347 *
epoch  348 | train 3.685784e-01 | val 3.650281e-01 |  12.920 s | best 3.650281e-01 @348 *
epoch  349 | train 3.681157e-01 | val 3.649986e-01 |  13.298 s | best 3.649986e-01 @349 *
epoch  350 | train 3.689222e-01 | val 3.649312e-01 |  11.259 s | best 3.649312e-01 @350 *
epoch  351 | train 3.691927e-01 | val 3.649305e-01 |  13.168 s | best 3.649305e-01 @351 *
epoch  352 | train 3.689283e-01 | val 3.649409e-01 |  13.341 s | best 3.649305e-01 @351
epoch  353 | train 3.680557e-01 | val 3.648652e-01 |  13.461 s | best 3.648652e-01 @353 *
epoch  354 | train 3.680168e-01 | val 3.647986e-01 |  12.972 s | best 3.647986e-01 @354 *
epoch  355 | train 3.683881e-01 | val 3.648161e-01 |  13.171 s | best 3.647986e-01 @354
epoch  356 | train 3.688746e-01 | val 3.647804e-01 |  12.295 s | best 3.647804e-01 @356 *
epoch  357 | train 3.685018e-01 | val 3.647594e-01 |  15.049 s | best 3.647594e-01 @357 *
epoch  358 | train 3.681528e-01 | val 3.647060e-01 |  14.147 s | best 3.647060e-01 @358 *
epoch  359 | train 3.678126e-01 | val 3.646882e-01 |  15.765 s | best 3.646882e-01 @359 *
epoch  360 | train 3.686987e-01 | val 3.646418e-01 |  14.266 s | best 3.646418e-01 @360 *
epoch  361 | train 3.687988e-01 | val 3.646232e-01 |  12.935 s | best 3.646232e-01 @361 *
epoch  362 | train 3.682708e-01 | val 3.645715e-01 |  11.900 s | best 3.645715e-01 @362 *
epoch  363 | train 3.689612e-01 | val 3.645757e-01 |  12.838 s | best 3.645715e-01 @362
epoch  364 | train 3.682257e-01 | val 3.645507e-01 |  14.774 s | best 3.645507e-01 @364 *
epoch  365 | train 3.683853e-01 | val 3.645066e-01 |  15.456 s | best 3.645066e-01 @365 *
epoch  366 | train 3.684733e-01 | val 3.644367e-01 |  16.953 s | best 3.644367e-01 @366 *
epoch  367 | train 3.676629e-01 | val 3.643816e-01 |  14.516 s | best 3.643816e-01 @367 *
epoch  368 | train 3.681380e-01 | val 3.643738e-01 |  12.329 s | best 3.643738e-01 @368 *
epoch  369 | train 3.680519e-01 | val 3.643669e-01 |  13.687 s | best 3.643669e-01 @369 *
epoch  370 | train 3.683294e-01 | val 3.643537e-01 |  13.138 s | best 3.643537e-01 @370 *
epoch  371 | train 3.683544e-01 | val 3.643527e-01 |  13.704 s | best 3.643527e-01 @371 *
epoch  372 | train 3.679305e-01 | val 3.643113e-01 |  13.567 s | best 3.643113e-01 @372 *
epoch  373 | train 3.680790e-01 | val 3.643270e-01 |  12.145 s | best 3.643113e-01 @372
epoch  374 | train 3.681306e-01 | val 3.642849e-01 |  12.204 s | best 3.642849e-01 @374 *
epoch  375 | train 3.679985e-01 | val 3.642401e-01 |  14.308 s | best 3.642401e-01 @375 *
epoch  376 | train 3.678399e-01 | val 3.641945e-01 |  13.400 s | best 3.641945e-01 @376 *
epoch  377 | train 3.680940e-01 | val 3.641848e-01 |  12.784 s | best 3.641848e-01 @377 *
epoch  378 | train 3.681352e-01 | val 3.641466e-01 |  13.366 s | best 3.641466e-01 @378 *
epoch  379 | train 3.678227e-01 | val 3.641439e-01 |  14.358 s | best 3.641439e-01 @379 *
epoch  380 | train 3.672976e-01 | val 3.641179e-01 |  14.636 s | best 3.641179e-01 @380 *
epoch  381 | train 3.681020e-01 | val 3.641449e-01 |  13.488 s | best 3.641179e-01 @380
epoch  382 | train 3.680384e-01 | val 3.641132e-01 |  14.324 s | best 3.641132e-01 @382 *
epoch  383 | train 3.673896e-01 | val 3.641039e-01 |  14.457 s | best 3.641039e-01 @383 *
epoch  384 | train 3.679093e-01 | val 3.640547e-01 |  14.067 s | best 3.640547e-01 @384 *
epoch  385 | train 3.675028e-01 | val 3.640691e-01 |  13.978 s | best 3.640547e-01 @384
epoch  386 | train 3.678713e-01 | val 3.640229e-01 |  14.823 s | best 3.640229e-01 @386 *
epoch  387 | train 3.670550e-01 | val 3.639539e-01 |  14.321 s | best 3.639539e-01 @387 *
epoch  388 | train 3.675236e-01 | val 3.639287e-01 |  13.869 s | best 3.639287e-01 @388 *
epoch  389 | train 3.674485e-01 | val 3.639317e-01 |  13.451 s | best 3.639287e-01 @388
epoch  390 | train 3.666241e-01 | val 3.639366e-01 |  12.955 s | best 3.639287e-01 @388
epoch  391 | train 3.678139e-01 | val 3.639375e-01 |  14.438 s | best 3.639287e-01 @388
epoch  392 | train 3.673633e-01 | val 3.639204e-01 |  15.448 s | best 3.639204e-01 @392 *
epoch  393 | train 3.673772e-01 | val 3.638698e-01 |  14.635 s | best 3.638698e-01 @393 *
epoch  394 | train 3.677021e-01 | val 3.637965e-01 |  14.197 s | best 3.637965e-01 @394 *
epoch  395 | train 3.672092e-01 | val 3.637684e-01 |  14.599 s | best 3.637684e-01 @395 *
epoch  396 | train 3.673730e-01 | val 3.637584e-01 |  14.942 s | best 3.637584e-01 @396 *
epoch  397 | train 3.673533e-01 | val 3.637645e-01 |  13.882 s | best 3.637584e-01 @396
epoch  398 | train 3.672988e-01 | val 3.637570e-01 |  14.468 s | best 3.637570e-01 @398 *
epoch  399 | train 3.675116e-01 | val 3.637143e-01 |  15.408 s | best 3.637143e-01 @399 *
epoch  400 | train 3.675362e-01 | val 3.636931e-01 |  14.243 s | best 3.636931e-01 @400 *
epoch  401 | train 3.672591e-01 | val 3.636481e-01 |  12.734 s | best 3.636481e-01 @401 *
epoch  402 | train 3.672806e-01 | val 3.636179e-01 |  13.435 s | best 3.636179e-01 @402 *
epoch  403 | train 3.666300e-01 | val 3.636271e-01 |  13.477 s | best 3.636179e-01 @402
epoch  404 | train 3.669258e-01 | val 3.636318e-01 |  13.353 s | best 3.636179e-01 @402
epoch  405 | train 3.671913e-01 | val 3.635726e-01 |  13.448 s | best 3.635726e-01 @405 *
epoch  406 | train 3.676480e-01 | val 3.635108e-01 |  13.860 s | best 3.635108e-01 @406 *
epoch  407 | train 3.673656e-01 | val 3.634604e-01 |  13.634 s | best 3.634604e-01 @407 *
epoch  408 | train 3.672269e-01 | val 3.634728e-01 |  13.457 s | best 3.634604e-01 @407
epoch  409 | train 3.668007e-01 | val 3.634489e-01 |  12.798 s | best 3.634489e-01 @409 *
epoch  410 | train 3.670806e-01 | val 3.634461e-01 |  12.293 s | best 3.634461e-01 @410 *
epoch  411 | train 3.668411e-01 | val 3.634484e-01 |  14.213 s | best 3.634461e-01 @410
epoch  412 | train 3.668727e-01 | val 3.634309e-01 |  13.652 s | best 3.634309e-01 @412 *
epoch  413 | train 3.672487e-01 | val 3.634071e-01 |  15.644 s | best 3.634071e-01 @413 *
epoch  414 | train 3.667789e-01 | val 3.633851e-01 |  16.029 s | best 3.633851e-01 @414 *
epoch  415 | train 3.666712e-01 | val 3.633971e-01 |  14.929 s | best 3.633851e-01 @414
epoch  416 | train 3.666280e-01 | val 3.633717e-01 |  14.488 s | best 3.633717e-01 @416 *
epoch  417 | train 3.672044e-01 | val 3.633329e-01 |  12.754 s | best 3.633329e-01 @417 *
epoch  418 | train 3.667823e-01 | val 3.632610e-01 |  13.652 s | best 3.632610e-01 @418 *
epoch  419 | train 3.664336e-01 | val 3.632762e-01 |  13.626 s | best 3.632610e-01 @418
epoch  420 | train 3.664598e-01 | val 3.632464e-01 |  13.420 s | best 3.632464e-01 @420 *
epoch  421 | train 3.664256e-01 | val 3.631876e-01 |  14.221 s | best 3.631876e-01 @421 *
epoch  422 | train 3.668506e-01 | val 3.631314e-01 |  12.172 s | best 3.631314e-01 @422 *
epoch  423 | train 3.665852e-01 | val 3.630802e-01 |  13.801 s | best 3.630802e-01 @423 *
epoch  424 | train 3.662444e-01 | val 3.630980e-01 |  12.344 s | best 3.630802e-01 @423
epoch  425 | train 3.664948e-01 | val 3.631164e-01 |  12.938 s | best 3.630802e-01 @423
epoch  426 | train 3.664667e-01 | val 3.631400e-01 |  14.127 s | best 3.630802e-01 @423
epoch  427 | train 3.668033e-01 | val 3.630926e-01 |  14.212 s | best 3.630802e-01 @423
epoch  428 | train 3.671926e-01 | val 3.630643e-01 |  13.737 s | best 3.630643e-01 @428 *
epoch  429 | train 3.664317e-01 | val 3.630714e-01 |  12.635 s | best 3.630643e-01 @428
epoch  430 | train 3.665390e-01 | val 3.630238e-01 |  13.447 s | best 3.630238e-01 @430 *
epoch  431 | train 3.664826e-01 | val 3.629995e-01 |  12.526 s | best 3.629995e-01 @431 *
epoch  432 | train 3.665395e-01 | val 3.629754e-01 |  12.571 s | best 3.629754e-01 @432 *
epoch  433 | train 3.667139e-01 | val 3.629425e-01 |  11.918 s | best 3.629425e-01 @433 *
epoch  434 | train 3.666708e-01 | val 3.629198e-01 |  12.008 s | best 3.629198e-01 @434 *
epoch  435 | train 3.662326e-01 | val 3.629400e-01 |  12.226 s | best 3.629198e-01 @434
epoch  436 | train 3.663695e-01 | val 3.629249e-01 |  12.814 s | best 3.629198e-01 @434
epoch  437 | train 3.666274e-01 | val 3.628961e-01 |  12.830 s | best 3.628961e-01 @437 *
epoch  438 | train 3.659073e-01 | val 3.628826e-01 |  12.275 s | best 3.628826e-01 @438 *
epoch  439 | train 3.669237e-01 | val 3.628793e-01 |  12.848 s | best 3.628793e-01 @439 *
epoch  440 | train 3.667807e-01 | val 3.628486e-01 |  13.027 s | best 3.628486e-01 @440 *
epoch  441 | train 3.662688e-01 | val 3.628402e-01 |  14.061 s | best 3.628402e-01 @441 *
epoch  442 | train 3.663354e-01 | val 3.628220e-01 |  13.807 s | best 3.628220e-01 @442 *
epoch  443 | train 3.663011e-01 | val 3.627848e-01 |  13.227 s | best 3.627848e-01 @443 *
epoch  444 | train 3.657239e-01 | val 3.627388e-01 |  13.215 s | best 3.627388e-01 @444 *
epoch  445 | train 3.657346e-01 | val 3.627330e-01 |  12.618 s | best 3.627330e-01 @445 *
epoch  446 | train 3.663912e-01 | val 3.627592e-01 |  13.887 s | best 3.627330e-01 @445
epoch  447 | train 3.666862e-01 | val 3.627580e-01 |  13.882 s | best 3.627330e-01 @445
epoch  448 | train 3.665598e-01 | val 3.626713e-01 |  13.357 s | best 3.626713e-01 @448 *
epoch  449 | train 3.660157e-01 | val 3.625978e-01 |  13.821 s | best 3.625978e-01 @449 *
epoch  450 | train 3.662025e-01 | val 3.625817e-01 |  13.495 s | best 3.625817e-01 @450 *
epoch  451 | train 3.655034e-01 | val 3.625894e-01 |  13.449 s | best 3.625817e-01 @450
epoch  452 | train 3.659141e-01 | val 3.626176e-01 |  13.958 s | best 3.625817e-01 @450
epoch  453 | train 3.655933e-01 | val 3.625594e-01 |  12.580 s | best 3.625594e-01 @453 *
epoch  454 | train 3.657427e-01 | val 3.625171e-01 |  11.941 s | best 3.625171e-01 @454 *
epoch  455 | train 3.661137e-01 | val 3.624424e-01 |  13.623 s | best 3.624424e-01 @455 *
epoch  456 | train 3.655820e-01 | val 3.624296e-01 |  13.777 s | best 3.624296e-01 @456 *
epoch  457 | train 3.657644e-01 | val 3.624055e-01 |  13.665 s | best 3.624055e-01 @457 *
epoch  458 | train 3.661112e-01 | val 3.623857e-01 |  14.197 s | best 3.623857e-01 @458 *
epoch  459 | train 3.658250e-01 | val 3.623598e-01 |  14.777 s | best 3.623598e-01 @459 *
epoch  460 | train 3.663820e-01 | val 3.623830e-01 |  14.480 s | best 3.623598e-01 @459
epoch  461 | train 3.658744e-01 | val 3.623320e-01 |  13.783 s | best 3.623320e-01 @461 *
epoch  462 | train 3.649812e-01 | val 3.623551e-01 |  14.227 s | best 3.623320e-01 @461
epoch  463 | train 3.660357e-01 | val 3.623223e-01 |  13.619 s | best 3.623223e-01 @463 *
epoch  464 | train 3.659285e-01 | val 3.623102e-01 |  13.115 s | best 3.623102e-01 @464 *
epoch  465 | train 3.652371e-01 | val 3.622401e-01 |  14.533 s | best 3.622401e-01 @465 *
epoch  466 | train 3.656465e-01 | val 3.621967e-01 |  13.932 s | best 3.621967e-01 @466 *
epoch  467 | train 3.658697e-01 | val 3.621798e-01 |  13.979 s | best 3.621798e-01 @467 *
epoch  468 | train 3.657434e-01 | val 3.621646e-01 |  14.938 s | best 3.621646e-01 @468 *
epoch  469 | train 3.655992e-01 | val 3.621269e-01 |  14.854 s | best 3.621269e-01 @469 *
epoch  470 | train 3.654866e-01 | val 3.621292e-01 |  13.969 s | best 3.621269e-01 @469
epoch  471 | train 3.650253e-01 | val 3.621403e-01 |  12.281 s | best 3.621269e-01 @469
epoch  472 | train 3.657294e-01 | val 3.621340e-01 |  14.709 s | best 3.621269e-01 @469
epoch  473 | train 3.654175e-01 | val 3.620968e-01 |  15.093 s | best 3.620968e-01 @473 *
epoch  474 | train 3.656191e-01 | val 3.620703e-01 |  14.462 s | best 3.620703e-01 @474 *
epoch  475 | train 3.657204e-01 | val 3.620479e-01 |  14.340 s | best 3.620479e-01 @475 *
epoch  476 | train 3.647695e-01 | val 3.620867e-01 |  14.557 s | best 3.620479e-01 @475
epoch  477 | train 3.655072e-01 | val 3.620292e-01 |  14.052 s | best 3.620292e-01 @477 *
epoch  478 | train 3.655163e-01 | val 3.620224e-01 |  14.287 s | best 3.620224e-01 @478 *
epoch  479 | train 3.652549e-01 | val 3.619836e-01 |  14.642 s | best 3.619836e-01 @479 *
epoch  480 | train 3.654577e-01 | val 3.619430e-01 |  13.568 s | best 3.619430e-01 @480 *
epoch  481 | train 3.652148e-01 | val 3.619506e-01 |  14.047 s | best 3.619430e-01 @480
epoch  482 | train 3.658892e-01 | val 3.619395e-01 |  13.891 s | best 3.619395e-01 @482 *
epoch  483 | train 3.653418e-01 | val 3.618975e-01 |  14.420 s | best 3.618975e-01 @483 *
epoch  484 | train 3.650601e-01 | val 3.618682e-01 |  14.367 s | best 3.618682e-01 @484 *
epoch  485 | train 3.651038e-01 | val 3.618494e-01 |  14.254 s | best 3.618494e-01 @485 *
epoch  486 | train 3.660304e-01 | val 3.618589e-01 |  14.874 s | best 3.618494e-01 @485
epoch  487 | train 3.653671e-01 | val 3.618176e-01 |  13.865 s | best 3.618176e-01 @487 *
epoch  488 | train 3.652166e-01 | val 3.617921e-01 |  13.743 s | best 3.617921e-01 @488 *
epoch  489 | train 3.653860e-01 | val 3.617728e-01 |  13.999 s | best 3.617728e-01 @489 *
epoch  490 | train 3.649684e-01 | val 3.617296e-01 |  13.887 s | best 3.617296e-01 @490 *
epoch  491 | train 3.648149e-01 | val 3.616645e-01 |  14.276 s | best 3.616645e-01 @491 *
epoch  492 | train 3.652458e-01 | val 3.616645e-01 |  13.582 s | best 3.616645e-01 @492 *
epoch  493 | train 3.650962e-01 | val 3.616564e-01 |  13.613 s | best 3.616564e-01 @493 *
epoch  494 | train 3.650486e-01 | val 3.616098e-01 |  12.773 s | best 3.616098e-01 @494 *
epoch  495 | train 3.646954e-01 | val 3.616100e-01 |  13.661 s | best 3.616098e-01 @494
epoch  496 | train 3.642911e-01 | val 3.615732e-01 |  15.079 s | best 3.615732e-01 @496 *
epoch  497 | train 3.650283e-01 | val 3.615350e-01 |  14.381 s | best 3.615350e-01 @497 *
epoch  498 | train 3.648623e-01 | val 3.615059e-01 |  15.174 s | best 3.615059e-01 @498 *
epoch  499 | train 3.648595e-01 | val 3.615038e-01 |  13.097 s | best 3.615038e-01 @499 *
epoch  500 | train 3.655179e-01 | val 3.615342e-01 |  11.798 s | best 3.615038e-01 @499
epoch  501 | train 3.649709e-01 | val 3.615086e-01 |  11.997 s | best 3.615038e-01 @499
epoch  502 | train 3.644859e-01 | val 3.614925e-01 |  12.584 s | best 3.614925e-01 @502 *
epoch  503 | train 3.647086e-01 | val 3.614988e-01 |  12.868 s | best 3.614925e-01 @502
epoch  504 | train 3.649363e-01 | val 3.615140e-01 |  12.918 s | best 3.614925e-01 @502
epoch  505 | train 3.646760e-01 | val 3.614632e-01 |  13.330 s | best 3.614632e-01 @505 *
epoch  506 | train 3.654400e-01 | val 3.614631e-01 |  12.487 s | best 3.614631e-01 @506 *
epoch  507 | train 3.650496e-01 | val 3.614554e-01 |  13.229 s | best 3.614554e-01 @507 *
epoch  508 | train 3.644172e-01 | val 3.614609e-01 |  12.699 s | best 3.614554e-01 @507
epoch  509 | train 3.650450e-01 | val 3.614126e-01 |  13.255 s | best 3.614126e-01 @509 *
epoch  510 | train 3.645430e-01 | val 3.614244e-01 |  12.903 s | best 3.614126e-01 @509
epoch  511 | train 3.646072e-01 | val 3.614200e-01 |  13.175 s | best 3.614126e-01 @509
epoch  512 | train 3.649338e-01 | val 3.613961e-01 |  13.197 s | best 3.613961e-01 @512 *
epoch  513 | train 3.644245e-01 | val 3.613794e-01 |  14.253 s | best 3.613794e-01 @513 *
epoch  514 | train 3.644841e-01 | val 3.613677e-01 |  13.398 s | best 3.613677e-01 @514 *
epoch  515 | train 3.647671e-01 | val 3.613083e-01 |  12.909 s | best 3.613083e-01 @515 *
epoch  516 | train 3.644900e-01 | val 3.612933e-01 |  13.483 s | best 3.612933e-01 @516 *
epoch  517 | train 3.647470e-01 | val 3.612659e-01 |  13.947 s | best 3.612659e-01 @517 *
epoch  518 | train 3.643578e-01 | val 3.612347e-01 |  13.593 s | best 3.612347e-01 @518 *
epoch  519 | train 3.642825e-01 | val 3.612065e-01 |  13.955 s | best 3.612065e-01 @519 *
epoch  520 | train 3.642224e-01 | val 3.611745e-01 |  14.523 s | best 3.611745e-01 @520 *
epoch  521 | train 3.648919e-01 | val 3.611532e-01 |  14.259 s | best 3.611532e-01 @521 *
epoch  522 | train 3.644090e-01 | val 3.611413e-01 |  13.718 s | best 3.611413e-01 @522 *
epoch  523 | train 3.645828e-01 | val 3.611251e-01 |  13.690 s | best 3.611251e-01 @523 *
epoch  524 | train 3.645915e-01 | val 3.611434e-01 |  14.170 s | best 3.611251e-01 @523
epoch  525 | train 3.639525e-01 | val 3.611174e-01 |  13.606 s | best 3.611174e-01 @525 *
epoch  526 | train 3.647532e-01 | val 3.611202e-01 |  12.702 s | best 3.611174e-01 @525
epoch  527 | train 3.641772e-01 | val 3.610714e-01 |  14.269 s | best 3.610714e-01 @527 *
epoch  528 | train 3.646824e-01 | val 3.610761e-01 |  14.407 s | best 3.610714e-01 @527
epoch  529 | train 3.645286e-01 | val 3.610593e-01 |  13.789 s | best 3.610593e-01 @529 *
epoch  530 | train 3.644795e-01 | val 3.610269e-01 |  14.014 s | best 3.610269e-01 @530 *
epoch  531 | train 3.640771e-01 | val 3.610185e-01 |  14.195 s | best 3.610185e-01 @531 *
epoch  532 | train 3.639369e-01 | val 3.610010e-01 |  13.498 s | best 3.610010e-01 @532 *
epoch  533 | train 3.651403e-01 | val 3.610281e-01 |  13.588 s | best 3.610010e-01 @532
epoch  534 | train 3.642876e-01 | val 3.609976e-01 |  14.648 s | best 3.609976e-01 @534 *
epoch  535 | train 3.636080e-01 | val 3.609922e-01 |  14.652 s | best 3.609922e-01 @535 *
epoch  536 | train 3.635877e-01 | val 3.609626e-01 |  13.695 s | best 3.609626e-01 @536 *
epoch  537 | train 3.639982e-01 | val 3.609092e-01 |  14.327 s | best 3.609092e-01 @537 *
epoch  538 | train 3.641033e-01 | val 3.609104e-01 |  14.311 s | best 3.609092e-01 @537
epoch  539 | train 3.639079e-01 | val 3.609300e-01 |  13.732 s | best 3.609092e-01 @537
epoch  540 | train 3.639234e-01 | val 3.609164e-01 |  12.985 s | best 3.609092e-01 @537
epoch  541 | train 3.639691e-01 | val 3.608806e-01 |  15.096 s | best 3.608806e-01 @541 *
epoch  542 | train 3.647412e-01 | val 3.608752e-01 |  15.008 s | best 3.608752e-01 @542 *
epoch  543 | train 3.636812e-01 | val 3.608917e-01 |  13.908 s | best 3.608752e-01 @542
epoch  544 | train 3.639520e-01 | val 3.608390e-01 |  14.262 s | best 3.608390e-01 @544 *
epoch  545 | train 3.643618e-01 | val 3.607832e-01 |  13.299 s | best 3.607832e-01 @545 *
epoch  546 | train 3.636375e-01 | val 3.607341e-01 |  15.464 s | best 3.607341e-01 @546 *
epoch  547 | train 3.639390e-01 | val 3.608416e-01 |  14.840 s | best 3.607341e-01 @546
epoch  548 | train 3.637428e-01 | val 3.608270e-01 |  14.507 s | best 3.607341e-01 @546
epoch  549 | train 3.646130e-01 | val 3.608329e-01 |  14.786 s | best 3.607341e-01 @546
epoch  550 | train 3.635808e-01 | val 3.608213e-01 |  15.068 s | best 3.607341e-01 @546
epoch  551 | train 3.638947e-01 | val 3.607996e-01 |  14.656 s | best 3.607341e-01 @546
epoch  552 | train 3.637610e-01 | val 3.607866e-01 |  14.449 s | best 3.607341e-01 @546
epoch  553 | train 3.639565e-01 | val 3.607478e-01 |  14.451 s | best 3.607341e-01 @546
epoch  554 | train 3.636679e-01 | val 3.607125e-01 |  13.955 s | best 3.607125e-01 @554 *
epoch  555 | train 3.641017e-01 | val 3.607010e-01 |  14.058 s | best 3.607010e-01 @555 *
epoch  556 | train 3.641064e-01 | val 3.606544e-01 |  14.506 s | best 3.606544e-01 @556 *
epoch  557 | train 3.633493e-01 | val 3.606327e-01 |  15.481 s | best 3.606327e-01 @557 *
epoch  558 | train 3.643845e-01 | val 3.606618e-01 |  15.293 s | best 3.606327e-01 @557
epoch  559 | train 3.646926e-01 | val 3.606301e-01 |  15.183 s | best 3.606301e-01 @559 *
epoch  560 | train 3.639410e-01 | val 3.606518e-01 |  14.342 s | best 3.606301e-01 @559
epoch  561 | train 3.632616e-01 | val 3.606425e-01 |  14.408 s | best 3.606301e-01 @559
epoch  562 | train 3.637629e-01 | val 3.606210e-01 |  13.808 s | best 3.606210e-01 @562 *
epoch  563 | train 3.642857e-01 | val 3.605869e-01 |  14.103 s | best 3.605869e-01 @563 *
epoch  564 | train 3.639320e-01 | val 3.605844e-01 |  14.094 s | best 3.605844e-01 @564 *
epoch  565 | train 3.639143e-01 | val 3.606398e-01 |  13.570 s | best 3.605844e-01 @564
epoch  566 | train 3.634138e-01 | val 3.606153e-01 |  14.049 s | best 3.605844e-01 @564
epoch  567 | train 3.636356e-01 | val 3.605758e-01 |  14.135 s | best 3.605758e-01 @567 *
epoch  568 | train 3.636276e-01 | val 3.605503e-01 |  14.455 s | best 3.605503e-01 @568 *
epoch  569 | train 3.635657e-01 | val 3.605556e-01 |  12.926 s | best 3.605503e-01 @568
epoch  570 | train 3.635076e-01 | val 3.604953e-01 |  13.845 s | best 3.604953e-01 @570 *
epoch  571 | train 3.638400e-01 | val 3.604920e-01 |  13.743 s | best 3.604920e-01 @571 *
epoch  572 | train 3.639643e-01 | val 3.604977e-01 |  13.489 s | best 3.604920e-01 @571
epoch  573 | train 3.634249e-01 | val 3.604998e-01 |  14.467 s | best 3.604920e-01 @571
epoch  574 | train 3.640231e-01 | val 3.604771e-01 |  14.637 s | best 3.604771e-01 @574 *
epoch  575 | train 3.635887e-01 | val 3.604174e-01 |  15.174 s | best 3.604174e-01 @575 *
epoch  576 | train 3.637925e-01 | val 3.604150e-01 |  14.155 s | best 3.604150e-01 @576 *
epoch  577 | train 3.636249e-01 | val 3.604204e-01 |  13.817 s | best 3.604150e-01 @576
epoch  578 | train 3.637004e-01 | val 3.604173e-01 |  13.800 s | best 3.604150e-01 @576
epoch  579 | train 3.640753e-01 | val 3.603909e-01 |  12.934 s | best 3.603909e-01 @579 *
epoch  580 | train 3.634860e-01 | val 3.604256e-01 |  10.129 s | best 3.603909e-01 @579
epoch  581 | train 3.637765e-01 | val 3.604191e-01 |  15.182 s | best 3.603909e-01 @579
epoch  582 | train 3.642040e-01 | val 3.603681e-01 |  13.951 s | best 3.603681e-01 @582 *
epoch  583 | train 3.634025e-01 | val 3.603167e-01 |  14.065 s | best 3.603167e-01 @583 *
epoch  584 | train 3.641281e-01 | val 3.602763e-01 |  13.700 s | best 3.602763e-01 @584 *
epoch  585 | train 3.632124e-01 | val 3.602893e-01 |  14.733 s | best 3.602763e-01 @584
epoch  586 | train 3.633965e-01 | val 3.602727e-01 |  14.279 s | best 3.602727e-01 @586 *
epoch  587 | train 3.633753e-01 | val 3.602871e-01 |  14.799 s | best 3.602727e-01 @586
epoch  588 | train 3.635339e-01 | val 3.603105e-01 |  14.222 s | best 3.602727e-01 @586
epoch  589 | train 3.637700e-01 | val 3.602686e-01 |  12.958 s | best 3.602686e-01 @589 *
epoch  590 | train 3.634463e-01 | val 3.602500e-01 |  15.439 s | best 3.602500e-01 @590 *
epoch  591 | train 3.637219e-01 | val 3.602444e-01 |  15.597 s | best 3.602444e-01 @591 *
epoch  592 | train 3.638758e-01 | val 3.602372e-01 |  15.392 s | best 3.602372e-01 @592 *
epoch  593 | train 3.636084e-01 | val 3.602206e-01 |  14.772 s | best 3.602206e-01 @593 *
epoch  594 | train 3.633435e-01 | val 3.602369e-01 |  14.180 s | best 3.602206e-01 @593
epoch  595 | train 3.630773e-01 | val 3.601762e-01 |  13.579 s | best 3.601762e-01 @595 *
epoch  596 | train 3.633922e-01 | val 3.601617e-01 |  14.506 s | best 3.601617e-01 @596 *
epoch  597 | train 3.633054e-01 | val 3.601520e-01 |  14.707 s | best 3.601520e-01 @597 *
epoch  598 | train 3.634855e-01 | val 3.601612e-01 |  14.837 s | best 3.601520e-01 @597
epoch  599 | train 3.633815e-01 | val 3.601401e-01 |  13.200 s | best 3.601401e-01 @599 *
epoch  600 | train 3.632041e-01 | val 3.600982e-01 |  13.133 s | best 3.600982e-01 @600 *
epoch  601 | train 3.630811e-01 | val 3.600855e-01 |  14.976 s | best 3.600855e-01 @601 *
epoch  602 | train 3.633160e-01 | val 3.601312e-01 |  13.898 s | best 3.600855e-01 @601
epoch  603 | train 3.624393e-01 | val 3.601589e-01 |  14.225 s | best 3.600855e-01 @601
epoch  604 | train 3.630693e-01 | val 3.601136e-01 |  15.111 s | best 3.600855e-01 @601
epoch  605 | train 3.635191e-01 | val 3.600619e-01 |  11.215 s | best 3.600619e-01 @605 *
epoch  606 | train 3.630551e-01 | val 3.600418e-01 |  14.814 s | best 3.600418e-01 @606 *
epoch  607 | train 3.632514e-01 | val 3.600809e-01 |  14.213 s | best 3.600418e-01 @606
epoch  608 | train 3.631817e-01 | val 3.600583e-01 |  13.625 s | best 3.600418e-01 @606
epoch  609 | train 3.633286e-01 | val 3.600478e-01 |  14.047 s | best 3.600418e-01 @606
epoch  610 | train 3.633842e-01 | val 3.600475e-01 |  13.802 s | best 3.600418e-01 @606
epoch  611 | train 3.628952e-01 | val 3.600370e-01 |  14.835 s | best 3.600370e-01 @611 *
epoch  612 | train 3.635869e-01 | val 3.600149e-01 |  14.825 s | best 3.600149e-01 @612 *
epoch  613 | train 3.636955e-01 | val 3.600374e-01 |  13.741 s | best 3.600149e-01 @612
epoch  614 | train 3.635982e-01 | val 3.600609e-01 |  13.895 s | best 3.600149e-01 @612
epoch  615 | train 3.632851e-01 | val 3.600426e-01 |  14.927 s | best 3.600149e-01 @612
epoch  616 | train 3.636031e-01 | val 3.599844e-01 |  14.378 s | best 3.599844e-01 @616 *
epoch  617 | train 3.623394e-01 | val 3.599520e-01 |  13.807 s | best 3.599520e-01 @617 *
epoch  618 | train 3.633234e-01 | val 3.599397e-01 |  15.200 s | best 3.599397e-01 @618 *
epoch  619 | train 3.628885e-01 | val 3.599381e-01 |  14.259 s | best 3.599381e-01 @619 *
epoch  620 | train 3.629601e-01 | val 3.598954e-01 |  14.985 s | best 3.598954e-01 @620 *
epoch  621 | train 3.632753e-01 | val 3.599017e-01 |  15.104 s | best 3.598954e-01 @620
epoch  622 | train 3.635611e-01 | val 3.598878e-01 |  15.332 s | best 3.598878e-01 @622 *
epoch  623 | train 3.627717e-01 | val 3.598437e-01 |  15.097 s | best 3.598437e-01 @623 *
epoch  624 | train 3.635422e-01 | val 3.598250e-01 |  14.511 s | best 3.598250e-01 @624 *
epoch  625 | train 3.631512e-01 | val 3.598362e-01 |  14.927 s | best 3.598250e-01 @624
epoch  626 | train 3.631523e-01 | val 3.598771e-01 |  14.110 s | best 3.598250e-01 @624
epoch  627 | train 3.627611e-01 | val 3.598729e-01 |  14.683 s | best 3.598250e-01 @624
epoch  628 | train 3.629506e-01 | val 3.598608e-01 |  14.150 s | best 3.598250e-01 @624
epoch  629 | train 3.629868e-01 | val 3.598697e-01 |  13.572 s | best 3.598250e-01 @624
epoch  630 | train 3.625715e-01 | val 3.598244e-01 |  13.978 s | best 3.598244e-01 @630 *
epoch  631 | train 3.626817e-01 | val 3.598508e-01 |  15.063 s | best 3.598244e-01 @630
epoch  632 | train 3.628707e-01 | val 3.598440e-01 |  15.735 s | best 3.598244e-01 @630
epoch  633 | train 3.635200e-01 | val 3.597973e-01 |  15.892 s | best 3.597973e-01 @633 *
epoch  634 | train 3.634247e-01 | val 3.597767e-01 |  15.739 s | best 3.597767e-01 @634 *
epoch  635 | train 3.632489e-01 | val 3.597854e-01 |  15.710 s | best 3.597767e-01 @634
epoch  636 | train 3.627845e-01 | val 3.597343e-01 |  15.526 s | best 3.597343e-01 @636 *
epoch  637 | train 3.630155e-01 | val 3.597630e-01 |  16.596 s | best 3.597343e-01 @636
epoch  638 | train 3.624927e-01 | val 3.597552e-01 |  11.665 s | best 3.597343e-01 @636
epoch  639 | train 3.626974e-01 | val 3.597143e-01 |  11.797 s | best 3.597143e-01 @639 *
epoch  640 | train 3.632583e-01 | val 3.597298e-01 |   8.244 s | best 3.597143e-01 @639
epoch  641 | train 3.630501e-01 | val 3.597146e-01 |   8.029 s | best 3.597143e-01 @639
epoch  642 | train 3.626586e-01 | val 3.597048e-01 |  15.773 s | best 3.597048e-01 @642 *
epoch  643 | train 3.628360e-01 | val 3.597100e-01 |  13.909 s | best 3.597048e-01 @642
epoch  644 | train 3.628151e-01 | val 3.597221e-01 |  13.703 s | best 3.597048e-01 @642
epoch  645 | train 3.629532e-01 | val 3.597390e-01 |  15.336 s | best 3.597048e-01 @642
epoch  646 | train 3.624715e-01 | val 3.597203e-01 |  15.319 s | best 3.597048e-01 @642
epoch  647 | train 3.625323e-01 | val 3.596945e-01 |  15.201 s | best 3.596945e-01 @647 *
epoch  648 | train 3.627705e-01 | val 3.597097e-01 |  15.307 s | best 3.596945e-01 @647
epoch  649 | train 3.623588e-01 | val 3.597382e-01 |  14.774 s | best 3.596945e-01 @647
epoch  650 | train 3.626119e-01 | val 3.597225e-01 |  15.318 s | best 3.596945e-01 @647
epoch  651 | train 3.632878e-01 | val 3.597142e-01 |  15.229 s | best 3.596945e-01 @647
epoch  652 | train 3.627846e-01 | val 3.597049e-01 |  14.871 s | best 3.596945e-01 @647
epoch  653 | train 3.623538e-01 | val 3.596803e-01 |  15.643 s | best 3.596803e-01 @653 *
epoch  654 | train 3.627953e-01 | val 3.596661e-01 |  15.540 s | best 3.596661e-01 @654 *
epoch  655 | train 3.629415e-01 | val 3.596392e-01 |  15.952 s | best 3.596392e-01 @655 *
epoch  656 | train 3.627778e-01 | val 3.596245e-01 |  15.627 s | best 3.596245e-01 @656 *
epoch  657 | train 3.619447e-01 | val 3.595873e-01 |  14.774 s | best 3.595873e-01 @657 *
epoch  658 | train 3.625553e-01 | val 3.595858e-01 |  14.797 s | best 3.595858e-01 @658 *
epoch  659 | train 3.623274e-01 | val 3.595775e-01 |  15.161 s | best 3.595775e-01 @659 *
epoch  660 | train 3.627371e-01 | val 3.595631e-01 |  14.750 s | best 3.595631e-01 @660 *
epoch  661 | train 3.625096e-01 | val 3.595472e-01 |  15.053 s | best 3.595472e-01 @661 *
epoch  662 | train 3.624677e-01 | val 3.595645e-01 |  15.500 s | best 3.595472e-01 @661
epoch  663 | train 3.631451e-01 | val 3.595948e-01 |  16.345 s | best 3.595472e-01 @661
epoch  664 | train 3.621789e-01 | val 3.596418e-01 |  16.385 s | best 3.595472e-01 @661
epoch  665 | train 3.627016e-01 | val 3.595875e-01 |  15.344 s | best 3.595472e-01 @661
epoch  666 | train 3.624037e-01 | val 3.595989e-01 |  15.099 s | best 3.595472e-01 @661
epoch  667 | train 3.628466e-01 | val 3.595501e-01 |  12.434 s | best 3.595472e-01 @661
epoch  668 | train 3.629670e-01 | val 3.595420e-01 |  11.943 s | best 3.595420e-01 @668 *
epoch  669 | train 3.619779e-01 | val 3.595221e-01 |  15.963 s | best 3.595221e-01 @669 *
epoch  670 | train 3.625716e-01 | val 3.595338e-01 |  15.418 s | best 3.595221e-01 @669
epoch  671 | train 3.624747e-01 | val 3.595311e-01 |  15.951 s | best 3.595221e-01 @669
epoch  672 | train 3.620766e-01 | val 3.595495e-01 |  16.102 s | best 3.595221e-01 @669
epoch  673 | train 3.620950e-01 | val 3.595686e-01 |  15.095 s | best 3.595221e-01 @669
epoch  674 | train 3.623299e-01 | val 3.595296e-01 |  15.234 s | best 3.595221e-01 @669
epoch  675 | train 3.620046e-01 | val 3.595289e-01 |  15.014 s | best 3.595221e-01 @669
epoch  676 | train 3.628714e-01 | val 3.595111e-01 |  13.079 s | best 3.595111e-01 @676 *
epoch  677 | train 3.626417e-01 | val 3.595009e-01 |   8.644 s | best 3.595009e-01 @677 *
epoch  678 | train 3.631508e-01 | val 3.595133e-01 |  14.816 s | best 3.595009e-01 @677
epoch  679 | train 3.624433e-01 | val 3.594888e-01 |  15.918 s | best 3.594888e-01 @679 *
epoch  680 | train 3.621872e-01 | val 3.594579e-01 |  15.072 s | best 3.594579e-01 @680 *
epoch  681 | train 3.620581e-01 | val 3.594172e-01 |  16.151 s | best 3.594172e-01 @681 *
epoch  682 | train 3.623489e-01 | val 3.594067e-01 |  16.047 s | best 3.594067e-01 @682 *
epoch  683 | train 3.619014e-01 | val 3.594269e-01 |  14.986 s | best 3.594067e-01 @682
epoch  684 | train 3.617588e-01 | val 3.593826e-01 |  14.550 s | best 3.593826e-01 @684 *
epoch  685 | train 3.624448e-01 | val 3.593725e-01 |  15.216 s | best 3.593725e-01 @685 *
epoch  686 | train 3.622452e-01 | val 3.593688e-01 |  14.893 s | best 3.593688e-01 @686 *
epoch  687 | train 3.621137e-01 | val 3.593118e-01 |  14.862 s | best 3.593118e-01 @687 *
epoch  688 | train 3.619599e-01 | val 3.593372e-01 |  16.377 s | best 3.593118e-01 @687
epoch  689 | train 3.624882e-01 | val 3.593021e-01 |  14.689 s | best 3.593021e-01 @689 *
epoch  690 | train 3.623007e-01 | val 3.592978e-01 |  14.005 s | best 3.592978e-01 @690 *
epoch  691 | train 3.623463e-01 | val 3.592813e-01 |  15.678 s | best 3.592813e-01 @691 *
epoch  692 | train 3.626421e-01 | val 3.592511e-01 |  15.928 s | best 3.592511e-01 @692 *
epoch  693 | train 3.623867e-01 | val 3.592702e-01 |  15.260 s | best 3.592511e-01 @692
epoch  694 | train 3.626339e-01 | val 3.592891e-01 |  16.708 s | best 3.592511e-01 @692
epoch  695 | train 3.621375e-01 | val 3.592805e-01 |  16.928 s | best 3.592511e-01 @692
epoch  696 | train 3.622372e-01 | val 3.592591e-01 |  13.936 s | best 3.592511e-01 @692
epoch  697 | train 3.622959e-01 | val 3.592463e-01 |  13.710 s | best 3.592463e-01 @697 *
epoch  698 | train 3.613807e-01 | val 3.592656e-01 |  14.118 s | best 3.592463e-01 @697
epoch  699 | train 3.627425e-01 | val 3.593027e-01 |  16.353 s | best 3.592463e-01 @697
epoch  700 | train 3.621550e-01 | val 3.593079e-01 |  16.052 s | best 3.592463e-01 @697
epoch  701 | train 3.623671e-01 | val 3.593068e-01 |  15.697 s | best 3.592463e-01 @697
epoch  702 | train 3.618783e-01 | val 3.592575e-01 |  17.046 s | best 3.592463e-01 @697
epoch  703 | train 3.621732e-01 | val 3.592448e-01 |  16.817 s | best 3.592448e-01 @703 *
epoch  704 | train 3.620354e-01 | val 3.592049e-01 |  16.056 s | best 3.592049e-01 @704 *
epoch  705 | train 3.631054e-01 | val 3.592122e-01 |  16.090 s | best 3.592049e-01 @704
epoch  706 | train 3.622120e-01 | val 3.592061e-01 |  15.768 s | best 3.592049e-01 @704
epoch  707 | train 3.618901e-01 | val 3.592054e-01 |  15.166 s | best 3.592049e-01 @704
epoch  708 | train 3.620062e-01 | val 3.591940e-01 |  12.611 s | best 3.591940e-01 @708 *
epoch  709 | train 3.625802e-01 | val 3.591674e-01 |   8.329 s | best 3.591674e-01 @709 *
epoch  710 | train 3.622119e-01 | val 3.591539e-01 |   8.406 s | best 3.591539e-01 @710 *
epoch  711 | train 3.622660e-01 | val 3.591495e-01 |  11.586 s | best 3.591495e-01 @711 *
epoch  712 | train 3.623133e-01 | val 3.591355e-01 |  14.666 s | best 3.591355e-01 @712 *
epoch  713 | train 3.615757e-01 | val 3.591675e-01 |  15.978 s | best 3.591355e-01 @712
epoch  714 | train 3.615688e-01 | val 3.591613e-01 |  15.673 s | best 3.591355e-01 @712
epoch  715 | train 3.620821e-01 | val 3.591862e-01 |  17.775 s | best 3.591355e-01 @712
epoch  716 | train 3.619927e-01 | val 3.591596e-01 |  17.264 s | best 3.591355e-01 @712
epoch  717 | train 3.617142e-01 | val 3.591487e-01 |  17.042 s | best 3.591355e-01 @712
epoch  718 | train 3.616849e-01 | val 3.591013e-01 |  28.028 s | best 3.591013e-01 @718 *
epoch  719 | train 3.620362e-01 | val 3.590352e-01 |  23.907 s | best 3.590352e-01 @719 *
epoch  720 | train 3.624914e-01 | val 3.590514e-01 |  27.109 s | best 3.590352e-01 @719
epoch  721 | train 3.618450e-01 | val 3.590351e-01 |  24.364 s | best 3.590351e-01 @721 *
epoch  722 | train 3.621220e-01 | val 3.590537e-01 |  24.732 s | best 3.590351e-01 @721
epoch  723 | train 3.628154e-01 | val 3.590307e-01 |  23.334 s | best 3.590307e-01 @723 *
epoch  724 | train 3.621476e-01 | val 3.590518e-01 |  26.800 s | best 3.590307e-01 @723
epoch  725 | train 3.627739e-01 | val 3.590349e-01 |  30.230 s | best 3.590307e-01 @723
epoch  726 | train 3.618007e-01 | val 3.590480e-01 |  22.758 s | best 3.590307e-01 @723
epoch  727 | train 3.619830e-01 | val 3.590096e-01 |  24.799 s | best 3.590096e-01 @727 *
epoch  728 | train 3.622600e-01 | val 3.589814e-01 |  28.224 s | best 3.589814e-01 @728 *
epoch  729 | train 3.623468e-01 | val 3.589748e-01 |  28.715 s | best 3.589748e-01 @729 *
epoch  730 | train 3.619458e-01 | val 3.589445e-01 |  29.139 s | best 3.589445e-01 @730 *
epoch  731 | train 3.618930e-01 | val 3.589415e-01 |  27.762 s | best 3.589415e-01 @731 *
epoch  732 | train 3.619154e-01 | val 3.589542e-01 |  26.481 s | best 3.589415e-01 @731
epoch  733 | train 3.619785e-01 | val 3.589434e-01 |  25.235 s | best 3.589415e-01 @731
epoch  734 | train 3.619519e-01 | val 3.589378e-01 |  28.142 s | best 3.589378e-01 @734 *
epoch  735 | train 3.619474e-01 | val 3.589495e-01 |  31.009 s | best 3.589378e-01 @734
epoch  736 | train 3.621749e-01 | val 3.589381e-01 |  44.229 s | best 3.589378e-01 @734
epoch  737 | train 3.617276e-01 | val 3.589019e-01 |  47.486 s | best 3.589019e-01 @737 *
epoch  738 | train 3.616355e-01 | val 3.589356e-01 |  56.434 s | best 3.589019e-01 @737
epoch  739 | train 3.624511e-01 | val 3.589281e-01 |  50.055 s | best 3.589019e-01 @737
epoch  740 | train 3.616208e-01 | val 3.588837e-01 |  43.751 s | best 3.588837e-01 @740 *
epoch  741 | train 3.618042e-01 | val 3.588167e-01 |  48.162 s | best 3.588167e-01 @741 *
epoch  742 | train 3.619073e-01 | val 3.587926e-01 |  46.153 s | best 3.587926e-01 @742 *
epoch  743 | train 3.618309e-01 | val 3.588228e-01 |  43.476 s | best 3.587926e-01 @742
epoch  744 | train 3.614344e-01 | val 3.588270e-01 |  43.570 s | best 3.587926e-01 @742
epoch  745 | train 3.618686e-01 | val 3.588368e-01 |  46.867 s | best 3.587926e-01 @742
epoch  746 | train 3.616531e-01 | val 3.588718e-01 |  41.471 s | best 3.587926e-01 @742
epoch  747 | train 3.623227e-01 | val 3.588624e-01 |  48.536 s | best 3.587926e-01 @742
epoch  748 | train 3.617029e-01 | val 3.588537e-01 |  46.624 s | best 3.587926e-01 @742
epoch  749 | train 3.620684e-01 | val 3.588682e-01 |  48.987 s | best 3.587926e-01 @742
epoch  750 | train 3.616258e-01 | val 3.588998e-01 |  43.274 s | best 3.587926e-01 @742
epoch  751 | train 3.616253e-01 | val 3.588501e-01 |  42.951 s | best 3.587926e-01 @742
epoch  752 | train 3.616915e-01 | val 3.588778e-01 |  47.589 s | best 3.587926e-01 @742
epoch  753 | train 3.619990e-01 | val 3.588532e-01 |  46.228 s | best 3.587926e-01 @742
epoch  754 | train 3.614207e-01 | val 3.588357e-01 |  51.047 s | best 3.587926e-01 @742
epoch  755 | train 3.614619e-01 | val 3.588391e-01 |  44.432 s | best 3.587926e-01 @742
epoch  756 | train 3.617470e-01 | val 3.588045e-01 |  35.017 s | best 3.587926e-01 @742
epoch  757 | train 3.617502e-01 | val 3.588430e-01 |  30.651 s | best 3.587926e-01 @742
epoch  758 | train 3.618230e-01 | val 3.588328e-01 |  30.941 s | best 3.587926e-01 @742
epoch  759 | train 3.610996e-01 | val 3.588038e-01 |  30.860 s | best 3.587926e-01 @742
epoch  760 | train 3.609755e-01 | val 3.588195e-01 |  28.528 s | best 3.587926e-01 @742
epoch  761 | train 3.619260e-01 | val 3.588142e-01 |  30.519 s | best 3.587926e-01 @742
epoch  762 | train 3.615798e-01 | val 3.587842e-01 |  27.739 s | best 3.587842e-01 @762 *
epoch  763 | train 3.621388e-01 | val 3.587422e-01 |  25.520 s | best 3.587422e-01 @763 *
epoch  764 | train 3.613471e-01 | val 3.587084e-01 |  25.099 s | best 3.587084e-01 @764 *
epoch  765 | train 3.617344e-01 | val 3.586877e-01 |  16.868 s | best 3.586877e-01 @765 *
epoch  766 | train 3.610112e-01 | val 3.586918e-01 |  17.438 s | best 3.586877e-01 @765
epoch  767 | train 3.615743e-01 | val 3.586890e-01 |  17.188 s | best 3.586877e-01 @765
epoch  768 | train 3.620492e-01 | val 3.586847e-01 |  16.394 s | best 3.586847e-01 @768 *
epoch  769 | train 3.618334e-01 | val 3.586838e-01 |  16.277 s | best 3.586838e-01 @769 *
epoch  770 | train 3.618099e-01 | val 3.586771e-01 |  16.742 s | best 3.586771e-01 @770 *
epoch  771 | train 3.620638e-01 | val 3.586670e-01 |  16.139 s | best 3.586670e-01 @771 *
epoch  772 | train 3.615848e-01 | val 3.586768e-01 |  15.926 s | best 3.586670e-01 @771
epoch  773 | train 3.617070e-01 | val 3.586684e-01 |  17.271 s | best 3.586670e-01 @771
epoch  774 | train 3.616500e-01 | val 3.586906e-01 |  17.060 s | best 3.586670e-01 @771
epoch  775 | train 3.617519e-01 | val 3.586562e-01 |  15.706 s | best 3.586562e-01 @775 *
epoch  776 | train 3.616429e-01 | val 3.586458e-01 |  15.630 s | best 3.586458e-01 @776 *
epoch  777 | train 3.614088e-01 | val 3.586449e-01 |  16.240 s | best 3.586449e-01 @777 *
epoch  778 | train 3.616206e-01 | val 3.586619e-01 |  16.160 s | best 3.586449e-01 @777
epoch  779 | train 3.618334e-01 | val 3.586595e-01 |  18.458 s | best 3.586449e-01 @777
epoch  780 | train 3.621394e-01 | val 3.586298e-01 |  17.999 s | best 3.586298e-01 @780 *
epoch  781 | train 3.612282e-01 | val 3.586174e-01 |  16.598 s | best 3.586174e-01 @781 *
epoch  782 | train 3.620510e-01 | val 3.586337e-01 |  16.755 s | best 3.586174e-01 @781
epoch  783 | train 3.616139e-01 | val 3.586425e-01 |  17.609 s | best 3.586174e-01 @781
epoch  784 | train 3.616662e-01 | val 3.586076e-01 |  12.384 s | best 3.586076e-01 @784 *
epoch  785 | train 3.620726e-01 | val 3.585868e-01 |  19.152 s | best 3.585868e-01 @785 *
epoch  786 | train 3.613140e-01 | val 3.585807e-01 |  24.046 s | best 3.585807e-01 @786 *
epoch  787 | train 3.615848e-01 | val 3.585702e-01 |  23.773 s | best 3.585702e-01 @787 *
epoch  788 | train 3.612602e-01 | val 3.586179e-01 |  22.382 s | best 3.585702e-01 @787
epoch  789 | train 3.610045e-01 | val 3.586530e-01 |  16.112 s | best 3.585702e-01 @787
epoch  790 | train 3.615957e-01 | val 3.586190e-01 |  13.774 s | best 3.585702e-01 @787
epoch  791 | train 3.620300e-01 | val 3.585876e-01 |  21.874 s | best 3.585702e-01 @787
epoch  792 | train 3.613928e-01 | val 3.585653e-01 |  17.495 s | best 3.585653e-01 @792 *
epoch  793 | train 3.612706e-01 | val 3.585066e-01 |  21.432 s | best 3.585066e-01 @793 *
epoch  794 | train 3.613647e-01 | val 3.585200e-01 |  18.688 s | best 3.585066e-01 @793
epoch  795 | train 3.615423e-01 | val 3.585228e-01 |  23.074 s | best 3.585066e-01 @793
epoch  796 | train 3.611009e-01 | val 3.585313e-01 |  12.983 s | best 3.585066e-01 @793
epoch  797 | train 3.613142e-01 | val 3.585205e-01 |   9.296 s | best 3.585066e-01 @793
epoch  798 | train 3.618100e-01 | val 3.585069e-01 |  13.252 s | best 3.585066e-01 @793
epoch  799 | train 3.610097e-01 | val 3.584902e-01 |   7.964 s | best 3.584902e-01 @799 *
epoch  800 | train 3.615876e-01 | val 3.584830e-01 |   7.838 s | best 3.584830e-01 @800 *
epoch  801 | train 3.615952e-01 | val 3.585445e-01 |   7.777 s | best 3.584830e-01 @800
epoch  802 | train 3.608027e-01 | val 3.585013e-01 |  16.920 s | best 3.584830e-01 @800
epoch  803 | train 3.613934e-01 | val 3.584460e-01 |  16.440 s | best 3.584460e-01 @803 *
epoch  804 | train 3.616587e-01 | val 3.584339e-01 |   9.118 s | best 3.584339e-01 @804 *
epoch  805 | train 3.609563e-01 | val 3.584097e-01 |  17.352 s | best 3.584097e-01 @805 *
epoch  806 | train 3.611919e-01 | val 3.583976e-01 |  17.984 s | best 3.583976e-01 @806 *
epoch  807 | train 3.611155e-01 | val 3.583681e-01 |  13.197 s | best 3.583681e-01 @807 *
epoch  808 | train 3.613349e-01 | val 3.583528e-01 |   7.718 s | best 3.583528e-01 @808 *
epoch  809 | train 3.618315e-01 | val 3.583287e-01 |   7.686 s | best 3.583287e-01 @809 *
epoch  810 | train 3.614216e-01 | val 3.583015e-01 |   7.687 s | best 3.583015e-01 @810 *
epoch  811 | train 3.613678e-01 | val 3.582968e-01 |   7.821 s | best 3.582968e-01 @811 *
epoch  812 | train 3.610856e-01 | val 3.582302e-01 |   7.849 s | best 3.582302e-01 @812 *
epoch  813 | train 3.608250e-01 | val 3.582376e-01 |   7.778 s | best 3.582302e-01 @812
epoch  814 | train 3.610759e-01 | val 3.582300e-01 |   7.714 s | best 3.582300e-01 @814 *
epoch  815 | train 3.613403e-01 | val 3.582337e-01 |  19.489 s | best 3.582300e-01 @814
epoch  816 | train 3.605529e-01 | val 3.582281e-01 |  21.796 s | best 3.582281e-01 @816 *
epoch  817 | train 3.611320e-01 | val 3.582555e-01 |  21.584 s | best 3.582281e-01 @816
epoch  818 | train 3.616291e-01 | val 3.582653e-01 |   7.710 s | best 3.582281e-01 @816
epoch  819 | train 3.612500e-01 | val 3.583002e-01 |   7.693 s | best 3.582281e-01 @816
epoch  820 | train 3.608846e-01 | val 3.583083e-01 |   7.697 s | best 3.582281e-01 @816
epoch  821 | train 3.619333e-01 | val 3.583298e-01 |   7.820 s | best 3.582281e-01 @816
epoch  822 | train 3.612421e-01 | val 3.583434e-01 |   7.846 s | best 3.582281e-01 @816
epoch  823 | train 3.614326e-01 | val 3.583485e-01 |   7.818 s | best 3.582281e-01 @816
epoch  824 | train 3.610643e-01 | val 3.583770e-01 |  10.817 s | best 3.582281e-01 @816
epoch  825 | train 3.615368e-01 | val 3.583971e-01 |   7.711 s | best 3.582281e-01 @816
epoch  826 | train 3.616744e-01 | val 3.583344e-01 |   7.716 s | best 3.582281e-01 @816
epoch  827 | train 3.614144e-01 | val 3.582942e-01 |  13.769 s | best 3.582281e-01 @816
epoch  828 | train 3.618122e-01 | val 3.583083e-01 |  19.694 s | best 3.582281e-01 @816
epoch  829 | train 3.610327e-01 | val 3.582934e-01 |  13.502 s | best 3.582281e-01 @816
epoch  830 | train 3.607646e-01 | val 3.582790e-01 |  14.739 s | best 3.582281e-01 @816
epoch  831 | train 3.607600e-01 | val 3.582425e-01 |  14.348 s | best 3.582281e-01 @816
epoch  832 | train 3.612319e-01 | val 3.581903e-01 |  19.929 s | best 3.581903e-01 @832 *
epoch  833 | train 3.613613e-01 | val 3.582200e-01 |  16.812 s | best 3.581903e-01 @832
epoch  834 | train 3.614572e-01 | val 3.582017e-01 |   7.514 s | best 3.581903e-01 @832
epoch  835 | train 3.612871e-01 | val 3.582194e-01 |  14.174 s | best 3.581903e-01 @832
epoch  836 | train 3.619067e-01 | val 3.582177e-01 |   8.470 s | best 3.581903e-01 @832
epoch  837 | train 3.607193e-01 | val 3.582402e-01 |   7.910 s | best 3.581903e-01 @832
epoch  838 | train 3.617466e-01 | val 3.582595e-01 |  12.332 s | best 3.581903e-01 @832
epoch  839 | train 3.610373e-01 | val 3.582654e-01 |  17.976 s | best 3.581903e-01 @832
epoch  840 | train 3.615846e-01 | val 3.582635e-01 |  23.640 s | best 3.581903e-01 @832
epoch  841 | train 3.609937e-01 | val 3.582588e-01 |  22.463 s | best 3.581903e-01 @832
epoch  842 | train 3.610787e-01 | val 3.582349e-01 |  23.312 s | best 3.581903e-01 @832
epoch  843 | train 3.611251e-01 | val 3.582108e-01 |  22.064 s | best 3.581903e-01 @832
epoch  844 | train 3.611600e-01 | val 3.582022e-01 |  23.474 s | best 3.581903e-01 @832
epoch  845 | train 3.612310e-01 | val 3.581491e-01 |   9.406 s | best 3.581491e-01 @845 *
epoch  846 | train 3.609692e-01 | val 3.581050e-01 |   7.501 s | best 3.581050e-01 @846 *
epoch  847 | train 3.613087e-01 | val 3.580624e-01 |  18.367 s | best 3.580624e-01 @847 *
epoch  848 | train 3.614267e-01 | val 3.580788e-01 |  22.847 s | best 3.580624e-01 @847
epoch  849 | train 3.609829e-01 | val 3.580669e-01 |  19.009 s | best 3.580624e-01 @847
epoch  850 | train 3.610017e-01 | val 3.580492e-01 |   7.812 s | best 3.580492e-01 @850 *
epoch  851 | train 3.611153e-01 | val 3.580269e-01 |   7.616 s | best 3.580269e-01 @851 *
epoch  852 | train 3.608140e-01 | val 3.580299e-01 |   7.483 s | best 3.580269e-01 @851
epoch  853 | train 3.608066e-01 | val 3.580307e-01 |   7.561 s | best 3.580269e-01 @851
epoch  854 | train 3.606693e-01 | val 3.580232e-01 |   7.567 s | best 3.580232e-01 @854 *
epoch  855 | train 3.611230e-01 | val 3.580176e-01 |   7.664 s | best 3.580176e-01 @855 *
epoch  856 | train 3.609232e-01 | val 3.580441e-01 |   7.619 s | best 3.580176e-01 @855
epoch  857 | train 3.612586e-01 | val 3.579879e-01 |   7.687 s | best 3.579879e-01 @857 *
epoch  858 | train 3.615559e-01 | val 3.580108e-01 |   7.726 s | best 3.579879e-01 @857
epoch  859 | train 3.610817e-01 | val 3.580155e-01 |   7.738 s | best 3.579879e-01 @857
epoch  860 | train 3.605956e-01 | val 3.580021e-01 |   7.636 s | best 3.579879e-01 @857
epoch  861 | train 3.610024e-01 | val 3.579774e-01 |   7.715 s | best 3.579774e-01 @861 *
epoch  862 | train 3.613928e-01 | val 3.579887e-01 |   7.630 s | best 3.579774e-01 @861
epoch  863 | train 3.608068e-01 | val 3.579850e-01 |   7.545 s | best 3.579774e-01 @861
epoch  864 | train 3.604709e-01 | val 3.579592e-01 |   7.532 s | best 3.579592e-01 @864 *
epoch  865 | train 3.608816e-01 | val 3.579544e-01 |   7.638 s | best 3.579544e-01 @865 *
epoch  866 | train 3.609973e-01 | val 3.579652e-01 |   7.765 s | best 3.579544e-01 @865
epoch  867 | train 3.607788e-01 | val 3.579913e-01 |   7.650 s | best 3.579544e-01 @865
epoch  868 | train 3.612463e-01 | val 3.580283e-01 |   7.643 s | best 3.579544e-01 @865
epoch  869 | train 3.611636e-01 | val 3.580498e-01 |   7.651 s | best 3.579544e-01 @865
epoch  870 | train 3.611035e-01 | val 3.580446e-01 |   7.996 s | best 3.579544e-01 @865
epoch  871 | train 3.612245e-01 | val 3.580227e-01 |  16.282 s | best 3.579544e-01 @865
epoch  872 | train 3.607144e-01 | val 3.579917e-01 |   9.834 s | best 3.579544e-01 @865
epoch  873 | train 3.607084e-01 | val 3.579505e-01 |  19.185 s | best 3.579505e-01 @873 *
epoch  874 | train 3.605453e-01 | val 3.579281e-01 |  23.729 s | best 3.579281e-01 @874 *
epoch  875 | train 3.605774e-01 | val 3.579625e-01 |  23.500 s | best 3.579281e-01 @874
epoch  876 | train 3.605735e-01 | val 3.579352e-01 |  23.688 s | best 3.579281e-01 @874
epoch  877 | train 3.605339e-01 | val 3.578867e-01 |  23.676 s | best 3.578867e-01 @877 *
epoch  878 | train 3.602312e-01 | val 3.578884e-01 |  18.223 s | best 3.578867e-01 @877
epoch  879 | train 3.610240e-01 | val 3.578588e-01 |  22.020 s | best 3.578588e-01 @879 *
epoch  880 | train 3.605851e-01 | val 3.578333e-01 |  23.183 s | best 3.578333e-01 @880 *
epoch  881 | train 3.604201e-01 | val 3.578560e-01 |  16.236 s | best 3.578333e-01 @880
epoch  882 | train 3.609504e-01 | val 3.578713e-01 |  15.960 s | best 3.578333e-01 @880
epoch  883 | train 3.607217e-01 | val 3.578723e-01 |  14.980 s | best 3.578333e-01 @880
epoch  884 | train 3.608279e-01 | val 3.578358e-01 |  22.266 s | best 3.578333e-01 @880
epoch  885 | train 3.609748e-01 | val 3.578335e-01 |  22.927 s | best 3.578333e-01 @880
epoch  886 | train 3.605935e-01 | val 3.578209e-01 |  22.690 s | best 3.578209e-01 @886 *
epoch  887 | train 3.611813e-01 | val 3.577808e-01 |  23.167 s | best 3.577808e-01 @887 *
epoch  888 | train 3.608593e-01 | val 3.577713e-01 |  23.242 s | best 3.577713e-01 @888 *
epoch  889 | train 3.606173e-01 | val 3.577750e-01 |  23.548 s | best 3.577713e-01 @888
epoch  890 | train 3.605718e-01 | val 3.577729e-01 |  23.681 s | best 3.577713e-01 @888
epoch  891 | train 3.603697e-01 | val 3.577141e-01 |  23.338 s | best 3.577141e-01 @891 *
epoch  892 | train 3.609745e-01 | val 3.577044e-01 |  23.179 s | best 3.577044e-01 @892 *
epoch  893 | train 3.604913e-01 | val 3.577449e-01 |  19.487 s | best 3.577044e-01 @892
epoch  894 | train 3.604576e-01 | val 3.577214e-01 |  23.590 s | best 3.577044e-01 @892
epoch  895 | train 3.605061e-01 | val 3.577097e-01 |  19.025 s | best 3.577044e-01 @892
epoch  896 | train 3.609645e-01 | val 3.577065e-01 |  23.868 s | best 3.577044e-01 @892
epoch  897 | train 3.603816e-01 | val 3.576825e-01 |  23.787 s | best 3.576825e-01 @897 *
epoch  898 | train 3.603110e-01 | val 3.576563e-01 |  23.617 s | best 3.576563e-01 @898 *
epoch  899 | train 3.607398e-01 | val 3.576303e-01 |  22.868 s | best 3.576303e-01 @899 *
epoch  900 | train 3.603774e-01 | val 3.576344e-01 |  23.774 s | best 3.576303e-01 @899
epoch  901 | train 3.605879e-01 | val 3.576337e-01 |  21.564 s | best 3.576303e-01 @899
epoch  902 | train 3.603655e-01 | val 3.576279e-01 |  20.923 s | best 3.576279e-01 @902 *
epoch  903 | train 3.610236e-01 | val 3.576298e-01 |  22.742 s | best 3.576279e-01 @902
epoch  904 | train 3.607108e-01 | val 3.576461e-01 |  22.956 s | best 3.576279e-01 @902
epoch  905 | train 3.608005e-01 | val 3.576142e-01 |  23.148 s | best 3.576142e-01 @905 *
epoch  906 | train 3.607597e-01 | val 3.576103e-01 |  20.006 s | best 3.576103e-01 @906 *
epoch  907 | train 3.602793e-01 | val 3.576216e-01 |  22.736 s | best 3.576103e-01 @906
epoch  908 | train 3.603649e-01 | val 3.575863e-01 |  23.865 s | best 3.575863e-01 @908 *
epoch  909 | train 3.605003e-01 | val 3.575581e-01 |  23.690 s | best 3.575581e-01 @909 *
epoch  910 | train 3.610232e-01 | val 3.575399e-01 |  23.719 s | best 3.575399e-01 @910 *
epoch  911 | train 3.605021e-01 | val 3.575080e-01 |  23.821 s | best 3.575080e-01 @911 *
epoch  912 | train 3.603979e-01 | val 3.574802e-01 |  23.875 s | best 3.574802e-01 @912 *
epoch  913 | train 3.600787e-01 | val 3.574796e-01 |  23.783 s | best 3.574796e-01 @913 *
epoch  914 | train 3.600400e-01 | val 3.574235e-01 |  23.743 s | best 3.574235e-01 @914 *
epoch  915 | train 3.603246e-01 | val 3.574015e-01 |  23.805 s | best 3.574015e-01 @915 *
epoch  916 | train 3.601440e-01 | val 3.573903e-01 |  23.740 s | best 3.573903e-01 @916 *
epoch  917 | train 3.603942e-01 | val 3.573928e-01 |  23.827 s | best 3.573903e-01 @916
epoch  918 | train 3.603221e-01 | val 3.573644e-01 |  23.773 s | best 3.573644e-01 @918 *
epoch  919 | train 3.610668e-01 | val 3.573880e-01 |  23.755 s | best 3.573644e-01 @918
epoch  920 | train 3.603483e-01 | val 3.574196e-01 |  21.791 s | best 3.573644e-01 @918
epoch  921 | train 3.603869e-01 | val 3.574404e-01 |  23.738 s | best 3.573644e-01 @918
epoch  922 | train 3.605495e-01 | val 3.573959e-01 |  23.878 s | best 3.573644e-01 @918
epoch  923 | train 3.597213e-01 | val 3.573962e-01 |  23.317 s | best 3.573644e-01 @918
epoch  924 | train 3.609536e-01 | val 3.573727e-01 |  22.401 s | best 3.573644e-01 @918
epoch  925 | train 3.610639e-01 | val 3.573579e-01 |  23.422 s | best 3.573579e-01 @925 *
epoch  926 | train 3.603588e-01 | val 3.572984e-01 |  23.526 s | best 3.572984e-01 @926 *
epoch  927 | train 3.601657e-01 | val 3.572958e-01 |  23.719 s | best 3.572958e-01 @927 *
epoch  928 | train 3.599034e-01 | val 3.572741e-01 |  23.735 s | best 3.572741e-01 @928 *
epoch  929 | train 3.597235e-01 | val 3.572468e-01 |  23.666 s | best 3.572468e-01 @929 *
epoch  930 | train 3.600508e-01 | val 3.572881e-01 |  23.448 s | best 3.572468e-01 @929
epoch  931 | train 3.603495e-01 | val 3.572526e-01 |  23.193 s | best 3.572468e-01 @929
epoch  932 | train 3.604375e-01 | val 3.572022e-01 |  23.133 s | best 3.572022e-01 @932 *
epoch  933 | train 3.605091e-01 | val 3.571897e-01 |  21.789 s | best 3.571897e-01 @933 *
epoch  934 | train 3.602874e-01 | val 3.572181e-01 |  23.127 s | best 3.571897e-01 @933
epoch  935 | train 3.596391e-01 | val 3.572199e-01 |  23.693 s | best 3.571897e-01 @933
epoch  936 | train 3.600103e-01 | val 3.571757e-01 |  23.768 s | best 3.571757e-01 @936 *
epoch  937 | train 3.594111e-01 | val 3.571499e-01 |  23.742 s | best 3.571499e-01 @937 *
epoch  938 | train 3.597004e-01 | val 3.571290e-01 |  23.798 s | best 3.571290e-01 @938 *
epoch  939 | train 3.599745e-01 | val 3.571275e-01 |  23.783 s | best 3.571275e-01 @939 *
epoch  940 | train 3.604212e-01 | val 3.570551e-01 |  23.750 s | best 3.570551e-01 @940 *
epoch  941 | train 3.601100e-01 | val 3.570243e-01 |  23.911 s | best 3.570243e-01 @941 *
epoch  942 | train 3.602135e-01 | val 3.570105e-01 |  23.903 s | best 3.570105e-01 @942 *
epoch  943 | train 3.596686e-01 | val 3.570168e-01 |  23.852 s | best 3.570105e-01 @942
epoch  944 | train 3.597304e-01 | val 3.570224e-01 |  23.862 s | best 3.570105e-01 @942
epoch  945 | train 3.597390e-01 | val 3.570099e-01 |  23.793 s | best 3.570099e-01 @945 *
epoch  946 | train 3.599070e-01 | val 3.570103e-01 |  23.982 s | best 3.570099e-01 @945
epoch  947 | train 3.601349e-01 | val 3.569369e-01 |  23.904 s | best 3.569369e-01 @947 *
epoch  948 | train 3.598666e-01 | val 3.569075e-01 |  23.924 s | best 3.569075e-01 @948 *
epoch  949 | train 3.595550e-01 | val 3.568622e-01 |  23.862 s | best 3.568622e-01 @949 *
epoch  950 | train 3.599052e-01 | val 3.568468e-01 |  23.807 s | best 3.568468e-01 @950 *
epoch  951 | train 3.598935e-01 | val 3.568600e-01 |  23.784 s | best 3.568468e-01 @950
epoch  952 | train 3.597545e-01 | val 3.568490e-01 |  23.918 s | best 3.568468e-01 @950
epoch  953 | train 3.598000e-01 | val 3.568627e-01 |  23.841 s | best 3.568468e-01 @950
epoch  954 | train 3.594412e-01 | val 3.568119e-01 |  23.783 s | best 3.568119e-01 @954 *
epoch  955 | train 3.598804e-01 | val 3.567887e-01 |  23.827 s | best 3.567887e-01 @955 *
epoch  956 | train 3.591219e-01 | val 3.568023e-01 |  23.846 s | best 3.567887e-01 @955
epoch  957 | train 3.597208e-01 | val 3.568044e-01 |  23.896 s | best 3.567887e-01 @955
epoch  958 | train 3.596352e-01 | val 3.567430e-01 |  23.724 s | best 3.567430e-01 @958 *
epoch  959 | train 3.598443e-01 | val 3.567104e-01 |  21.876 s | best 3.567104e-01 @959 *
epoch  960 | train 3.595799e-01 | val 3.567070e-01 |  22.975 s | best 3.567070e-01 @960 *
epoch  961 | train 3.594234e-01 | val 3.567154e-01 |  22.271 s | best 3.567070e-01 @960
epoch  962 | train 3.591025e-01 | val 3.567238e-01 |  23.119 s | best 3.567070e-01 @960
epoch  963 | train 3.598584e-01 | val 3.567539e-01 |  23.721 s | best 3.567070e-01 @960
epoch  964 | train 3.599481e-01 | val 3.567972e-01 |  23.193 s | best 3.567070e-01 @960
epoch  965 | train 3.594400e-01 | val 3.567546e-01 |  23.247 s | best 3.567070e-01 @960
epoch  966 | train 3.595938e-01 | val 3.567227e-01 |  23.768 s | best 3.567070e-01 @960
epoch  967 | train 3.592244e-01 | val 3.567010e-01 |  23.671 s | best 3.567010e-01 @967 *
epoch  968 | train 3.597148e-01 | val 3.567181e-01 |  23.018 s | best 3.567010e-01 @967
epoch  969 | train 3.587423e-01 | val 3.566878e-01 |  24.070 s | best 3.566878e-01 @969 *
epoch  970 | train 3.597301e-01 | val 3.566628e-01 |  23.814 s | best 3.566628e-01 @970 *
epoch  971 | train 3.601565e-01 | val 3.566339e-01 |  23.716 s | best 3.566339e-01 @971 *
epoch  972 | train 3.597529e-01 | val 3.566229e-01 |  23.744 s | best 3.566229e-01 @972 *
epoch  973 | train 3.592086e-01 | val 3.566203e-01 |  23.396 s | best 3.566203e-01 @973 *
epoch  974 | train 3.587073e-01 | val 3.565920e-01 |  23.604 s | best 3.565920e-01 @974 *
epoch  975 | train 3.596047e-01 | val 3.565819e-01 |  23.857 s | best 3.565819e-01 @975 *
epoch  976 | train 3.597888e-01 | val 3.565941e-01 |  23.835 s | best 3.565819e-01 @975
epoch  977 | train 3.593721e-01 | val 3.566127e-01 |  23.718 s | best 3.565819e-01 @975
epoch  978 | train 3.597658e-01 | val 3.566368e-01 |  23.640 s | best 3.565819e-01 @975
epoch  979 | train 3.594501e-01 | val 3.565602e-01 |  23.440 s | best 3.565602e-01 @979 *
epoch  980 | train 3.592363e-01 | val 3.565652e-01 |  23.461 s | best 3.565602e-01 @979
epoch  981 | train 3.596028e-01 | val 3.565242e-01 |  23.431 s | best 3.565242e-01 @981 *
epoch  982 | train 3.589819e-01 | val 3.564823e-01 |  23.454 s | best 3.564823e-01 @982 *
epoch  983 | train 3.594691e-01 | val 3.564601e-01 |  23.793 s | best 3.564601e-01 @983 *
epoch  984 | train 3.595039e-01 | val 3.564552e-01 |  23.741 s | best 3.564552e-01 @984 *
epoch  985 | train 3.594293e-01 | val 3.564634e-01 |  23.744 s | best 3.564552e-01 @984
epoch  986 | train 3.597503e-01 | val 3.564678e-01 |  23.848 s | best 3.564552e-01 @984
epoch  987 | train 3.592478e-01 | val 3.565015e-01 |  23.793 s | best 3.564552e-01 @984
epoch  988 | train 3.592443e-01 | val 3.564837e-01 |  23.699 s | best 3.564552e-01 @984
epoch  989 | train 3.587802e-01 | val 3.564577e-01 |  23.702 s | best 3.564552e-01 @984
epoch  990 | train 3.597037e-01 | val 3.564257e-01 |  23.631 s | best 3.564257e-01 @990 *
epoch  991 | train 3.593338e-01 | val 3.563732e-01 |  23.700 s | best 3.563732e-01 @991 *
epoch  992 | train 3.587181e-01 | val 3.563347e-01 |  23.704 s | best 3.563347e-01 @992 *
epoch  993 | train 3.595329e-01 | val 3.562997e-01 |  23.680 s | best 3.562997e-01 @993 *
epoch  994 | train 3.595723e-01 | val 3.562739e-01 |  23.668 s | best 3.562739e-01 @994 *
epoch  995 | train 3.590460e-01 | val 3.562745e-01 |  23.624 s | best 3.562739e-01 @994
epoch  996 | train 3.586621e-01 | val 3.563007e-01 |  23.649 s | best 3.562739e-01 @994
epoch  997 | train 3.595181e-01 | val 3.563144e-01 |  23.679 s | best 3.562739e-01 @994
epoch  998 | train 3.589694e-01 | val 3.563151e-01 |  23.678 s | best 3.562739e-01 @994
epoch  999 | train 3.585812e-01 | val 3.562581e-01 |  23.594 s | best 3.562581e-01 @999 *
epoch 1000 | train 3.590742e-01 | val 3.562272e-01 |  17.545 s | best 3.562272e-01 @1000 *
epoch 1001 | train 3.589588e-01 | val 3.562595e-01 |   7.014 s | best 3.562272e-01 @1000
epoch 1002 | train 3.594187e-01 | val 3.562274e-01 |  20.048 s | best 3.562272e-01 @1000
epoch 1003 | train 3.590645e-01 | val 3.561741e-01 |  23.618 s | best 3.561741e-01 @1003 *
epoch 1004 | train 3.594495e-01 | val 3.562094e-01 |  23.459 s | best 3.561741e-01 @1003
epoch 1005 | train 3.588922e-01 | val 3.561768e-01 |  23.481 s | best 3.561741e-01 @1003
epoch 1006 | train 3.595745e-01 | val 3.561649e-01 |  23.447 s | best 3.561649e-01 @1006 *
epoch 1007 | train 3.592108e-01 | val 3.561712e-01 |  23.401 s | best 3.561649e-01 @1006
epoch 1008 | train 3.588196e-01 | val 3.561685e-01 |  23.537 s | best 3.561649e-01 @1006
epoch 1009 | train 3.599245e-01 | val 3.561749e-01 |  23.409 s | best 3.561649e-01 @1006
epoch 1010 | train 3.592030e-01 | val 3.561448e-01 |  23.512 s | best 3.561448e-01 @1010 *
epoch 1011 | train 3.590265e-01 | val 3.562043e-01 |  23.396 s | best 3.561448e-01 @1010
epoch 1012 | train 3.589228e-01 | val 3.562019e-01 |  23.471 s | best 3.561448e-01 @1010
epoch 1013 | train 3.592175e-01 | val 3.561865e-01 |  23.570 s | best 3.561448e-01 @1010
epoch 1014 | train 3.590897e-01 | val 3.561691e-01 |  21.621 s | best 3.561448e-01 @1010
epoch 1015 | train 3.587889e-01 | val 3.561398e-01 |  23.674 s | best 3.561398e-01 @1015 *
epoch 1016 | train 3.586713e-01 | val 3.561321e-01 |  23.717 s | best 3.561321e-01 @1016 *
epoch 1017 | train 3.592091e-01 | val 3.561736e-01 |  23.641 s | best 3.561321e-01 @1016
epoch 1018 | train 3.590679e-01 | val 3.561518e-01 |  23.633 s | best 3.561321e-01 @1016
epoch 1019 | train 3.585560e-01 | val 3.561642e-01 |  23.723 s | best 3.561321e-01 @1016
epoch 1020 | train 3.588996e-01 | val 3.561125e-01 |  23.523 s | best 3.561125e-01 @1020 *
epoch 1021 | train 3.587737e-01 | val 3.561221e-01 |  23.518 s | best 3.561125e-01 @1020
epoch 1022 | train 3.589559e-01 | val 3.561512e-01 |  23.601 s | best 3.561125e-01 @1020
epoch 1023 | train 3.586036e-01 | val 3.561427e-01 |  23.665 s | best 3.561125e-01 @1020
epoch 1024 | train 3.591985e-01 | val 3.560830e-01 |  23.393 s | best 3.560830e-01 @1024 *
epoch 1025 | train 3.586957e-01 | val 3.560542e-01 |  23.402 s | best 3.560542e-01 @1025 *
epoch 1026 | train 3.583479e-01 | val 3.560432e-01 |  23.449 s | best 3.560432e-01 @1026 *
epoch 1027 | train 3.585739e-01 | val 3.559955e-01 |  23.309 s | best 3.559955e-01 @1027 *
epoch 1028 | train 3.588623e-01 | val 3.560109e-01 |  23.621 s | best 3.559955e-01 @1027
epoch 1029 | train 3.587848e-01 | val 3.560466e-01 |  23.604 s | best 3.559955e-01 @1027
epoch 1030 | train 3.589055e-01 | val 3.560700e-01 |  23.623 s | best 3.559955e-01 @1027
epoch 1031 | train 3.589150e-01 | val 3.560380e-01 |  23.617 s | best 3.559955e-01 @1027
epoch 1032 | train 3.590046e-01 | val 3.560250e-01 |  23.637 s | best 3.559955e-01 @1027
epoch 1033 | train 3.587076e-01 | val 3.560328e-01 |  23.625 s | best 3.559955e-01 @1027
epoch 1034 | train 3.590168e-01 | val 3.560103e-01 |  23.687 s | best 3.559955e-01 @1027
epoch 1035 | train 3.591969e-01 | val 3.559875e-01 |  23.599 s | best 3.559875e-01 @1035 *
epoch 1036 | train 3.586565e-01 | val 3.559847e-01 |  23.655 s | best 3.559847e-01 @1036 *
epoch 1037 | train 3.583157e-01 | val 3.560067e-01 |  23.542 s | best 3.559847e-01 @1036
epoch 1038 | train 3.583697e-01 | val 3.560084e-01 |  23.434 s | best 3.559847e-01 @1036
epoch 1039 | train 3.588472e-01 | val 3.559824e-01 |  23.533 s | best 3.559824e-01 @1039 *
epoch 1040 | train 3.590920e-01 | val 3.559245e-01 |  23.229 s | best 3.559245e-01 @1040 *
epoch 1041 | train 3.591711e-01 | val 3.559429e-01 |  23.362 s | best 3.559245e-01 @1040
epoch 1042 | train 3.589571e-01 | val 3.559287e-01 |  23.564 s | best 3.559245e-01 @1040
epoch 1043 | train 3.589659e-01 | val 3.559333e-01 |  23.551 s | best 3.559245e-01 @1040
epoch 1044 | train 3.590155e-01 | val 3.559279e-01 |  23.590 s | best 3.559245e-01 @1040
epoch 1045 | train 3.579876e-01 | val 3.558943e-01 |  23.598 s | best 3.558943e-01 @1045 *
epoch 1046 | train 3.590974e-01 | val 3.558863e-01 |  23.530 s | best 3.558863e-01 @1046 *
epoch 1047 | train 3.583372e-01 | val 3.558967e-01 |  17.559 s | best 3.558863e-01 @1046
epoch 1048 | train 3.588729e-01 | val 3.559108e-01 |  13.143 s | best 3.558863e-01 @1046
epoch 1049 | train 3.590955e-01 | val 3.558797e-01 |  22.992 s | best 3.558797e-01 @1049 *
epoch 1050 | train 3.588139e-01 | val 3.558576e-01 |  20.708 s | best 3.558576e-01 @1050 *
epoch 1051 | train 3.584798e-01 | val 3.558765e-01 |  25.112 s | best 3.558576e-01 @1050
epoch 1052 | train 3.588136e-01 | val 3.558583e-01 |  22.350 s | best 3.558576e-01 @1050
epoch 1053 | train 3.593255e-01 | val 3.558193e-01 |  25.122 s | best 3.558193e-01 @1053 *
epoch 1054 | train 3.586453e-01 | val 3.557946e-01 |  23.204 s | best 3.557946e-01 @1054 *
epoch 1055 | train 3.584195e-01 | val 3.557812e-01 |  21.570 s | best 3.557812e-01 @1055 *
epoch 1056 | train 3.582697e-01 | val 3.557803e-01 |  22.130 s | best 3.557803e-01 @1056 *
epoch 1057 | train 3.587388e-01 | val 3.557836e-01 |  22.997 s | best 3.557803e-01 @1056
epoch 1058 | train 3.582065e-01 | val 3.558085e-01 |  22.242 s | best 3.557803e-01 @1056
epoch 1059 | train 3.580482e-01 | val 3.557723e-01 |  25.092 s | best 3.557723e-01 @1059 *
epoch 1060 | train 3.585037e-01 | val 3.557602e-01 |  22.887 s | best 3.557602e-01 @1060 *
epoch 1061 | train 3.586757e-01 | val 3.557594e-01 |  22.285 s | best 3.557594e-01 @1061 *
epoch 1062 | train 3.591226e-01 | val 3.557761e-01 |  24.405 s | best 3.557594e-01 @1061
epoch 1063 | train 3.591303e-01 | val 3.558139e-01 |  22.993 s | best 3.557594e-01 @1061
epoch 1064 | train 3.581617e-01 | val 3.558119e-01 |  26.413 s | best 3.557594e-01 @1061
epoch 1065 | train 3.588277e-01 | val 3.558288e-01 |  22.760 s | best 3.557594e-01 @1061
epoch 1066 | train 3.590543e-01 | val 3.557961e-01 |  20.748 s | best 3.557594e-01 @1061
epoch 1067 | train 3.582066e-01 | val 3.557895e-01 |  20.039 s | best 3.557594e-01 @1061
epoch 1068 | train 3.586472e-01 | val 3.557839e-01 |  20.720 s | best 3.557594e-01 @1061
epoch 1069 | train 3.586449e-01 | val 3.557521e-01 |  24.362 s | best 3.557521e-01 @1069 *
epoch 1070 | train 3.582630e-01 | val 3.557385e-01 |  26.936 s | best 3.557385e-01 @1070 *
epoch 1071 | train 3.584558e-01 | val 3.557545e-01 |  26.935 s | best 3.557385e-01 @1070
epoch 1072 | train 3.579402e-01 | val 3.557386e-01 |  24.143 s | best 3.557385e-01 @1070
epoch 1073 | train 3.584719e-01 | val 3.557408e-01 |  25.492 s | best 3.557385e-01 @1070
epoch 1074 | train 3.592879e-01 | val 3.557065e-01 |  23.669 s | best 3.557065e-01 @1074 *
epoch 1075 | train 3.581245e-01 | val 3.557154e-01 |  21.009 s | best 3.557065e-01 @1074
epoch 1076 | train 3.583819e-01 | val 3.557414e-01 |  21.348 s | best 3.557065e-01 @1074
epoch 1077 | train 3.583117e-01 | val 3.557551e-01 |  21.776 s | best 3.557065e-01 @1074
epoch 1078 | train 3.589035e-01 | val 3.557571e-01 |  21.187 s | best 3.557065e-01 @1074
epoch 1079 | train 3.581970e-01 | val 3.557545e-01 |  21.583 s | best 3.557065e-01 @1074
epoch 1080 | train 3.582125e-01 | val 3.556907e-01 |  20.856 s | best 3.556907e-01 @1080 *
epoch 1081 | train 3.584006e-01 | val 3.556382e-01 |  25.514 s | best 3.556382e-01 @1081 *
epoch 1082 | train 3.590349e-01 | val 3.556146e-01 |  27.373 s | best 3.556146e-01 @1082 *
epoch 1083 | train 3.583223e-01 | val 3.555971e-01 |  25.662 s | best 3.555971e-01 @1083 *
epoch 1084 | train 3.589845e-01 | val 3.555724e-01 |  23.016 s | best 3.555724e-01 @1084 *
epoch 1085 | train 3.586022e-01 | val 3.555693e-01 |  24.254 s | best 3.555693e-01 @1085 *
epoch 1086 | train 3.581703e-01 | val 3.555507e-01 |  21.192 s | best 3.555507e-01 @1086 *
epoch 1087 | train 3.589606e-01 | val 3.555433e-01 |  24.050 s | best 3.555433e-01 @1087 *
epoch 1088 | train 3.582409e-01 | val 3.555728e-01 |  22.255 s | best 3.555433e-01 @1087
epoch 1089 | train 3.587425e-01 | val 3.555900e-01 |  28.843 s | best 3.555433e-01 @1087
epoch 1090 | train 3.584296e-01 | val 3.555423e-01 |  24.976 s | best 3.555423e-01 @1090 *
epoch 1091 | train 3.582958e-01 | val 3.555616e-01 |  24.078 s | best 3.555423e-01 @1090
epoch 1092 | train 3.585362e-01 | val 3.555533e-01 |  23.554 s | best 3.555423e-01 @1090
epoch 1093 | train 3.591299e-01 | val 3.555487e-01 |  20.949 s | best 3.555423e-01 @1090
epoch 1094 | train 3.582833e-01 | val 3.555584e-01 |  22.144 s | best 3.555423e-01 @1090
epoch 1095 | train 3.581400e-01 | val 3.555283e-01 |  24.265 s | best 3.555283e-01 @1095 *
epoch 1096 | train 3.584775e-01 | val 3.555251e-01 |  23.596 s | best 3.555251e-01 @1096 *
epoch 1097 | train 3.586792e-01 | val 3.555275e-01 |  25.448 s | best 3.555251e-01 @1096
epoch 1098 | train 3.579854e-01 | val 3.555576e-01 |  25.301 s | best 3.555251e-01 @1096
epoch 1099 | train 3.583554e-01 | val 3.555024e-01 |  23.659 s | best 3.555024e-01 @1099 *
epoch 1100 | train 3.588752e-01 | val 3.555059e-01 |  18.274 s | best 3.555024e-01 @1099
epoch 1101 | train 3.577640e-01 | val 3.554509e-01 |  21.802 s | best 3.554509e-01 @1101 *
epoch 1102 | train 3.581807e-01 | val 3.554430e-01 |  25.335 s | best 3.554430e-01 @1102 *
epoch 1103 | train 3.582832e-01 | val 3.554517e-01 |  20.066 s | best 3.554430e-01 @1102
epoch 1104 | train 3.586995e-01 | val 3.554368e-01 |  22.180 s | best 3.554368e-01 @1104 *
epoch 1105 | train 3.587012e-01 | val 3.554132e-01 |  22.487 s | best 3.554132e-01 @1105 *
epoch 1106 | train 3.577195e-01 | val 3.554403e-01 |  22.626 s | best 3.554132e-01 @1105
epoch 1107 | train 3.585486e-01 | val 3.554513e-01 |  24.487 s | best 3.554132e-01 @1105
epoch 1108 | train 3.586396e-01 | val 3.554293e-01 |  26.612 s | best 3.554132e-01 @1105
epoch 1109 | train 3.582608e-01 | val 3.553954e-01 |  21.912 s | best 3.553954e-01 @1109 *
epoch 1110 | train 3.583164e-01 | val 3.554430e-01 |  23.779 s | best 3.553954e-01 @1109
epoch 1111 | train 3.580978e-01 | val 3.554329e-01 |  23.393 s | best 3.553954e-01 @1109
epoch 1112 | train 3.575883e-01 | val 3.553900e-01 |  26.031 s | best 3.553900e-01 @1112 *
epoch 1113 | train 3.582108e-01 | val 3.554081e-01 |  22.699 s | best 3.553900e-01 @1112
epoch 1114 | train 3.588738e-01 | val 3.554117e-01 |  20.138 s | best 3.553900e-01 @1112
epoch 1115 | train 3.577970e-01 | val 3.554073e-01 |  26.997 s | best 3.553900e-01 @1112
epoch 1116 | train 3.584488e-01 | val 3.553921e-01 |  25.698 s | best 3.553900e-01 @1112
epoch 1117 | train 3.582250e-01 | val 3.553881e-01 |  25.269 s | best 3.553881e-01 @1117 *
epoch 1118 | train 3.582134e-01 | val 3.553942e-01 |  28.699 s | best 3.553881e-01 @1117
epoch 1119 | train 3.585845e-01 | val 3.553502e-01 |  25.940 s | best 3.553502e-01 @1119 *
epoch 1120 | train 3.585616e-01 | val 3.553475e-01 |  23.268 s | best 3.553475e-01 @1120 *
epoch 1121 | train 3.584230e-01 | val 3.553349e-01 |  22.143 s | best 3.553349e-01 @1121 *
epoch 1122 | train 3.582474e-01 | val 3.553317e-01 |  23.897 s | best 3.553317e-01 @1122 *
epoch 1123 | train 3.582450e-01 | val 3.553551e-01 |  20.870 s | best 3.553317e-01 @1122
epoch 1124 | train 3.580899e-01 | val 3.553652e-01 |  24.333 s | best 3.553317e-01 @1122
epoch 1125 | train 3.576168e-01 | val 3.553615e-01 |  23.074 s | best 3.553317e-01 @1122
epoch 1126 | train 3.574869e-01 | val 3.553667e-01 |  22.539 s | best 3.553317e-01 @1122
epoch 1127 | train 3.582411e-01 | val 3.553638e-01 |  22.605 s | best 3.553317e-01 @1122
epoch 1128 | train 3.583370e-01 | val 3.553504e-01 |  23.116 s | best 3.553317e-01 @1122
epoch 1129 | train 3.579342e-01 | val 3.553835e-01 |  24.336 s | best 3.553317e-01 @1122
epoch 1130 | train 3.588394e-01 | val 3.553791e-01 |  22.637 s | best 3.553317e-01 @1122
epoch 1131 | train 3.572013e-01 | val 3.553813e-01 |  22.189 s | best 3.553317e-01 @1122
epoch 1132 | train 3.574434e-01 | val 3.553630e-01 |  23.011 s | best 3.553317e-01 @1122
epoch 1133 | train 3.581607e-01 | val 3.553849e-01 |  23.515 s | best 3.553317e-01 @1122
epoch 1134 | train 3.581177e-01 | val 3.553488e-01 |  25.542 s | best 3.553317e-01 @1122
epoch 1135 | train 3.585902e-01 | val 3.553180e-01 |  26.336 s | best 3.553180e-01 @1135 *
epoch 1136 | train 3.580229e-01 | val 3.552718e-01 |  25.343 s | best 3.552718e-01 @1136 *
epoch 1137 | train 3.576057e-01 | val 3.552575e-01 |  22.914 s | best 3.552575e-01 @1137 *
epoch 1138 | train 3.571375e-01 | val 3.552790e-01 |  29.403 s | best 3.552575e-01 @1137
epoch 1139 | train 3.578899e-01 | val 3.552430e-01 |  24.416 s | best 3.552430e-01 @1139 *
epoch 1140 | train 3.576324e-01 | val 3.552122e-01 |  20.920 s | best 3.552122e-01 @1140 *
epoch 1141 | train 3.578999e-01 | val 3.552357e-01 |  26.341 s | best 3.552122e-01 @1140
epoch 1142 | train 3.580832e-01 | val 3.552460e-01 |  23.291 s | best 3.552122e-01 @1140
epoch 1143 | train 3.579212e-01 | val 3.552198e-01 |  22.108 s | best 3.552122e-01 @1140
epoch 1144 | train 3.575416e-01 | val 3.552235e-01 |  20.135 s | best 3.552122e-01 @1140
epoch 1145 | train 3.581464e-01 | val 3.552212e-01 |  20.638 s | best 3.552122e-01 @1140
epoch 1146 | train 3.578355e-01 | val 3.552117e-01 |  25.162 s | best 3.552117e-01 @1146 *
epoch 1147 | train 3.572507e-01 | val 3.551747e-01 |  23.385 s | best 3.551747e-01 @1147 *
epoch 1148 | train 3.579477e-01 | val 3.551526e-01 |  25.951 s | best 3.551526e-01 @1148 *
epoch 1149 | train 3.576154e-01 | val 3.551401e-01 |  26.387 s | best 3.551401e-01 @1149 *
epoch 1150 | train 3.570107e-01 | val 3.551274e-01 |  25.325 s | best 3.551274e-01 @1150 *
epoch 1151 | train 3.577791e-01 | val 3.551260e-01 |  24.922 s | best 3.551260e-01 @1151 *
epoch 1152 | train 3.580159e-01 | val 3.551472e-01 |  30.506 s | best 3.551260e-01 @1151
epoch 1153 | train 3.577341e-01 | val 3.551733e-01 |  30.878 s | best 3.551260e-01 @1151
epoch 1154 | train 3.580968e-01 | val 3.551502e-01 |  24.109 s | best 3.551260e-01 @1151
epoch 1155 | train 3.582050e-01 | val 3.551442e-01 |  31.860 s | best 3.551260e-01 @1151
epoch 1156 | train 3.576915e-01 | val 3.550947e-01 |  30.526 s | best 3.550947e-01 @1156 *
epoch 1157 | train 3.581907e-01 | val 3.550845e-01 |  31.279 s | best 3.550845e-01 @1157 *
epoch 1158 | train 3.585806e-01 | val 3.550878e-01 |  26.421 s | best 3.550845e-01 @1157
epoch 1159 | train 3.579759e-01 | val 3.550821e-01 |  27.753 s | best 3.550821e-01 @1159 *
epoch 1160 | train 3.581435e-01 | val 3.550570e-01 |  22.848 s | best 3.550570e-01 @1160 *
epoch 1161 | train 3.586309e-01 | val 3.550714e-01 |  28.483 s | best 3.550570e-01 @1160
epoch 1162 | train 3.578092e-01 | val 3.550772e-01 |  26.927 s | best 3.550570e-01 @1160
epoch 1163 | train 3.573836e-01 | val 3.550979e-01 |  25.461 s | best 3.550570e-01 @1160
epoch 1164 | train 3.580703e-01 | val 3.550756e-01 |  26.353 s | best 3.550570e-01 @1160
epoch 1165 | train 3.579568e-01 | val 3.550434e-01 |  25.225 s | best 3.550434e-01 @1165 *
epoch 1166 | train 3.579315e-01 | val 3.550133e-01 |  31.267 s | best 3.550133e-01 @1166 *
epoch 1167 | train 3.583206e-01 | val 3.550177e-01 |  25.531 s | best 3.550133e-01 @1166
epoch 1168 | train 3.575972e-01 | val 3.550218e-01 |  25.831 s | best 3.550133e-01 @1166
epoch 1169 | train 3.570081e-01 | val 3.550165e-01 |  26.020 s | best 3.550133e-01 @1166
epoch 1170 | train 3.577391e-01 | val 3.549981e-01 |  25.777 s | best 3.549981e-01 @1170 *
epoch 1171 | train 3.577532e-01 | val 3.549913e-01 |  22.397 s | best 3.549913e-01 @1171 *
epoch 1172 | train 3.577337e-01 | val 3.549752e-01 |  25.459 s | best 3.549752e-01 @1172 *
epoch 1173 | train 3.580443e-01 | val 3.549674e-01 |  21.465 s | best 3.549674e-01 @1173 *
epoch 1174 | train 3.577392e-01 | val 3.549228e-01 |  28.627 s | best 3.549228e-01 @1174 *
epoch 1175 | train 3.573404e-01 | val 3.549139e-01 |  30.729 s | best 3.549139e-01 @1175 *
epoch 1176 | train 3.575800e-01 | val 3.549209e-01 |  30.907 s | best 3.549139e-01 @1175
epoch 1177 | train 3.574443e-01 | val 3.548943e-01 |  26.231 s | best 3.548943e-01 @1177 *
epoch 1178 | train 3.578092e-01 | val 3.548777e-01 |  29.767 s | best 3.548777e-01 @1178 *
epoch 1179 | train 3.577761e-01 | val 3.548788e-01 |  29.502 s | best 3.548777e-01 @1178
epoch 1180 | train 3.579881e-01 | val 3.548991e-01 |  30.950 s | best 3.548777e-01 @1178
epoch 1181 | train 3.575695e-01 | val 3.548951e-01 |  23.585 s | best 3.548777e-01 @1178
epoch 1182 | train 3.578445e-01 | val 3.548695e-01 |  24.059 s | best 3.548695e-01 @1182 *
epoch 1183 | train 3.575173e-01 | val 3.548934e-01 |  25.216 s | best 3.548695e-01 @1182
epoch 1184 | train 3.576605e-01 | val 3.548709e-01 |  25.795 s | best 3.548695e-01 @1182
epoch 1185 | train 3.579198e-01 | val 3.548376e-01 |  28.081 s | best 3.548376e-01 @1185 *
epoch 1186 | train 3.579991e-01 | val 3.547865e-01 |  22.827 s | best 3.547865e-01 @1186 *
epoch 1187 | train 3.574939e-01 | val 3.547778e-01 |  28.758 s | best 3.547778e-01 @1187 *
epoch 1188 | train 3.576880e-01 | val 3.547694e-01 |  25.279 s | best 3.547694e-01 @1188 *
epoch 1189 | train 3.575484e-01 | val 3.548046e-01 |  30.383 s | best 3.547694e-01 @1188
epoch 1190 | train 3.580160e-01 | val 3.547809e-01 |  30.343 s | best 3.547694e-01 @1188
epoch 1191 | train 3.573493e-01 | val 3.547840e-01 |  28.243 s | best 3.547694e-01 @1188
epoch 1192 | train 3.579198e-01 | val 3.547849e-01 |  26.345 s | best 3.547694e-01 @1188
epoch 1193 | train 3.573242e-01 | val 3.547935e-01 |  26.275 s | best 3.547694e-01 @1188
epoch 1194 | train 3.574964e-01 | val 3.547773e-01 |  24.789 s | best 3.547694e-01 @1188
epoch 1195 | train 3.575175e-01 | val 3.547196e-01 |  25.244 s | best 3.547196e-01 @1195 *
epoch 1196 | train 3.573857e-01 | val 3.546933e-01 |  25.742 s | best 3.546933e-01 @1196 *
epoch 1197 | train 3.578051e-01 | val 3.546745e-01 |  28.918 s | best 3.546745e-01 @1197 *
epoch 1198 | train 3.576925e-01 | val 3.546516e-01 |  30.510 s | best 3.546516e-01 @1198 *
epoch 1199 | train 3.583033e-01 | val 3.546010e-01 |  28.148 s | best 3.546010e-01 @1199 *
epoch 1200 | train 3.574158e-01 | val 3.545882e-01 |  27.904 s | best 3.545882e-01 @1200 *
epoch 1201 | train 3.578182e-01 | val 3.546189e-01 |  29.255 s | best 3.545882e-01 @1200
epoch 1202 | train 3.571269e-01 | val 3.546127e-01 |  32.664 s | best 3.545882e-01 @1200
epoch 1203 | train 3.573607e-01 | val 3.546064e-01 |  27.754 s | best 3.545882e-01 @1200
epoch 1204 | train 3.578205e-01 | val 3.546414e-01 |  24.063 s | best 3.545882e-01 @1200
epoch 1205 | train 3.571168e-01 | val 3.546554e-01 |  22.223 s | best 3.545882e-01 @1200
epoch 1206 | train 3.577975e-01 | val 3.546453e-01 |  22.200 s | best 3.545882e-01 @1200
epoch 1207 | train 3.573327e-01 | val 3.546547e-01 |  24.580 s | best 3.545882e-01 @1200
epoch 1208 | train 3.574457e-01 | val 3.546830e-01 |  25.296 s | best 3.545882e-01 @1200
epoch 1209 | train 3.572523e-01 | val 3.546601e-01 |  28.303 s | best 3.545882e-01 @1200
epoch 1210 | train 3.569534e-01 | val 3.546346e-01 |  25.334 s | best 3.545882e-01 @1200
epoch 1211 | train 3.574658e-01 | val 3.545744e-01 |  25.265 s | best 3.545744e-01 @1211 *
epoch 1212 | train 3.581028e-01 | val 3.545650e-01 |  26.741 s | best 3.545650e-01 @1212 *
epoch 1213 | train 3.571520e-01 | val 3.545652e-01 |  23.563 s | best 3.545650e-01 @1212
epoch 1214 | train 3.572963e-01 | val 3.545667e-01 |  22.048 s | best 3.545650e-01 @1212
epoch 1215 | train 3.575319e-01 | val 3.546055e-01 |  22.283 s | best 3.545650e-01 @1212
epoch 1216 | train 3.576895e-01 | val 3.545836e-01 |  19.178 s | best 3.545650e-01 @1212
epoch 1217 | train 3.575354e-01 | val 3.545791e-01 |  19.614 s | best 3.545650e-01 @1212
epoch 1218 | train 3.577571e-01 | val 3.545235e-01 |  18.396 s | best 3.545235e-01 @1218 *
epoch 1219 | train 3.570197e-01 | val 3.544813e-01 |  17.594 s | best 3.544813e-01 @1219 *
epoch 1220 | train 3.578116e-01 | val 3.544676e-01 |  18.600 s | best 3.544676e-01 @1220 *
epoch 1221 | train 3.569928e-01 | val 3.544789e-01 |  18.612 s | best 3.544676e-01 @1220
epoch 1222 | train 3.567863e-01 | val 3.544592e-01 |  18.815 s | best 3.544592e-01 @1222 *
epoch 1223 | train 3.575528e-01 | val 3.544494e-01 |  18.091 s | best 3.544494e-01 @1223 *
epoch 1224 | train 3.575482e-01 | val 3.544577e-01 |  17.558 s | best 3.544494e-01 @1223
epoch 1225 | train 3.578346e-01 | val 3.544458e-01 |  17.313 s | best 3.544458e-01 @1225 *
epoch 1226 | train 3.573657e-01 | val 3.544340e-01 |  17.977 s | best 3.544340e-01 @1226 *
epoch 1227 | train 3.570114e-01 | val 3.544373e-01 |  17.440 s | best 3.544340e-01 @1226
epoch 1228 | train 3.570683e-01 | val 3.544495e-01 |  17.195 s | best 3.544340e-01 @1226
epoch 1229 | train 3.569853e-01 | val 3.544377e-01 |  16.329 s | best 3.544340e-01 @1226
epoch 1230 | train 3.570866e-01 | val 3.544147e-01 |  16.794 s | best 3.544147e-01 @1230 *
epoch 1231 | train 3.572626e-01 | val 3.544294e-01 |  16.422 s | best 3.544147e-01 @1230
epoch 1232 | train 3.568421e-01 | val 3.544230e-01 |  18.622 s | best 3.544147e-01 @1230
epoch 1233 | train 3.570677e-01 | val 3.544272e-01 |   9.284 s | best 3.544147e-01 @1230
epoch 1234 | train 3.575180e-01 | val 3.544165e-01 |   8.404 s | best 3.544147e-01 @1230
epoch 1235 | train 3.568254e-01 | val 3.543975e-01 |   8.027 s | best 3.543975e-01 @1235 *
epoch 1236 | train 3.572272e-01 | val 3.544054e-01 |  11.785 s | best 3.543975e-01 @1235
epoch 1237 | train 3.573812e-01 | val 3.543867e-01 |  24.589 s | best 3.543867e-01 @1237 *
epoch 1238 | train 3.569622e-01 | val 3.544395e-01 |  23.160 s | best 3.543867e-01 @1237
epoch 1239 | train 3.576341e-01 | val 3.544291e-01 |  24.006 s | best 3.543867e-01 @1237
epoch 1240 | train 3.572704e-01 | val 3.544237e-01 |  23.983 s | best 3.543867e-01 @1237
epoch 1241 | train 3.571125e-01 | val 3.544034e-01 |  23.986 s | best 3.543867e-01 @1237
epoch 1242 | train 3.572243e-01 | val 3.544055e-01 |  23.998 s | best 3.543867e-01 @1237
epoch 1243 | train 3.570776e-01 | val 3.543899e-01 |  23.981 s | best 3.543867e-01 @1237
epoch 1244 | train 3.572015e-01 | val 3.544149e-01 |  23.908 s | best 3.543867e-01 @1237
epoch 1245 | train 3.572708e-01 | val 3.543683e-01 |  23.972 s | best 3.543683e-01 @1245 *
epoch 1246 | train 3.570411e-01 | val 3.543512e-01 |  23.932 s | best 3.543512e-01 @1246 *
epoch 1247 | train 3.569900e-01 | val 3.543222e-01 |  24.030 s | best 3.543222e-01 @1247 *
epoch 1248 | train 3.572923e-01 | val 3.543048e-01 |  23.827 s | best 3.543048e-01 @1248 *
epoch 1249 | train 3.573242e-01 | val 3.542838e-01 |  23.440 s | best 3.542838e-01 @1249 *
epoch 1250 | train 3.566076e-01 | val 3.542993e-01 |  23.479 s | best 3.542838e-01 @1249
epoch 1251 | train 3.573050e-01 | val 3.543039e-01 |  23.726 s | best 3.542838e-01 @1249
epoch 1252 | train 3.572392e-01 | val 3.543340e-01 |  23.573 s | best 3.542838e-01 @1249
epoch 1253 | train 3.571552e-01 | val 3.543436e-01 |  23.718 s | best 3.542838e-01 @1249
epoch 1254 | train 3.571626e-01 | val 3.542971e-01 |  23.639 s | best 3.542838e-01 @1249
epoch 1255 | train 3.566550e-01 | val 3.542848e-01 |  23.788 s | best 3.542838e-01 @1249
epoch 1256 | train 3.570526e-01 | val 3.542880e-01 |  23.679 s | best 3.542838e-01 @1249
epoch 1257 | train 3.565706e-01 | val 3.542571e-01 |  23.799 s | best 3.542571e-01 @1257 *
epoch 1258 | train 3.569784e-01 | val 3.542741e-01 |  23.803 s | best 3.542571e-01 @1257
epoch 1259 | train 3.569480e-01 | val 3.542854e-01 |  23.798 s | best 3.542571e-01 @1257
epoch 1260 | train 3.568784e-01 | val 3.542684e-01 |  23.777 s | best 3.542571e-01 @1257
epoch 1261 | train 3.573030e-01 | val 3.542157e-01 |  23.841 s | best 3.542157e-01 @1261 *
epoch 1262 | train 3.570367e-01 | val 3.542185e-01 |  23.452 s | best 3.542157e-01 @1261
epoch 1263 | train 3.570075e-01 | val 3.542193e-01 |  23.835 s | best 3.542157e-01 @1261
epoch 1264 | train 3.573377e-01 | val 3.541990e-01 |  23.731 s | best 3.541990e-01 @1264 *
epoch 1265 | train 3.568241e-01 | val 3.542329e-01 |  23.819 s | best 3.541990e-01 @1264
epoch 1266 | train 3.571190e-01 | val 3.542122e-01 |  23.716 s | best 3.541990e-01 @1264
epoch 1267 | train 3.569727e-01 | val 3.541646e-01 |  23.747 s | best 3.541646e-01 @1267 *
epoch 1268 | train 3.567775e-01 | val 3.541214e-01 |  23.745 s | best 3.541214e-01 @1268 *
epoch 1269 | train 3.570320e-01 | val 3.541228e-01 |  23.768 s | best 3.541214e-01 @1268
epoch 1270 | train 3.569224e-01 | val 3.541478e-01 |  23.698 s | best 3.541214e-01 @1268
epoch 1271 | train 3.567499e-01 | val 3.541628e-01 |  23.802 s | best 3.541214e-01 @1268
epoch 1272 | train 3.568148e-01 | val 3.541371e-01 |  23.742 s | best 3.541214e-01 @1268
epoch 1273 | train 3.572007e-01 | val 3.541268e-01 |  23.771 s | best 3.541214e-01 @1268
epoch 1274 | train 3.565573e-01 | val 3.541269e-01 |  23.755 s | best 3.541214e-01 @1268
epoch 1275 | train 3.563465e-01 | val 3.541007e-01 |  23.816 s | best 3.541007e-01 @1275 *
epoch 1276 | train 3.565828e-01 | val 3.541296e-01 |  23.597 s | best 3.541007e-01 @1275
epoch 1277 | train 3.565173e-01 | val 3.541618e-01 |  23.679 s | best 3.541007e-01 @1275
epoch 1278 | train 3.572540e-01 | val 3.541563e-01 |  23.791 s | best 3.541007e-01 @1275
epoch 1279 | train 3.567216e-01 | val 3.541650e-01 |  23.819 s | best 3.541007e-01 @1275
epoch 1280 | train 3.569982e-01 | val 3.541325e-01 |  23.710 s | best 3.541007e-01 @1275
epoch 1281 | train 3.565872e-01 | val 3.540947e-01 |  23.751 s | best 3.540947e-01 @1281 *
epoch 1282 | train 3.567316e-01 | val 3.540864e-01 |  23.742 s | best 3.540864e-01 @1282 *
epoch 1283 | train 3.566365e-01 | val 3.540745e-01 |  23.817 s | best 3.540745e-01 @1283 *
epoch 1284 | train 3.573276e-01 | val 3.540928e-01 |  23.768 s | best 3.540745e-01 @1283
epoch 1285 | train 3.567412e-01 | val 3.540671e-01 |  23.793 s | best 3.540671e-01 @1285 *
epoch 1286 | train 3.566706e-01 | val 3.540609e-01 |  23.796 s | best 3.540609e-01 @1286 *
epoch 1287 | train 3.565525e-01 | val 3.540478e-01 |  23.736 s | best 3.540478e-01 @1287 *
epoch 1288 | train 3.565436e-01 | val 3.540274e-01 |  23.304 s | best 3.540274e-01 @1288 *
epoch 1289 | train 3.558855e-01 | val 3.540252e-01 |  23.395 s | best 3.540252e-01 @1289 *
epoch 1290 | train 3.569890e-01 | val 3.540270e-01 |  23.786 s | best 3.540252e-01 @1289
epoch 1291 | train 3.565667e-01 | val 3.540022e-01 |  23.741 s | best 3.540022e-01 @1291 *
epoch 1292 | train 3.570105e-01 | val 3.540049e-01 |  23.722 s | best 3.540022e-01 @1291
epoch 1293 | train 3.574203e-01 | val 3.540227e-01 |  23.736 s | best 3.540022e-01 @1291
epoch 1294 | train 3.569974e-01 | val 3.540525e-01 |  23.760 s | best 3.540022e-01 @1291
epoch 1295 | train 3.569603e-01 | val 3.540196e-01 |  23.724 s | best 3.540022e-01 @1291
epoch 1296 | train 3.570732e-01 | val 3.540325e-01 |  23.736 s | best 3.540022e-01 @1291
epoch 1297 | train 3.565254e-01 | val 3.540182e-01 |  23.734 s | best 3.540022e-01 @1291
epoch 1298 | train 3.574843e-01 | val 3.540225e-01 |  23.749 s | best 3.540022e-01 @1291
epoch 1299 | train 3.570924e-01 | val 3.540054e-01 |  23.706 s | best 3.540022e-01 @1291
epoch 1300 | train 3.563178e-01 | val 3.539903e-01 |  23.788 s | best 3.539903e-01 @1300 *
epoch 1301 | train 3.571077e-01 | val 3.540129e-01 |  23.776 s | best 3.539903e-01 @1300
epoch 1302 | train 3.572524e-01 | val 3.540014e-01 |  23.827 s | best 3.539903e-01 @1300
epoch 1303 | train 3.568108e-01 | val 3.539522e-01 |  22.976 s | best 3.539522e-01 @1303 *
epoch 1304 | train 3.568366e-01 | val 3.539755e-01 |  23.770 s | best 3.539522e-01 @1303
epoch 1305 | train 3.568334e-01 | val 3.539579e-01 |  23.820 s | best 3.539522e-01 @1303
epoch 1306 | train 3.567331e-01 | val 3.539182e-01 |  23.774 s | best 3.539182e-01 @1306 *
epoch 1307 | train 3.565764e-01 | val 3.539391e-01 |  23.754 s | best 3.539182e-01 @1306
epoch 1308 | train 3.572446e-01 | val 3.539528e-01 |  23.821 s | best 3.539182e-01 @1306
epoch 1309 | train 3.573577e-01 | val 3.539052e-01 |  23.800 s | best 3.539052e-01 @1309 *
epoch 1310 | train 3.567694e-01 | val 3.538964e-01 |  12.490 s | best 3.538964e-01 @1310 *
epoch 1311 | train 3.566804e-01 | val 3.539006e-01 |   7.441 s | best 3.538964e-01 @1310
epoch 1312 | train 3.570089e-01 | val 3.539028e-01 |   7.380 s | best 3.538964e-01 @1310
epoch 1313 | train 3.564734e-01 | val 3.539053e-01 |   7.334 s | best 3.538964e-01 @1310
epoch 1314 | train 3.566731e-01 | val 3.539101e-01 |   7.348 s | best 3.538964e-01 @1310
epoch 1315 | train 3.567651e-01 | val 3.538780e-01 |   7.389 s | best 3.538780e-01 @1315 *
epoch 1316 | train 3.567003e-01 | val 3.538708e-01 |   7.420 s | best 3.538708e-01 @1316 *
epoch 1317 | train 3.564821e-01 | val 3.538406e-01 |   7.533 s | best 3.538406e-01 @1317 *
epoch 1318 | train 3.569169e-01 | val 3.538390e-01 |   7.347 s | best 3.538390e-01 @1318 *
epoch 1319 | train 3.573800e-01 | val 3.538375e-01 |   7.326 s | best 3.538375e-01 @1319 *
epoch 1320 | train 3.564176e-01 | val 3.538662e-01 |   7.356 s | best 3.538375e-01 @1319
epoch 1321 | train 3.566906e-01 | val 3.538849e-01 |   7.314 s | best 3.538375e-01 @1319
epoch 1322 | train 3.569900e-01 | val 3.538569e-01 |   7.338 s | best 3.538375e-01 @1319
epoch 1323 | train 3.565179e-01 | val 3.538065e-01 |   7.392 s | best 3.538065e-01 @1323 *
epoch 1324 | train 3.566571e-01 | val 3.537771e-01 |   7.410 s | best 3.537771e-01 @1324 *
epoch 1325 | train 3.565041e-01 | val 3.537416e-01 |   7.344 s | best 3.537416e-01 @1325 *
epoch 1326 | train 3.570668e-01 | val 3.537205e-01 |   7.326 s | best 3.537205e-01 @1326 *
epoch 1327 | train 3.569242e-01 | val 3.537536e-01 |   7.411 s | best 3.537205e-01 @1326
epoch 1328 | train 3.563466e-01 | val 3.537627e-01 |  16.766 s | best 3.537205e-01 @1326
epoch 1329 | train 3.567519e-01 | val 3.537424e-01 |  22.816 s | best 3.537205e-01 @1326
epoch 1330 | train 3.561996e-01 | val 3.537190e-01 |  23.499 s | best 3.537190e-01 @1330 *
epoch 1331 | train 3.564840e-01 | val 3.537026e-01 |  23.594 s | best 3.537026e-01 @1331 *
epoch 1332 | train 3.571831e-01 | val 3.536848e-01 |  23.552 s | best 3.536848e-01 @1332 *
epoch 1333 | train 3.570633e-01 | val 3.536704e-01 |  23.533 s | best 3.536704e-01 @1333 *
epoch 1334 | train 3.563062e-01 | val 3.536945e-01 |  23.527 s | best 3.536704e-01 @1333
epoch 1335 | train 3.561366e-01 | val 3.537030e-01 |  23.593 s | best 3.536704e-01 @1333
epoch 1336 | train 3.563620e-01 | val 3.537172e-01 |  23.509 s | best 3.536704e-01 @1333
epoch 1337 | train 3.565351e-01 | val 3.537107e-01 |  23.566 s | best 3.536704e-01 @1333
epoch 1338 | train 3.560706e-01 | val 3.536887e-01 |  23.584 s | best 3.536704e-01 @1333
epoch 1339 | train 3.563318e-01 | val 3.537026e-01 |  23.554 s | best 3.536704e-01 @1333
epoch 1340 | train 3.566046e-01 | val 3.537222e-01 |  23.511 s | best 3.536704e-01 @1333
epoch 1341 | train 3.566968e-01 | val 3.537032e-01 |  18.697 s | best 3.536704e-01 @1333
epoch 1342 | train 3.564087e-01 | val 3.537095e-01 |  14.883 s | best 3.536704e-01 @1333
epoch 1343 | train 3.564026e-01 | val 3.536969e-01 |  23.175 s | best 3.536704e-01 @1333
epoch 1344 | train 3.565877e-01 | val 3.536775e-01 |  23.436 s | best 3.536704e-01 @1333
epoch 1345 | train 3.564485e-01 | val 3.536616e-01 |  23.483 s | best 3.536616e-01 @1345 *
epoch 1346 | train 3.564283e-01 | val 3.536717e-01 |  23.525 s | best 3.536616e-01 @1345
epoch 1347 | train 3.563694e-01 | val 3.536564e-01 |  23.486 s | best 3.536564e-01 @1347 *
epoch 1348 | train 3.568840e-01 | val 3.536632e-01 |  23.461 s | best 3.536564e-01 @1347
epoch 1349 | train 3.568113e-01 | val 3.536634e-01 |  23.594 s | best 3.536564e-01 @1347
epoch 1350 | train 3.566979e-01 | val 3.536437e-01 |  23.458 s | best 3.536437e-01 @1350 *
epoch 1351 | train 3.568753e-01 | val 3.536369e-01 |  23.537 s | best 3.536369e-01 @1351 *
epoch 1352 | train 3.566259e-01 | val 3.536271e-01 |  23.515 s | best 3.536271e-01 @1352 *
epoch 1353 | train 3.565028e-01 | val 3.536447e-01 |  23.539 s | best 3.536271e-01 @1352
epoch 1354 | train 3.565218e-01 | val 3.536490e-01 |  23.474 s | best 3.536271e-01 @1352
epoch 1355 | train 3.561389e-01 | val 3.536363e-01 |  22.520 s | best 3.536271e-01 @1352
epoch 1356 | train 3.562606e-01 | val 3.536739e-01 |  23.527 s | best 3.536271e-01 @1352
epoch 1357 | train 3.559990e-01 | val 3.536499e-01 |  23.439 s | best 3.536271e-01 @1352
epoch 1358 | train 3.564472e-01 | val 3.536157e-01 |  23.352 s | best 3.536157e-01 @1358 *
epoch 1359 | train 3.566067e-01 | val 3.536034e-01 |  23.389 s | best 3.536034e-01 @1359 *
epoch 1360 | train 3.562942e-01 | val 3.535726e-01 |  23.368 s | best 3.535726e-01 @1360 *
epoch 1361 | train 3.568309e-01 | val 3.535595e-01 |  23.452 s | best 3.535595e-01 @1361 *
epoch 1362 | train 3.560994e-01 | val 3.535514e-01 |  23.389 s | best 3.535514e-01 @1362 *
epoch 1363 | train 3.558625e-01 | val 3.535656e-01 |  23.419 s | best 3.535514e-01 @1362
epoch 1364 | train 3.564367e-01 | val 3.535518e-01 |  23.348 s | best 3.535514e-01 @1362
epoch 1365 | train 3.561464e-01 | val 3.535731e-01 |  23.308 s | best 3.535514e-01 @1362
epoch 1366 | train 3.562214e-01 | val 3.536303e-01 |  23.396 s | best 3.535514e-01 @1362
epoch 1367 | train 3.562416e-01 | val 3.536206e-01 |  23.330 s | best 3.535514e-01 @1362
epoch 1368 | train 3.564880e-01 | val 3.535782e-01 |  23.349 s | best 3.535514e-01 @1362
epoch 1369 | train 3.562801e-01 | val 3.535866e-01 |  23.560 s | best 3.535514e-01 @1362
epoch 1370 | train 3.562151e-01 | val 3.535657e-01 |  23.491 s | best 3.535514e-01 @1362
epoch 1371 | train 3.564011e-01 | val 3.535465e-01 |  23.364 s | best 3.535465e-01 @1371 *
epoch 1372 | train 3.561771e-01 | val 3.535499e-01 |  23.304 s | best 3.535465e-01 @1371
epoch 1373 | train 3.563195e-01 | val 3.535109e-01 |  23.322 s | best 3.535109e-01 @1373 *
epoch 1374 | train 3.562803e-01 | val 3.534922e-01 |  23.331 s | best 3.534922e-01 @1374 *
epoch 1375 | train 3.562370e-01 | val 3.535275e-01 |  23.251 s | best 3.534922e-01 @1374
epoch 1376 | train 3.562076e-01 | val 3.535594e-01 |  23.344 s | best 3.534922e-01 @1374
epoch 1377 | train 3.567085e-01 | val 3.535642e-01 |  23.315 s | best 3.534922e-01 @1374
epoch 1378 | train 3.568721e-01 | val 3.535375e-01 |  23.275 s | best 3.534922e-01 @1374
epoch 1379 | train 3.561308e-01 | val 3.535145e-01 |  23.307 s | best 3.534922e-01 @1374
epoch 1380 | train 3.562990e-01 | val 3.534593e-01 |  23.382 s | best 3.534593e-01 @1380 *
epoch 1381 | train 3.563193e-01 | val 3.534731e-01 |  23.475 s | best 3.534593e-01 @1380
epoch 1382 | train 3.560925e-01 | val 3.534945e-01 |  23.553 s | best 3.534593e-01 @1380
epoch 1383 | train 3.559667e-01 | val 3.534619e-01 |  23.354 s | best 3.534593e-01 @1380
epoch 1384 | train 3.564026e-01 | val 3.534627e-01 |  23.334 s | best 3.534593e-01 @1380
epoch 1385 | train 3.560609e-01 | val 3.534489e-01 |  23.338 s | best 3.534489e-01 @1385 *
epoch 1386 | train 3.562873e-01 | val 3.534249e-01 |  23.336 s | best 3.534249e-01 @1386 *
epoch 1387 | train 3.560913e-01 | val 3.534372e-01 |  23.275 s | best 3.534249e-01 @1386
epoch 1388 | train 3.564133e-01 | val 3.534296e-01 |  23.248 s | best 3.534249e-01 @1386
epoch 1389 | train 3.563498e-01 | val 3.533941e-01 |  23.244 s | best 3.533941e-01 @1389 *
epoch 1390 | train 3.560204e-01 | val 3.533800e-01 |  23.292 s | best 3.533800e-01 @1390 *
epoch 1391 | train 3.563563e-01 | val 3.533842e-01 |  23.376 s | best 3.533800e-01 @1390
epoch 1392 | train 3.566003e-01 | val 3.533814e-01 |  23.315 s | best 3.533800e-01 @1390
epoch 1393 | train 3.558794e-01 | val 3.533818e-01 |  23.348 s | best 3.533800e-01 @1390
epoch 1394 | train 3.560473e-01 | val 3.533840e-01 |  23.303 s | best 3.533800e-01 @1390
epoch 1395 | train 3.563175e-01 | val 3.533720e-01 |  23.580 s | best 3.533720e-01 @1395 *
epoch 1396 | train 3.563366e-01 | val 3.533769e-01 |  23.286 s | best 3.533720e-01 @1395
epoch 1397 | train 3.560404e-01 | val 3.533800e-01 |  23.281 s | best 3.533720e-01 @1395
epoch 1398 | train 3.562716e-01 | val 3.533992e-01 |  23.290 s | best 3.533720e-01 @1395
epoch 1399 | train 3.558830e-01 | val 3.534041e-01 |  23.290 s | best 3.533720e-01 @1395
epoch 1400 | train 3.559478e-01 | val 3.534038e-01 |  23.285 s | best 3.533720e-01 @1395
epoch 1401 | train 3.557492e-01 | val 3.533759e-01 |  23.295 s | best 3.533720e-01 @1395
epoch 1402 | train 3.561392e-01 | val 3.533921e-01 |  23.242 s | best 3.533720e-01 @1395
epoch 1403 | train 3.559837e-01 | val 3.533838e-01 |  23.321 s | best 3.533720e-01 @1395
epoch 1404 | train 3.557459e-01 | val 3.533888e-01 |  23.306 s | best 3.533720e-01 @1395
epoch 1405 | train 3.560841e-01 | val 3.533673e-01 |  23.490 s | best 3.533673e-01 @1405 *
epoch 1406 | train 3.554988e-01 | val 3.533921e-01 |  23.496 s | best 3.533673e-01 @1405
epoch 1407 | train 3.561985e-01 | val 3.533800e-01 |  23.438 s | best 3.533673e-01 @1405
epoch 1408 | train 3.562764e-01 | val 3.533592e-01 |  23.521 s | best 3.533592e-01 @1408 *
epoch 1409 | train 3.560759e-01 | val 3.533629e-01 |  23.459 s | best 3.533592e-01 @1408
epoch 1410 | train 3.557326e-01 | val 3.533589e-01 |  23.482 s | best 3.533589e-01 @1410 *
epoch 1411 | train 3.561080e-01 | val 3.533137e-01 |  23.483 s | best 3.533137e-01 @1411 *
epoch 1412 | train 3.558405e-01 | val 3.532963e-01 |  23.460 s | best 3.532963e-01 @1412 *
epoch 1413 | train 3.561790e-01 | val 3.533097e-01 |  23.463 s | best 3.532963e-01 @1412
epoch 1414 | train 3.561865e-01 | val 3.533384e-01 |  23.497 s | best 3.532963e-01 @1412
epoch 1415 | train 3.559347e-01 | val 3.533342e-01 |  23.438 s | best 3.532963e-01 @1412
epoch 1416 | train 3.564505e-01 | val 3.533385e-01 |  23.508 s | best 3.532963e-01 @1412
epoch 1417 | train 3.559196e-01 | val 3.532994e-01 |  23.431 s | best 3.532963e-01 @1412
epoch 1418 | train 3.555999e-01 | val 3.532792e-01 |  23.477 s | best 3.532792e-01 @1418 *
epoch 1419 | train 3.563372e-01 | val 3.532442e-01 |  23.446 s | best 3.532442e-01 @1419 *
epoch 1420 | train 3.563500e-01 | val 3.532475e-01 |  23.493 s | best 3.532442e-01 @1419
epoch 1421 | train 3.560083e-01 | val 3.532548e-01 |  23.651 s | best 3.532442e-01 @1419
epoch 1422 | train 3.548312e-01 | val 3.532648e-01 |  23.466 s | best 3.532442e-01 @1419
epoch 1423 | train 3.553599e-01 | val 3.532852e-01 |  23.517 s | best 3.532442e-01 @1419
epoch 1424 | train 3.560439e-01 | val 3.532717e-01 |  23.547 s | best 3.532442e-01 @1419
epoch 1425 | train 3.561480e-01 | val 3.532777e-01 |  24.532 s | best 3.532442e-01 @1419
epoch 1426 | train 3.557516e-01 | val 3.532617e-01 |  24.545 s | best 3.532442e-01 @1419
epoch 1427 | train 3.557508e-01 | val 3.532448e-01 |  24.538 s | best 3.532442e-01 @1419
epoch 1428 | train 3.562623e-01 | val 3.532347e-01 |  24.472 s | best 3.532347e-01 @1428 *
epoch 1429 | train 3.559173e-01 | val 3.532372e-01 |  24.447 s | best 3.532347e-01 @1428
epoch 1430 | train 3.562157e-01 | val 3.532385e-01 |  24.528 s | best 3.532347e-01 @1428
epoch 1431 | train 3.561541e-01 | val 3.532450e-01 |  24.468 s | best 3.532347e-01 @1428
epoch 1432 | train 3.556986e-01 | val 3.532167e-01 |  24.493 s | best 3.532167e-01 @1432 *
epoch 1433 | train 3.564919e-01 | val 3.532006e-01 |  24.342 s | best 3.532006e-01 @1433 *
epoch 1434 | train 3.560906e-01 | val 3.532073e-01 |  24.532 s | best 3.532006e-01 @1433
epoch 1435 | train 3.554363e-01 | val 3.532295e-01 |  24.168 s | best 3.532006e-01 @1433
epoch 1436 | train 3.561376e-01 | val 3.532164e-01 |  24.085 s | best 3.532006e-01 @1433
epoch 1437 | train 3.560498e-01 | val 3.531668e-01 |  23.970 s | best 3.531668e-01 @1437 *
epoch 1438 | train 3.560293e-01 | val 3.531552e-01 |  23.986 s | best 3.531552e-01 @1438 *
epoch 1439 | train 3.559569e-01 | val 3.531712e-01 |  24.097 s | best 3.531552e-01 @1438
epoch 1440 | train 3.559356e-01 | val 3.531525e-01 |  23.964 s | best 3.531525e-01 @1440 *
epoch 1441 | train 3.557562e-01 | val 3.531371e-01 |  24.010 s | best 3.531371e-01 @1441 *
epoch 1442 | train 3.558925e-01 | val 3.531320e-01 |  24.047 s | best 3.531320e-01 @1442 *
epoch 1443 | train 3.558191e-01 | val 3.531337e-01 |  24.004 s | best 3.531320e-01 @1442
epoch 1444 | train 3.552713e-01 | val 3.531018e-01 |  23.997 s | best 3.531018e-01 @1444 *
epoch 1445 | train 3.551623e-01 | val 3.531109e-01 |  24.063 s | best 3.531018e-01 @1444
epoch 1446 | train 3.558310e-01 | val 3.531225e-01 |  23.997 s | best 3.531018e-01 @1444
epoch 1447 | train 3.561439e-01 | val 3.531301e-01 |  19.623 s | best 3.531018e-01 @1444
epoch 1448 | train 3.553036e-01 | val 3.531107e-01 |  21.374 s | best 3.531018e-01 @1444
epoch 1449 | train 3.562243e-01 | val 3.531376e-01 |  24.076 s | best 3.531018e-01 @1444
epoch 1450 | train 3.553808e-01 | val 3.531408e-01 |  24.055 s | best 3.531018e-01 @1444
epoch 1451 | train 3.559340e-01 | val 3.531433e-01 |  23.997 s | best 3.531018e-01 @1444
epoch 1452 | train 3.560601e-01 | val 3.531135e-01 |  24.092 s | best 3.531018e-01 @1444
epoch 1453 | train 3.560994e-01 | val 3.530833e-01 |  23.981 s | best 3.530833e-01 @1453 *
epoch 1454 | train 3.555267e-01 | val 3.530578e-01 |  24.062 s | best 3.530578e-01 @1454 *
epoch 1455 | train 3.559787e-01 | val 3.530690e-01 |  24.097 s | best 3.530578e-01 @1454
epoch 1456 | train 3.559534e-01 | val 3.530606e-01 |  23.972 s | best 3.530578e-01 @1454
epoch 1457 | train 3.557153e-01 | val 3.530479e-01 |  24.022 s | best 3.530479e-01 @1457 *
epoch 1458 | train 3.553574e-01 | val 3.530445e-01 |  24.084 s | best 3.530445e-01 @1458 *
epoch 1459 | train 3.558369e-01 | val 3.530324e-01 |  24.031 s | best 3.530324e-01 @1459 *
epoch 1460 | train 3.559555e-01 | val 3.530350e-01 |  24.173 s | best 3.530324e-01 @1459
epoch 1461 | train 3.556479e-01 | val 3.530237e-01 |  24.093 s | best 3.530237e-01 @1461 *
epoch 1462 | train 3.562654e-01 | val 3.530509e-01 |  23.960 s | best 3.530237e-01 @1461
epoch 1463 | train 3.558035e-01 | val 3.530830e-01 |  23.980 s | best 3.530237e-01 @1461
epoch 1464 | train 3.561246e-01 | val 3.530917e-01 |  24.048 s | best 3.530237e-01 @1461
epoch 1465 | train 3.556430e-01 | val 3.530731e-01 |  24.029 s | best 3.530237e-01 @1461
epoch 1466 | train 3.562208e-01 | val 3.531025e-01 |  23.987 s | best 3.530237e-01 @1461
epoch 1467 | train 3.557775e-01 | val 3.530964e-01 |  24.023 s | best 3.530237e-01 @1461
epoch 1468 | train 3.560896e-01 | val 3.530714e-01 |  23.998 s | best 3.530237e-01 @1461
epoch 1469 | train 3.563650e-01 | val 3.530552e-01 |  24.014 s | best 3.530237e-01 @1461
epoch 1470 | train 3.557733e-01 | val 3.530279e-01 |  24.106 s | best 3.530237e-01 @1461
epoch 1471 | train 3.559452e-01 | val 3.530574e-01 |  24.003 s | best 3.530237e-01 @1461
epoch 1472 | train 3.556693e-01 | val 3.530691e-01 |  24.044 s | best 3.530237e-01 @1461
epoch 1473 | train 3.559897e-01 | val 3.530861e-01 |  24.081 s | best 3.530237e-01 @1461
epoch 1474 | train 3.557742e-01 | val 3.530697e-01 |  24.336 s | best 3.530237e-01 @1461
epoch 1475 | train 3.559479e-01 | val 3.530493e-01 |  23.970 s | best 3.530237e-01 @1461
epoch 1476 | train 3.556436e-01 | val 3.530723e-01 |  23.981 s | best 3.530237e-01 @1461
epoch 1477 | train 3.557301e-01 | val 3.530755e-01 |  24.071 s | best 3.530237e-01 @1461
epoch 1478 | train 3.555013e-01 | val 3.530444e-01 |  23.936 s | best 3.530237e-01 @1461
epoch 1479 | train 3.560374e-01 | val 3.530213e-01 |  23.914 s | best 3.530213e-01 @1479 *
epoch 1480 | train 3.558030e-01 | val 3.529877e-01 |  23.939 s | best 3.529877e-01 @1480 *
epoch 1481 | train 3.555447e-01 | val 3.529715e-01 |  23.875 s | best 3.529715e-01 @1481 *
epoch 1482 | train 3.557850e-01 | val 3.529759e-01 |  23.869 s | best 3.529715e-01 @1481
epoch 1483 | train 3.552066e-01 | val 3.529630e-01 |  23.917 s | best 3.529630e-01 @1483 *
epoch 1484 | train 3.557374e-01 | val 3.529708e-01 |  23.892 s | best 3.529630e-01 @1483
epoch 1485 | train 3.558660e-01 | val 3.530036e-01 |  23.820 s | best 3.529630e-01 @1483
epoch 1486 | train 3.559692e-01 | val 3.529894e-01 |  23.816 s | best 3.529630e-01 @1483
epoch 1487 | train 3.557935e-01 | val 3.529837e-01 |  24.024 s | best 3.529630e-01 @1483
epoch 1488 | train 3.563650e-01 | val 3.529903e-01 |  23.881 s | best 3.529630e-01 @1483
epoch 1489 | train 3.560427e-01 | val 3.530132e-01 |  23.916 s | best 3.529630e-01 @1483
epoch 1490 | train 3.561748e-01 | val 3.529802e-01 |  23.934 s | best 3.529630e-01 @1483
epoch 1491 | train 3.558021e-01 | val 3.529618e-01 |  23.896 s | best 3.529618e-01 @1491 *
epoch 1492 | train 3.559124e-01 | val 3.529568e-01 |  23.902 s | best 3.529568e-01 @1492 *
epoch 1493 | train 3.553432e-01 | val 3.529481e-01 |  23.939 s | best 3.529481e-01 @1493 *
epoch 1494 | train 3.558303e-01 | val 3.529372e-01 |  23.895 s | best 3.529372e-01 @1494 *
epoch 1495 | train 3.557463e-01 | val 3.529316e-01 |  23.997 s | best 3.529316e-01 @1495 *
epoch 1496 | train 3.558920e-01 | val 3.529001e-01 |  23.865 s | best 3.529001e-01 @1496 *
epoch 1497 | train 3.556348e-01 | val 3.528977e-01 |  23.886 s | best 3.528977e-01 @1497 *
epoch 1498 | train 3.562337e-01 | val 3.529211e-01 |  23.894 s | best 3.528977e-01 @1497
epoch 1499 | train 3.558512e-01 | val 3.529230e-01 |  23.916 s | best 3.528977e-01 @1497
epoch 1500 | train 3.557289e-01 | val 3.529170e-01 |  23.989 s | best 3.528977e-01 @1497
epoch 1501 | train 3.555966e-01 | val 3.529273e-01 |  22.642 s | best 3.528977e-01 @1497
epoch 1502 | train 3.558615e-01 | val 3.528932e-01 |  23.954 s | best 3.528932e-01 @1502 *
epoch 1503 | train 3.553984e-01 | val 3.528984e-01 |  23.802 s | best 3.528932e-01 @1502
epoch 1504 | train 3.559058e-01 | val 3.528884e-01 |  23.946 s | best 3.528884e-01 @1504 *
epoch 1505 | train 3.560624e-01 | val 3.528680e-01 |  24.042 s | best 3.528680e-01 @1505 *
epoch 1506 | train 3.561507e-01 | val 3.528808e-01 |  23.950 s | best 3.528680e-01 @1505
epoch 1507 | train 3.557955e-01 | val 3.528688e-01 |  23.855 s | best 3.528680e-01 @1505
epoch 1508 | train 3.553429e-01 | val 3.528681e-01 |  23.886 s | best 3.528680e-01 @1505
epoch 1509 | train 3.563491e-01 | val 3.528733e-01 |  23.842 s | best 3.528680e-01 @1505
epoch 1510 | train 3.555516e-01 | val 3.528894e-01 |  23.847 s | best 3.528680e-01 @1505
epoch 1511 | train 3.556338e-01 | val 3.528847e-01 |  23.945 s | best 3.528680e-01 @1505
epoch 1512 | train 3.557206e-01 | val 3.528629e-01 |  23.837 s | best 3.528629e-01 @1512 *
epoch 1513 | train 3.556802e-01 | val 3.528640e-01 |  23.866 s | best 3.528629e-01 @1512
epoch 1514 | train 3.559207e-01 | val 3.528686e-01 |  24.038 s | best 3.528629e-01 @1512
epoch 1515 | train 3.554002e-01 | val 3.528569e-01 |  23.856 s | best 3.528569e-01 @1515 *
epoch 1516 | train 3.559733e-01 | val 3.528528e-01 |  23.793 s | best 3.528528e-01 @1516 *
epoch 1517 | train 3.558335e-01 | val 3.528434e-01 |  23.874 s | best 3.528434e-01 @1517 *
epoch 1518 | train 3.554839e-01 | val 3.528307e-01 |  23.860 s | best 3.528307e-01 @1518 *
epoch 1519 | train 3.552885e-01 | val 3.528394e-01 |  23.830 s | best 3.528307e-01 @1518
epoch 1520 | train 3.555622e-01 | val 3.528686e-01 |  23.939 s | best 3.528307e-01 @1518
epoch 1521 | train 3.557270e-01 | val 3.528885e-01 |  23.809 s | best 3.528307e-01 @1518
epoch 1522 | train 3.554110e-01 | val 3.528858e-01 |  23.792 s | best 3.528307e-01 @1518
epoch 1523 | train 3.552036e-01 | val 3.529052e-01 |  23.810 s | best 3.528307e-01 @1518
epoch 1524 | train 3.551755e-01 | val 3.528824e-01 |  23.890 s | best 3.528307e-01 @1518
epoch 1525 | train 3.555307e-01 | val 3.528602e-01 |  23.830 s | best 3.528307e-01 @1518
epoch 1526 | train 3.556660e-01 | val 3.528523e-01 |  23.883 s | best 3.528307e-01 @1518
epoch 1527 | train 3.558317e-01 | val 3.528166e-01 |  23.716 s | best 3.528166e-01 @1527 *
epoch 1528 | train 3.558131e-01 | val 3.528352e-01 |  23.743 s | best 3.528166e-01 @1527
epoch 1529 | train 3.555477e-01 | val 3.528337e-01 |  23.807 s | best 3.528166e-01 @1527
epoch 1530 | train 3.558685e-01 | val 3.528425e-01 |  23.842 s | best 3.528166e-01 @1527
epoch 1531 | train 3.557662e-01 | val 3.528375e-01 |  23.827 s | best 3.528166e-01 @1527
epoch 1532 | train 3.555720e-01 | val 3.528196e-01 |  23.777 s | best 3.528166e-01 @1527
epoch 1533 | train 3.555294e-01 | val 3.528147e-01 |  23.825 s | best 3.528147e-01 @1533 *
epoch 1534 | train 3.556343e-01 | val 3.528000e-01 |  23.802 s | best 3.528000e-01 @1534 *
epoch 1535 | train 3.560062e-01 | val 3.528081e-01 |  23.771 s | best 3.528000e-01 @1534
epoch 1536 | train 3.551743e-01 | val 3.528033e-01 |  23.870 s | best 3.528000e-01 @1534
epoch 1537 | train 3.558383e-01 | val 3.527776e-01 |  23.750 s | best 3.527776e-01 @1537 *
epoch 1538 | train 3.551182e-01 | val 3.527694e-01 |  23.844 s | best 3.527694e-01 @1538 *
epoch 1539 | train 3.551514e-01 | val 3.527632e-01 |  23.793 s | best 3.527632e-01 @1539 *
epoch 1540 | train 3.553170e-01 | val 3.527628e-01 |  23.938 s | best 3.527628e-01 @1540 *
epoch 1541 | train 3.554715e-01 | val 3.527581e-01 |  15.919 s | best 3.527581e-01 @1541 *
epoch 1542 | train 3.555297e-01 | val 3.527906e-01 |   6.906 s | best 3.527581e-01 @1541
epoch 1543 | train 3.558241e-01 | val 3.527640e-01 |   8.637 s | best 3.527581e-01 @1541
epoch 1544 | train 3.549259e-01 | val 3.527672e-01 |  23.775 s | best 3.527581e-01 @1541
epoch 1545 | train 3.557868e-01 | val 3.527766e-01 |  23.783 s | best 3.527581e-01 @1541
epoch 1546 | train 3.552233e-01 | val 3.527516e-01 |  23.802 s | best 3.527516e-01 @1546 *
epoch 1547 | train 3.555011e-01 | val 3.527303e-01 |  23.779 s | best 3.527303e-01 @1547 *
epoch 1548 | train 3.551830e-01 | val 3.527189e-01 |  23.701 s | best 3.527189e-01 @1548 *
epoch 1549 | train 3.554672e-01 | val 3.527152e-01 |  23.772 s | best 3.527152e-01 @1549 *
epoch 1550 | train 3.555243e-01 | val 3.526770e-01 |  23.823 s | best 3.526770e-01 @1550 *
epoch 1551 | train 3.555883e-01 | val 3.526920e-01 |  23.690 s | best 3.526770e-01 @1550
epoch 1552 | train 3.561885e-01 | val 3.527128e-01 |  23.781 s | best 3.526770e-01 @1550
epoch 1553 | train 3.558517e-01 | val 3.527326e-01 |  23.814 s | best 3.526770e-01 @1550
epoch 1554 | train 3.555567e-01 | val 3.527380e-01 |  23.763 s | best 3.526770e-01 @1550
epoch 1555 | train 3.548370e-01 | val 3.527016e-01 |  23.978 s | best 3.526770e-01 @1550
epoch 1556 | train 3.557070e-01 | val 3.526839e-01 |  23.835 s | best 3.526770e-01 @1550
epoch 1557 | train 3.551430e-01 | val 3.527130e-01 |  23.801 s | best 3.526770e-01 @1550
epoch 1558 | train 3.554800e-01 | val 3.527296e-01 |  23.749 s | best 3.526770e-01 @1550
epoch 1559 | train 3.552914e-01 | val 3.527247e-01 |  23.756 s | best 3.526770e-01 @1550
epoch 1560 | train 3.550284e-01 | val 3.527138e-01 |  23.760 s | best 3.526770e-01 @1550
epoch 1561 | train 3.551826e-01 | val 3.526937e-01 |  23.802 s | best 3.526770e-01 @1550
epoch 1562 | train 3.557385e-01 | val 3.526997e-01 |  23.742 s | best 3.526770e-01 @1550
epoch 1563 | train 3.557554e-01 | val 3.527156e-01 |  23.803 s | best 3.526770e-01 @1550
epoch 1564 | train 3.552814e-01 | val 3.527209e-01 |  23.738 s | best 3.526770e-01 @1550
epoch 1565 | train 3.554430e-01 | val 3.527260e-01 |  23.765 s | best 3.526770e-01 @1550
epoch 1566 | train 3.558666e-01 | val 3.526914e-01 |  23.794 s | best 3.526770e-01 @1550
epoch 1567 | train 3.553370e-01 | val 3.526807e-01 |  23.730 s | best 3.526770e-01 @1550
epoch 1568 | train 3.559361e-01 | val 3.526568e-01 |  23.786 s | best 3.526568e-01 @1568 *
epoch 1569 | train 3.551570e-01 | val 3.526673e-01 |  23.840 s | best 3.526568e-01 @1568
epoch 1570 | train 3.549866e-01 | val 3.526677e-01 |  23.758 s | best 3.526568e-01 @1568
epoch 1571 | train 3.550013e-01 | val 3.526577e-01 |  23.762 s | best 3.526568e-01 @1568
epoch 1572 | train 3.555718e-01 | val 3.526533e-01 |  23.859 s | best 3.526533e-01 @1572 *
epoch 1573 | train 3.554973e-01 | val 3.526650e-01 |  23.780 s | best 3.526533e-01 @1572
epoch 1574 | train 3.557112e-01 | val 3.526061e-01 |  23.777 s | best 3.526061e-01 @1574 *
epoch 1575 | train 3.550614e-01 | val 3.525684e-01 |  23.806 s | best 3.525684e-01 @1575 *
epoch 1576 | train 3.545078e-01 | val 3.525586e-01 |  23.748 s | best 3.525586e-01 @1576 *
epoch 1577 | train 3.547811e-01 | val 3.525811e-01 |  23.771 s | best 3.525586e-01 @1576
epoch 1578 | train 3.548078e-01 | val 3.525780e-01 |  23.837 s | best 3.525586e-01 @1576
epoch 1579 | train 3.550536e-01 | val 3.525660e-01 |  23.774 s | best 3.525586e-01 @1576
epoch 1580 | train 3.555554e-01 | val 3.525622e-01 |  23.712 s | best 3.525586e-01 @1576
epoch 1581 | train 3.549850e-01 | val 3.525609e-01 |  23.778 s | best 3.525586e-01 @1576
epoch 1582 | train 3.554840e-01 | val 3.525758e-01 |  24.015 s | best 3.525586e-01 @1576
epoch 1583 | train 3.552408e-01 | val 3.525774e-01 |  23.786 s | best 3.525586e-01 @1576
epoch 1584 | train 3.553482e-01 | val 3.526035e-01 |  23.705 s | best 3.525586e-01 @1576
epoch 1585 | train 3.552853e-01 | val 3.525710e-01 |  23.829 s | best 3.525586e-01 @1576
epoch 1586 | train 3.553101e-01 | val 3.525609e-01 |  23.770 s | best 3.525586e-01 @1576
epoch 1587 | train 3.554572e-01 | val 3.525271e-01 |  23.732 s | best 3.525271e-01 @1587 *
epoch 1588 | train 3.554178e-01 | val 3.524943e-01 |  23.900 s | best 3.524943e-01 @1588 *
epoch 1589 | train 3.549656e-01 | val 3.525181e-01 |  23.746 s | best 3.524943e-01 @1588
epoch 1590 | train 3.549832e-01 | val 3.525245e-01 |  23.793 s | best 3.524943e-01 @1588
epoch 1591 | train 3.546468e-01 | val 3.525369e-01 |  23.745 s | best 3.524943e-01 @1588
epoch 1592 | train 3.547765e-01 | val 3.525199e-01 |  23.806 s | best 3.524943e-01 @1588
epoch 1593 | train 3.554745e-01 | val 3.525162e-01 |  23.302 s | best 3.524943e-01 @1588
epoch 1594 | train 3.553221e-01 | val 3.525190e-01 |  23.802 s | best 3.524943e-01 @1588
epoch 1595 | train 3.549845e-01 | val 3.525164e-01 |  23.456 s | best 3.524943e-01 @1588
epoch 1596 | train 3.551985e-01 | val 3.524917e-01 |  23.849 s | best 3.524917e-01 @1596 *
epoch 1597 | train 3.553456e-01 | val 3.524865e-01 |  23.880 s | best 3.524865e-01 @1597 *
epoch 1598 | train 3.548083e-01 | val 3.525060e-01 |  23.122 s | best 3.524865e-01 @1597
epoch 1599 | train 3.549277e-01 | val 3.525192e-01 |  23.321 s | best 3.524865e-01 @1597
epoch 1600 | train 3.555037e-01 | val 3.525128e-01 |  23.724 s | best 3.524865e-01 @1597
epoch 1601 | train 3.554700e-01 | val 3.525302e-01 |  23.259 s | best 3.524865e-01 @1597
epoch 1602 | train 3.549627e-01 | val 3.525362e-01 |  23.153 s | best 3.524865e-01 @1597
epoch 1603 | train 3.551521e-01 | val 3.525124e-01 |  23.763 s | best 3.524865e-01 @1597
epoch 1604 | train 3.554241e-01 | val 3.525371e-01 |  23.297 s | best 3.524865e-01 @1597
epoch 1605 | train 3.554440e-01 | val 3.525182e-01 |  23.787 s | best 3.524865e-01 @1597
epoch 1606 | train 3.553583e-01 | val 3.525432e-01 |  23.794 s | best 3.524865e-01 @1597
epoch 1607 | train 3.548317e-01 | val 3.525417e-01 |  23.234 s | best 3.524865e-01 @1597
epoch 1608 | train 3.556083e-01 | val 3.525447e-01 |  23.997 s | best 3.524865e-01 @1597
epoch 1609 | train 3.553302e-01 | val 3.525266e-01 |  23.217 s | best 3.524865e-01 @1597
epoch 1610 | train 3.554993e-01 | val 3.524871e-01 |  23.412 s | best 3.524865e-01 @1597
epoch 1611 | train 3.552606e-01 | val 3.524879e-01 |  23.941 s | best 3.524865e-01 @1597
epoch 1612 | train 3.556517e-01 | val 3.524422e-01 |  22.732 s | best 3.524422e-01 @1612 *
epoch 1613 | train 3.554175e-01 | val 3.524685e-01 |  23.845 s | best 3.524422e-01 @1612
epoch 1614 | train 3.547971e-01 | val 3.524417e-01 |  24.008 s | best 3.524417e-01 @1614 *
epoch 1615 | train 3.555539e-01 | val 3.524531e-01 |  23.730 s | best 3.524417e-01 @1614
epoch 1616 | train 3.552551e-01 | val 3.525171e-01 |  23.678 s | best 3.524417e-01 @1614
epoch 1617 | train 3.554131e-01 | val 3.525322e-01 |  23.865 s | best 3.524417e-01 @1614
epoch 1618 | train 3.554805e-01 | val 3.525231e-01 |  23.756 s | best 3.524417e-01 @1614
epoch 1619 | train 3.554329e-01 | val 3.525141e-01 |  23.766 s | best 3.524417e-01 @1614
epoch 1620 | train 3.549978e-01 | val 3.525124e-01 |  23.705 s | best 3.524417e-01 @1614
epoch 1621 | train 3.552316e-01 | val 3.525477e-01 |  23.830 s | best 3.524417e-01 @1614
epoch 1622 | train 3.548981e-01 | val 3.525510e-01 |  23.322 s | best 3.524417e-01 @1614
epoch 1623 | train 3.555248e-01 | val 3.524958e-01 |  23.668 s | best 3.524417e-01 @1614
epoch 1624 | train 3.548038e-01 | val 3.524981e-01 |  23.774 s | best 3.524417e-01 @1614
epoch 1625 | train 3.550155e-01 | val 3.524911e-01 |  23.665 s | best 3.524417e-01 @1614
epoch 1626 | train 3.553121e-01 | val 3.524600e-01 |  23.697 s | best 3.524417e-01 @1614
epoch 1627 | train 3.553868e-01 | val 3.524497e-01 |  23.698 s | best 3.524417e-01 @1614
epoch 1628 | train 3.550735e-01 | val 3.524375e-01 |  23.759 s | best 3.524375e-01 @1628 *
epoch 1629 | train 3.547967e-01 | val 3.524282e-01 |  23.679 s | best 3.524282e-01 @1629 *
epoch 1630 | train 3.550705e-01 | val 3.524215e-01 |  23.743 s | best 3.524215e-01 @1630 *
epoch 1631 | train 3.554087e-01 | val 3.524262e-01 |  23.697 s | best 3.524215e-01 @1630
epoch 1632 | train 3.548939e-01 | val 3.524268e-01 |  23.714 s | best 3.524215e-01 @1630
epoch 1633 | train 3.550747e-01 | val 3.524032e-01 |  23.702 s | best 3.524032e-01 @1633 *
epoch 1634 | train 3.556853e-01 | val 3.523965e-01 |  23.594 s | best 3.523965e-01 @1634 *
epoch 1635 | train 3.548693e-01 | val 3.523863e-01 |  23.703 s | best 3.523863e-01 @1635 *
epoch 1636 | train 3.548771e-01 | val 3.523689e-01 |  23.880 s | best 3.523689e-01 @1636 *
epoch 1637 | train 3.551487e-01 | val 3.523670e-01 |  23.654 s | best 3.523670e-01 @1637 *
epoch 1638 | train 3.549364e-01 | val 3.523408e-01 |  23.652 s | best 3.523408e-01 @1638 *
epoch 1639 | train 3.548417e-01 | val 3.523388e-01 |  23.670 s | best 3.523388e-01 @1639 *
epoch 1640 | train 3.553420e-01 | val 3.523200e-01 |  23.647 s | best 3.523200e-01 @1640 *
epoch 1641 | train 3.544761e-01 | val 3.523169e-01 |  23.661 s | best 3.523169e-01 @1641 *
epoch 1642 | train 3.553557e-01 | val 3.523058e-01 |  23.663 s | best 3.523058e-01 @1642 *
epoch 1643 | train 3.549463e-01 | val 3.523560e-01 |  23.632 s | best 3.523058e-01 @1642
epoch 1644 | train 3.544674e-01 | val 3.523405e-01 |  23.500 s | best 3.523058e-01 @1642
epoch 1645 | train 3.548500e-01 | val 3.523589e-01 |  23.464 s | best 3.523058e-01 @1642
epoch 1646 | train 3.551424e-01 | val 3.523704e-01 |  23.543 s | best 3.523058e-01 @1642
epoch 1647 | train 3.550656e-01 | val 3.523824e-01 |  23.483 s | best 3.523058e-01 @1642
epoch 1648 | train 3.547917e-01 | val 3.524193e-01 |  23.478 s | best 3.523058e-01 @1642
epoch 1649 | train 3.547140e-01 | val 3.523984e-01 |  23.775 s | best 3.523058e-01 @1642
epoch 1650 | train 3.545745e-01 | val 3.523716e-01 |  23.513 s | best 3.523058e-01 @1642
epoch 1651 | train 3.548607e-01 | val 3.523639e-01 |  23.542 s | best 3.523058e-01 @1642
epoch 1652 | train 3.555290e-01 | val 3.523587e-01 |  23.421 s | best 3.523058e-01 @1642
epoch 1653 | train 3.552712e-01 | val 3.522905e-01 |  23.523 s | best 3.522905e-01 @1653 *
epoch 1654 | train 3.548938e-01 | val 3.523058e-01 |  23.500 s | best 3.522905e-01 @1653
epoch 1655 | train 3.548553e-01 | val 3.523548e-01 |  23.503 s | best 3.522905e-01 @1653
epoch 1656 | train 3.543893e-01 | val 3.523640e-01 |  23.439 s | best 3.522905e-01 @1653
epoch 1657 | train 3.553823e-01 | val 3.523728e-01 |  23.501 s | best 3.522905e-01 @1653
epoch 1658 | train 3.546257e-01 | val 3.523619e-01 |  23.515 s | best 3.522905e-01 @1653
epoch 1659 | train 3.558211e-01 | val 3.523552e-01 |  23.413 s | best 3.522905e-01 @1653
epoch 1660 | train 3.545886e-01 | val 3.523552e-01 |  23.505 s | best 3.522905e-01 @1653
epoch 1661 | train 3.547914e-01 | val 3.523416e-01 |  23.453 s | best 3.522905e-01 @1653
epoch 1662 | train 3.543995e-01 | val 3.523264e-01 |  23.676 s | best 3.522905e-01 @1653
epoch 1663 | train 3.550624e-01 | val 3.522878e-01 |  22.822 s | best 3.522878e-01 @1663 *
epoch 1664 | train 3.547532e-01 | val 3.522839e-01 |  23.482 s | best 3.522839e-01 @1664 *
epoch 1665 | train 3.554468e-01 | val 3.522837e-01 |  23.458 s | best 3.522837e-01 @1665 *
epoch 1666 | train 3.545043e-01 | val 3.522674e-01 |  23.465 s | best 3.522674e-01 @1666 *
epoch 1667 | train 3.544419e-01 | val 3.522636e-01 |  23.479 s | best 3.522636e-01 @1667 *
epoch 1668 | train 3.551448e-01 | val 3.522734e-01 |  23.450 s | best 3.522636e-01 @1667
epoch 1669 | train 3.554528e-01 | val 3.522165e-01 |  23.456 s | best 3.522165e-01 @1669 *
epoch 1670 | train 3.547876e-01 | val 3.522140e-01 |  23.488 s | best 3.522140e-01 @1670 *
epoch 1671 | train 3.545214e-01 | val 3.522153e-01 |  23.454 s | best 3.522140e-01 @1670
epoch 1672 | train 3.549568e-01 | val 3.522192e-01 |  23.437 s | best 3.522140e-01 @1670
epoch 1673 | train 3.549203e-01 | val 3.522550e-01 |  23.454 s | best 3.522140e-01 @1670
epoch 1674 | train 3.542914e-01 | val 3.522750e-01 |  23.483 s | best 3.522140e-01 @1670
epoch 1675 | train 3.548802e-01 | val 3.522697e-01 |  23.299 s | best 3.522140e-01 @1670
epoch 1676 | train 3.556844e-01 | val 3.522961e-01 |  23.571 s | best 3.522140e-01 @1670
epoch 1677 | train 3.546328e-01 | val 3.522824e-01 |  23.285 s | best 3.522140e-01 @1670
epoch 1678 | train 3.547407e-01 | val 3.522747e-01 |  23.301 s | best 3.522140e-01 @1670
epoch 1679 | train 3.549978e-01 | val 3.522701e-01 |  23.247 s | best 3.522140e-01 @1670
epoch 1680 | train 3.543857e-01 | val 3.522565e-01 |  23.266 s | best 3.522140e-01 @1670
epoch 1681 | train 3.550927e-01 | val 3.522545e-01 |  23.289 s | best 3.522140e-01 @1670
epoch 1682 | train 3.552075e-01 | val 3.522477e-01 |  23.324 s | best 3.522140e-01 @1670
epoch 1683 | train 3.550016e-01 | val 3.522088e-01 |  22.007 s | best 3.522088e-01 @1683 *
epoch 1684 | train 3.550563e-01 | val 3.522029e-01 |  22.689 s | best 3.522029e-01 @1684 *
epoch 1685 | train 3.550916e-01 | val 3.521755e-01 |  23.320 s | best 3.521755e-01 @1685 *
epoch 1686 | train 3.549427e-01 | val 3.521664e-01 |  22.584 s | best 3.521664e-01 @1686 *
epoch 1687 | train 3.548916e-01 | val 3.521712e-01 |  22.642 s | best 3.521664e-01 @1686
epoch 1688 | train 3.549208e-01 | val 3.521849e-01 |  23.303 s | best 3.521664e-01 @1686
epoch 1689 | train 3.544940e-01 | val 3.522209e-01 |  23.266 s | best 3.521664e-01 @1686
epoch 1690 | train 3.544056e-01 | val 3.522364e-01 |  23.447 s | best 3.521664e-01 @1686
epoch 1691 | train 3.553198e-01 | val 3.522406e-01 |  23.282 s | best 3.521664e-01 @1686
epoch 1692 | train 3.551066e-01 | val 3.522390e-01 |  23.290 s | best 3.521664e-01 @1686
epoch 1693 | train 3.543776e-01 | val 3.522034e-01 |  23.240 s | best 3.521664e-01 @1686
epoch 1694 | train 3.546877e-01 | val 3.521430e-01 |  23.175 s | best 3.521430e-01 @1694 *
epoch 1695 | train 3.553885e-01 | val 3.521146e-01 |  23.300 s | best 3.521146e-01 @1695 *
epoch 1696 | train 3.549445e-01 | val 3.521463e-01 |  23.227 s | best 3.521146e-01 @1695
epoch 1697 | train 3.544605e-01 | val 3.521866e-01 |  23.187 s | best 3.521146e-01 @1695
epoch 1698 | train 3.549951e-01 | val 3.521901e-01 |  23.268 s | best 3.521146e-01 @1695
epoch 1699 | train 3.550711e-01 | val 3.521841e-01 |  23.247 s | best 3.521146e-01 @1695
epoch 1700 | train 3.540224e-01 | val 3.521550e-01 |  23.272 s | best 3.521146e-01 @1695
epoch 1701 | train 3.549144e-01 | val 3.521480e-01 |  23.222 s | best 3.521146e-01 @1695
epoch 1702 | train 3.551373e-01 | val 3.521489e-01 |  23.295 s | best 3.521146e-01 @1695
epoch 1703 | train 3.550099e-01 | val 3.521508e-01 |  23.406 s | best 3.521146e-01 @1695
epoch 1704 | train 3.549171e-01 | val 3.521712e-01 |  23.366 s | best 3.521146e-01 @1695
epoch 1705 | train 3.548298e-01 | val 3.521585e-01 |  23.259 s | best 3.521146e-01 @1695
epoch 1706 | train 3.541174e-01 | val 3.521444e-01 |  23.241 s | best 3.521146e-01 @1695
epoch 1707 | train 3.549700e-01 | val 3.521649e-01 |  23.267 s | best 3.521146e-01 @1695
epoch 1708 | train 3.551577e-01 | val 3.521341e-01 |  23.226 s | best 3.521146e-01 @1695
epoch 1709 | train 3.556588e-01 | val 3.521020e-01 |  23.269 s | best 3.521020e-01 @1709 *
epoch 1710 | train 3.548441e-01 | val 3.520748e-01 |  23.269 s | best 3.520748e-01 @1710 *
epoch 1711 | train 3.545614e-01 | val 3.520885e-01 |  23.230 s | best 3.520748e-01 @1710
epoch 1712 | train 3.548699e-01 | val 3.520935e-01 |  23.299 s | best 3.520748e-01 @1710
epoch 1713 | train 3.549562e-01 | val 3.520782e-01 |  23.287 s | best 3.520748e-01 @1710
epoch 1714 | train 3.544658e-01 | val 3.520720e-01 |  23.289 s | best 3.520720e-01 @1714 *
epoch 1715 | train 3.542431e-01 | val 3.520903e-01 |  23.233 s | best 3.520720e-01 @1714
epoch 1716 | train 3.546440e-01 | val 3.520928e-01 |  23.386 s | best 3.520720e-01 @1714
epoch 1717 | train 3.543318e-01 | val 3.520831e-01 |  23.431 s | best 3.520720e-01 @1714
epoch 1718 | train 3.555019e-01 | val 3.520728e-01 |  23.181 s | best 3.520720e-01 @1714
epoch 1719 | train 3.546172e-01 | val 3.520908e-01 |  23.320 s | best 3.520720e-01 @1714
epoch 1720 | train 3.548704e-01 | val 3.521154e-01 |  23.198 s | best 3.520720e-01 @1714
epoch 1721 | train 3.544816e-01 | val 3.521090e-01 |  23.238 s | best 3.520720e-01 @1714
epoch 1722 | train 3.548936e-01 | val 3.520664e-01 |  23.225 s | best 3.520664e-01 @1722 *
epoch 1723 | train 3.544501e-01 | val 3.520717e-01 |  23.249 s | best 3.520664e-01 @1722
epoch 1724 | train 3.545487e-01 | val 3.520207e-01 |  23.244 s | best 3.520207e-01 @1724 *
epoch 1725 | train 3.549116e-01 | val 3.520030e-01 |  23.161 s | best 3.520030e-01 @1725 *
epoch 1726 | train 3.549325e-01 | val 3.519978e-01 |  23.310 s | best 3.519978e-01 @1726 *
epoch 1727 | train 3.548421e-01 | val 3.520197e-01 |  23.212 s | best 3.519978e-01 @1726
epoch 1728 | train 3.548719e-01 | val 3.520241e-01 |  23.204 s | best 3.519978e-01 @1726
epoch 1729 | train 3.545438e-01 | val 3.520496e-01 |  23.230 s | best 3.519978e-01 @1726
epoch 1730 | train 3.542771e-01 | val 3.520555e-01 |  23.424 s | best 3.519978e-01 @1726
epoch 1731 | train 3.544702e-01 | val 3.520376e-01 |  23.236 s | best 3.519978e-01 @1726
epoch 1732 | train 3.548879e-01 | val 3.520085e-01 |  23.160 s | best 3.519978e-01 @1726
epoch 1733 | train 3.551724e-01 | val 3.520418e-01 |  23.269 s | best 3.519978e-01 @1726
epoch 1734 | train 3.544331e-01 | val 3.520336e-01 |  23.187 s | best 3.519978e-01 @1726
epoch 1735 | train 3.553865e-01 | val 3.520161e-01 |  23.162 s | best 3.519978e-01 @1726
epoch 1736 | train 3.542618e-01 | val 3.520108e-01 |  23.249 s | best 3.519978e-01 @1726
epoch 1737 | train 3.545293e-01 | val 3.519917e-01 |  23.226 s | best 3.519917e-01 @1737 *
epoch 1738 | train 3.545902e-01 | val 3.520159e-01 |  23.197 s | best 3.519917e-01 @1737
epoch 1739 | train 3.552928e-01 | val 3.520027e-01 |  23.184 s | best 3.519917e-01 @1737
epoch 1740 | train 3.546718e-01 | val 3.520105e-01 |  23.233 s | best 3.519917e-01 @1737
epoch 1741 | train 3.548459e-01 | val 3.519959e-01 |  23.198 s | best 3.519917e-01 @1737
epoch 1742 | train 3.547620e-01 | val 3.520509e-01 |  23.191 s | best 3.519917e-01 @1737
epoch 1743 | train 3.546544e-01 | val 3.520731e-01 |  23.441 s | best 3.519917e-01 @1737
epoch 1744 | train 3.549036e-01 | val 3.520480e-01 |  23.296 s | best 3.519917e-01 @1737
epoch 1745 | train 3.551317e-01 | val 3.520400e-01 |  23.223 s | best 3.519917e-01 @1737
epoch 1746 | train 3.545291e-01 | val 3.520360e-01 |  22.654 s | best 3.519917e-01 @1737
epoch 1747 | train 3.543592e-01 | val 3.520025e-01 |  23.205 s | best 3.519917e-01 @1737
epoch 1748 | train 3.542324e-01 | val 3.519819e-01 |  22.991 s | best 3.519819e-01 @1748 *
epoch 1749 | train 3.548803e-01 | val 3.519712e-01 |  22.932 s | best 3.519712e-01 @1749 *
epoch 1750 | train 3.545997e-01 | val 3.519608e-01 |  22.964 s | best 3.519608e-01 @1750 *
epoch 1751 | train 3.548208e-01 | val 3.519658e-01 |  22.331 s | best 3.519608e-01 @1750
epoch 1752 | train 3.542134e-01 | val 3.519825e-01 |  22.401 s | best 3.519608e-01 @1750
epoch 1753 | train 3.548252e-01 | val 3.520046e-01 |  22.934 s | best 3.519608e-01 @1750
epoch 1754 | train 3.549718e-01 | val 3.519768e-01 |  22.913 s | best 3.519608e-01 @1750
epoch 1755 | train 3.545168e-01 | val 3.519477e-01 |  22.903 s | best 3.519477e-01 @1755 *
epoch 1756 | train 3.550001e-01 | val 3.519459e-01 |  22.895 s | best 3.519459e-01 @1756 *
epoch 1757 | train 3.545823e-01 | val 3.519788e-01 |  22.689 s | best 3.519459e-01 @1756
epoch 1758 | train 3.545016e-01 | val 3.520249e-01 |  22.934 s | best 3.519459e-01 @1756
epoch 1759 | train 3.548956e-01 | val 3.520428e-01 |  22.961 s | best 3.519459e-01 @1756
epoch 1760 | train 3.541748e-01 | val 3.520629e-01 |  22.965 s | best 3.519459e-01 @1756
epoch 1761 | train 3.540853e-01 | val 3.520077e-01 |  22.971 s | best 3.519459e-01 @1756
epoch 1762 | train 3.547504e-01 | val 3.519858e-01 |  22.335 s | best 3.519459e-01 @1756
epoch 1763 | train 3.545976e-01 | val 3.519724e-01 |  22.350 s | best 3.519459e-01 @1756
epoch 1764 | train 3.541084e-01 | val 3.519379e-01 |  21.702 s | best 3.519379e-01 @1764 *
epoch 1765 | train 3.542570e-01 | val 3.519413e-01 |  22.353 s | best 3.519379e-01 @1764
epoch 1766 | train 3.545615e-01 | val 3.519395e-01 |  22.971 s | best 3.519379e-01 @1764
epoch 1767 | train 3.548567e-01 | val 3.519633e-01 |  22.953 s | best 3.519379e-01 @1764
epoch 1768 | train 3.544030e-01 | val 3.519980e-01 |  22.932 s | best 3.519379e-01 @1764
epoch 1769 | train 3.546658e-01 | val 3.519681e-01 |  22.937 s | best 3.519379e-01 @1764
epoch 1770 | train 3.549270e-01 | val 3.520018e-01 |  22.999 s | best 3.519379e-01 @1764
epoch 1771 | train 3.546523e-01 | val 3.520247e-01 |  23.032 s | best 3.519379e-01 @1764
epoch 1772 | train 3.544058e-01 | val 3.520210e-01 |  22.942 s | best 3.519379e-01 @1764
epoch 1773 | train 3.541879e-01 | val 3.519845e-01 |  22.925 s | best 3.519379e-01 @1764
epoch 1774 | train 3.542017e-01 | val 3.519711e-01 |  22.932 s | best 3.519379e-01 @1764
epoch 1775 | train 3.542968e-01 | val 3.519505e-01 |  22.846 s | best 3.519379e-01 @1764
epoch 1776 | train 3.543564e-01 | val 3.519561e-01 |  22.698 s | best 3.519379e-01 @1764
epoch 1777 | train 3.548633e-01 | val 3.519694e-01 |  22.740 s | best 3.519379e-01 @1764
epoch 1778 | train 3.547529e-01 | val 3.519879e-01 |  22.678 s | best 3.519379e-01 @1764
epoch 1779 | train 3.544810e-01 | val 3.519724e-01 |  22.692 s | best 3.519379e-01 @1764
epoch 1780 | train 3.544498e-01 | val 3.519646e-01 |  22.737 s | best 3.519379e-01 @1764
epoch 1781 | train 3.545548e-01 | val 3.519461e-01 |  22.721 s | best 3.519379e-01 @1764
epoch 1782 | train 3.543567e-01 | val 3.519512e-01 |  22.677 s | best 3.519379e-01 @1764
epoch 1783 | train 3.544835e-01 | val 3.519554e-01 |  22.711 s | best 3.519379e-01 @1764
epoch 1784 | train 3.541122e-01 | val 3.519602e-01 |  22.710 s | best 3.519379e-01 @1764
# done        : 1784 epochs, stopped_by=patience, aborted=False, best val 3.519379e-01 @ epoch 1764, wall 35774.6 s, 20.053 s/epoch
